employee_id,hire_date,termination_date,employment_status,job_level,job_family,location,manager_id,organization_id
E00001,2022-11-30,,Active,L3,Software Engineering,North America,E04812,ORG039
E00002,2024-07-30,,Active,L2,Data,Europe,E00611,ORG027
E00003,2024-07-20,,Active,L4,Program Management,Europe,E02217,ORG019
E00004,2023-01-27,,Active,L3,Data,Europe,E00098,ORG008
E00005,2018-10-30,,Active,L3,Software Engineering,Europe,E01590,ORG050
E00006,2020-11-11,,Active,L4,Marketing,Europe,E00845,ORG030
E00007,2019-03-28,,Active,L4,Sales,North America,E01197,ORG022
E00008,2018-06-30,,Active,L5,Finance,North America,E04068,ORG018
E00009,2024-11-06,,Active,L6,HR,Europe,E01306,ORG044
E00010,2020-07-08,,Active,L4,Operations,Asia Pacific,E04068,ORG040
E00011,2020-08-03,,Active,L2,Finance,North America,E04483,ORG040
E00012,2021-10-17,,Active,L3,Marketing,North America,E02754,ORG030
E00013,2021-11-04,,Active,L6,Data,Asia Pacific,E02748,ORG043
E00014,2021-02-15,2024-01-05,Terminated,L2,Program Management,Asia Pacific,E01623,ORG015
E00015,2024-02-10,,Active,L4,Software Engineering,Europe,E03334,ORG035
E00016,2024-08-02,,Active,L6,Sales,Asia Pacific,E04032,ORG020
E00017,2022-02-09,,Active,L6,Sales,Latin America,E04331,ORG030
E00018,2020-08-07,,Active,L4,HR,Europe,E00930,ORG050
E00019,2022-04-26,,Active,L5,Finance,North America,E03428,ORG048
E00020,2018-02-26,,Active,L4,Operations,Europe,E00666,ORG025
E00021,2024-03-15,,Active,L5,Data,Asia Pacific,E02449,ORG028
E00022,2018-06-01,,Active,L2,HR,Europe,E00427,ORG044
E00023,2024-02-25,,Active,L2,Marketing,North America,E02786,ORG048
E00024,2023-05-07,,Active,L4,Marketing,Asia Pacific,E04260,ORG038
E00025,2026-11-24,,Active,L3,Program Management,Asia Pacific,E04079,ORG004
E00026,2019-09-30,,Active,L5,Software Engineering,North America,E03594,ORG016
E00027,2019-03-31,,Active,L3,Finance,Latin America,E02914,ORG044
E00028,2024-02-14,,Active,L6,Data,Asia Pacific,E03151,ORG038
E00029,2026-02-25,,Active,L5,Data,Asia Pacific,E00481,ORG036
E00030,2023-10-18,,Active,L4,Sales,Latin America,E03672,ORG033
E00031,2020-12-07,,Active,L5,Marketing,North America,E03410,ORG021
E00032,2019-01-14,,Active,L3,Program Management,Asia Pacific,E00688,ORG020
E00033,2026-09-18,,Active,L4,Operations,North America,E03179,ORG040
E00034,2026-05-12,,Active,L3,Operations,Asia Pacific,E01886,ORG015
E00035,2021-09-01,,Active,L6,Software Engineering,Asia Pacific,E02564,ORG034
E00036,2019-09-05,,Active,L5,Product,Asia Pacific,E04068,ORG036
E00037,2022-06-22,,Leave,L6,Product,Asia Pacific,E01557,ORG041
E00038,2025-12-08,,Active,L6,Sales,Asia Pacific,E04572,ORG016
E00039,2026-06-23,,Active,L6,Program Management,North America,E02027,ORG036
E00040,2022-03-27,,Active,L3,HR,North America,E02588,ORG006
E00041,2019-09-10,,Active,L6,Software Engineering,North America,E00121,ORG007
E00042,2024-04-07,,Active,L4,Marketing,Asia Pacific,E00581,ORG021
E00043,2024-07-31,,Active,L4,Sales,Europe,E01336,ORG003
E00044,2018-12-24,,Active,L4,Operations,Europe,E04901,ORG046
E00045,2020-08-20,,Active,L3,Product,North America,E01224,ORG044
E00046,2022-02-26,,Active,L3,Marketing,Europe,E01944,ORG003
E00047,2024-07-26,,Active,L3,Sales,North America,E04279,ORG041
E00048,2026-05-23,,Active,L2,Operations,Latin America,E01546,ORG025
E00049,2019-11-11,,Active,L4,Product,Asia Pacific,E04059,ORG034
E00050,2018-01-13,2025-01-02,Terminated,L6,Finance,Europe,E00566,ORG043
E00051,2026-02-08,,Active,L4,Program Management,Asia Pacific,E00630,ORG028
E00052,2026-12-27,,Active,L4,HR,North America,E00059,ORG006
E00053,2020-09-27,,Active,L4,Sales,North America,E00590,ORG001
E00054,2023-08-10,,Active,L4,Operations,Europe,E03060,ORG025
E00055,2024-11-21,,Active,L3,Data,Asia Pacific,E00431,ORG046
E00056,2024-11-25,,Active,L5,Finance,North America,E03112,ORG028
E00057,2020-02-26,,Active,L3,Sales,North America,E03029,ORG019
E00058,2020-02-22,,Active,L5,Product,Europe,E01128,ORG002
E00059,2019-05-18,,Active,L5,Marketing,North America,E00163,ORG045
E00060,2018-11-23,,Active,L4,Program Management,North America,E00797,ORG016
E00061,2023-08-10,,Active,L6,HR,North America,E00686,ORG035
E00062,2025-02-26,,Active,L3,HR,Latin America,E02690,ORG034
E00063,2025-09-17,,Active,L6,Software Engineering,North America,E04657,ORG013
E00064,2021-06-04,,Active,L5,Data,North America,E02131,ORG004
E00065,2022-10-21,,Active,L5,Marketing,North America,E03181,ORG019
E00066,2021-01-06,,Active,L5,HR,North America,E01475,ORG016
E00067,2019-09-21,,Active,L5,Finance,Asia Pacific,E00433,ORG034
E00068,2019-01-11,,Active,L7,Product,North America,,ORG040
E00069,2022-10-09,,Active,L4,Data,North America,E01031,ORG011
E00070,2026-05-03,,Active,L5,Product,Latin America,E02371,ORG026
E00071,2024-06-14,,Active,L5,Operations,Asia Pacific,E04323,ORG002
E00072,2018-03-20,,Active,L4,HR,North America,E01171,ORG011
E00073,2022-01-01,,Active,L6,Product,North America,E04923,ORG037
E00074,2018-08-21,,Active,L3,Software Engineering,Asia Pacific,E03203,ORG039
E00075,2024-06-10,,Active,L4,Product,Europe,E01726,ORG038
E00076,2021-11-12,2025-04-20,Terminated,L2,Marketing,Latin America,E03146,ORG007
E00077,2018-11-08,,Active,L3,Finance,North America,E03488,ORG027
E00078,2023-05-17,2024-07-04,Terminated,L5,Marketing,Asia Pacific,E03428,ORG021
E00079,2024-12-01,,Active,L3,Data,North America,E04339,ORG048
E00080,2020-02-16,,Active,L3,Operations,North America,E03308,ORG032
E00081,2024-08-12,,Active,L3,Operations,Asia Pacific,E00112,ORG046
E00082,2019-02-18,,Active,L4,Program Management,Europe,E01830,ORG008
E00083,2020-08-15,,Active,L5,Program Management,North America,E04540,ORG022
E00084,2022-07-06,,Active,L6,Data,North America,E00984,ORG038
E00085,2019-02-14,,Active,L2,Data,Asia Pacific,E02512,ORG018
E00086,2022-03-08,,Active,L4,Sales,North America,E02514,ORG031
E00087,2019-05-22,,Active,L4,Program Management,North America,E02818,ORG025
E00088,2023-01-18,,Active,L4,Software Engineering,North America,E04354,ORG049
E00089,2026-12-25,,Active,L4,Program Management,North America,E02753,ORG009
E00090,2020-03-22,,Active,L3,Marketing,Asia Pacific,E00008,ORG046
E00091,2018-09-08,,Active,L4,Operations,North America,E01147,ORG020
E00092,2022-01-15,,Active,L4,Marketing,Europe,E03170,ORG023
E00093,2023-02-27,,Active,L4,Software Engineering,Europe,E03909,ORG026
E00094,2019-12-29,,Active,L4,Software Engineering,North America,E03230,ORG013
E00095,2019-04-09,,Active,L5,Finance,Europe,E03698,ORG047
E00096,2026-03-10,,Active,L5,HR,North America,E01143,ORG045
E00097,2023-09-15,,Active,L3,Marketing,Asia Pacific,E00459,ORG048
E00098,2021-11-17,2025-12-25,Terminated,L5,Operations,Asia Pacific,E04735,ORG050
E00099,2021-12-20,,Active,L5,Software Engineering,Asia Pacific,E02846,ORG033
E00100,2018-08-20,,Active,L2,Operations,North America,E03717,ORG022
E00101,2019-05-01,,Active,L4,Product,Asia Pacific,E04786,ORG042
E00102,2018-06-22,,Active,L3,Software Engineering,Europe,E00887,ORG002
E00103,2022-12-23,,Active,L5,Data,North America,E04364,ORG041
E00104,2025-12-26,,Active,L3,HR,North America,E01772,ORG025
E00105,2019-02-28,,Active,L5,Finance,North America,E03156,ORG033
E00106,2018-10-05,,Active,L3,Software Engineering,North America,E01897,ORG019
E00107,2023-02-18,,Active,L4,Finance,North America,E00946,ORG018
E00108,2022-02-14,,Active,L6,Sales,Latin America,E04401,ORG002
E00109,2025-04-15,,Active,L3,Sales,Latin America,E01687,ORG021
E00110,2023-09-14,,Active,L6,Operations,North America,E00108,ORG020
E00111,2021-01-07,,Active,L7,Data,Latin America,,ORG011
E00112,2020-09-27,,Active,L6,Finance,Europe,E00728,ORG012
E00113,2025-07-23,,Active,L3,Operations,North America,E04812,ORG029
E00114,2023-06-12,,Active,L5,Marketing,Latin America,E04099,ORG016
E00115,2018-01-03,,Active,L2,Operations,Europe,E03321,ORG041
E00116,2021-02-21,,Active,L3,HR,Europe,E03898,ORG006
E00117,2019-09-30,,Active,L6,Operations,North America,E03238,ORG028
E00118,2023-11-15,,Active,L5,Operations,North America,E04549,ORG008
E00119,2020-07-18,,Active,L4,Product,Asia Pacific,E00471,ORG026
E00120,2019-07-02,,Active,L3,Program Management,North America,E00274,ORG027
E00121,2019-11-06,,Active,L5,Product,North America,E03460,ORG032
E00122,2023-03-16,,Active,L5,Operations,North America,E04828,ORG021
E00123,2026-12-16,,Active,L4,Marketing,North America,E02946,ORG025
E00124,2019-03-24,,Active,L6,Program Management,North America,E04835,ORG009
E00125,2024-08-16,,Active,L3,Operations,Latin America,E01971,ORG023
E00126,2026-08-09,,Active,L3,Marketing,North America,E03382,ORG019
E00127,2021-11-14,,Active,L4,Software Engineering,Asia Pacific,E02564,ORG033
E00128,2026-12-16,,Active,L7,Product,Europe,,ORG022
E00129,2019-12-09,,Active,L3,Operations,Europe,E04413,ORG038
E00130,2020-10-28,,Active,L3,Program Management,North America,E03230,ORG021
E00131,2025-02-26,,Active,L2,Program Management,North America,E02153,ORG012
E00132,2018-08-16,,Active,L6,Sales,Asia Pacific,E01153,ORG014
E00133,2018-08-23,,Active,L3,Operations,Asia Pacific,E01526,ORG003
E00134,2018-05-11,,Active,L4,Program Management,North America,E00351,ORG027
E00135,2019-11-11,,Active,L7,Operations,Asia Pacific,,ORG041
E00136,2018-10-13,,Active,L2,Sales,Asia Pacific,E00748,ORG038
E00137,2025-06-26,,Active,L4,Marketing,North America,E02564,ORG022
E00138,2019-08-13,,Active,L4,Product,Europe,E00132,ORG010
E00139,2020-11-27,,Active,L5,Data,Asia Pacific,E02335,ORG042
E00140,2022-08-23,,Active,L3,Data,Asia Pacific,E00179,ORG003
E00141,2024-06-11,2026-12-29,Terminated,L4,Operations,North America,E00797,ORG020
E00142,2018-11-14,,Active,L3,Finance,North America,E03443,ORG042
E00143,2026-10-22,,Active,L5,Data,North America,E00121,ORG020
E00144,2020-10-04,,Active,L5,Operations,North America,E01643,ORG006
E00145,2025-05-25,,Active,L2,Program Management,North America,E00914,ORG013
E00146,2024-01-02,,Active,L3,Marketing,Europe,E00230,ORG030
E00147,2023-05-05,,Active,L6,Finance,Europe,E00986,ORG008
E00148,2018-01-23,,Active,L2,Program Management,North America,E00535,ORG032
E00149,2019-05-23,,Active,L3,Finance,Europe,E00377,ORG022
E00150,2023-07-25,,Active,L4,Software Engineering,North America,E03323,ORG017
E00151,2020-05-02,,Active,L3,Operations,North America,E00591,ORG012
E00152,2019-01-06,,Active,L3,Product,Asia Pacific,E04688,ORG040
E00153,2026-01-25,,Leave,L4,Software Engineering,Asia Pacific,E02424,ORG020
E00154,2026-01-13,,Active,L3,Program Management,North America,E01998,ORG036
E00155,2023-09-20,2026-07-15,Terminated,L4,Finance,Asia Pacific,E04391,ORG022
E00156,2023-03-16,,Active,L5,Finance,Asia Pacific,E03890,ORG005
E00157,2023-02-16,,Active,L4,Marketing,Europe,E02055,ORG022
E00158,2023-10-03,,Active,L2,Product,Latin America,E04874,ORG025
E00159,2022-03-31,,Active,L5,HR,North America,E02697,ORG023
E00160,2024-05-11,,Active,L3,Operations,North America,E03564,ORG040
E00161,2024-12-27,,Active,L5,Sales,Asia Pacific,E04850,ORG045
E00162,2018-09-07,,Active,L3,Marketing,North America,E03650,ORG039
E00163,2021-10-19,,Active,L5,HR,North America,E02991,ORG029
E00164,2023-06-22,,Active,L3,Program Management,North America,E03124,ORG027
E00165,2019-11-05,,Active,L3,Operations,North America,E03267,ORG032
E00166,2020-08-27,,Active,L4,Finance,North America,E04899,ORG014
E00167,2023-05-04,,Active,L2,Sales,North America,E03507,ORG040
E00168,2024-07-29,,Active,L3,Product,Latin America,E01461,ORG042
E00169,2022-07-01,,Active,L5,Sales,North America,E00096,ORG013
E00170,2020-10-19,,Active,L5,Sales,Asia Pacific,E03910,ORG044
E00171,2021-04-10,,Active,L2,Data,North America,E02438,ORG042
E00172,2018-07-09,,Active,L6,Product,North America,E02020,ORG021
E00173,2024-08-08,,Active,L5,Product,Asia Pacific,E04675,ORG044
E00174,2019-07-05,,Active,L6,Finance,North America,E00755,ORG006
E00175,2021-10-12,,Active,L5,Software Engineering,North America,E00169,ORG002
E00176,2020-02-10,,Active,L5,Product,Asia Pacific,E03724,ORG017
E00177,2019-11-08,,Active,L4,Software Engineering,North America,E04613,ORG028
E00178,2021-06-29,,Active,L4,Data,North America,E04146,ORG018
E00179,2020-01-14,,Active,L6,Operations,Latin America,E04364,ORG046
E00180,2023-09-18,,Active,L2,Product,North America,E04332,ORG013
E00181,2026-01-04,,Active,L3,Operations,Europe,E03427,ORG014
E00182,2020-09-15,,Active,L2,Software Engineering,North America,E04595,ORG031
E00183,2023-04-04,,Active,L6,Product,North America,E01664,ORG001
E00184,2022-08-19,,Active,L4,Marketing,North America,E03749,ORG036
E00185,2019-03-08,,Active,L5,Sales,Europe,E00434,ORG019
E00186,2023-01-29,,Active,L5,Product,North America,E02689,ORG048
E00187,2024-04-12,,Active,L7,Software Engineering,Asia Pacific,,ORG034
E00188,2018-09-20,,Active,L3,Marketing,Asia Pacific,E01406,ORG003
E00189,2022-01-20,,Active,L5,HR,Europe,E04688,ORG005
E00190,2021-09-19,,Active,L6,Operations,North America,E02144,ORG005
E00191,2024-07-20,,Active,L2,HR,Europe,E00996,ORG047
E00192,2024-06-29,,Active,L5,Software Engineering,Asia Pacific,E02872,ORG034
E00193,2023-07-22,,Active,L3,Program Management,North America,E00365,ORG021
E00194,2026-06-27,,Active,L4,Program Management,Asia Pacific,E00598,ORG010
E00195,2018-06-13,,Active,L4,HR,North America,E02107,ORG043
E00196,2019-10-25,,Active,L3,Software Engineering,Latin America,E03170,ORG010
E00197,2024-03-09,,Active,L2,Operations,Latin America,E02947,ORG035
E00198,2023-01-02,,Active,L2,Sales,North America,E00239,ORG037
E00199,2021-02-26,,Active,L2,Software Engineering,North America,E03406,ORG015
E00200,2025-12-04,,Active,L4,Software Engineering,Europe,E00246,ORG025
E00201,2018-10-05,,Active,L3,Sales,Europe,E04070,ORG011
E00202,2018-02-07,,Active,L3,Sales,Asia Pacific,E00172,ORG019
E00203,2021-07-21,,Active,L5,Program Management,North America,E00112,ORG047
E00204,2025-05-21,,Active,L5,Data,Europe,E02613,ORG034
E00205,2022-03-30,,Active,L4,Operations,Latin America,E04005,ORG041
E00206,2020-02-26,,Active,L6,Product,Latin America,E03840,ORG027
E00207,2020-12-16,,Active,L3,Finance,North America,E03044,ORG012
E00208,2020-12-14,,Active,L5,Software Engineering,Latin America,E00873,ORG035
E00209,2024-11-27,,Active,L2,Sales,North America,E04770,ORG025
E00210,2020-03-19,,Active,L5,HR,Europe,E00084,ORG009
E00211,2021-04-11,,Active,L7,Finance,North America,,ORG020
E00212,2020-12-03,,Active,L5,Operations,Europe,E01688,ORG031
E00213,2018-01-26,,Active,L4,Software Engineering,North America,E03788,ORG036
E00214,2023-04-16,,Active,L4,Marketing,North America,E03128,ORG012
E00215,2018-04-12,,Active,L3,Product,North America,E03950,ORG043
E00216,2020-07-02,,Active,L5,Program Management,Asia Pacific,E03851,ORG019
E00217,2026-10-09,,Active,L5,Marketing,Europe,E04692,ORG014
E00218,2022-05-29,,Active,L7,Data,Europe,,ORG010
E00219,2021-04-22,,Active,L4,Software Engineering,Europe,E02611,ORG039
E00220,2021-01-13,,Active,L2,HR,North America,E04095,ORG018
E00221,2024-11-30,,Active,L4,Program Management,North America,E00759,ORG024
E00222,2023-06-20,,Active,L2,Finance,North America,E00850,ORG011
E00223,2025-04-22,,Active,L3,Finance,North America,E00211,ORG034
E00224,2022-03-07,,Active,L3,Sales,Latin America,E00975,ORG038
E00225,2021-08-14,,Active,L5,Finance,North America,E00527,ORG017
E00226,2024-06-18,2026-09-05,Terminated,L3,Program Management,Europe,E04105,ORG046
E00227,2021-10-14,,Active,L3,Operations,Asia Pacific,E02482,ORG002
E00228,2024-10-19,,Active,L2,HR,Asia Pacific,E02200,ORG007
E00229,2023-03-29,,Active,L6,Program Management,North America,E03204,ORG029
E00230,2024-07-19,,Active,L5,Software Engineering,Latin America,E01745,ORG034
E00231,2023-07-02,,Active,L2,Operations,Europe,E02881,ORG013
E00232,2022-04-21,,Active,L2,Marketing,Europe,E00019,ORG027
E00233,2018-12-16,,Active,L4,Software Engineering,Asia Pacific,E03587,ORG016
E00234,2025-01-26,2026-09-23,Terminated,L3,Software Engineering,North America,E04365,ORG027
E00235,2023-08-27,,Active,L4,Marketing,Asia Pacific,E00172,ORG032
E00236,2022-04-23,,Active,L4,Sales,Europe,E00377,ORG048
E00237,2024-11-27,,Active,L6,Software Engineering,Asia Pacific,E00643,ORG023
E00238,2024-07-20,,Active,L3,Software Engineering,Asia Pacific,E03087,ORG032
E00239,2024-07-12,,Active,L5,HR,Europe,E03817,ORG028
E00240,2026-03-26,,Active,L2,Sales,North America,E04101,ORG016
E00241,2022-03-16,,Active,L6,HR,North America,E03903,ORG013
E00242,2018-11-27,,Active,L7,Sales,Asia Pacific,,ORG048
E00243,2024-11-10,,Active,L5,Operations,Europe,E02912,ORG011
E00244,2024-08-11,,Active,L4,Sales,Asia Pacific,E03520,ORG039
E00245,2024-02-13,,Active,L3,Finance,North America,E01325,ORG008
E00246,2019-02-23,,Active,L5,Operations,Europe,E03752,ORG039
E00247,2019-08-25,,Active,L5,Finance,Asia Pacific,E00887,ORG009
E00248,2024-01-16,,Active,L3,Program Management,Asia Pacific,E04817,ORG047
E00249,2019-04-04,,Active,L4,Finance,North America,E00179,ORG034
E00250,2026-10-03,,Active,L4,Sales,North America,E04710,ORG005
E00251,2026-08-02,,Active,L5,Marketing,Asia Pacific,E02282,ORG034
E00252,2023-02-18,,Active,L5,Finance,Asia Pacific,E03223,ORG030
E00253,2024-03-18,,Active,L4,Data,North America,E00784,ORG017
E00254,2020-03-24,,Active,L4,Finance,Europe,E01547,ORG013
E00255,2019-05-07,,Active,L3,Product,North America,E04330,ORG035
E00256,2022-04-21,,Active,L3,Product,North America,E00064,ORG036
E00257,2020-12-24,,Leave,L2,Sales,North America,E00917,ORG016
E00258,2019-10-15,,Active,L5,Operations,North America,E03171,ORG043
E00259,2024-07-13,,Active,L4,Sales,Asia Pacific,E04012,ORG014
E00260,2022-02-17,,Active,L4,Program Management,North America,E02107,ORG004
E00261,2020-11-08,,Active,L3,Finance,Asia Pacific,E00418,ORG030
E00262,2023-09-25,,Active,L3,Finance,North America,E00713,ORG006
E00263,2024-01-10,,Active,L4,Marketing,North America,E04455,ORG014
E00264,2025-09-29,,Active,L3,Software Engineering,North America,E01013,ORG025
E00265,2023-08-05,,Active,L2,Finance,North America,E02922,ORG014
E00266,2020-12-22,,Active,L5,Program Management,Europe,E04678,ORG011
E00267,2023-06-18,,Active,L3,Operations,Asia Pacific,E01819,ORG035
E00268,2018-06-18,,Active,L3,Sales,Asia Pacific,E00312,ORG027
E00269,2024-04-05,2024-10-03,Terminated,L4,Software Engineering,Asia Pacific,E04059,ORG041
E00270,2023-05-08,,Active,L5,Operations,Asia Pacific,E03931,ORG029
E00271,2020-03-11,,Active,L3,Program Management,Asia Pacific,E03247,ORG024
E00272,2022-11-27,,Active,L5,Marketing,Europe,E04504,ORG013
E00273,2026-06-09,,Active,L6,Software Engineering,Europe,E03885,ORG039
E00274,2024-10-08,,Active,L5,Product,North America,E03437,ORG010
E00275,2021-11-18,,Active,L4,Data,North America,E01623,ORG012
E00276,2020-01-10,,Active,L5,Program Management,Europe,E00270,ORG041
E00277,2020-11-24,,Active,L4,Data,Asia Pacific,E03665,ORG036
E00278,2021-02-14,,Active,L4,Operations,North America,E04237,ORG030
E00279,2023-08-28,,Active,L4,Product,Latin America,E03461,ORG002
E00280,2024-07-06,,Active,L3,Program Management,North America,E03263,ORG007
E00281,2026-02-11,,Active,L2,Finance,Asia Pacific,E03614,ORG025
E00282,2025-06-14,,Active,L4,HR,Latin America,E01312,ORG037
E00283,2024-06-05,,Active,L2,Data,North America,E00556,ORG023
E00284,2022-02-17,,Active,L4,Software Engineering,Asia Pacific,E03166,ORG001
E00285,2024-01-22,,Active,L4,Product,Asia Pacific,E04704,ORG009
E00286,2023-02-28,,Active,L6,Operations,Asia Pacific,E00643,ORG029
E00287,2021-08-08,,Active,L2,Sales,Latin America,E00335,ORG034
E00288,2022-08-13,,Active,L4,Software Engineering,Europe,E03554,ORG002
E00289,2024-03-31,,Active,L4,Data,North America,E02069,ORG003
E00290,2019-02-27,,Active,L2,Finance,Europe,E04510,ORG013
E00291,2024-02-15,,Active,L3,Marketing,North America,E02336,ORG005
E00292,2019-11-29,,Active,L2,Sales,North America,E02649,ORG027
E00293,2022-07-10,,Active,L3,Finance,North America,E00270,ORG006
E00294,2021-09-26,,Active,L3,Data,North America,E04757,ORG032
E00295,2020-02-05,,Active,L4,Finance,Asia Pacific,E01611,ORG038
E00296,2021-06-01,,Active,L4,Operations,Latin America,E02153,ORG047
E00297,2022-04-10,,Active,L2,Operations,Latin America,E03165,ORG046
E00298,2018-08-26,,Active,L3,Operations,North America,E04314,ORG014
E00299,2025-11-14,,Active,L2,Finance,Europe,E03974,ORG002
E00300,2022-07-19,,Active,L4,HR,Europe,E03879,ORG016
E00301,2019-09-03,,Active,L3,Software Engineering,North America,E00507,ORG035
E00302,2018-10-23,,Active,L4,Data,Europe,E00423,ORG003
E00303,2023-03-31,,Active,L3,Data,North America,E04151,ORG018
E00304,2020-11-14,,Active,L2,Program Management,Latin America,E04560,ORG015
E00305,2018-04-27,,Active,L6,Operations,North America,E03150,ORG011
E00306,2025-02-20,,Active,L2,Sales,Asia Pacific,E04549,ORG035
E00307,2026-11-04,,Active,L2,Program Management,Asia Pacific,E01540,ORG032
E00308,2020-12-14,,Active,L2,Operations,Asia Pacific,E01702,ORG026
E00309,2019-02-25,,Active,L7,Marketing,North America,,ORG045
E00310,2020-05-22,,Active,L4,HR,North America,E00823,ORG005
E00311,2019-08-28,,Active,L4,HR,Latin America,E03966,ORG008
E00312,2020-12-19,,Active,L7,Program Management,North America,,ORG019
E00313,2018-12-05,,Active,L2,Software Engineering,North America,E03345,ORG032
E00314,2026-07-12,,Active,L7,Marketing,Latin America,,ORG029
E00315,2020-08-26,,Active,L3,Operations,Asia Pacific,E01060,ORG004
E00316,2021-09-04,,Active,L4,Data,Asia Pacific,E04994,ORG047
E00317,2020-01-27,,Active,L4,Operations,North America,E00124,ORG015
E00318,2022-08-16,,Active,L3,Data,North America,E03866,ORG018
E00319,2026-05-04,,Active,L6,Marketing,Asia Pacific,E00986,ORG031
E00320,2021-10-09,,Active,L2,Operations,North America,E03918,ORG046
E00321,2026-10-26,,Active,L7,Sales,North America,,ORG033
E00322,2023-04-18,,Active,L3,Operations,North America,E02409,ORG047
E00323,2024-08-14,,Active,L4,Data,Europe,E01128,ORG010
E00324,2018-05-29,,Active,L7,Finance,North America,,ORG030
E00325,2020-01-06,,Active,L2,Finance,Asia Pacific,E00246,ORG041
E00326,2024-12-19,,Active,L6,Product,North America,E03142,ORG025
E00327,2021-06-15,,Active,L4,HR,North America,E00788,ORG018
E00328,2020-11-29,,Active,L5,Product,Latin America,E02223,ORG048
E00329,2020-06-08,,Active,L2,HR,Latin America,E04749,ORG007
E00330,2025-06-21,,Active,L4,HR,Europe,E04433,ORG020
E00331,2021-10-30,,Active,L5,Software Engineering,Latin America,E02467,ORG043
E00332,2022-08-24,,Active,L4,Product,North America,E03696,ORG044
E00333,2023-08-15,,Active,L2,Software Engineering,North America,E04104,ORG048
E00334,2020-08-10,,Active,L3,HR,North America,E03083,ORG043
E00335,2020-10-03,,Active,L5,Product,North America,E00983,ORG003
E00336,2024-06-10,,Active,L2,Finance,Asia Pacific,E04055,ORG046
E00337,2022-05-30,,Active,L5,Program Management,Asia Pacific,E00423,ORG021
E00338,2022-03-25,,Active,L7,Data,North America,,ORG032
E00339,2022-07-05,,Active,L2,Sales,North America,E02667,ORG020
E00340,2023-03-05,,Active,L3,HR,Latin America,E03902,ORG040
E00341,2025-06-28,,Active,L5,Product,Europe,E02881,ORG028
E00342,2021-06-02,2025-08-26,Terminated,L2,Sales,North America,E01690,ORG041
E00343,2021-10-14,,Active,L4,HR,North America,E02024,ORG010
E00344,2021-10-09,,Active,L5,Sales,North America,E02279,ORG009
E00345,2022-06-30,,Active,L4,Software Engineering,North America,E03744,ORG022
E00346,2018-05-21,,Active,L3,Data,North America,E04969,ORG001
E00347,2026-09-05,,Active,L5,Data,Europe,E03898,ORG034
E00348,2023-05-06,,Active,L4,Operations,North America,E01538,ORG015
E00349,2018-12-10,,Active,L3,Sales,Europe,E00527,ORG027
E00350,2019-01-03,,Active,L4,Marketing,North America,E02346,ORG004
E00351,2024-12-17,,Active,L6,Marketing,North America,E04317,ORG009
E00352,2023-06-24,,Leave,L5,Finance,North America,E03188,ORG031
E00353,2018-09-21,,Active,L4,Finance,Asia Pacific,E01557,ORG015
E00354,2020-02-03,,Active,L3,Product,Asia Pacific,E00427,ORG011
E00355,2026-07-21,,Active,L2,Data,North America,E01189,ORG012
E00356,2019-12-20,,Active,L3,Software Engineering,North America,E03601,ORG011
E00357,2019-09-23,,Active,L2,Data,Europe,E03346,ORG031
E00358,2019-12-15,,Active,L7,HR,North America,,ORG009
E00359,2018-10-07,,Active,L3,Operations,Europe,E02238,ORG018
E00360,2020-04-24,,Active,L5,HR,Latin America,E01628,ORG034
E00361,2020-05-04,,Active,L3,Software Engineering,North America,E00862,ORG025
E00362,2020-11-10,,Active,L3,Marketing,Europe,E04872,ORG029
E00363,2022-03-23,,Active,L4,HR,Europe,E02106,ORG013
E00364,2023-04-02,,Active,L3,Marketing,Europe,E03856,ORG046
E00365,2022-06-10,,Active,L5,Finance,North America,E02282,ORG021
E00366,2019-03-11,,Active,L6,Program Management,Europe,E02872,ORG014
E00367,2019-08-03,,Active,L6,Finance,North America,E03206,ORG044
E00368,2022-03-22,,Active,L2,Finance,Asia Pacific,E01729,ORG032
E00369,2021-01-24,,Active,L5,Software Engineering,Europe,E04679,ORG030
E00370,2025-05-21,,Active,L2,Data,North America,E02267,ORG043
E00371,2020-05-09,,Active,L6,Finance,Latin America,E03840,ORG003
E00372,2022-02-14,,Active,L4,Data,Asia Pacific,E04570,ORG041
E00373,2022-05-09,,Active,L3,Data,Europe,E01869,ORG033
E00374,2024-02-15,,Active,L2,Data,Latin America,E01128,ORG018
E00375,2023-04-07,,Active,L2,Finance,Asia Pacific,E04850,ORG013
E00376,2021-05-09,2025-09-11,Terminated,L3,Marketing,North America,E03924,ORG006
E00377,2021-07-15,,Active,L6,Operations,Europe,E03957,ORG046
E00378,2022-08-13,,Active,L5,Software Engineering,Europe,E04716,ORG007
E00379,2018-04-25,,Active,L7,Operations,Europe,,ORG013
E00380,2025-07-22,,Active,L2,Operations,Latin America,E00117,ORG034
E00381,2024-10-15,,Active,L4,Finance,North America,E04713,ORG035
E00382,2025-11-15,,Active,L3,Program Management,North America,E00556,ORG008
E00383,2024-05-23,,Active,L4,Operations,North America,E00693,ORG040
E00384,2021-09-18,,Active,L3,Product,Asia Pacific,E01031,ORG025
E00385,2019-12-25,,Active,L3,Marketing,North America,E00547,ORG042
E00386,2022-08-24,,Active,L4,Operations,North America,E00395,ORG005
E00387,2026-03-16,,Active,L3,Product,North America,E00591,ORG003
E00388,2023-03-24,,Active,L4,Data,Europe,E02419,ORG031
E00389,2022-09-22,,Active,L4,HR,North America,E01806,ORG008
E00390,2023-02-11,,Active,L2,Program Management,North America,E01662,ORG026
E00391,2019-01-18,,Active,L6,Product,North America,E00838,ORG001
E00392,2026-04-22,,Active,L4,Operations,North America,E04872,ORG038
E00393,2019-03-18,,Active,L5,Operations,North America,E01619,ORG044
E00394,2022-09-05,,Active,L4,Sales,North America,E02341,ORG041
E00395,2021-02-05,,Active,L5,Operations,Europe,E00685,ORG047
E00396,2019-01-28,,Active,L5,HR,North America,E01002,ORG044
E00397,2024-04-29,,Active,L6,Finance,North America,E01128,ORG022
E00398,2023-01-13,,Active,L4,Sales,Europe,E04858,ORG020
E00399,2024-03-12,,Active,L3,Data,North America,E00865,ORG044
E00400,2023-05-17,,Active,L2,Program Management,North America,E02601,ORG045
E00401,2018-11-04,,Active,L4,HR,North America,E02766,ORG048
E00402,2022-12-12,,Active,L2,Software Engineering,North America,E00341,ORG038
E00403,2024-06-29,,Active,L3,Program Management,Europe,E01702,ORG010
E00404,2024-07-08,,Active,L2,Program Management,Latin America,E00378,ORG046
E00405,2019-04-28,,Active,L4,Sales,North America,E00862,ORG046
E00406,2022-02-13,,Active,L3,Marketing,Europe,E03384,ORG033
E00407,2018-05-26,,Active,L4,Data,Asia Pacific,E02870,ORG042
E00408,2023-02-21,,Active,L5,Software Engineering,North America,E02482,ORG028
E00409,2024-09-20,,Active,L5,HR,Asia Pacific,E01006,ORG046
E00410,2022-03-09,,Active,L3,Software Engineering,Europe,E03151,ORG005
E00411,2023-08-13,,Active,L4,Operations,Europe,E04528,ORG042
E00412,2018-05-10,,Active,L4,Marketing,Latin America,E04257,ORG003
E00413,2018-07-26,,Active,L4,Marketing,North America,E00846,ORG017
E00414,2020-03-26,,Active,L4,Marketing,Asia Pacific,E03410,ORG007
E00415,2021-04-09,,Active,L3,Software Engineering,North America,E01149,ORG024
E00416,2025-10-25,,Active,L7,Software Engineering,Europe,,ORG012
E00417,2023-09-12,,Active,L2,Software Engineering,North America,E04328,ORG047
E00418,2026-01-10,,Active,L5,HR,North America,E02346,ORG028
E00419,2023-08-06,,Active,L4,Software Engineering,North America,E03732,ORG044
E00420,2023-10-03,,Active,L3,Program Management,Latin America,E02749,ORG014
E00421,2022-05-21,,Active,L5,Sales,Europe,E03382,ORG002
E00422,2018-05-10,,Active,L2,Operations,Asia Pacific,E04670,ORG038
E00423,2019-11-08,,Active,L5,Marketing,North America,E00639,ORG034
E00424,2019-12-04,,Active,L4,Operations,North America,E04511,ORG027
E00425,2024-12-10,,Active,L2,Program Management,North America,E02398,ORG040
E00426,2026-01-06,,Active,L2,Marketing,North America,E00685,ORG041
E00427,2024-08-31,,Active,L5,Operations,North America,E02113,ORG029
E00428,2018-05-02,,Active,L3,Software Engineering,Latin America,E00241,ORG047
E00429,2026-04-15,,Active,L6,Finance,Asia Pacific,E02754,ORG035
E00430,2023-10-13,,Leave,L5,HR,North America,E02341,ORG033
E00431,2023-10-11,,Active,L5,Sales,North America,E01917,ORG018
E00432,2025-02-04,,Active,L3,Data,Europe,E02200,ORG001
E00433,2024-07-09,,Active,L5,Data,Europe,E03141,ORG012
E00434,2018-06-04,,Active,L6,Finance,Europe,E04129,ORG037
E00435,2024-09-05,,Active,L2,HR,Europe,E01930,ORG035
E00436,2021-09-15,,Active,L3,Finance,North America,E00068,ORG017
E00437,2019-03-25,,Active,L3,Program Management,North America,E02823,ORG031
E00438,2020-05-31,,Active,L3,HR,Latin America,E04713,ORG010
E00439,2021-06-13,,Active,L5,Finance,Asia Pacific,E01942,ORG013
E00440,2018-10-17,,Active,L4,Marketing,Latin America,E00583,ORG046
E00441,2022-05-21,,Active,L4,Program Management,North America,E04503,ORG020
E00442,2021-11-30,,Active,L3,HR,Europe,E02041,ORG012
E00443,2021-12-13,,Active,L2,Software Engineering,North America,E01809,ORG024
E00444,2024-02-19,,Active,L3,HR,Asia Pacific,E01442,ORG019
E00445,2022-07-09,,Active,L5,HR,North America,E03693,ORG036
E00446,2020-10-05,,Active,L4,Product,Europe,E00698,ORG047
E00447,2023-06-01,,Active,L3,Data,North America,E03116,ORG029
E00448,2026-05-03,,Active,L5,Marketing,North America,E01690,ORG029
E00449,2021-05-28,,Active,L2,Data,North America,E01888,ORG018
E00450,2019-08-21,,Active,L3,Operations,Europe,E01014,ORG028
E00451,2022-01-07,,Active,L3,Data,Asia Pacific,E04035,ORG016
E00452,2019-03-09,,Active,L7,Program Management,Latin America,,ORG001
E00453,2025-01-31,,Active,L5,Sales,Europe,E02246,ORG042
E00454,2019-02-20,,Active,L4,Operations,Europe,E04629,ORG021
E00455,2026-12-05,,Active,L2,Product,Asia Pacific,E04134,ORG024
E00456,2021-07-09,,Active,L3,Program Management,North America,E03814,ORG005
E00457,2018-05-12,,Leave,L4,Data,Asia Pacific,E02229,ORG041
E00458,2018-10-06,2024-04-20,Terminated,L3,Finance,Asia Pacific,E04741,ORG009
E00459,2021-02-05,,Active,L6,Data,Europe,E02964,ORG020
E00460,2018-05-16,,Active,L5,Program Management,North America,E02144,ORG041
E00461,2019-04-23,,Active,L4,Data,North America,E01687,ORG023
E00462,2024-08-23,2025-04-09,Terminated,L5,Product,North America,E04563,ORG046
E00463,2021-12-25,,Active,L7,Data,Latin America,,ORG011
E00464,2023-04-03,,Active,L4,Marketing,Europe,E01194,ORG035
E00465,2021-05-16,,Active,L4,HR,Europe,E04391,ORG048
E00466,2022-10-10,2025-09-10,Terminated,L6,Marketing,North America,E01092,ORG027
E00467,2020-01-02,,Active,L3,HR,Asia Pacific,E03824,ORG034
E00468,2026-09-29,,Active,L6,Operations,North America,E01336,ORG020
E00469,2026-07-28,,Active,L2,Software Engineering,North America,E04174,ORG037
E00470,2026-03-14,,Active,L4,Marketing,Europe,E04175,ORG044
E00471,2018-12-01,,Active,L5,Marketing,North America,E03685,ORG035
E00472,2024-12-03,,Active,L4,Program Management,North America,E04969,ORG046
E00473,2020-04-17,,Active,L4,Product,North America,E02585,ORG029
E00474,2021-04-21,,Active,L4,Program Management,North America,E04191,ORG028
E00475,2020-07-11,,Active,L2,Program Management,Latin America,E02797,ORG015
E00476,2024-07-22,,Active,L3,Marketing,Asia Pacific,E00172,ORG035
E00477,2019-01-15,,Active,L3,Data,Latin America,E02030,ORG043
E00478,2023-02-22,,Active,L4,Finance,Latin America,E00139,ORG032
E00479,2024-10-11,2026-06-17,Terminated,L4,HR,North America,E03318,ORG012
E00480,2018-07-31,,Active,L3,HR,North America,E00740,ORG027
E00481,2018-08-27,2024-08-16,Terminated,L6,Software Engineering,Europe,E01589,ORG037
E00482,2019-01-22,,Active,L3,Program Management,North America,E04365,ORG046
E00483,2020-12-29,,Active,L4,Program Management,Latin America,E03724,ORG008
E00484,2021-02-05,,Active,L4,Program Management,North America,E01637,ORG007
E00485,2021-07-12,,Active,L3,Data,Europe,E02535,ORG020
E00486,2026-12-15,,Active,L5,Data,Europe,E02943,ORG007
E00487,2024-04-14,,Active,L4,Data,Asia Pacific,E01712,ORG048
E00488,2021-06-17,,Active,L2,Marketing,Europe,E03767,ORG021
E00489,2022-02-19,,Active,L7,Program Management,Europe,,ORG026
E00490,2019-02-07,,Active,L5,Product,North America,E00713,ORG011
E00491,2024-10-13,,Active,L5,Sales,Europe,E02086,ORG022
E00492,2022-03-23,,Active,L6,Operations,Asia Pacific,E01197,ORG048
E00493,2018-07-18,,Active,L6,Program Management,Europe,E03400,ORG024
E00494,2021-04-30,,Active,L3,Software Engineering,Asia Pacific,E03205,ORG001
E00495,2024-09-21,,Active,L4,Program Management,North America,E04032,ORG012
E00496,2019-12-29,,Active,L4,Finance,North America,E01782,ORG048
E00497,2023-06-28,,Leave,L3,Finance,Latin America,E01105,ORG048
E00498,2023-01-03,,Active,L3,Program Management,North America,E00143,ORG011
E00499,2021-04-15,,Active,L2,Finance,Europe,E04325,ORG030
E00500,2020-10-07,,Active,L4,HR,Europe,E01603,ORG004
E00501,2019-09-26,,Active,L5,Marketing,Latin America,E03790,ORG028
E00502,2019-01-28,,Active,L5,Operations,North America,E01772,ORG007
E00503,2022-04-01,,Active,L3,Product,North America,E01619,ORG040
E00504,2025-01-25,,Active,L3,Software Engineering,Asia Pacific,E01128,ORG046
E00505,2024-06-06,,Active,L4,Software Engineering,Europe,E03903,ORG009
E00506,2022-06-16,,Active,L4,Data,Europe,E01369,ORG023
E00507,2024-09-19,,Active,L6,Finance,North America,E01443,ORG005
E00508,2021-10-24,,Active,L6,Software Engineering,North America,E03533,ORG017
E00509,2018-11-21,,Active,L6,Product,Latin America,E02613,ORG004
E00510,2024-05-26,,Active,L5,HR,Europe,E03757,ORG013
E00511,2024-10-13,,Active,L7,Product,Latin America,,ORG048
E00512,2021-03-01,,Active,L4,Sales,Latin America,E00493,ORG003
E00513,2023-10-16,,Active,L2,Software Engineering,Europe,E04791,ORG042
E00514,2019-02-23,,Active,L2,Program Management,Europe,E01132,ORG004
E00515,2021-11-21,,Active,L3,Data,Europe,E00562,ORG026
E00516,2019-12-12,,Active,L3,Operations,Asia Pacific,E00520,ORG022
E00517,2024-08-21,,Active,L3,Software Engineering,Europe,E01524,ORG046
E00518,2018-05-30,,Active,L6,Product,North America,E02073,ORG010
E00519,2023-10-26,,Active,L3,HR,Latin America,E00360,ORG009
E00520,2025-12-27,,Active,L6,Sales,Europe,E03146,ORG037
E00521,2024-07-13,,Active,L5,Operations,Asia Pacific,E03115,ORG036
E00522,2020-06-19,,Active,L4,Marketing,North America,E03890,ORG034
E00523,2021-02-19,,Active,L5,HR,North America,E00067,ORG002
E00524,2024-02-05,,Active,L3,HR,Europe,E00460,ORG013
E00525,2022-10-08,,Active,L4,Marketing,Asia Pacific,E00980,ORG041
E00526,2018-03-23,,Active,L3,Data,North America,E02153,ORG030
E00527,2025-06-11,,Active,L6,Product,North America,E02973,ORG030
E00528,2024-10-14,,Active,L3,Program Management,Asia Pacific,E00965,ORG015
E00529,2022-12-19,,Active,L3,Finance,Latin America,E01736,ORG013
E00530,2026-05-17,,Active,L5,Marketing,North America,E02590,ORG046
E00531,2019-09-27,,Active,L4,Data,North America,E02766,ORG036
E00532,2024-10-16,,Active,L4,Product,North America,E02686,ORG007
E00533,2022-01-11,,Active,L4,Product,North America,E03205,ORG046
E00534,2021-01-17,,Active,L2,HR,North America,E03791,ORG029
E00535,2024-07-03,2025-11-17,Terminated,L5,Marketing,Europe,E04191,ORG017
E00536,2023-01-19,,Active,L3,Marketing,Europe,E04829,ORG020
E00537,2022-07-01,,Active,L3,HR,North America,E01936,ORG036
E00538,2024-09-21,,Active,L3,HR,North America,E01598,ORG019
E00539,2021-08-27,,Active,L3,Program Management,Latin America,E01323,ORG029
E00540,2026-10-20,,Active,L3,Finance,North America,E01695,ORG035
E00541,2020-04-14,,Active,L4,Software Engineering,Asia Pacific,E02748,ORG010
E00542,2019-01-16,,Active,L3,Operations,North America,E03068,ORG046
E00543,2024-04-12,,Active,L3,Product,Asia Pacific,E00326,ORG018
E00544,2025-02-02,,Active,L4,Marketing,Asia Pacific,E04993,ORG021
E00545,2024-04-03,,Active,L2,Program Management,North America,E00179,ORG034
E00546,2022-06-25,,Active,L5,Program Management,Europe,E01971,ORG030
E00547,2019-08-09,,Active,L6,Program Management,Europe,E02240,ORG022
E00548,2020-09-28,,Active,L4,Marketing,North America,E01681,ORG032
E00549,2020-04-25,,Active,L6,Marketing,Asia Pacific,E01031,ORG044
E00550,2022-06-06,,Active,L2,Program Management,North America,E02697,ORG039
E00551,2021-03-05,,Active,L2,Marketing,North America,E00035,ORG040
E00552,2022-05-02,,Active,L5,HR,Latin America,E03735,ORG013
E00553,2021-02-19,,Active,L5,Sales,North America,E03402,ORG021
E00554,2021-09-23,,Active,L5,Marketing,North America,E03867,ORG027
E00555,2020-10-13,,Active,L2,Product,North America,E04075,ORG003
E00556,2020-11-30,,Active,L5,Operations,Latin America,E04433,ORG038
E00557,2025-01-03,,Active,L3,Product,North America,E00714,ORG016
E00558,2026-10-30,,Active,L3,Product,North America,E04174,ORG014
E00559,2026-02-08,,Active,L3,Operations,Europe,E02852,ORG013
E00560,2023-10-28,,Active,L7,Data,Asia Pacific,,ORG014
E00561,2025-09-06,,Active,L2,Software Engineering,Europe,E00588,ORG017
E00562,2023-06-15,,Active,L5,Sales,Latin America,E04923,ORG030
E00563,2024-11-21,,Active,L4,Software Engineering,North America,E04055,ORG029
E00564,2020-10-22,2024-03-23,Terminated,L5,Finance,Europe,E01274,ORG013
E00565,2021-10-13,,Active,L5,HR,Europe,E04456,ORG010
E00566,2026-09-13,,Active,L5,Product,North America,E03693,ORG040
E00567,2024-01-07,,Active,L3,Operations,Asia Pacific,E02211,ORG005
E00568,2024-06-11,,Active,L2,Sales,Europe,E00797,ORG025
E00569,2018-09-05,,Active,L4,Sales,North America,E03693,ORG026
E00570,2019-01-26,,Active,L3,Marketing,North America,E04661,ORG028
E00571,2026-02-24,,Active,L2,Finance,North America,E00925,ORG043
E00572,2021-07-06,,Active,L3,Sales,Asia Pacific,E00008,ORG031
E00573,2023-12-02,,Active,L3,Program Management,North America,E01093,ORG048
E00574,2021-09-18,,Active,L2,Finance,Asia Pacific,E01441,ORG043
E00575,2022-07-31,,Active,L2,HR,North America,E01850,ORG011
E00576,2026-10-08,,Active,L6,Marketing,Latin America,E04889,ORG012
E00577,2024-09-27,,Active,L3,Program Management,Asia Pacific,E04817,ORG017
E00578,2022-07-28,,Active,L7,Sales,North America,,ORG019
E00579,2019-10-09,,Active,L7,Operations,North America,,ORG027
E00580,2023-09-03,,Active,L2,Data,Asia Pacific,E03348,ORG012
E00581,2019-05-05,,Active,L5,Finance,North America,E01016,ORG011
E00582,2025-10-07,,Active,L4,Marketing,North America,E01001,ORG019
E00583,2022-09-28,,Active,L5,Operations,Asia Pacific,E00379,ORG033
E00584,2020-04-09,,Active,L2,Operations,Asia Pacific,E03958,ORG034
E00585,2021-05-18,,Active,L3,Marketing,Asia Pacific,E01042,ORG048
E00586,2024-12-29,,Active,L2,Marketing,Asia Pacific,E04492,ORG010
E00587,2025-09-11,,Active,L4,Program Management,Europe,E03044,ORG020
E00588,2018-10-23,,Leave,L7,HR,Asia Pacific,,ORG047
E00589,2023-12-16,,Active,L5,Finance,North America,E02426,ORG034
E00590,2026-10-15,,Active,L5,Finance,Asia Pacific,E04635,ORG029
E00591,2021-09-23,,Active,L7,HR,Europe,,ORG027
E00592,2018-09-21,,Active,L5,Product,Europe,E00759,ORG004
E00593,2021-12-12,,Active,L2,Product,Latin America,E02305,ORG044
E00594,2025-09-11,,Active,L6,Data,North America,E01207,ORG031
E00595,2026-08-22,,Active,L3,Sales,Europe,E00879,ORG028
E00596,2019-04-08,,Active,L2,Product,Europe,E04704,ORG027
E00597,2020-10-07,2024-04-30,Terminated,L4,HR,North America,E03075,ORG019
E00598,2020-12-16,,Active,L6,HR,North America,E00795,ORG013
E00599,2018-08-03,,Active,L3,HR,Latin America,E00510,ORG037
E00600,2022-08-08,,Active,L4,Sales,North America,E01524,ORG025
E00601,2020-10-21,,Active,L3,Sales,Europe,E04170,ORG002
E00602,2025-02-07,,Active,L2,Data,Europe,E00693,ORG020
E00603,2022-08-07,,Active,L2,Sales,Asia Pacific,E03730,ORG045
E00604,2025-01-15,,Active,L5,Software Engineering,Asia Pacific,E00507,ORG019
E00605,2025-11-13,,Active,L6,Finance,North America,E01643,ORG021
E00606,2018-07-03,,Active,L2,HR,North America,E02652,ORG031
E00607,2019-10-10,,Active,L3,Data,Europe,E00611,ORG039
E00608,2022-09-16,,Active,L3,Product,North America,E01948,ORG033
E00609,2025-06-23,2026-06-30,Terminated,L2,Marketing,Europe,E01265,ORG042
E00610,2026-09-22,,Active,L4,Software Engineering,North America,E00192,ORG006
E00611,2020-04-27,,Active,L5,Product,North America,E00009,ORG045
E00612,2025-08-31,,Active,L4,Data,Latin America,E00693,ORG044
E00613,2020-11-11,,Active,L3,Software Engineering,Latin America,E03764,ORG026
E00614,2018-10-06,,Active,L4,Finance,Asia Pacific,E00169,ORG031
E00615,2025-03-09,,Active,L2,Sales,North America,E02546,ORG011
E00616,2023-10-01,,Active,L2,Finance,Latin America,E00108,ORG022
E00617,2021-06-16,,Active,L6,Product,Europe,E01014,ORG010
E00618,2022-08-29,,Active,L5,Sales,Latin America,E00873,ORG002
E00619,2018-07-15,,Active,L6,Program Management,North America,E01658,ORG048
E00620,2018-05-06,,Active,L6,Product,North America,E03740,ORG013
E00621,2021-08-27,,Active,L4,Operations,Europe,E02063,ORG029
E00622,2019-04-27,,Active,L6,Software Engineering,Asia Pacific,E00065,ORG015
E00623,2024-01-09,,Active,L4,Program Management,North America,E00692,ORG018
E00624,2022-05-07,,Active,L2,Sales,North America,E01478,ORG020
E00625,2025-09-14,,Active,L2,Finance,Europe,E01320,ORG017
E00626,2026-02-28,,Active,L2,Marketing,Latin America,E02856,ORG031
E00627,2023-12-01,,Active,L2,HR,Asia Pacific,E01697,ORG047
E00628,2020-04-04,,Active,L3,Program Management,Latin America,E03740,ORG021
E00629,2020-05-25,,Active,L5,HR,Europe,E01190,ORG048
E00630,2021-01-13,,Active,L5,Sales,Asia Pacific,E03394,ORG033
E00631,2024-04-25,,Active,L4,Finance,Europe,E00486,ORG030
E00632,2018-12-04,,Active,L2,HR,North America,E04945,ORG012
E00633,2019-12-29,,Active,L5,Operations,Europe,E04934,ORG004
E00634,2022-01-23,,Active,L3,Marketing,Europe,E01306,ORG042
E00635,2021-03-12,,Active,L2,Product,North America,E01128,ORG028
E00636,2023-09-10,,Active,L3,Program Management,North America,E00008,ORG021
E00637,2020-03-19,,Active,L3,Product,Asia Pacific,E04886,ORG040
E00638,2025-05-15,,Active,L3,Data,Asia Pacific,E00170,ORG016
E00639,2026-02-02,,Active,L5,Finance,North America,E00016,ORG038
E00640,2018-01-29,,Active,L5,Software Engineering,Latin America,E00463,ORG016
E00641,2018-12-12,,Active,L5,Product,North America,E01441,ORG045
E00642,2021-08-19,,Active,L2,HR,North America,E04882,ORG013
E00643,2019-08-28,,Active,L5,Product,North America,E00813,ORG007
E00644,2022-03-18,,Active,L5,Sales,North America,E02878,ORG034
E00645,2020-11-22,,Active,L3,Data,North America,E03244,ORG008
E00646,2021-05-17,,Active,L4,Operations,Europe,E03996,ORG046
E00647,2023-05-24,,Active,L4,Data,Asia Pacific,E03497,ORG032
E00648,2025-09-19,,Active,L4,Data,Europe,E04925,ORG012
E00649,2023-03-20,,Active,L2,Sales,Asia Pacific,E03308,ORG011
E00650,2021-12-17,,Active,L4,Data,Latin America,E04223,ORG045
E00651,2018-04-28,,Active,L2,Marketing,North America,E01548,ORG030
E00652,2022-07-20,,Active,L3,Finance,North America,E01994,ORG044
E00653,2026-11-21,,Active,L2,Operations,North America,E03713,ORG006
E00654,2018-05-29,,Active,L6,Marketing,Europe,E04391,ORG045
E00655,2024-07-08,,Active,L3,Program Management,North America,E00028,ORG026
E00656,2021-05-27,,Active,L3,Program Management,Europe,E02117,ORG033
E00657,2019-01-20,,Active,L3,Program Management,Europe,E04006,ORG019
E00658,2019-08-25,,Active,L6,Finance,Europe,E00549,ORG003
E00659,2023-08-31,,Active,L4,Sales,North America,E01712,ORG047
E00660,2022-05-09,,Leave,L6,Operations,North America,E02782,ORG049
E00661,2021-11-22,,Active,L3,Product,North America,E00393,ORG018
E00662,2023-08-20,,Active,L2,Marketing,Asia Pacific,E04569,ORG046
E00663,2022-10-23,,Active,L4,Finance,Europe,E01774,ORG009
E00664,2023-11-27,2025-10-09,Terminated,L3,Sales,Europe,E03921,ORG008
E00665,2023-08-11,,Active,L5,Program Management,Europe,E02097,ORG004
E00666,2022-12-15,,Active,L6,Software Engineering,Europe,E01974,ORG019
E00667,2022-04-25,,Active,L4,Marketing,North America,E04833,ORG003
E00668,2021-01-12,,Active,L7,HR,North America,,ORG020
E00669,2019-04-30,,Active,L4,Product,North America,E04288,ORG007
E00670,2019-09-26,,Active,L3,Sales,North America,E02609,ORG036
E00671,2024-05-05,,Active,L4,Data,North America,E02307,ORG041
E00672,2020-04-23,,Active,L2,Marketing,Asia Pacific,E03903,ORG034
E00673,2023-08-14,,Active,L5,Finance,North America,E03425,ORG010
E00674,2024-05-16,,Active,L2,Finance,North America,E04908,ORG038
E00675,2020-07-12,,Active,L3,Data,North America,E01623,ORG013
E00676,2023-02-26,,Active,L4,Software Engineering,North America,E00535,ORG037
E00677,2021-06-11,,Active,L2,HR,North America,E00929,ORG028
E00678,2019-01-20,,Active,L2,Finance,North America,E02689,ORG018
E00679,2025-10-13,,Active,L5,Software Engineering,North America,E01526,ORG005
E00680,2021-12-30,,Active,L2,Finance,Latin America,E04047,ORG041
E00681,2020-09-21,,Active,L4,HR,North America,E04388,ORG046
E00682,2023-08-05,,Active,L3,Product,North America,E00903,ORG033
E00683,2020-11-05,,Active,L3,HR,North America,E04955,ORG047
E00684,2024-06-24,,Active,L3,Marketing,North America,E03170,ORG046
E00685,2020-05-16,,Active,L5,Operations,Europe,E01242,ORG010
E00686,2025-11-23,,Active,L6,Product,North America,E00960,ORG036
E00687,2023-01-07,,Active,L2,Marketing,Asia Pacific,E00810,ORG017
E00688,2024-05-21,,Active,L6,Marketing,Latin America,E02335,ORG024
E00689,2025-02-07,,Active,L4,Operations,Europe,E00335,ORG008
E00690,2026-01-19,,Active,L4,Program Management,North America,E00620,ORG048
E00691,2025-08-17,,Active,L5,Sales,North America,E03787,ORG036
E00692,2026-09-09,,Active,L5,Data,North America,E02439,ORG013
E00693,2022-10-14,2026-04-01,Terminated,L5,Product,Asia Pacific,E02690,ORG018
E00694,2020-01-15,,Active,L4,Operations,North America,E01589,ORG021
E00695,2021-12-07,2026-09-24,Terminated,L4,Finance,Europe,E02816,ORG037
E00696,2021-11-18,,Active,L3,Finance,North America,E01672,ORG045
E00697,2022-02-01,,Active,L2,Program Management,North America,E00189,ORG016
E00698,2019-01-23,,Active,L5,Sales,North America,E02864,ORG023
E00699,2022-04-27,,Active,L2,Finance,North America,E00378,ORG029
E00700,2021-08-31,,Leave,L3,Operations,Europe,E03437,ORG020
E00701,2026-01-18,,Active,L2,Marketing,Europe,E04565,ORG025
E00702,2020-11-28,2024-07-27,Terminated,L3,Data,North America,E03335,ORG006
E00703,2019-09-21,,Active,L4,HR,North America,E02909,ORG009
E00704,2020-10-12,,Active,L4,Marketing,Asia Pacific,E04824,ORG020
E00705,2026-04-18,2026-10-01,Terminated,L4,Finance,North America,E01033,ORG045
E00706,2026-02-05,,Active,L2,Finance,Europe,E03879,ORG017
E00707,2022-06-06,,Leave,L4,Program Management,North America,E00984,ORG013
E00708,2018-10-31,,Active,L3,Product,Europe,E00008,ORG036
E00709,2019-07-09,,Active,L5,Operations,Europe,E01143,ORG046
E00710,2024-05-04,,Active,L4,Marketing,North America,E02527,ORG023
E00711,2019-04-09,,Active,L4,Operations,Europe,E00276,ORG001
E00712,2020-02-10,,Active,L4,Software Engineering,Europe,E01323,ORG034
E00713,2024-04-20,,Active,L7,Operations,North America,,ORG021
E00714,2025-09-20,,Active,L5,Data,Asia Pacific,E00211,ORG033
E00715,2020-02-01,,Active,L4,Marketing,North America,E01148,ORG014
E00716,2018-05-09,,Active,L4,Operations,North America,E03623,ORG001
E00717,2024-09-18,,Active,L2,Software Engineering,Asia Pacific,E00740,ORG017
E00718,2020-01-29,,Active,L6,Finance,Asia Pacific,E01242,ORG035
E00719,2021-08-12,,Active,L3,Operations,North America,E00641,ORG020
E00720,2023-06-25,2026-07-26,Terminated,L3,Operations,Europe,E01881,ORG011
E00721,2018-01-09,,Active,L7,Finance,North America,,ORG023
E00722,2020-07-26,,Active,L5,Marketing,Asia Pacific,E03817,ORG037
E00723,2022-11-24,,Active,L2,Sales,North America,E02740,ORG006
E00724,2021-04-29,2024-02-25,Terminated,L2,Product,Asia Pacific,E00953,ORG034
E00725,2020-02-11,,Active,L2,Product,North America,E01548,ORG033
E00726,2026-05-19,,Active,L4,Marketing,North America,E03346,ORG018
E00727,2024-11-09,,Active,L2,Finance,Asia Pacific,E02369,ORG047
E00728,2023-01-21,,Active,L6,Data,North America,E02281,ORG044
E00729,2023-05-08,,Active,L6,Operations,North America,E04338,ORG016
E00730,2023-05-02,,Active,L4,Software Engineering,North America,E04084,ORG002
E00731,2026-07-25,,Active,L4,Data,Europe,E01149,ORG015
E00732,2018-09-01,,Active,L3,Software Engineering,North America,E03531,ORG010
E00733,2019-10-22,,Active,L2,Product,Europe,E03958,ORG027
E00734,2021-02-23,,Active,L5,Data,North America,E04498,ORG045
E00735,2026-01-20,,Active,L2,Sales,Europe,E01246,ORG043
E00736,2026-10-29,,Active,L2,Program Management,Asia Pacific,E03673,ORG015
E00737,2018-01-14,,Active,L3,Operations,North America,E00903,ORG021
E00738,2019-07-15,,Active,L2,Sales,Europe,E02200,ORG002
E00739,2024-11-20,,Active,L4,Sales,North America,E00338,ORG027
E00740,2023-08-28,,Active,L5,Sales,North America,E03068,ORG004
E00741,2021-09-29,,Leave,L5,Software Engineering,Asia Pacific,E03425,ORG046
E00742,2019-11-13,,Active,L4,HR,Asia Pacific,E02207,ORG042
E00743,2019-03-29,,Active,L5,Marketing,Asia Pacific,E02005,ORG011
E00744,2022-12-21,,Active,L4,Data,Latin America,E01146,ORG034
E00745,2026-04-03,,Active,L5,Sales,North America,E03867,ORG028
E00746,2020-12-16,,Active,L4,Sales,Europe,E04549,ORG039
E00747,2022-01-24,,Active,L3,Sales,North America,E00629,ORG024
E00748,2020-12-05,,Active,L6,Program Management,Latin America,E01306,ORG010
E00749,2024-11-08,,Active,L3,Software Engineering,Europe,E03060,ORG031
E00750,2026-04-18,,Active,L2,HR,North America,E01767,ORG004
E00751,2019-05-15,,Active,L3,Finance,Asia Pacific,E00061,ORG029
E00752,2024-03-03,,Active,L3,HR,Europe,E00095,ORG011
E00753,2026-05-10,,Active,L3,Product,Latin America,E01127,ORG034
E00754,2026-12-27,,Active,L4,Software Engineering,Asia Pacific,E04844,ORG041
E00755,2018-02-26,,Active,L6,Marketing,Asia Pacific,E03096,ORG006
E00756,2023-12-02,,Active,L3,Operations,Europe,E01196,ORG020
E00757,2024-07-26,,Active,L4,Sales,Europe,E00241,ORG036
E00758,2023-06-04,,Active,L3,Marketing,Asia Pacific,E03795,ORG008
E00759,2025-07-30,,Active,L5,Operations,North America,E01830,ORG028
E00760,2020-05-11,,Active,L2,Product,North America,E01940,ORG033
E00761,2018-09-20,,Active,L2,Marketing,Latin America,E02844,ORG018
E00762,2023-12-28,,Active,L4,HR,Asia Pacific,E01092,ORG041
E00763,2019-08-15,,Active,L5,Finance,Latin America,E03673,ORG025
E00764,2021-04-26,,Active,L5,Marketing,North America,E01529,ORG031
E00765,2020-01-29,,Active,L4,Product,North America,E03536,ORG007
E00766,2018-03-16,,Active,L5,Program Management,Asia Pacific,E02612,ORG002
E00767,2018-12-28,,Active,L3,Data,North America,E00714,ORG003
E00768,2022-07-28,,Active,L2,Program Management,North America,E03150,ORG044
E00769,2020-01-15,,Active,L2,Operations,North America,E00351,ORG043
E00770,2021-11-30,,Active,L2,Operations,Asia Pacific,E03594,ORG040
E00771,2023-03-01,,Active,L3,Software Engineering,Europe,E01824,ORG010
E00772,2021-11-20,,Active,L4,Sales,North America,E03346,ORG026
E00773,2020-08-10,,Active,L3,Operations,Europe,E01143,ORG039
E00774,2020-10-13,,Active,L4,Program Management,North America,E01992,ORG033
E00775,2023-08-10,,Active,L4,Sales,Asia Pacific,E01483,ORG006
E00776,2021-07-16,,Active,L5,Operations,Europe,E01186,ORG044
E00777,2018-10-18,,Active,L5,Marketing,Europe,E01672,ORG008
E00778,2020-02-09,,Active,L3,Product,North America,E00229,ORG009
E00779,2024-09-28,,Active,L3,Sales,North America,E01954,ORG044
E00780,2021-05-05,,Active,L4,Marketing,North America,E00588,ORG024
E00781,2020-03-30,2026-06-25,Terminated,L4,HR,Latin America,E02616,ORG019
E00782,2020-07-29,,Active,L3,Marketing,North America,E00430,ORG027
E00783,2023-03-10,,Active,L3,HR,North America,E00039,ORG048
E00784,2019-02-03,,Active,L5,Finance,North America,E02154,ORG006
E00785,2021-07-19,,Active,L4,HR,Latin America,E01455,ORG037
E00786,2024-05-14,,Active,L2,Marketing,Asia Pacific,E04394,ORG017
E00787,2024-04-29,,Active,L4,Finance,North America,E01246,ORG006
E00788,2023-01-23,,Active,L6,HR,Europe,E01966,ORG021
E00789,2023-01-20,,Active,L2,Data,North America,E01131,ORG027
E00790,2019-04-19,,Active,L5,Marketing,Asia Pacific,E04447,ORG010
E00791,2018-01-12,,Active,L3,HR,Latin America,E03938,ORG020
E00792,2023-05-09,,Active,L4,Software Engineering,Asia Pacific,E00838,ORG031
E00793,2026-03-13,,Active,L4,Product,Asia Pacific,E01188,ORG028
E00794,2018-02-19,,Active,L2,Product,Europe,E00902,ORG036
E00795,2026-08-18,,Active,L6,Product,North America,E00729,ORG041
E00796,2020-03-26,,Active,L4,Sales,Europe,E01143,ORG020
E00797,2019-09-05,,Active,L6,Operations,Asia Pacific,E04267,ORG021
E00798,2021-01-29,,Active,L3,Program Management,North America,E02273,ORG025
E00799,2026-11-06,,Active,L6,Sales,Europe,E01871,ORG028
E00800,2023-12-14,,Active,L6,Program Management,North America,E00915,ORG006
E00801,2023-02-19,,Active,L4,Sales,North America,E00895,ORG016
E00802,2023-01-28,,Active,L3,HR,Asia Pacific,E02807,ORG009
E00803,2020-09-12,,Active,L5,Product,North America,E03769,ORG019
E00804,2018-12-20,,Active,L4,Finance,Asia Pacific,E02827,ORG048
E00805,2020-01-11,,Active,L6,Operations,North America,E03282,ORG029
E00806,2024-01-06,,Active,L4,Program Management,Europe,E01236,ORG021
E00807,2024-03-06,,Leave,L3,Marketing,Asia Pacific,E04714,ORG028
E00808,2025-02-24,,Active,L2,Program Management,Asia Pacific,E04101,ORG033
E00809,2019-10-17,,Active,L5,Software Engineering,Asia Pacific,E04397,ORG022
E00810,2026-07-09,,Active,L7,Program Management,North America,,ORG022
E00811,2023-06-28,,Active,L2,Operations,North America,E03336,ORG034
E00812,2019-01-14,,Active,L5,Software Engineering,Asia Pacific,E03454,ORG003
E00813,2018-07-09,,Active,L6,HR,Asia Pacific,E00331,ORG027
E00814,2023-05-28,,Active,L2,Product,Asia Pacific,E00790,ORG027
E00815,2022-04-10,,Active,L2,Data,Asia Pacific,E00629,ORG037
E00816,2019-10-14,,Active,L5,Operations,North America,E02406,ORG048
E00817,2021-12-18,,Active,L4,Software Engineering,North America,E02978,ORG039
E00818,2019-11-03,,Active,L2,Sales,Latin America,E00564,ORG025
E00819,2026-11-29,,Active,L5,Data,Europe,E03770,ORG009
E00820,2023-10-14,,Active,L4,Program Management,Asia Pacific,E02785,ORG029
E00821,2021-05-31,,Active,L6,Data,Europe,E03003,ORG041
E00822,2026-04-29,,Active,L6,Program Management,Latin America,E04572,ORG046
E00823,2019-05-06,,Active,L5,Marketing,Asia Pacific,E02958,ORG040
E00824,2025-12-10,,Active,L4,Finance,North America,E00021,ORG010
E00825,2022-09-19,,Active,L3,Operations,Asia Pacific,E03861,ORG035
E00826,2019-07-08,,Active,L4,Software Engineering,North America,E04391,ORG043
E00827,2018-11-24,,Active,L2,Product,North America,E00395,ORG033
E00828,2024-08-29,,Active,L4,Program Management,Asia Pacific,E02749,ORG034
E00829,2021-11-01,,Active,L2,Finance,North America,E02333,ORG025
E00830,2019-03-04,,Active,L4,Software Engineering,North America,E00729,ORG031
E00831,2025-07-16,,Active,L2,Marketing,Europe,E01306,ORG015
E00832,2024-08-25,,Active,L3,Finance,Latin America,E04301,ORG005
E00833,2018-12-03,,Active,L3,Product,North America,E01926,ORG041
E00834,2026-07-07,,Active,L4,Software Engineering,Europe,E02735,ORG046
E00835,2018-08-13,,Active,L5,Finance,Europe,E03890,ORG042
E00836,2018-08-18,,Active,L2,Operations,North America,E02216,ORG017
E00837,2026-10-28,,Active,L5,HR,Asia Pacific,E04457,ORG005
E00838,2018-09-02,,Active,L6,Finance,Europe,E02514,ORG014
E00839,2020-09-18,,Active,L3,Finance,Asia Pacific,E04931,ORG041
E00840,2023-01-25,,Leave,L4,Sales,Asia Pacific,E00713,ORG032
E00841,2025-04-16,,Active,L4,Operations,Latin America,E04438,ORG047
E00842,2020-05-07,,Active,L2,HR,Asia Pacific,E00546,ORG017
E00843,2023-05-20,,Active,L4,Program Management,North America,E04059,ORG027
E00844,2019-03-19,2026-11-01,Terminated,L2,Marketing,Asia Pacific,E03308,ORG039
E00845,2018-03-06,,Active,L6,Program Management,Europe,E02832,ORG012
E00846,2025-06-05,,Active,L6,HR,North America,E04410,ORG047
E00847,2020-11-13,2024-04-19,Terminated,L5,Marketing,Europe,E03206,ORG029
E00848,2021-11-15,2024-06-04,Terminated,L4,Program Management,Asia Pacific,E03460,ORG001
E00849,2026-08-06,,Active,L4,Data,North America,E03788,ORG002
E00850,2025-12-13,,Active,L7,Product,North America,,ORG043
E00851,2021-10-18,,Active,L3,Product,Europe,E04207,ORG032
E00852,2023-07-27,,Active,L2,Data,North America,E01121,ORG037
E00853,2018-01-04,,Active,L4,Operations,Asia Pacific,E04225,ORG038
E00854,2024-12-28,,Active,L3,Product,North America,E02982,ORG021
E00855,2021-12-22,,Active,L3,Data,Asia Pacific,E00135,ORG039
E00856,2018-06-16,,Active,L2,Software Engineering,Asia Pacific,E04574,ORG046
E00857,2022-03-16,,Active,L4,Product,North America,E03867,ORG009
E00858,2024-09-26,,Active,L3,Program Management,Europe,E04457,ORG037
E00859,2020-12-24,,Active,L3,Marketing,North America,E03873,ORG015
E00860,2021-12-10,,Active,L2,HR,North America,E01682,ORG016
E00861,2023-06-17,,Active,L3,HR,Europe,E01695,ORG020
E00862,2024-09-01,,Active,L6,HR,North America,E01309,ORG042
E00863,2024-02-29,,Active,L3,Sales,Asia Pacific,E02001,ORG002
E00864,2026-07-22,2026-12-17,Terminated,L5,Product,Europe,E00147,ORG022
E00865,2018-12-27,,Active,L5,Data,North America,E03752,ORG033
E00866,2021-10-05,,Active,L3,Operations,North America,E03775,ORG006
E00867,2021-10-11,,Active,L5,Data,Asia Pacific,E04934,ORG039
E00868,2018-02-10,,Active,L5,Software Engineering,North America,E02789,ORG046
E00869,2021-10-26,,Active,L4,HR,Europe,E04944,ORG005
E00870,2026-05-01,,Active,L2,Operations,North America,E00996,ORG008
E00871,2022-02-06,,Active,L2,HR,Latin America,E02348,ORG048
E00872,2023-08-19,,Active,L7,Operations,North America,,ORG010
E00873,2020-02-06,,Active,L5,Operations,North America,E03909,ORG004
E00874,2025-08-02,,Active,L6,Product,Europe,E03949,ORG047
E00875,2018-08-10,,Active,L6,Software Engineering,North America,E03879,ORG044
E00876,2021-11-07,,Active,L2,Product,Asia Pacific,E02317,ORG032
E00877,2023-05-27,,Active,L5,Sales,North America,E00341,ORG027
E00878,2023-04-15,,Active,L4,Marketing,North America,E04345,ORG045
E00879,2018-02-01,,Active,L5,Data,North America,E01861,ORG032
E00880,2019-05-08,,Active,L2,Operations,Europe,E03240,ORG032
E00881,2018-12-13,,Active,L3,Operations,Asia Pacific,E00630,ORG041
E00882,2021-03-04,,Active,L5,Finance,North America,E04678,ORG032
E00883,2023-12-06,,Active,L5,Product,Asia Pacific,E01200,ORG025
E00884,2022-06-13,,Active,L4,Data,Asia Pacific,E04987,ORG019
E00885,2018-05-13,,Active,L3,Software Engineering,North America,E03600,ORG025
E00886,2021-08-24,,Active,L3,Software Engineering,North America,E01609,ORG026
E00887,2026-04-19,,Active,L7,Data,North America,,ORG018
E00888,2019-04-01,,Active,L4,Program Management,North America,E01782,ORG022
E00889,2023-09-20,,Active,L4,HR,Asia Pacific,E04908,ORG039
E00890,2020-05-22,,Active,L4,Marketing,Europe,E02998,ORG021
E00891,2018-11-24,,Active,L4,Finance,North America,E03446,ORG002
E00892,2026-12-08,,Active,L4,Software Engineering,Asia Pacific,E03112,ORG014
E00893,2021-05-12,,Active,L4,Program Management,North America,E01134,ORG012
E00894,2020-09-20,,Active,L5,Product,Asia Pacific,E00629,ORG039
E00895,2025-06-06,,Active,L6,Software Engineering,Europe,E00019,ORG022
E00896,2019-09-27,,Active,L6,Marketing,North America,E01983,ORG014
E00897,2019-11-23,2025-06-04,Terminated,L4,Finance,Europe,E03417,ORG040
E00898,2019-03-10,,Active,L4,Operations,North America,E01469,ORG001
E00899,2024-12-04,,Active,L5,Program Management,Latin America,E01049,ORG009
E00900,2023-05-25,,Active,L5,Product,North America,E01904,ORG041
E00901,2019-01-01,,Active,L4,Program Management,Asia Pacific,E01112,ORG027
E00902,2023-10-13,,Active,L5,Finance,Latin America,E02128,ORG038
E00903,2025-12-12,,Active,L5,Marketing,Europe,E02795,ORG041
E00904,2024-02-25,,Active,L5,Operations,Asia Pacific,E01298,ORG046
E00905,2026-11-14,,Active,L5,Software Engineering,Europe,E00128,ORG004
E00906,2022-07-15,,Active,L3,Marketing,North America,E00490,ORG039
E00907,2019-05-26,,Leave,L4,Product,Latin America,E02024,ORG035
E00908,2024-09-16,,Active,L4,Data,North America,E00868,ORG011
E00909,2023-02-22,,Active,L2,Operations,Asia Pacific,E03996,ORG046
E00910,2025-08-13,,Active,L5,Sales,Europe,E00809,ORG020
E00911,2023-06-18,,Active,L4,Product,North America,E00114,ORG043
E00912,2022-08-12,,Active,L2,Product,North America,E03135,ORG030
E00913,2020-04-13,,Active,L5,Product,North America,E03150,ORG026
E00914,2018-06-28,,Active,L5,Sales,North America,E03358,ORG008
E00915,2018-10-24,,Active,L5,Marketing,Europe,E00776,ORG045
E00916,2020-06-14,,Active,L3,Sales,North America,E03409,ORG027
E00917,2018-05-24,,Active,L5,Product,Latin America,E04331,ORG001
E00918,2024-12-07,,Active,L4,Sales,North America,E03074,ORG001
E00919,2025-01-12,,Active,L4,Product,North America,E01916,ORG038
E00920,2022-08-16,,Active,L2,Sales,North America,E02396,ORG008
E00921,2026-05-07,,Active,L4,Marketing,North America,E04056,ORG029
E00922,2019-11-30,,Active,L5,HR,Europe,E00686,ORG033
E00923,2022-06-11,,Active,L4,Marketing,North America,E03655,ORG014
E00924,2023-07-01,,Active,L4,Software Engineering,Europe,E01280,ORG028
E00925,2025-10-28,,Active,L5,Finance,Europe,E04397,ORG012
E00926,2021-06-11,,Active,L5,Data,North America,E00666,ORG046
E00927,2021-03-01,,Active,L3,Finance,North America,E02612,ORG042
E00928,2026-12-05,,Active,L6,Program Management,North America,E01971,ORG014
E00929,2023-11-18,,Active,L5,Marketing,North America,E02420,ORG026
E00930,2019-03-14,,Active,L7,Operations,Asia Pacific,,ORG025
E00931,2021-01-28,,Active,L7,HR,North America,,ORG047
E00932,2025-03-03,,Active,L6,Product,North America,E01869,ORG020
E00933,2021-09-16,,Active,L5,Data,Europe,E00169,ORG028
E00934,2023-07-20,,Active,L4,HR,North America,E04314,ORG045
E00935,2020-06-22,,Active,L3,Software Engineering,Latin America,E02711,ORG008
E00936,2019-12-21,,Active,L4,HR,Asia Pacific,E03044,ORG027
E00937,2021-04-10,,Active,L5,Operations,Asia Pacific,E02652,ORG006
E00938,2024-06-30,,Active,L4,Marketing,Europe,E02691,ORG030
E00939,2020-05-25,,Active,L6,Program Management,North America,E03083,ORG018
E00940,2026-10-24,,Active,L2,Program Management,North America,E02041,ORG047
E00941,2022-01-25,,Active,L3,HR,Asia Pacific,E00619,ORG021
E00942,2021-04-07,,Active,L4,Sales,North America,E00121,ORG007
E00943,2026-08-04,,Active,L4,Software Engineering,North America,E02753,ORG041
E00944,2024-01-05,,Active,L2,HR,Europe,E00900,ORG040
E00945,2021-02-09,,Active,L2,Operations,Asia Pacific,E02247,ORG034
E00946,2021-10-02,,Active,L5,Marketing,Europe,E03075,ORG037
E00947,2021-05-06,,Active,L4,Finance,North America,E03009,ORG013
E00948,2018-02-23,,Active,L2,HR,Latin America,E00821,ORG032
E00949,2024-06-12,,Active,L2,Program Management,North America,E03301,ORG002
E00950,2023-06-12,,Active,L4,Product,Latin America,E04697,ORG010
E00951,2023-03-24,,Active,L3,Sales,North America,E01749,ORG046
E00952,2026-10-03,,Active,L5,Data,Latin America,E00564,ORG036
E00953,2022-11-11,,Active,L5,Finance,Asia Pacific,E02533,ORG012
E00954,2023-12-18,,Active,L3,Marketing,North America,E03128,ORG006
E00955,2023-01-20,,Active,L4,Marketing,Asia Pacific,E01944,ORG046
E00956,2018-09-27,,Active,L2,HR,North America,E03029,ORG006
E00957,2020-09-06,,Active,L3,Operations,North America,E03841,ORG013
E00958,2024-10-13,,Active,L6,Sales,North America,E02914,ORG009
E00959,2026-09-09,,Active,L4,Data,Europe,E03981,ORG001
E00960,2024-12-28,,Active,L6,Sales,North America,E00698,ORG016
E00961,2022-09-28,,Active,L3,Software Engineering,Europe,E01420,ORG048
E00962,2019-05-12,,Active,L3,HR,Latin America,E02807,ORG017
E00963,2021-11-25,,Active,L4,Program Management,Asia Pacific,E01215,ORG025
E00964,2019-02-04,,Leave,L4,HR,North America,E04976,ORG037
E00965,2020-05-02,,Active,L7,Finance,Europe,,ORG027
E00966,2026-07-15,,Active,L2,Marketing,North America,E03397,ORG036
E00967,2024-10-13,,Active,L5,Sales,North America,E02005,ORG033
E00968,2019-08-07,,Active,L6,Marketing,Latin America,E03879,ORG030
E00969,2023-05-20,,Active,L4,Software Engineering,Latin America,E04919,ORG032
E00970,2024-01-26,,Active,L3,Program Management,North America,E00050,ORG039
E00971,2021-02-23,2026-12-17,Terminated,L4,Program Management,North America,E02818,ORG035
E00972,2019-07-03,,Active,L3,Data,North America,E02097,ORG039
E00973,2019-05-07,,Active,L5,Data,North America,E03790,ORG008
E00974,2021-09-15,,Active,L4,Data,North America,E01500,ORG033
E00975,2020-02-28,,Leave,L6,HR,North America,E01590,ORG036
E00976,2018-07-01,,Active,L4,Operations,North America,E03851,ORG015
E00977,2020-01-06,,Active,L4,HR,North America,E04456,ORG043
E00978,2024-07-29,,Active,L5,Sales,Asia Pacific,E00688,ORG015
E00979,2021-08-17,,Active,L4,Data,Asia Pacific,E03118,ORG012
E00980,2019-03-29,,Active,L6,Sales,Europe,E03894,ORG042
E00981,2022-12-19,,Active,L3,Product,North America,E00805,ORG012
E00982,2018-02-25,,Active,L7,Program Management,Asia Pacific,,ORG021
E00983,2026-10-06,,Active,L5,Marketing,North America,E03308,ORG018
E00984,2018-10-30,,Active,L6,Product,Asia Pacific,E04908,ORG044
E00985,2019-03-21,,Active,L4,Marketing,North America,E04219,ORG023
E00986,2024-08-18,,Active,L5,Operations,Latin America,E00929,ORG034
E00987,2018-11-23,,Active,L3,Data,North America,E04958,ORG039
E00988,2018-04-17,,Active,L5,Sales,Asia Pacific,E01734,ORG031
E00989,2026-12-08,,Active,L2,Data,North America,E02363,ORG046
E00990,2026-08-23,2026-12-26,Terminated,L3,Finance,Asia Pacific,E01408,ORG039
E00991,2018-07-04,,Active,L4,Operations,Europe,E03497,ORG020
E00992,2019-07-16,,Active,L3,Software Engineering,North America,E00592,ORG047
E00993,2025-01-05,,Active,L3,Operations,Asia Pacific,E03568,ORG026
E00994,2021-12-05,,Active,L5,Program Management,North America,E00239,ORG002
E00995,2025-08-11,,Leave,L3,Data,Europe,E04225,ORG013
E00996,2026-08-30,,Active,L5,Operations,North America,E01592,ORG031
E00997,2021-08-27,,Active,L2,Data,Asia Pacific,E02616,ORG008
E00998,2024-10-28,,Active,L5,Operations,Asia Pacific,E01081,ORG029
E00999,2018-08-10,,Active,L5,Product,North America,E00510,ORG018
E01000,2018-08-20,,Active,L4,Sales,Asia Pacific,E00103,ORG026
E01001,2025-05-03,,Active,L5,Marketing,Asia Pacific,E04908,ORG001
E01002,2026-10-05,,Active,L6,Marketing,Europe,E00643,ORG042
E01003,2022-11-18,2025-12-18,Terminated,L5,Marketing,North America,E00242,ORG018
E01004,2021-02-28,,Active,L3,Data,North America,E02601,ORG007
E01005,2021-05-20,,Active,L4,Operations,North America,E04813,ORG022
E01006,2020-02-14,,Active,L5,Product,North America,E00393,ORG024
E01007,2026-12-01,,Active,L3,Data,North America,E01196,ORG031
E01008,2025-07-24,,Active,L5,Program Management,Asia Pacific,E02810,ORG026
E01009,2018-10-14,,Active,L3,Program Management,Europe,E02463,ORG003
E01010,2020-08-01,,Active,L5,Product,Europe,E00693,ORG043
E01011,2019-04-24,,Active,L2,Software Engineering,North America,E04749,ORG023
E01012,2023-03-15,,Active,L2,Program Management,North America,E01736,ORG004
E01013,2019-05-01,,Active,L7,Software Engineering,Asia Pacific,,ORG038
E01014,2020-08-21,,Active,L6,Data,Europe,E03391,ORG032
E01015,2021-01-30,,Active,L6,Operations,Latin America,E02269,ORG032
E01016,2021-03-07,,Active,L6,Data,Europe,E02966,ORG021
E01017,2021-01-15,,Active,L4,Marketing,North America,E04512,ORG020
E01018,2026-04-01,,Active,L3,Sales,Europe,E01592,ORG026
E01019,2020-02-26,,Active,L2,Marketing,Europe,E04068,ORG003
E01020,2025-04-05,,Active,L4,Data,North America,E01418,ORG015
E01021,2026-05-05,,Active,L3,Operations,Europe,E01539,ORG048
E01022,2026-01-01,,Active,L6,Sales,North America,E00139,ORG033
E01023,2023-07-05,,Active,L2,Finance,North America,E01686,ORG021
E01024,2026-01-22,,Active,L2,Product,North America,E02972,ORG011
E01025,2020-11-23,2024-09-16,Terminated,L3,Sales,Europe,E03204,ORG037
E01026,2022-02-03,,Active,L3,Product,Asia Pacific,E02102,ORG013
E01027,2022-06-18,,Active,L3,Marketing,North America,E01731,ORG008
E01028,2025-03-29,,Active,L4,Data,Asia Pacific,E01060,ORG008
E01029,2026-07-04,,Active,L3,HR,Asia Pacific,E04512,ORG036
E01030,2021-04-13,,Active,L4,Data,North America,E01881,ORG032
E01031,2019-03-31,,Active,L6,Marketing,North America,E01483,ORG004
E01032,2026-07-11,,Active,L4,Program Management,North America,E04697,ORG006
E01033,2024-03-02,,Active,L5,Data,North America,E03196,ORG031
E01034,2023-10-16,,Active,L3,Sales,Latin America,E04251,ORG028
E01035,2018-01-22,,Leave,L2,Marketing,Asia Pacific,E01904,ORG034
E01036,2023-12-13,,Active,L3,Marketing,North America,E02102,ORG009
E01037,2019-06-02,,Active,L7,Operations,Europe,,ORG036
E01038,2018-09-30,,Active,L4,Data,North America,E03683,ORG046
E01039,2020-07-13,,Active,L3,Product,North America,E04909,ORG030
E01040,2020-02-23,,Active,L4,Data,North America,E03938,ORG010
E01041,2019-09-19,,Leave,L5,Data,North America,E02295,ORG033
E01042,2022-07-29,,Active,L5,Software Engineering,North America,E03021,ORG017
E01043,2019-03-01,,Active,L4,Finance,North America,E01691,ORG003
E01044,2020-07-08,,Active,L6,HR,North America,E02258,ORG015
E01045,2022-09-13,,Active,L5,Finance,North America,E01902,ORG044
E01046,2024-07-18,,Active,L4,Software Engineering,Europe,E00471,ORG020
E01047,2020-03-13,,Active,L3,Finance,North America,E04377,ORG042
E01048,2023-06-14,,Active,L2,Product,North America,E00644,ORG025
E01049,2019-02-15,,Active,L7,Operations,North America,,ORG026
E01050,2026-02-08,2026-08-13,Terminated,L4,Marketing,Latin America,E01265,ORG001
E01051,2023-02-17,,Active,L4,Software Engineering,North America,E01191,ORG031
E01052,2019-10-12,,Active,L4,Sales,Europe,E01045,ORG006
E01053,2023-05-05,,Active,L2,Product,North America,E02504,ORG024
E01054,2020-05-07,,Active,L5,HR,North America,E04803,ORG013
E01055,2021-01-28,,Active,L3,Product,Europe,E01600,ORG019
E01056,2022-07-02,,Active,L5,Software Engineering,Asia Pacific,E03708,ORG026
E01057,2026-12-06,,Active,L4,Operations,Latin America,E03702,ORG001
E01058,2023-12-08,,Active,L3,Program Management,North America,E03836,ORG014
E01059,2021-09-04,,Active,L2,Operations,North America,E03146,ORG048
E01060,2019-02-15,,Active,L5,Product,Asia Pacific,E03725,ORG003
E01061,2021-08-20,,Active,L3,Marketing,North America,E03823,ORG016
E01062,2023-04-26,,Active,L2,HR,Europe,E03416,ORG016
E01063,2019-12-11,,Active,L5,Sales,Asia Pacific,E02829,ORG019
E01064,2021-03-23,,Active,L3,Sales,North America,E00433,ORG034
E01065,2022-08-19,,Active,L3,HR,Europe,E02561,ORG012
E01066,2026-01-06,,Active,L3,Software Engineering,North America,E03787,ORG023
E01067,2020-04-07,,Active,L5,Finance,North America,E01667,ORG032
E01068,2020-08-07,,Active,L3,Marketing,Latin America,E01176,ORG016
E01069,2018-04-22,,Active,L3,Data,North America,E03001,ORG046
E01070,2024-12-04,,Active,L3,Operations,North America,E00629,ORG048
E01071,2019-03-17,,Active,L3,Software Engineering,Europe,E03617,ORG006
E01072,2018-11-11,,Active,L3,Sales,North America,E04919,ORG017
E01073,2018-08-14,,Active,L2,Marketing,North America,E02409,ORG011
E01074,2020-03-18,2024-07-13,Terminated,L2,Data,North America,E00117,ORG010
E01075,2020-03-09,,Active,L4,Sales,North America,E01295,ORG024
E01076,2018-01-02,,Active,L6,Program Management,North America,E00132,ORG028
E01077,2024-07-08,,Active,L2,Marketing,Asia Pacific,E02279,ORG021
E01078,2019-10-13,,Active,L3,Data,North America,E01516,ORG014
E01079,2020-01-03,,Active,L6,Software Engineering,Latin America,E03877,ORG014
E01080,2020-05-12,,Active,L6,HR,North America,E04223,ORG049
E01081,2020-01-24,,Active,L5,Sales,North America,E02128,ORG045
E01082,2024-05-19,,Active,L3,Data,Latin America,E04899,ORG004
E01083,2019-01-13,,Active,L4,Software Engineering,Asia Pacific,E02223,ORG032
E01084,2022-10-19,,Active,L3,Program Management,North America,E00564,ORG023
E01085,2019-09-30,,Active,L2,Data,North America,E04541,ORG034
E01086,2025-10-16,,Active,L3,Sales,Asia Pacific,E01944,ORG029
E01087,2018-08-09,,Active,L4,HR,North America,E04422,ORG044
E01088,2021-01-09,,Active,L3,HR,North America,E03708,ORG004
E01089,2025-04-29,,Active,L4,Operations,Europe,E04692,ORG017
E01090,2018-05-15,,Active,L3,Finance,Asia Pacific,E03225,ORG048
E01091,2021-02-25,,Active,L3,Finance,Europe,E02996,ORG009
E01092,2025-08-01,,Active,L5,HR,North America,E01127,ORG007
E01093,2022-06-11,,Leave,L6,Operations,Latin America,E01324,ORG036
E01094,2019-01-19,,Active,L3,Finance,North America,E01602,ORG038
E01095,2026-08-04,,Active,L4,Finance,Asia Pacific,E01510,ORG033
E01096,2018-10-31,,Active,L3,Finance,North America,E03001,ORG038
E01097,2018-04-25,,Active,L2,Sales,Asia Pacific,E04358,ORG034
E01098,2024-05-07,,Active,L5,Program Management,Europe,E00156,ORG007
E01099,2023-06-15,,Active,L3,Sales,North America,E03134,ORG030
E01100,2021-09-22,,Active,L4,Data,Europe,E03803,ORG038
E01101,2018-08-04,,Active,L4,Operations,Asia Pacific,E02187,ORG042
E01102,2024-07-21,,Active,L3,Program Management,North America,E01305,ORG012
E01103,2023-03-02,,Active,L2,Sales,North America,E02111,ORG007
E01104,2020-08-05,,Active,L3,Data,North America,E04134,ORG038
E01105,2020-08-06,,Active,L6,Software Engineering,Europe,E04565,ORG013
E01106,2022-04-19,,Active,L4,Operations,Europe,E03417,ORG002
E01107,2019-10-24,,Active,L3,Sales,North America,E02419,ORG040
E01108,2020-03-30,,Active,L2,Operations,North America,E03224,ORG025
E01109,2022-06-05,,Active,L4,Finance,Europe,E03392,ORG016
E01110,2019-03-03,,Active,L2,Software Engineering,North America,E03859,ORG001
E01111,2018-05-11,,Active,L4,Marketing,North America,E00692,ORG002
E01112,2019-12-07,,Active,L5,Sales,North America,E00351,ORG039
E01113,2018-05-09,,Active,L4,Data,Europe,E01682,ORG024
E01114,2018-04-05,,Active,L3,HR,Latin America,E01224,ORG008
E01115,2023-10-18,,Active,L2,Software Engineering,Europe,E03118,ORG018
E01116,2023-08-21,,Active,L2,Finance,North America,E02649,ORG009
E01117,2023-12-03,,Active,L4,HR,Asia Pacific,E04574,ORG006
E01118,2025-08-27,,Active,L6,Marketing,North America,E03890,ORG014
E01119,2019-01-03,,Active,L3,Data,Latin America,E00714,ORG027
E01120,2025-03-10,,Active,L4,Product,North America,E04256,ORG011
E01121,2021-01-13,,Active,L5,HR,Asia Pacific,E03867,ORG017
E01122,2024-11-17,,Active,L2,Product,Asia Pacific,E01868,ORG024
E01123,2019-01-28,,Active,L2,HR,Asia Pacific,E00246,ORG021
E01124,2022-09-29,,Active,L3,Software Engineering,North America,E03968,ORG007
E01125,2021-03-31,,Active,L5,Software Engineering,Asia Pacific,E00926,ORG002
E01126,2024-10-05,2025-05-15,Terminated,L4,Operations,Asia Pacific,E01041,ORG002
E01127,2020-01-15,,Active,L5,HR,North America,E02334,ORG017
E01128,2022-04-05,,Active,L6,Software Engineering,North America,E00391,ORG035
E01129,2026-03-08,,Active,L5,Sales,Europe,E01966,ORG007
E01130,2019-08-23,2024-05-03,Terminated,L7,Sales,Latin America,,ORG039
E01131,2023-08-14,,Active,L5,Data,Asia Pacific,E01160,ORG035
E01132,2025-05-23,,Active,L5,Product,North America,E00225,ORG001
E01133,2024-07-08,,Active,L5,Finance,Europe,E04510,ORG002
E01134,2024-02-23,,Active,L5,Operations,North America,E01226,ORG010
E01135,2023-02-20,,Active,L5,Product,North America,E02766,ORG003
E01136,2025-10-06,,Active,L6,Operations,Asia Pacific,E04076,ORG026
E01137,2022-09-29,,Active,L4,Marketing,Europe,E02396,ORG002
E01138,2021-09-06,,Active,L4,Product,Asia Pacific,E01420,ORG039
E01139,2022-03-23,,Active,L4,Software Engineering,Europe,E03735,ORG024
E01140,2023-02-26,,Active,L5,HR,North America,E03446,ORG036
E01141,2024-10-15,,Active,L4,Finance,Asia Pacific,E00041,ORG037
E01142,2026-05-18,,Active,L5,HR,North America,E04084,ORG025
E01143,2018-02-28,,Leave,L5,Finance,Latin America,E00564,ORG045
E01144,2021-01-21,,Active,L7,HR,Latin America,,ORG048
E01145,2023-02-03,,Active,L3,HR,Asia Pacific,E03714,ORG018
E01146,2020-11-12,,Active,L5,Finance,Asia Pacific,E00471,ORG007
E01147,2022-07-27,,Active,L5,Operations,Europe,E00305,ORG018
E01148,2024-01-26,,Active,L6,Operations,North America,E00579,ORG011
E01149,2026-01-28,,Active,L6,Product,Asia Pacific,E03727,ORG026
E01150,2023-10-11,,Active,L4,Operations,North America,E02246,ORG019
E01151,2018-07-05,,Active,L4,Finance,Asia Pacific,E03053,ORG024
E01152,2021-11-12,,Active,L3,HR,North America,E01327,ORG037
E01153,2021-02-17,,Active,L7,HR,Asia Pacific,,ORG014
E01154,2025-01-25,,Active,L3,Program Management,Europe,E00566,ORG027
E01155,2020-10-13,,Active,L5,HR,Asia Pacific,E03924,ORG017
E01156,2018-07-06,2026-09-04,Terminated,L5,Program Management,North America,E04156,ORG038
E01157,2020-05-29,,Active,L4,Program Management,Europe,E04197,ORG031
E01158,2020-04-17,,Active,L3,Software Engineering,Latin America,E00286,ORG001
E01159,2026-09-04,,Active,L3,Product,North America,E04615,ORG032
E01160,2026-11-29,,Active,L5,HR,North America,E02756,ORG009
E01161,2020-05-23,,Active,L4,Software Engineering,North America,E00932,ORG036
E01162,2023-08-14,,Active,L2,Data,Europe,E00946,ORG028
E01163,2021-06-07,,Active,L5,Product,Europe,E02530,ORG020
E01164,2021-04-16,,Active,L3,Marketing,Europe,E03060,ORG034
E01165,2021-03-02,,Active,L6,Software Engineering,North America,E00208,ORG042
E01166,2025-04-19,,Active,L3,Software Engineering,North America,E02497,ORG038
E01167,2022-10-20,,Active,L3,Program Management,Asia Pacific,E01140,ORG027
E01168,2023-06-25,,Active,L2,Program Management,Europe,E04573,ORG035
E01169,2023-05-28,,Active,L4,Marketing,North America,E03121,ORG021
E01170,2019-04-14,,Active,L4,Product,North America,E01803,ORG039
E01171,2023-11-16,,Active,L5,Program Management,North America,E02068,ORG041
E01172,2022-09-14,,Active,L4,Product,Asia Pacific,E04184,ORG007
E01173,2024-10-24,,Active,L3,Product,Asia Pacific,E03441,ORG012
E01174,2024-11-26,,Active,L3,Product,Europe,E01900,ORG014
E01175,2024-01-02,,Active,L3,Product,Europe,E04197,ORG009
E01176,2021-12-15,,Active,L6,HR,Asia Pacific,E03143,ORG019
E01177,2023-12-18,,Active,L3,Sales,North America,E00252,ORG010
E01178,2023-03-17,,Active,L7,Software Engineering,North America,,ORG029
E01179,2025-05-09,,Active,L3,Operations,North America,E03167,ORG005
E01180,2026-08-18,,Active,L2,Product,Latin America,E04688,ORG014
E01181,2025-01-11,,Active,L3,Sales,Europe,E04331,ORG033
E01182,2025-05-08,,Active,L2,Data,Europe,E00183,ORG020
E01183,2019-07-05,,Active,L5,Program Management,Asia Pacific,E04414,ORG021
E01184,2019-06-17,,Active,L4,Product,North America,E04913,ORG039
E01185,2023-05-11,,Active,L3,Program Management,North America,E00799,ORG048
E01186,2022-06-07,,Active,L5,Marketing,Europe,E03199,ORG028
E01187,2021-10-03,,Active,L4,Operations,Latin America,E03790,ORG004
E01188,2019-02-26,2024-03-17,Terminated,L6,Program Management,North America,E00185,ORG005
E01189,2025-11-01,,Active,L7,Sales,North America,,ORG047
E01190,2025-10-01,,Active,L5,HR,Asia Pacific,E04133,ORG033
E01191,2020-04-11,,Active,L5,Software Engineering,Asia Pacific,E01940,ORG037
E01192,2024-01-20,,Active,L5,Operations,Europe,E01459,ORG033
E01193,2020-06-25,,Active,L4,Program Management,North America,E01204,ORG009
E01194,2026-02-10,,Active,L5,Operations,North America,E02546,ORG022
E01195,2018-06-09,,Active,L2,Program Management,North America,E03995,ORG039
E01196,2018-04-06,,Active,L5,Sales,North America,E04098,ORG042
E01197,2023-06-24,,Active,L7,Marketing,Asia Pacific,,ORG012
E01198,2019-04-20,,Active,L2,Data,Asia Pacific,E01067,ORG029
E01199,2022-09-04,,Leave,L5,Sales,Asia Pacific,E04129,ORG008
E01200,2022-02-15,,Active,L6,Sales,North America,E04120,ORG047
E01201,2019-10-13,,Active,L3,Program Management,North America,E00270,ORG013
E01202,2020-01-10,,Active,L4,Operations,Asia Pacific,E01525,ORG036
E01203,2021-08-27,,Active,L6,Data,North America,E00065,ORG012
E01204,2018-11-27,,Active,L7,Program Management,North America,,ORG030
E01205,2019-05-14,,Active,L2,Product,North America,E04953,ORG032
E01206,2019-11-19,,Active,L3,Marketing,North America,E02341,ORG016
E01207,2023-03-05,,Active,L5,Data,North America,E01282,ORG040
E01208,2020-01-28,,Active,L3,Program Management,North America,E04474,ORG043
E01209,2024-01-07,,Active,L3,Operations,Asia Pacific,E03426,ORG042
E01210,2022-05-20,,Active,L2,Marketing,North America,E04693,ORG017
E01211,2023-07-30,,Active,L2,Sales,Europe,E03997,ORG037
E01212,2018-08-18,,Active,L4,Marketing,Europe,E04781,ORG028
E01213,2024-06-07,,Active,L4,Product,Europe,E01015,ORG029
E01214,2026-10-04,,Active,L4,Product,Europe,E00975,ORG024
E01215,2025-07-29,,Active,L5,Finance,North America,E00352,ORG030
E01216,2024-11-21,,Active,L4,Program Management,North America,E01672,ORG007
E01217,2020-11-08,,Active,L3,Data,Europe,E02793,ORG020
E01218,2023-11-10,,Active,L2,Sales,Latin America,E02856,ORG009
E01219,2023-01-15,,Active,L3,Data,North America,E03392,ORG014
E01220,2024-02-05,,Active,L3,Software Engineering,North America,E03705,ORG007
E01221,2023-08-25,,Active,L3,Marketing,Latin America,E04079,ORG011
E01222,2019-05-10,,Active,L2,HR,Asia Pacific,E02631,ORG038
E01223,2022-09-21,,Active,L2,Finance,Asia Pacific,E01299,ORG027
E01224,2018-09-25,,Active,L5,Software Engineering,Europe,E02160,ORG002
E01225,2022-05-05,,Active,L4,Product,Asia Pacific,E04366,ORG039
E01226,2021-04-03,,Active,L6,Software Engineering,Europe,E04075,ORG045
E01227,2020-01-11,2025-07-19,Terminated,L5,Finance,Europe,E04569,ORG043
E01228,2020-01-10,,Active,L4,Operations,Asia Pacific,E02754,ORG040
E01229,2020-06-18,,Active,L2,Program Management,North America,E03900,ORG049
E01230,2022-01-11,,Active,L4,HR,Latin America,E02010,ORG029
E01231,2024-12-17,,Active,L2,Sales,Latin America,E00036,ORG047
E01232,2022-07-17,,Active,L4,HR,Europe,E03740,ORG046
E01233,2018-06-20,2025-07-10,Terminated,L3,Data,North America,E00418,ORG016
E01234,2024-11-01,,Active,L4,Finance,Asia Pacific,E03189,ORG042
E01235,2025-01-16,,Active,L3,Software Engineering,North America,E04989,ORG039
E01236,2020-09-29,,Active,L5,Product,Europe,E00110,ORG038
E01237,2020-04-12,,Active,L5,Marketing,North America,E03707,ORG044
E01238,2018-11-22,,Leave,L5,Program Management,Asia Pacific,E04351,ORG019
E01239,2024-01-29,,Active,L4,Sales,Latin America,E03158,ORG020
E01240,2020-03-17,,Active,L4,Product,North America,E03439,ORG031
E01241,2026-10-29,,Active,L2,Marketing,Asia Pacific,E04500,ORG036
E01242,2023-05-13,,Active,L5,Product,Asia Pacific,E03890,ORG043
E01243,2026-12-06,,Active,L4,Software Engineering,North America,E00173,ORG043
E01244,2023-02-18,,Active,L3,Product,North America,E03880,ORG035
E01245,2023-04-22,,Active,L3,Software Engineering,North America,E03799,ORG047
E01246,2022-08-05,,Active,L6,Finance,Asia Pacific,E01081,ORG009
E01247,2018-03-02,,Active,L4,Software Engineering,North America,E03268,ORG046
E01248,2024-01-16,,Active,L4,Software Engineering,North America,E04210,ORG004
E01249,2025-08-01,,Active,L4,HR,North America,E04251,ORG027
E01250,2020-12-03,,Active,L4,Data,North America,E04364,ORG005
E01251,2026-06-08,,Active,L4,Program Management,North America,E03894,ORG028
E01252,2019-12-02,,Active,L3,HR,Europe,E00581,ORG019
E01253,2023-02-25,,Active,L4,Operations,North America,E02410,ORG004
E01254,2019-01-15,,Active,L5,Data,Asia Pacific,E01125,ORG032
E01255,2018-09-05,,Active,L2,Software Engineering,Asia Pacific,E00331,ORG036
E01256,2018-03-06,,Active,L5,Marketing,Asia Pacific,E01242,ORG009
E01257,2025-08-04,,Active,L3,HR,North America,E04546,ORG034
E01258,2024-06-26,,Active,L5,Program Management,Europe,E03021,ORG009
E01259,2025-10-24,,Active,L4,Sales,Asia Pacific,E03831,ORG007
E01260,2019-12-23,,Active,L4,Data,Europe,E02530,ORG008
E01261,2023-07-16,,Active,L4,Data,North America,E01729,ORG029
E01262,2018-07-27,,Active,L6,Sales,North America,E02398,ORG038
E01263,2022-08-14,,Active,L4,HR,Europe,E04923,ORG029
E01264,2019-08-31,,Active,L5,Finance,North America,E01370,ORG040
E01265,2022-12-29,,Active,L5,Program Management,Latin America,E01522,ORG029
E01266,2020-10-01,,Active,L3,Sales,Asia Pacific,E04245,ORG039
E01267,2023-06-21,,Active,L3,Finance,Asia Pacific,E01796,ORG048
E01268,2022-05-11,,Active,L4,Program Management,Latin America,E04512,ORG019
E01269,2026-07-12,,Active,L3,Program Management,Europe,E04881,ORG008
E01270,2020-08-14,,Active,L3,Program Management,North America,E00309,ORG007
E01271,2019-04-06,,Active,L3,Finance,North America,E03340,ORG029
E01272,2019-05-07,,Active,L4,Finance,Asia Pacific,E00448,ORG027
E01273,2022-04-12,,Active,L3,Sales,North America,E04399,ORG009
E01274,2023-08-01,,Active,L5,Program Management,Latin America,E00553,ORG043
E01275,2024-12-04,,Active,L4,Product,North America,E04433,ORG047
E01276,2022-03-18,,Active,L5,Finance,North America,E03864,ORG013
E01277,2019-12-09,,Active,L2,Finance,Asia Pacific,E02735,ORG011
E01278,2018-09-14,,Active,L4,Product,Asia Pacific,E00986,ORG011
E01279,2023-04-05,,Active,L2,Data,Asia Pacific,E01262,ORG019
E01280,2020-12-10,,Active,L5,Product,North America,E02107,ORG042
E01281,2021-04-30,,Active,L3,Data,North America,E04245,ORG029
E01282,2020-03-10,,Active,L6,Data,Europe,E04488,ORG004
E01283,2025-03-03,,Active,L3,Marketing,Asia Pacific,E02522,ORG023
E01284,2019-12-30,,Active,L4,Sales,North America,E01125,ORG005
E01285,2021-02-22,,Active,L3,Data,Europe,E02854,ORG020
E01286,2021-06-26,,Active,L4,Program Management,North America,E04153,ORG020
E01287,2019-08-19,,Active,L4,Product,Asia Pacific,E02756,ORG032
E01288,2020-11-05,,Active,L3,Marketing,North America,E04456,ORG027
E01289,2024-06-09,,Active,L3,Program Management,Latin America,E00039,ORG043
E01290,2023-03-23,,Active,L2,Product,North America,E02522,ORG001
E01291,2025-05-06,,Active,L2,Finance,Europe,E00190,ORG038
E01292,2020-08-03,,Active,L7,Operations,Asia Pacific,,ORG002
E01293,2025-04-17,,Active,L4,Software Engineering,North America,E03107,ORG015
E01294,2023-04-07,,Active,L2,Product,North America,E03125,ORG043
E01295,2025-05-18,,Active,L6,Software Engineering,Europe,E01525,ORG034
E01296,2026-01-08,,Active,L2,HR,Europe,E03970,ORG009
E01297,2020-07-27,,Active,L4,Marketing,Asia Pacific,E04753,ORG024
E01298,2024-07-20,,Active,L5,Sales,Europe,E02267,ORG035
E01299,2021-10-25,,Active,L6,Program Management,North America,E02128,ORG046
E01300,2018-09-03,,Active,L5,Operations,Latin America,E00914,ORG031
E01301,2024-08-15,,Active,L4,Data,North America,E00117,ORG002
E01302,2020-10-06,,Active,L7,Program Management,Europe,,ORG025
E01303,2019-03-24,,Active,L2,Data,Latin America,E01992,ORG008
E01304,2026-12-03,,Leave,L7,HR,Asia Pacific,,ORG003
E01305,2020-04-07,,Active,L5,Marketing,North America,E02175,ORG029
E01306,2021-04-23,,Active,L6,Software Engineering,North America,E03860,ORG038
E01307,2024-06-01,,Active,L3,HR,Europe,E04328,ORG002
E01308,2025-11-03,,Active,L2,Finance,North America,E00518,ORG038
E01309,2024-01-16,,Active,L5,Program Management,Asia Pacific,E00741,ORG035
E01310,2020-10-29,,Active,L4,HR,Europe,E02835,ORG037
E01311,2023-02-05,,Active,L4,HR,North America,E01819,ORG012
E01312,2023-10-30,,Active,L6,Product,North America,E03520,ORG020
E01313,2023-06-23,,Active,L4,Sales,Europe,E01565,ORG006
E01314,2023-06-10,,Active,L3,Finance,Asia Pacific,E02024,ORG012
E01315,2018-04-21,,Active,L4,Product,North America,E02200,ORG015
E01316,2023-02-24,,Active,L2,HR,North America,E03045,ORG016
E01317,2021-02-12,,Active,L3,Finance,North America,E00326,ORG009
E01318,2024-08-30,,Active,L2,Software Engineering,Europe,E04417,ORG010
E01319,2022-10-30,,Active,L5,Software Engineering,Asia Pacific,E01655,ORG044
E01320,2018-05-27,,Active,L5,Product,Asia Pacific,E01003,ORG038
E01321,2024-09-22,,Active,L4,Data,Latin America,E03205,ORG017
E01322,2019-04-10,,Active,L3,Program Management,Europe,E00640,ORG046
E01323,2021-04-25,,Active,L5,Operations,Asia Pacific,E02987,ORG012
E01324,2019-10-21,,Active,L5,HR,North America,E00266,ORG020
E01325,2021-02-20,,Active,L6,Software Engineering,Europe,E01242,ORG040
E01326,2025-12-05,,Active,L4,Finance,Europe,E03665,ORG022
E01327,2023-08-18,,Active,L5,Finance,Asia Pacific,E01803,ORG012
E01328,2022-01-20,,Active,L4,Operations,Asia Pacific,E04499,ORG018
E01329,2020-04-05,,Active,L4,Marketing,North America,E01726,ORG025
E01330,2023-03-24,,Active,L6,Product,Asia Pacific,E03441,ORG031
E01331,2018-09-23,,Active,L3,Program Management,Asia Pacific,E00122,ORG020
E01332,2020-12-22,,Leave,L3,Data,Latin America,E04889,ORG021
E01333,2019-03-09,,Active,L3,Program Management,North America,E03124,ORG013
E01334,2018-10-22,,Active,L4,Data,Latin America,E03564,ORG026
E01335,2018-01-08,,Active,L4,Marketing,Asia Pacific,E01590,ORG011
E01336,2018-07-18,,Active,L5,Product,Europe,E01375,ORG042
E01337,2024-11-24,2025-04-29,Terminated,L4,Sales,North America,E02149,ORG037
E01338,2025-04-05,,Active,L3,Software Engineering,Asia Pacific,E01197,ORG020
E01339,2020-11-14,,Active,L6,Product,Asia Pacific,E00084,ORG037
E01340,2018-06-16,,Active,L3,Software Engineering,Europe,E03334,ORG001
E01341,2019-06-27,,Leave,L6,Program Management,Latin America,E03603,ORG017
E01342,2021-02-23,,Active,L3,Finance,North America,E03387,ORG022
E01343,2020-10-23,,Active,L4,Program Management,Europe,E02800,ORG023
E01344,2019-04-13,,Active,L4,Finance,North America,E02672,ORG037
E01345,2020-01-04,,Active,L5,Sales,North America,E04931,ORG047
E01346,2025-04-05,,Active,L2,Data,North America,E02688,ORG019
E01347,2020-11-07,,Active,L6,Program Management,North America,E03536,ORG017
E01348,2024-06-06,,Active,L4,Finance,North America,E02027,ORG030
E01349,2020-07-08,,Active,L4,Operations,North America,E00139,ORG014
E01350,2019-06-15,,Active,L4,Software Engineering,North America,E01695,ORG007
E01351,2026-06-11,,Active,L2,Software Engineering,Asia Pacific,E03629,ORG047
E01352,2018-05-12,,Active,L4,Program Management,North America,E03187,ORG040
E01353,2020-09-19,,Active,L3,Finance,North America,E03453,ORG047
E01354,2025-08-30,,Active,L3,Marketing,North America,E03759,ORG011
E01355,2021-09-22,,Active,L4,Program Management,North America,E01031,ORG001
E01356,2025-12-04,,Active,L4,Operations,North America,E04066,ORG022
E01357,2019-07-22,,Active,L2,Product,Latin America,E03593,ORG046
E01358,2021-06-18,,Active,L2,Data,Europe,E01500,ORG007
E01359,2023-10-26,,Active,L3,Program Management,North America,E02531,ORG006
E01360,2023-07-24,,Active,L3,Program Management,Europe,E04314,ORG004
E01361,2020-10-10,,Active,L4,Software Engineering,North America,E00816,ORG038
E01362,2026-03-15,,Active,L3,HR,Europe,E01473,ORG039
E01363,2018-12-29,,Active,L6,Product,Latin America,E00922,ORG034
E01364,2021-03-26,,Active,L3,Product,North America,E01478,ORG003
E01365,2021-11-14,,Active,L2,Program Management,North America,E00978,ORG036
E01366,2023-03-07,2026-07-11,Terminated,L6,Marketing,Europe,E04028,ORG022
E01367,2023-07-26,,Active,L3,Finance,North America,E04961,ORG008
E01368,2018-05-02,,Active,L4,Program Management,North America,E04848,ORG015
E01369,2021-03-21,,Active,L6,Sales,Europe,E01735,ORG025
E01370,2022-09-23,,Active,L6,Data,Europe,E04661,ORG016
E01371,2023-03-24,,Active,L5,Program Management,North America,E00379,ORG047
E01372,2022-03-13,2025-07-02,Terminated,L2,Operations,Asia Pacific,E00527,ORG023
E01373,2021-05-04,,Active,L4,Operations,North America,E01590,ORG019
E01374,2019-12-16,,Active,L7,HR,North America,,ORG033
E01375,2021-08-09,,Active,L6,HR,Asia Pacific,,ORG032
E01376,2021-11-13,,Active,L2,Operations,Europe,E04573,ORG001
E01377,2026-06-20,,Active,L3,Marketing,Europe,E03813,ORG030
E01378,2026-02-28,,Active,L3,Marketing,Europe,E03787,ORG012
E01379,2025-12-27,,Active,L2,Operations,Europe,E04028,ORG019
E01380,2025-07-06,,Active,L5,Marketing,Asia Pacific,E03664,ORG035
E01381,2024-03-23,,Active,L3,Finance,Europe,E02533,ORG027
E01382,2021-03-02,,Active,L3,Software Engineering,North America,E00247,ORG018
E01383,2023-12-17,2024-08-18,Terminated,L2,Software Engineering,Asia Pacific,E00067,ORG009
E01384,2018-05-10,,Active,L4,Data,North America,E04886,ORG025
E01385,2025-05-22,,Active,L2,Software Engineering,Asia Pacific,E02522,ORG016
E01386,2019-01-21,,Active,L4,Product,North America,E04770,ORG045
E01387,2018-11-18,,Active,L2,Data,North America,E00128,ORG026
E01388,2026-10-19,,Active,L6,Finance,Asia Pacific,E03194,ORG042
E01389,2024-03-08,,Active,L2,Program Management,Europe,E01330,ORG019
E01390,2019-10-08,,Active,L4,Finance,North America,E01764,ORG041
E01391,2024-11-21,,Active,L3,Operations,North America,E03281,ORG003
E01392,2019-02-01,,Active,L2,Product,Asia Pacific,E02482,ORG015
E01393,2023-03-26,,Active,L3,Finance,Latin America,E00639,ORG004
E01394,2021-02-23,,Active,L2,Marketing,North America,E04999,ORG002
E01395,2026-09-22,,Active,L2,Product,North America,E03582,ORG045
E01396,2026-08-14,2026-12-14,Terminated,L4,Product,North America,E01746,ORG035
E01397,2024-09-06,,Active,L4,Operations,North America,E03142,ORG031
E01398,2026-12-21,,Active,L2,Sales,North America,E00734,ORG026
E01399,2022-02-26,,Active,L4,Operations,Asia Pacific,E02101,ORG028
E01400,2021-04-12,,Active,L4,Sales,Europe,E02078,ORG031
E01401,2024-10-30,,Active,L3,Data,North America,E01803,ORG041
E01402,2025-11-20,2026-10-06,Terminated,L3,Data,North America,E02409,ORG029
E01403,2018-04-21,,Active,L2,Program Management,North America,E04565,ORG037
E01404,2023-12-30,,Active,L3,Product,Europe,E00035,ORG014
E01405,2018-02-16,,Leave,L4,Data,North America,E02799,ORG048
E01406,2025-04-26,,Active,L7,Software Engineering,North America,,ORG002
E01407,2019-01-15,,Active,L7,Product,Europe,,ORG019
E01408,2025-01-29,,Active,L7,Marketing,North America,,ORG043
E01409,2023-06-24,,Active,L4,Sales,Europe,E04697,ORG009
E01410,2020-12-12,,Active,L2,Program Management,Asia Pacific,E04439,ORG007
E01411,2021-08-27,,Active,L3,Marketing,North America,E04488,ORG018
E01412,2024-08-22,,Active,L3,Sales,North America,E02007,ORG021
E01413,2023-11-12,,Active,L2,Product,Asia Pacific,E02862,ORG046
E01414,2019-05-30,,Active,L2,Operations,North America,E03002,ORG041
E01415,2021-04-02,,Active,L4,Marketing,North America,E04184,ORG023
E01416,2018-01-19,,Active,L3,Operations,Asia Pacific,E04779,ORG048
E01417,2024-02-25,,Active,L3,Program Management,Europe,E01196,ORG032
E01418,2020-09-30,,Active,L5,Marketing,Latin America,E00589,ORG043
E01419,2018-03-21,,Active,L3,Finance,North America,E01254,ORG012
E01420,2024-09-19,,Active,L5,Program Management,North America,E01238,ORG024
E01421,2023-12-10,,Active,L3,Sales,North America,E01467,ORG002
E01422,2018-02-17,,Active,L4,HR,North America,E04570,ORG001
E01423,2021-09-30,,Active,L3,Program Management,Europe,E01013,ORG035
E01424,2023-05-04,,Active,L4,Program Management,North America,E02068,ORG006
E01425,2025-11-24,2026-09-14,Terminated,L2,Data,North America,E01735,ORG027
E01426,2019-09-02,2025-03-27,Terminated,L3,Data,North America,E01298,ORG034
E01427,2019-07-11,,Active,L4,Marketing,North America,E00932,ORG002
E01428,2018-12-10,,Active,L3,Data,North America,E04987,ORG022
E01429,2022-02-13,,Active,L3,Sales,Europe,E03156,ORG034
E01430,2023-01-20,,Active,L6,Software Engineering,North America,E00490,ORG044
E01431,2022-12-20,2025-03-19,Terminated,L2,Operations,Asia Pacific,E03268,ORG015
E01432,2024-02-16,,Active,L4,HR,North America,E03107,ORG048
E01433,2023-09-23,,Active,L4,Marketing,North America,E01738,ORG041
E01434,2020-06-05,,Active,L3,Program Management,Latin America,E03934,ORG032
E01435,2024-12-11,,Active,L4,Marketing,Latin America,E04006,ORG019
E01436,2024-11-22,,Active,L2,Operations,North America,E03928,ORG035
E01437,2019-03-06,,Active,L5,Sales,North America,E03203,ORG040
E01438,2019-09-16,,Active,L3,Data,Asia Pacific,E02177,ORG015
E01439,2018-06-04,,Active,L3,Product,Europe,E00983,ORG049
E01440,2020-05-02,,Active,L3,Finance,North America,E00186,ORG044
E01441,2022-09-08,,Active,L6,HR,North America,E04574,ORG024
E01442,2024-02-24,,Active,L5,Sales,North America,E04207,ORG035
E01443,2022-09-29,,Active,L6,Program Management,Asia Pacific,E00960,ORG026
E01444,2025-07-28,,Active,L4,Finance,Europe,E04006,ORG037
E01445,2021-08-20,,Active,L5,Finance,North America,E00206,ORG041
E01446,2019-05-18,,Active,L4,Marketing,North America,E01133,ORG002
E01447,2018-10-27,,Active,L6,Software Engineering,North America,E00728,ORG004
E01448,2020-10-26,,Active,L4,Data,Asia Pacific,E01662,ORG017
E01449,2024-04-25,,Active,L3,Finance,Asia Pacific,E01548,ORG045
E01450,2020-03-30,,Active,L4,Data,Europe,E02588,ORG020
E01451,2022-09-10,,Active,L4,Software Engineering,Asia Pacific,E02273,ORG043
E01452,2020-09-10,,Active,L2,Operations,North America,E00549,ORG023
E01453,2026-09-20,,Active,L3,Product,Europe,E00722,ORG014
E01454,2024-08-03,,Active,L3,Product,North America,E04092,ORG044
E01455,2025-11-28,,Active,L5,Program Management,North America,E02782,ORG028
E01456,2018-01-19,,Active,L3,HR,North America,E04595,ORG018
E01457,2023-04-05,,Active,L5,Program Management,Asia Pacific,E00619,ORG003
E01458,2026-02-05,,Active,L4,Sales,North America,E01503,ORG006
E01459,2025-06-30,,Active,L5,Software Engineering,North America,E00766,ORG007
E01460,2023-08-23,,Active,L2,Data,Asia Pacific,E04612,ORG018
E01461,2018-11-13,,Active,L6,Software Engineering,Asia Pacific,E00777,ORG030
E01462,2021-04-26,,Active,L4,Marketing,North America,E03998,ORG015
E01463,2020-01-17,,Active,L3,Product,North America,E00925,ORG004
E01464,2018-03-05,,Leave,L3,Data,Asia Pacific,E03673,ORG013
E01465,2021-03-28,,Active,L3,Product,North America,E02251,ORG020
E01466,2022-06-18,,Active,L3,HR,North America,E04848,ORG049
E01467,2019-12-19,,Active,L5,Program Management,North America,E00328,ORG020
E01468,2025-09-21,,Active,L6,Program Management,North America,E01589,ORG005
E01469,2021-01-22,,Active,L5,Data,Europe,E03650,ORG029
E01470,2021-03-18,2024-02-08,Terminated,L4,HR,Asia Pacific,E04569,ORG045
E01471,2026-07-08,,Active,L4,Software Engineering,North America,E02749,ORG039
E01472,2026-07-01,,Active,L5,Data,Latin America,E00466,ORG041
E01473,2020-08-23,,Active,L5,HR,Europe,E03165,ORG045
E01474,2018-05-05,,Active,L3,Marketing,Europe,E02367,ORG031
E01475,2024-08-13,,Active,L6,Finance,North America,E03883,ORG049
E01476,2018-10-18,,Active,L3,Marketing,North America,E02795,ORG002
E01477,2021-09-22,,Active,L5,Program Management,Europe,E04492,ORG041
E01478,2019-09-22,,Active,L7,Operations,Asia Pacific,,ORG042
E01479,2025-07-25,,Active,L5,Program Management,North America,E00583,ORG045
E01480,2025-11-28,,Active,L3,Operations,North America,E03150,ORG024
E01481,2025-05-15,,Active,L4,Marketing,North America,E03714,ORG039
E01482,2025-06-21,,Active,L2,Finance,North America,E01984,ORG010
E01483,2020-09-08,,Active,L5,Data,North America,E02355,ORG030
E01484,2025-12-19,2026-04-26,Terminated,L3,Finance,North America,E03461,ORG018
E01485,2024-01-24,,Active,L5,Program Management,North America,E02251,ORG029
E01486,2021-12-17,,Active,L6,Operations,Asia Pacific,E01936,ORG033
E01487,2020-11-09,,Active,L3,Finance,Asia Pacific,E02946,ORG017
E01488,2019-09-02,,Active,L3,Finance,North America,E04011,ORG011
E01489,2022-06-02,,Active,L4,Sales,North America,E00639,ORG016
E01490,2018-05-06,,Active,L4,Sales,North America,E04372,ORG033
E01491,2023-03-19,,Active,L3,Marketing,North America,E00953,ORG033
E01492,2018-12-25,,Active,L2,Finance,Asia Pacific,E00463,ORG036
E01493,2022-04-11,,Active,L4,Product,North America,E00879,ORG007
E01494,2024-10-03,,Active,L4,Software Engineering,Asia Pacific,E00360,ORG040
E01495,2019-09-08,,Active,L4,Sales,North America,E04757,ORG034
E01496,2023-04-17,,Active,L2,Marketing,Latin America,E01408,ORG002
E01497,2020-11-26,,Active,L4,Data,Asia Pacific,E03877,ORG017
E01498,2019-10-10,,Active,L3,Software Engineering,Asia Pacific,E00883,ORG023
E01499,2024-07-04,,Active,L3,HR,Latin America,E02693,ORG018
E01500,2023-01-14,,Active,L5,Software Engineering,North America,E02084,ORG006
E01501,2020-08-29,,Active,L3,Data,North America,E03296,ORG011
E01502,2020-01-11,,Active,L4,Marketing,North America,E04945,ORG002
E01503,2025-12-14,,Active,L6,Data,Asia Pacific,E03240,ORG005
E01504,2020-01-07,,Active,L4,Software Engineering,Asia Pacific,E03520,ORG013
E01505,2021-09-06,,Active,L4,Marketing,North America,E01237,ORG040
E01506,2020-01-07,,Active,L2,Data,Asia Pacific,E00581,ORG026
E01507,2023-02-04,,Active,L3,Sales,North America,E00416,ORG021
E01508,2019-11-09,,Active,L2,Finance,North America,E01467,ORG033
E01509,2026-06-18,,Active,L5,Operations,Europe,E02807,ORG027
E01510,2022-06-13,,Active,L5,Sales,North America,E00258,ORG007
E01511,2018-03-19,,Active,L3,Data,North America,E01238,ORG011
E01512,2022-12-28,,Active,L3,Data,Asia Pacific,E03170,ORG011
E01513,2018-02-15,,Active,L3,Software Engineering,Europe,E04369,ORG030
E01514,2025-06-01,,Active,L4,Operations,Europe,E04953,ORG023
E01515,2021-11-09,,Active,L4,Marketing,North America,E01131,ORG019
E01516,2022-04-05,,Active,L5,Data,North America,E00490,ORG027
E01517,2021-07-13,,Active,L6,Program Management,Europe,E02892,ORG047
E01518,2024-03-18,,Active,L3,Program Management,Asia Pacific,E04686,ORG016
E01519,2019-03-04,,Active,L4,Software Engineering,North America,E02055,ORG026
E01520,2021-07-18,,Active,L4,Program Management,Asia Pacific,E04512,ORG024
E01521,2021-08-01,,Leave,L3,Software Engineering,Asia Pacific,E03735,ORG035
E01522,2022-06-23,,Active,L6,Software Engineering,Asia Pacific,E04495,ORG036
E01523,2023-02-02,,Active,L2,Operations,Europe,E04749,ORG036
E01524,2025-09-25,,Active,L5,Marketing,North America,E00510,ORG010
E01525,2024-11-15,,Active,L5,Program Management,Asia Pacific,E02005,ORG022
E01526,2022-06-17,,Active,L6,Finance,North America,E00211,ORG040
E01527,2022-09-06,,Active,L4,HR,North America,E00187,ORG019
E01528,2019-08-26,2025-08-09,Terminated,L3,Sales,North America,E02355,ORG048
E01529,2019-04-29,,Active,L5,Sales,North America,E03308,ORG018
E01530,2021-03-08,,Active,L5,Marketing,Europe,E04424,ORG025
E01531,2023-07-22,,Active,L4,Sales,Asia Pacific,E00611,ORG023
E01532,2018-07-19,,Active,L5,Marketing,North America,E00143,ORG021
E01533,2019-09-09,,Active,L3,Marketing,North America,E00501,ORG041
E01534,2019-04-15,,Active,L4,HR,Latin America,E04621,ORG008
E01535,2022-11-16,,Active,L6,Operations,North America,E03308,ORG028
E01536,2020-03-30,,Active,L3,Product,North America,E02391,ORG030
E01537,2019-10-05,,Active,L4,Finance,Asia Pacific,E00491,ORG042
E01538,2022-07-27,,Active,L6,Sales,Latin America,E01796,ORG030
E01539,2020-01-22,,Active,L5,HR,Europe,E00611,ORG047
E01540,2020-05-04,,Active,L6,Operations,North America,E00124,ORG043
E01541,2020-10-27,,Active,L3,Data,Europe,E02160,ORG017
E01542,2024-10-28,,Active,L7,Product,Asia Pacific,,ORG042
E01543,2020-01-12,2025-02-02,Terminated,L2,Finance,Asia Pacific,E02527,ORG047
E01544,2018-05-19,,Active,L4,Program Management,North America,E02240,ORG013
E01545,2020-08-01,,Active,L4,Operations,Asia Pacific,E04365,ORG030
E01546,2019-12-07,,Active,L5,Product,Europe,E04563,ORG014
E01547,2022-08-27,,Active,L6,Data,North America,E00579,ORG032
E01548,2022-02-18,,Active,L5,Operations,North America,E01306,ORG005
E01549,2021-05-10,2024-10-02,Terminated,L4,Operations,North America,E02517,ORG036
E01550,2021-04-09,,Active,L4,Sales,Latin America,E01971,ORG021
E01551,2018-09-26,,Active,L4,Software Engineering,North America,E02131,ORG029
E01552,2021-03-07,,Active,L4,Operations,Europe,E03554,ORG002
E01553,2018-12-06,,Active,L2,Sales,North America,E00875,ORG034
E01554,2024-07-22,,Active,L4,Product,Asia Pacific,E04129,ORG025
E01555,2025-04-19,2026-02-22,Terminated,L5,Product,North America,E01254,ORG031
E01556,2021-11-19,,Active,L5,Data,Latin America,E01691,ORG016
E01557,2018-12-25,,Active,L5,Finance,Europe,E01045,ORG008
E01558,2023-02-05,,Active,L3,Sales,Asia Pacific,E03170,ORG022
E01559,2019-12-20,,Active,L4,Operations,Europe,E03461,ORG046
E01560,2026-07-09,,Active,L2,Program Management,Europe,E03151,ORG012
E01561,2021-08-20,,Active,L3,HR,Latin America,E02467,ORG033
E01562,2019-04-07,,Active,L4,Program Management,North America,E01475,ORG003
E01563,2020-01-05,,Active,L3,Program Management,Asia Pacific,E03436,ORG035
E01564,2021-05-01,,Active,L2,HR,North America,E00564,ORG012
E01565,2018-01-14,,Active,L5,Product,Europe,E01524,ORG022
E01566,2019-07-19,,Active,L4,Sales,Asia Pacific,E03415,ORG018
E01567,2019-07-26,,Active,L4,Product,Asia Pacific,E03446,ORG006
E01568,2024-06-29,,Active,L3,Operations,North America,E01265,ORG017
E01569,2025-03-24,,Active,L4,Product,North America,E01664,ORG017
E01570,2020-01-14,,Active,L4,Finance,Asia Pacific,E01542,ORG026
E01571,2020-09-26,,Active,L4,Program Management,North America,E04431,ORG048
E01572,2026-03-24,,Active,L4,Product,Latin America,E02890,ORG023
E01573,2019-12-18,,Active,L2,HR,North America,E00564,ORG045
E01574,2018-10-18,,Active,L6,Marketing,North America,E00790,ORG023
E01575,2022-07-25,,Active,L2,Data,Asia Pacific,E00324,ORG006
E01576,2023-02-19,,Active,L4,Finance,North America,E01144,ORG012
E01577,2025-05-04,2026-06-22,Terminated,L3,HR,North America,E01049,ORG020
E01578,2024-05-13,,Active,L4,HR,North America,E02205,ORG016
E01579,2021-04-01,,Active,L3,Software Engineering,Latin America,E03759,ORG042
E01580,2020-08-22,,Active,L6,Software Engineering,Europe,E04398,ORG033
E01581,2023-10-09,,Active,L3,Operations,Latin America,E02829,ORG028
E01582,2025-08-02,,Active,L4,Finance,North America,E03875,ORG024
E01583,2020-03-15,,Active,L3,Product,North America,E03268,ORG020
E01584,2025-03-16,,Active,L2,Program Management,North America,E01540,ORG030
E01585,2023-09-06,,Active,L4,Operations,North America,E03111,ORG007
E01586,2020-01-28,,Active,L4,Operations,North America,E01472,ORG008
E01587,2024-03-22,,Active,L4,Operations,North America,E01509,ORG015
E01588,2025-08-11,,Active,L7,HR,North America,,ORG009
E01589,2024-12-21,,Active,L5,Marketing,Asia Pacific,E04935,ORG033
E01590,2020-02-16,,Active,L7,Sales,North America,,ORG002
E01591,2024-01-12,,Active,L3,Data,Europe,E04553,ORG008
E01592,2019-01-12,,Active,L5,Program Management,North America,E03263,ORG044
E01593,2025-10-31,,Active,L4,Data,Europe,E02997,ORG050
E01594,2019-06-05,,Active,L4,Sales,Asia Pacific,E03427,ORG024
E01595,2025-03-11,,Active,L7,Finance,Asia Pacific,,ORG024
E01596,2024-08-31,,Active,L4,Software Engineering,Asia Pacific,E03782,ORG038
E01597,2020-07-15,,Active,L6,Sales,North America,E00239,ORG002
E01598,2021-04-14,,Active,L5,Finance,North America,E01736,ORG021
E01599,2019-10-06,,Active,L2,Data,Asia Pacific,E00502,ORG005
E01600,2026-12-17,,Active,L5,Software Engineering,Latin America,E02693,ORG020
E01601,2025-12-09,,Active,L4,Sales,Europe,E01437,ORG048
E01602,2018-12-24,,Active,L6,Product,North America,E01609,ORG037
E01603,2025-01-07,,Active,L5,Operations,Asia Pacific,E04214,ORG048
E01604,2020-05-02,,Active,L2,Marketing,Latin America,E00975,ORG037
E01605,2019-11-20,,Active,L2,Product,North America,E04553,ORG030
E01606,2020-08-02,,Active,L2,Data,North America,E02063,ORG037
E01607,2022-06-04,,Active,L4,Data,Asia Pacific,E00915,ORG032
E01608,2025-04-04,,Active,L2,Marketing,Europe,E00686,ORG023
E01609,2021-05-10,,Active,L5,Finance,North America,E03593,ORG015
E01610,2023-11-06,,Active,L4,Product,North America,E04504,ORG026
E01611,2020-05-14,,Active,L5,Data,Europe,E04372,ORG013
E01612,2018-04-23,,Active,L3,HR,Asia Pacific,E00835,ORG024
E01613,2021-02-08,,Active,L4,Data,Asia Pacific,E04399,ORG008
E01614,2024-05-15,,Active,L2,Data,North America,E01067,ORG028
E01615,2024-05-19,,Active,L6,Finance,North America,E02273,ORG012
E01616,2019-02-03,,Active,L3,Finance,Asia Pacific,E00029,ORG015
E01617,2020-03-21,,Active,L2,Finance,North America,E01207,ORG025
E01618,2024-08-02,,Active,L3,Marketing,North America,E01548,ORG008
E01619,2018-12-25,,Active,L5,Product,Europe,E04785,ORG047
E01620,2021-04-03,,Active,L2,Operations,North America,E01320,ORG022
E01621,2019-05-31,,Active,L4,Product,Asia Pacific,E01309,ORG018
E01622,2018-04-06,,Active,L5,Program Management,North America,E01300,ORG002
E01623,2020-07-11,,Active,L5,Software Engineering,Asia Pacific,E01190,ORG041
E01624,2024-11-14,,Active,L3,Sales,Europe,E02753,ORG031
E01625,2021-12-24,2024-11-17,Terminated,L2,HR,Europe,E00980,ORG021
E01626,2022-01-21,,Active,L4,HR,Asia Pacific,E01406,ORG012
E01627,2021-10-13,,Active,L3,Software Engineering,North America,E02704,ORG037
E01628,2019-05-14,,Active,L5,Software Engineering,Asia Pacific,E03798,ORG046
E01629,2018-10-05,,Active,L3,Sales,North America,E00510,ORG019
E01630,2018-01-14,,Active,L4,Finance,Latin America,E01690,ORG007
E01631,2022-01-24,,Active,L2,Data,North America,E02881,ORG006
E01632,2018-03-22,,Active,L4,Finance,Europe,E04572,ORG001
E01633,2022-11-23,,Active,L3,Marketing,North America,E04710,ORG037
E01634,2026-02-12,,Active,L5,HR,North America,E04366,ORG048
E01635,2021-10-06,,Active,L2,Product,North America,E02535,ORG049
E01636,2024-03-16,,Active,L7,Product,North America,,ORG038
E01637,2021-07-14,,Active,L5,HR,North America,E00466,ORG008
E01638,2018-04-14,,Active,L3,Program Management,North America,E04829,ORG048
E01639,2023-10-22,,Active,L2,HR,Europe,E03143,ORG016
E01640,2018-01-19,,Active,L3,Marketing,North America,E04532,ORG017
E01641,2020-12-18,2025-01-17,Terminated,L2,Program Management,North America,E04584,ORG034
E01642,2026-04-18,,Active,L3,Finance,Latin America,E03960,ORG003
E01643,2020-11-10,2024-11-05,Terminated,L6,Operations,Europe,E02055,ORG040
E01644,2022-11-01,,Active,L4,Operations,North America,E03087,ORG050
E01645,2019-10-21,,Active,L3,Data,North America,E03442,ORG038
E01646,2022-02-09,,Active,L4,Marketing,North America,E04412,ORG038
E01647,2024-07-12,,Active,L3,Operations,Europe,E01076,ORG019
E01648,2020-05-08,,Active,L7,Product,Asia Pacific,,ORG004
E01649,2024-08-24,,Active,L2,Finance,Europe,E02807,ORG039
E01650,2023-09-07,,Active,L5,Program Management,Latin America,E03009,ORG029
E01651,2019-03-19,,Active,L5,Sales,Asia Pacific,E00984,ORG045
E01652,2018-08-23,,Active,L2,HR,Latin America,E01974,ORG006
E01653,2024-06-28,,Active,L3,Program Management,Europe,E04615,ORG015
E01654,2018-08-13,2025-12-30,Terminated,L3,HR,Europe,E00067,ORG018
E01655,2024-03-26,,Active,L6,Data,Asia Pacific,E02527,ORG034
E01656,2022-03-03,,Active,L4,Marketing,Asia Pacific,E03096,ORG039
E01657,2024-09-14,,Active,L4,Operations,North America,E04540,ORG047
E01658,2022-08-22,,Active,L5,Finance,North America,E01341,ORG015
E01659,2018-04-17,,Active,L5,Finance,North America,E01940,ORG024
E01660,2025-11-14,,Active,L4,Product,North America,E00377,ORG002
E01661,2026-11-17,,Active,L4,HR,Asia Pacific,E01637,ORG013
E01662,2023-06-09,,Active,L5,Program Management,Asia Pacific,E04987,ORG019
E01663,2018-04-26,,Active,L3,HR,North America,E03841,ORG029
E01664,2020-05-25,,Active,L5,Data,North America,E02098,ORG023
E01665,2022-02-27,,Active,L2,Software Engineering,North America,E03188,ORG018
E01666,2019-03-05,,Active,L3,Marketing,Asia Pacific,E04828,ORG031
E01667,2018-06-22,,Active,L5,HR,Asia Pacific,E02166,ORG041
E01668,2021-04-26,,Active,L3,Software Engineering,North America,E01441,ORG012
E01669,2019-08-03,,Active,L2,Software Engineering,North America,E04398,ORG017
E01670,2019-03-22,,Active,L3,Operations,Latin America,E04258,ORG035
E01671,2021-06-05,,Active,L4,Data,Europe,E02611,ORG038
E01672,2021-03-08,,Active,L5,Program Management,Asia Pacific,E00058,ORG040
E01673,2023-02-09,2024-02-29,Terminated,L2,Product,North America,E00059,ORG011
E01674,2025-11-03,,Active,L2,Software Engineering,North America,E00560,ORG027
E01675,2023-01-12,,Active,L4,Product,Europe,E03453,ORG044
E01676,2024-03-24,,Active,L6,Product,North America,E00864,ORG019
E01677,2024-07-09,,Active,L3,Data,Asia Pacific,E00274,ORG021
E01678,2023-10-29,,Active,L6,Finance,Asia Pacific,E03411,ORG048
E01679,2019-07-14,,Active,L6,Product,North America,E02391,ORG006
E01680,2026-07-18,,Active,L3,Data,North America,E02697,ORG035
E01681,2024-03-03,,Active,L5,Data,Asia Pacific,E00922,ORG042
E01682,2020-12-04,,Active,L5,Marketing,Latin America,E01010,ORG008
E01683,2026-11-21,,Active,L4,Software Engineering,North America,E01146,ORG035
E01684,2024-10-23,,Active,L4,Marketing,Asia Pacific,E03220,ORG023
E01685,2026-07-15,,Active,L5,Software Engineering,North America,E04909,ORG042
E01686,2022-12-08,,Active,L5,Data,Asia Pacific,E04569,ORG044
E01687,2022-06-11,,Active,L5,Operations,Europe,E00547,ORG043
E01688,2021-03-12,,Active,L7,Sales,North America,,ORG004
E01689,2023-03-04,,Active,L4,Data,Asia Pacific,E03402,ORG037
E01690,2026-08-02,,Active,L5,Product,Asia Pacific,E03801,ORG045
E01691,2023-08-10,,Leave,L6,HR,Asia Pacific,E00175,ORG031
E01692,2018-01-20,,Active,L3,Data,North America,E03198,ORG030
E01693,2019-02-20,,Active,L2,Software Engineering,Asia Pacific,E02200,ORG003
E01694,2019-06-26,,Active,L4,Product,Asia Pacific,E00930,ORG042
E01695,2022-01-27,,Active,L5,Sales,North America,E03949,ORG003
E01696,2021-09-21,,Active,L3,Sales,North America,E04675,ORG016
E01697,2023-07-07,,Active,L5,HR,Asia Pacific,E03021,ORG045
E01698,2019-10-26,,Active,L2,Finance,Europe,E00960,ORG046
E01699,2019-02-17,,Active,L3,Data,North America,E02100,ORG049
E01700,2018-01-05,,Active,L4,Product,Asia Pacific,E02606,ORG024
E01701,2021-09-04,,Active,L2,Marketing,North America,E04504,ORG009
E01702,2022-05-06,,Active,L6,HR,Asia Pacific,E03950,ORG024
E01703,2022-04-26,,Active,L2,Product,North America,E03348,ORG005
E01704,2024-07-25,,Active,L6,HR,North America,E03831,ORG043
E01705,2018-11-26,,Active,L3,HR,Latin America,E03454,ORG028
E01706,2020-07-05,,Active,L7,HR,Asia Pacific,,ORG020
E01707,2022-01-09,,Active,L4,Marketing,North America,E01548,ORG004
E01708,2019-06-12,,Active,L2,Operations,Latin America,E00630,ORG020
E01709,2019-07-23,,Active,L2,Data,Latin America,E04197,ORG042
E01710,2018-04-25,,Active,L2,Sales,Asia Pacific,E02800,ORG035
E01711,2021-02-10,,Active,L4,Data,North America,E04813,ORG004
E01712,2024-06-21,,Active,L5,Finance,North America,E03410,ORG008
E01713,2021-12-01,,Active,L4,Sales,Asia Pacific,E02350,ORG019
E01714,2022-04-28,,Active,L4,Software Engineering,Asia Pacific,E03230,ORG005
E01715,2021-02-25,,Active,L4,Sales,North America,E03254,ORG046
E01716,2021-09-19,,Active,L4,Sales,North America,E04912,ORG032
E01717,2020-10-05,,Active,L5,Finance,North America,E01764,ORG005
E01718,2025-03-14,2026-11-17,Terminated,L4,Product,North America,E01854,ORG039
E01719,2021-11-28,,Active,L5,Software Engineering,Europe,,ORG018
E01720,2020-02-15,,Active,L7,HR,North America,,ORG012
E01721,2018-01-04,,Active,L3,Software Engineering,Europe,E00511,ORG028
E01722,2026-08-05,,Active,L2,HR,Europe,E02333,ORG001
E01723,2021-09-16,,Active,L2,Software Engineering,North America,E02203,ORG023
E01724,2022-11-08,,Active,L4,Program Management,Asia Pacific,E00933,ORG041
E01725,2022-06-08,,Leave,L3,Operations,North America,E04070,ORG045
E01726,2023-10-13,,Active,L6,Software Engineering,North America,E03438,ORG017
E01727,2023-12-22,,Active,L4,Sales,North America,E01144,ORG032
E01728,2024-06-29,,Active,L4,HR,Europe,E00810,ORG011
E01729,2018-03-03,,Active,L5,Data,North America,E03131,ORG028
E01730,2025-10-14,,Active,L3,Sales,Latin America,E00028,ORG013
E01731,2019-08-15,,Active,L5,HR,North America,E00729,ORG028
E01732,2022-04-20,2025-08-30,Terminated,L2,Sales,North America,E02160,ORG009
E01733,2018-06-22,,Active,L4,Finance,Asia Pacific,E04958,ORG046
E01734,2023-02-10,,Active,L6,Finance,Latin America,E00358,ORG043
E01735,2022-06-21,,Active,L5,Program Management,Europe,E02691,ORG017
E01736,2023-10-05,,Active,L5,Product,North America,E02845,ORG038
E01737,2024-07-17,,Active,L3,Product,North America,E01189,ORG005
E01738,2020-05-30,,Active,L5,Product,North America,E02631,ORG036
E01739,2020-06-04,,Active,L4,Product,Europe,E03187,ORG014
E01740,2019-02-27,,Active,L4,HR,Europe,E00654,ORG007
E01741,2023-11-15,,Active,L2,Operations,North America,E04779,ORG033
E01742,2018-05-13,,Active,L3,Program Management,Europe,E01156,ORG023
E01743,2019-07-30,,Active,L4,HR,Asia Pacific,E01781,ORG026
E01744,2020-05-05,,Active,L2,HR,North America,E00105,ORG026
E01745,2023-12-27,,Active,L5,Marketing,North America,E02998,ORG003
E01746,2021-09-01,2024-09-24,Terminated,L5,Product,Asia Pacific,E02998,ORG003
E01747,2018-12-12,,Active,L6,Product,North America,E00554,ORG030
E01748,2024-06-04,,Active,L2,Data,North America,E01420,ORG031
E01749,2023-02-20,,Active,L6,Software Engineering,North America,E03856,ORG003
E01750,2020-10-22,,Active,L2,Finance,Europe,E03587,ORG019
E01751,2024-07-05,,Active,L4,Sales,Europe,E01486,ORG030
E01752,2025-04-02,,Active,L5,Finance,Europe,E03166,ORG032
E01753,2021-03-29,,Active,L2,Marketing,North America,E03758,ORG041
E01754,2023-07-30,,Active,L2,Finance,Europe,E01815,ORG021
E01755,2021-10-29,,Active,L2,Sales,North America,E00864,ORG027
E01756,2021-08-22,,Active,L4,Product,Asia Pacific,E00096,ORG029
E01757,2022-02-02,,Active,L5,Product,Latin America,E04780,ORG016
E01758,2024-01-27,,Active,L2,Sales,Europe,E01548,ORG003
E01759,2020-02-05,,Active,L2,Finance,North America,E04028,ORG001
E01760,2024-09-23,,Active,L4,Operations,Asia Pacific,E01589,ORG041
E01761,2019-03-17,,Active,L3,Marketing,North America,E03582,ORG010
E01762,2026-12-26,,Active,L5,HR,North America,E01622,ORG031
E01763,2019-07-17,,Active,L6,Product,Latin America,E03085,ORG028
E01764,2020-10-01,,Active,L5,Finance,North America,E04770,ORG020
E01765,2026-07-03,,Active,L6,Program Management,North America,E03787,ORG041
E01766,2019-09-07,2026-04-11,Terminated,L4,Program Management,Europe,E00805,ORG034
E01767,2021-04-05,,Active,L5,Sales,Europe,E02672,ORG002
E01768,2020-07-05,,Active,L3,HR,Europe,E01282,ORG038
E01769,2021-06-18,,Active,L2,Data,North America,E01037,ORG025
E01770,2019-12-19,,Active,L4,Finance,Asia Pacific,E04156,ORG017
E01771,2025-11-22,,Active,L2,Finance,North America,E04916,ORG036
E01772,2026-03-19,,Active,L6,Operations,Latin America,E04615,ORG034
E01773,2021-05-08,,Active,L5,Product,North America,E04197,ORG016
E01774,2021-06-16,,Active,L6,Finance,North America,E02324,ORG048
E01775,2024-10-10,2026-11-19,Terminated,L3,Marketing,Europe,E02686,ORG032
E01776,2026-01-27,,Active,L4,Data,North America,E02753,ORG030
E01777,2019-11-04,,Active,L5,Finance,Europe,E03711,ORG004
E01778,2022-01-15,,Active,L3,Marketing,North America,E00225,ORG014
E01779,2020-06-08,,Active,L4,Program Management,North America,E04129,ORG022
E01780,2020-02-07,2024-03-04,Terminated,L4,Program Management,North America,E04038,ORG031
E01781,2023-06-06,,Active,L7,Product,North America,,ORG025
E01782,2024-04-16,,Active,L5,Product,North America,E04978,ORG037
E01783,2025-01-22,,Active,L2,Program Management,North America,E03001,ORG013
E01784,2019-12-24,,Active,L4,HR,North America,E02267,ORG034
E01785,2019-10-23,,Active,L4,Software Engineering,Asia Pacific,E02371,ORG040
E01786,2024-01-25,,Active,L2,Product,Asia Pacific,E03138,ORG038
E01787,2022-05-02,,Active,L4,Marketing,North America,E01473,ORG038
E01788,2019-06-03,,Active,L3,Marketing,North America,E03887,ORG044
E01789,2021-03-08,,Active,L2,Product,North America,E02199,ORG005
E01790,2019-03-16,,Active,L4,Program Management,North America,E01336,ORG034
E01791,2025-01-23,,Active,L3,Program Management,North America,E03709,ORG047
E01792,2024-03-27,,Active,L4,Product,North America,E01643,ORG028
E01793,2019-06-04,,Active,L3,Software Engineering,Latin America,E00377,ORG011
E01794,2022-09-12,,Active,L5,Data,Asia Pacific,E02652,ORG050
E01795,2019-03-28,,Active,L3,Finance,North America,E02552,ORG009
E01796,2021-11-21,,Active,L6,Data,North America,E01407,ORG017
E01797,2021-05-14,,Active,L2,Finance,North America,E00147,ORG009
E01798,2021-11-05,,Active,L4,Data,North America,E02358,ORG023
E01799,2024-10-07,,Active,L3,Software Engineering,Europe,E03875,ORG021
E01800,2022-01-11,,Active,L3,Data,North America,E04000,ORG024
E01801,2024-12-17,,Active,L4,Program Management,North America,E00999,ORG045
E01802,2021-12-22,,Active,L5,Product,North America,E02102,ORG024
E01803,2019-10-03,,Active,L6,Product,Europe,E04511,ORG025
E01804,2026-04-26,,Active,L3,Product,North America,E01679,ORG043
E01805,2018-12-30,,Active,L2,Marketing,Latin America,E02361,ORG040
E01806,2024-07-27,,Active,L5,Program Management,North America,E03402,ORG012
E01807,2024-03-29,,Active,L4,Sales,North America,E02267,ORG001
E01808,2018-12-11,,Active,L3,Product,North America,E04207,ORG031
E01809,2020-01-03,,Active,L5,Operations,Europe,E01746,ORG041
E01810,2022-03-28,,Active,L4,Data,North America,E02457,ORG027
E01811,2022-09-21,,Active,L4,Product,North America,E02611,ORG011
E01812,2020-04-16,,Active,L3,Data,North America,E03744,ORG036
E01813,2020-08-15,,Active,L4,Data,North America,E01650,ORG033
E01814,2025-05-01,,Active,L3,Software Engineering,North America,E01305,ORG028
E01815,2024-06-13,,Active,L5,Software Engineering,Europe,E01745,ORG042
E01816,2018-03-18,,Active,L2,Product,Europe,E01121,ORG038
E01817,2025-10-02,,Active,L5,HR,Europe,E00931,ORG033
E01818,2022-05-03,,Active,L5,Software Engineering,Latin America,E04084,ORG033
E01819,2023-03-21,,Active,L5,Finance,North America,E01681,ORG033
E01820,2021-07-22,,Active,L2,Program Management,Asia Pacific,E01280,ORG026
E01821,2021-05-07,,Active,L3,Program Management,North America,E04055,ORG023
E01822,2024-09-10,,Active,L4,Marketing,North America,E03938,ORG035
E01823,2023-08-30,,Active,L4,Operations,Europe,E01156,ORG030
E01824,2022-04-15,,Active,L6,Product,North America,E01478,ORG024
E01825,2026-07-19,,Active,L3,Product,North America,E04098,ORG007
E01826,2024-09-17,,Active,L6,Software Engineering,Europe,E01319,ORG034
E01827,2024-09-17,,Active,L3,Sales,North America,E04326,ORG032
E01828,2020-09-11,,Active,L3,Finance,North America,E03130,ORG017
E01829,2020-08-03,,Active,L2,Product,Asia Pacific,E03334,ORG018
E01830,2020-07-12,,Active,L5,Operations,North America,E02711,ORG012
E01831,2024-04-26,,Active,L2,Operations,North America,E00128,ORG047
E01832,2022-01-07,,Active,L3,Data,North America,E04110,ORG042
E01833,2026-01-19,,Active,L5,Marketing,Asia Pacific,E02842,ORG028
E01834,2018-10-27,,Active,L4,Sales,Latin America,E00846,ORG020
E01835,2022-01-14,,Active,L2,Operations,Europe,E04167,ORG036
E01836,2021-02-14,,Active,L2,HR,North America,E01430,ORG026
E01837,2018-11-27,,Active,L4,Data,North America,E01767,ORG048
E01838,2020-08-06,,Active,L3,Marketing,North America,E03203,ORG003
E01839,2020-11-26,,Active,L3,Finance,Asia Pacific,E01339,ORG002
E01840,2019-07-14,,Active,L4,Marketing,Europe,E00031,ORG028
E01841,2020-11-01,2024-08-11,Terminated,L3,Sales,Asia Pacific,E01556,ORG010
E01842,2022-06-10,,Active,L4,Finance,North America,E03416,ORG030
E01843,2024-04-09,,Active,L3,Product,Asia Pacific,E02069,ORG038
E01844,2021-07-08,,Active,L3,HR,North America,E03582,ORG007
E01845,2019-11-15,,Active,L2,Operations,North America,E00328,ORG022
E01846,2018-03-24,,Active,L3,Program Management,North America,E01203,ORG034
E01847,2019-06-15,,Active,L2,HR,Europe,E01134,ORG041
E01848,2025-06-27,,Active,L3,Sales,Asia Pacific,E00276,ORG025
E01849,2026-05-04,,Active,L6,Software Engineering,North America,E03230,ORG010
E01850,2023-03-08,,Active,L5,Operations,Latin America,E00998,ORG029
E01851,2018-08-20,,Active,L3,Sales,North America,E02341,ORG022
E01852,2026-01-06,,Active,L4,Product,North America,E04958,ORG038
E01853,2019-10-01,,Active,L4,Program Management,North America,E01163,ORG027
E01854,2023-08-04,,Active,L5,Data,North America,E00929,ORG014
E01855,2018-07-31,,Active,L3,Product,Asia Pacific,E04657,ORG037
E01856,2024-10-17,,Active,L3,Finance,North America,E01734,ORG026
E01857,2020-01-11,,Active,L3,Marketing,North America,E01442,ORG009
E01858,2025-01-30,,Active,L2,Operations,North America,E03623,ORG028
E01859,2018-06-18,,Active,L3,Product,Asia Pacific,E00617,ORG046
E01860,2022-01-02,,Active,L6,Sales,Latin America,E01833,ORG035
E01861,2024-05-23,,Active,L6,Software Engineering,Asia Pacific,E00952,ORG015
E01862,2023-06-22,,Active,L2,Software Engineering,North America,E04458,ORG035
E01863,2019-11-12,,Active,L4,Operations,North America,E01445,ORG014
E01864,2018-09-01,,Active,L3,Sales,North America,E02861,ORG027
E01865,2024-05-13,,Active,L4,Software Engineering,Latin America,E02667,ORG026
E01866,2018-08-01,,Active,L4,Data,North America,E02463,ORG012
E01867,2021-02-05,,Active,L2,HR,Latin America,E00312,ORG017
E01868,2021-11-24,,Active,L5,Finance,Asia Pacific,E01237,ORG046
E01869,2025-09-11,,Active,L7,HR,Europe,,ORG013
E01870,2020-07-06,,Active,L4,Program Management,Asia Pacific,E04296,ORG039
E01871,2022-03-02,,Active,L5,Software Engineering,North America,E02782,ORG033
E01872,2019-07-05,,Active,L4,Product,North America,E04396,ORG026
E01873,2024-12-13,,Active,L3,Operations,North America,E02832,ORG007
E01874,2023-03-30,,Active,L2,Program Management,North America,E01542,ORG010
E01875,2022-05-01,,Active,L4,Marketing,Asia Pacific,E01682,ORG009
E01876,2025-04-25,,Active,L2,Product,North America,E03885,ORG029
E01877,2023-10-22,,Active,L5,Product,Asia Pacific,E01134,ORG048
E01878,2026-12-04,,Active,L4,Software Engineering,Asia Pacific,E03035,ORG043
E01879,2024-11-23,,Active,L4,Finance,North America,E04675,ORG002
E01880,2021-03-11,,Active,L3,Sales,North America,E04227,ORG014
E01881,2025-09-25,,Active,L7,Sales,North America,,ORG008
E01882,2023-04-27,,Active,L3,Product,North America,E01900,ORG048
E01883,2024-06-20,,Active,L2,Program Management,Europe,E01312,ORG012
E01884,2025-09-15,,Active,L3,HR,Asia Pacific,E03143,ORG010
E01885,2018-06-23,,Active,L4,Data,Asia Pacific,E03098,ORG031
E01886,2021-01-11,,Active,L7,HR,North America,,ORG027
E01887,2025-06-30,,Active,L3,Software Engineering,Asia Pacific,E03648,ORG011
E01888,2025-05-14,,Active,L6,Data,Europe,E00338,ORG033
E01889,2018-04-19,,Active,L3,Software Engineering,Latin America,E02753,ORG005
E01890,2022-10-18,,Active,L4,Sales,Asia Pacific,E00039,ORG001
E01891,2019-11-18,,Active,L2,HR,Asia Pacific,E04961,ORG004
E01892,2018-09-28,,Active,L4,Sales,North America,E04377,ORG018
E01893,2026-12-12,,Active,L4,HR,Asia Pacific,E03725,ORG048
E01894,2021-09-20,,Active,L4,Sales,North America,E01437,ORG027
E01895,2022-11-23,,Active,L3,Operations,North America,E03757,ORG037
E01896,2022-10-13,,Active,L5,Sales,North America,E02203,ORG016
E01897,2021-08-28,,Active,L7,Data,North America,,ORG035
E01898,2019-12-23,,Active,L4,Finance,North America,E03238,ORG047
E01899,2024-02-23,,Active,L4,HR,North America,E01118,ORG018
E01900,2023-11-08,,Active,L5,Marketing,Asia Pacific,E02355,ORG050
E01901,2023-08-25,,Active,L3,Program Management,Europe,E04394,ORG031
E01902,2018-09-13,,Active,L6,Software Engineering,Latin America,E00913,ORG037
E01903,2023-05-05,,Active,L3,HR,Asia Pacific,E01881,ORG013
E01904,2025-07-02,,Active,L5,Data,North America,E01408,ORG032
E01905,2019-09-27,,Active,L2,HR,Asia Pacific,E00874,ORG025
E01906,2025-07-20,,Active,L3,HR,Europe,E01954,ORG047
E01907,2021-07-23,,Active,L4,HR,North America,E03087,ORG044
E01908,2020-08-02,,Active,L4,Product,Latin America,E00237,ORG020
E01909,2025-04-07,,Active,L5,Software Engineering,Latin America,E00980,ORG046
E01910,2026-08-05,,Active,L7,Finance,North America,,ORG043
E01911,2021-09-13,,Active,L2,Program Management,Asia Pacific,E04079,ORG029
E01912,2019-11-23,,Active,L3,Program Management,North America,E01226,ORG004
E01913,2023-12-04,,Active,L3,Software Engineering,Latin America,E01637,ORG008
E01914,2023-01-26,,Leave,L4,Program Management,Europe,E03361,ORG004
E01915,2022-02-15,,Active,L4,Sales,North America,E03757,ORG006
E01916,2024-03-25,,Active,L5,Marketing,Asia Pacific,E04795,ORG048
E01917,2021-07-23,,Active,L5,Program Management,Europe,E00777,ORG011
E01918,2023-04-25,,Active,L2,Software Engineering,North America,E03790,ORG034
E01919,2018-10-31,,Active,L4,Data,Asia Pacific,E03655,ORG031
E01920,2020-12-01,,Active,L4,Software Engineering,Asia Pacific,E00589,ORG031
E01921,2021-06-05,,Active,L4,Data,North America,E04394,ORG011
E01922,2021-09-18,,Active,L2,HR,Asia Pacific,E01525,ORG029
E01923,2023-01-03,,Active,L3,Finance,North America,E02069,ORG031
E01924,2025-04-21,,Active,L4,Sales,North America,E03981,ORG028
E01925,2018-12-24,,Active,L3,Product,Europe,E02672,ORG010
E01926,2019-09-17,,Active,L5,Sales,North America,E01305,ORG035
E01927,2018-01-13,,Active,L3,Software Engineering,North America,E01557,ORG004
E01928,2018-11-03,2024-06-06,Terminated,L4,Product,Latin America,E03725,ORG029
E01929,2024-07-02,2024-12-24,Terminated,L4,Marketing,Asia Pacific,E00894,ORG022
E01930,2025-09-09,,Active,L6,Sales,Europe,E02336,ORG013
E01931,2018-05-22,,Active,L2,Finance,Europe,E03759,ORG040
E01932,2018-03-03,,Active,L2,Finance,Asia Pacific,E04419,ORG009
E01933,2023-12-12,,Active,L3,HR,Asia Pacific,E04116,ORG046
E01934,2024-10-02,,Active,L4,Sales,North America,E01738,ORG043
E01935,2019-05-25,,Active,L3,Product,North America,E00946,ORG018
E01936,2021-04-22,,Active,L5,Data,North America,E04670,ORG015
E01937,2020-10-29,,Active,L3,Software Engineering,North America,E03020,ORG007
E01938,2022-05-13,,Active,L2,Program Management,North America,E01994,ORG045
E01939,2018-03-01,,Active,L4,Product,Europe,E04503,ORG031
E01940,2018-03-30,,Active,L5,Operations,Asia Pacific,E03665,ORG002
E01941,2026-08-25,,Active,L5,Software Engineering,Asia Pacific,E02363,ORG025
E01942,2019-06-16,2026-03-19,Terminated,L5,Finance,North America,E00930,ORG005
E01943,2024-11-14,,Active,L4,HR,North America,E00379,ORG028
E01944,2022-06-10,2024-07-30,Terminated,L5,Data,North America,E02697,ORG025
E01945,2021-08-10,,Active,L5,Product,North America,E00549,ORG005
E01946,2019-11-28,,Active,L3,Operations,North America,E01516,ORG040
E01947,2020-04-01,,Active,L4,Data,Latin America,E03410,ORG013
E01948,2020-02-11,,Active,L5,Finance,North America,E00059,ORG027
E01949,2026-05-01,,Active,L3,HR,Asia Pacific,E04953,ORG031
E01950,2018-08-30,,Active,L4,Program Management,North America,E02152,ORG047
E01951,2019-07-15,,Active,L4,Data,Europe,E04358,ORG024
E01952,2023-04-01,,Active,L4,Operations,Asia Pacific,E00845,ORG045
E01953,2020-10-25,,Active,L2,Sales,Latin America,E02282,ORG018
E01954,2026-12-11,,Active,L5,Product,North America,E04791,ORG042
E01955,2025-01-11,,Leave,L6,Sales,Asia Pacific,E03179,ORG012
E01956,2018-04-05,2025-02-23,Terminated,L2,Sales,North America,E04043,ORG035
E01957,2022-12-02,,Active,L3,Product,Asia Pacific,E03426,ORG005
E01958,2020-11-12,,Active,L2,Finance,North America,E03724,ORG048
E01959,2024-04-19,2026-07-23,Terminated,L2,Data,Europe,E01764,ORG047
E01960,2025-02-06,,Active,L7,Operations,Asia Pacific,,ORG022
E01961,2020-11-24,,Active,L4,Sales,Asia Pacific,E02246,ORG026
E01962,2024-07-16,,Active,L3,Marketing,Asia Pacific,E00210,ORG029
E01963,2018-05-05,,Active,L3,Software Engineering,North America,E01215,ORG014
E01964,2021-12-10,,Active,L7,Finance,Asia Pacific,,ORG033
E01965,2019-08-27,,Active,L3,Data,North America,E00286,ORG034
E01966,2026-05-22,,Active,L5,Product,North America,E01588,ORG026
E01967,2023-12-09,,Active,L3,Sales,North America,E03665,ORG008
E01968,2022-07-12,,Active,L2,Finance,North America,E00975,ORG045
E01969,2022-01-08,,Active,L5,Program Management,North America,E02369,ORG006
E01970,2024-01-18,,Active,L2,Marketing,Europe,E02795,ORG031
E01971,2020-04-11,,Active,L5,HR,North America,E00803,ORG005
E01972,2025-01-15,,Active,L3,Data,Europe,E04052,ORG008
E01973,2018-05-06,,Active,L5,Data,North America,E03872,ORG001
E01974,2026-11-14,,Active,L5,Finance,Europe,E00904,ORG018
E01975,2024-05-28,,Active,L5,Sales,North America,E00161,ORG031
E01976,2020-08-31,,Active,L2,Software Engineering,North America,E00026,ORG026
E01977,2023-01-13,,Active,L5,Operations,Europe,E01420,ORG033
E01978,2024-09-09,,Active,L7,Sales,Latin America,,ORG033
E01979,2025-05-09,,Active,L3,Sales,Latin America,E00592,ORG007
E01980,2023-10-07,,Leave,L3,Finance,North America,E00070,ORG003
E01981,2023-07-04,,Active,L5,Marketing,Latin America,E02282,ORG031
E01982,2019-02-06,,Active,L3,Marketing,Europe,E02681,ORG032
E01983,2023-06-03,,Active,L5,Sales,Asia Pacific,E00073,ORG027
E01984,2018-07-18,,Active,L5,HR,North America,E03027,ORG012
E01985,2024-07-03,,Active,L2,Marketing,North America,E01977,ORG040
E01986,2023-01-29,,Active,L4,Data,North America,E00958,ORG004
E01987,2024-02-06,,Leave,L4,Data,Asia Pacific,E00527,ORG031
E01988,2020-04-23,2025-10-31,Terminated,L3,Operations,North America,E03806,ORG006
E01989,2022-08-09,,Active,L6,HR,North America,E00510,ORG032
E01990,2026-07-22,,Active,L3,Marketing,Europe,E00958,ORG021
E01991,2018-03-20,,Active,L3,HR,Latin America,E03582,ORG035
E01992,2022-10-24,,Active,L5,Product,Europe,E03166,ORG003
E01993,2021-03-29,,Active,L3,Marketing,Asia Pacific,E04999,ORG027
E01994,2020-05-25,,Active,L5,Data,North America,E00175,ORG008
E01995,2022-07-25,,Active,L2,Data,Asia Pacific,E00929,ORG034
E01996,2022-03-13,,Active,L4,HR,North America,E03308,ORG006
E01997,2019-06-18,,Active,L2,Marketing,North America,E01093,ORG004
E01998,2022-10-24,,Active,L5,Operations,North America,E01861,ORG035
E01999,2021-06-30,,Active,L5,Software Engineering,North America,E01445,ORG004
E02000,2023-06-19,,Active,L5,Data,Europe,E04043,ORG011
E02001,2025-07-09,,Active,L7,Marketing,Europe,,ORG040
E02002,2022-05-27,,Active,L5,Product,North America,E03922,ORG040
E02003,2018-05-17,,Active,L5,Finance,North America,E04024,ORG042
E02004,2021-02-04,,Active,L4,Product,North America,E02547,ORG016
E02005,2018-07-11,,Active,L6,Software Engineering,North America,E02431,ORG026
E02006,2018-07-15,,Active,L4,HR,Asia Pacific,E02881,ORG038
E02007,2022-12-02,,Active,L6,HR,Europe,E00314,ORG007
E02008,2020-07-21,,Active,L3,Operations,North America,E02773,ORG036
E02009,2024-11-25,,Leave,L4,Operations,North America,E01309,ORG005
E02010,2020-01-15,,Active,L5,Operations,Asia Pacific,E04679,ORG045
E02011,2023-12-20,,Active,L3,Finance,Asia Pacific,E00895,ORG031
E02012,2019-05-09,,Active,L3,Sales,Latin America,E00147,ORG024
E02013,2020-10-27,,Active,L7,HR,North America,,ORG024
E02014,2026-09-29,,Active,L4,Product,Europe,E04817,ORG009
E02015,2025-05-18,,Active,L3,Product,North America,E00766,ORG017
E02016,2024-12-14,,Active,L3,HR,Asia Pacific,E02613,ORG036
E02017,2019-08-24,,Active,L3,Finance,North America,E01868,ORG027
E02018,2024-05-11,,Active,L4,Program Management,Europe,E01276,ORG026
E02019,2025-02-05,,Active,L6,Sales,North America,E02431,ORG010
E02020,2020-12-05,,Active,L7,Program Management,Asia Pacific,,ORG034
E02021,2025-04-07,,Active,L4,Program Management,North America,E03702,ORG019
E02022,2022-03-27,,Active,L5,Finance,Asia Pacific,E00549,ORG009
E02023,2023-12-12,,Active,L3,Software Engineering,North America,E03308,ORG046
E02024,2026-07-01,,Active,L5,HR,Asia Pacific,E04463,ORG025
E02025,2021-10-18,,Active,L3,Marketing,North America,E01388,ORG026
E02026,2024-01-14,,Active,L2,Marketing,Europe,E03394,ORG048
E02027,2026-07-16,2026-12-15,Terminated,L7,Operations,Asia Pacific,,ORG018
E02028,2018-12-28,,Active,L6,Product,North America,E04582,ORG046
E02029,2025-03-18,,Active,L3,Operations,North America,E04661,ORG034
E02030,2026-09-29,,Active,L5,Data,North America,E03233,ORG031
E02031,2018-12-27,,Active,L4,HR,North America,E04697,ORG012
E02032,2019-07-29,,Active,L3,Program Management,Europe,E03890,ORG003
E02033,2025-05-15,,Active,L3,Software Engineering,North America,E02585,ORG022
E02034,2019-07-21,,Active,L2,Operations,North America,E00592,ORG001
E02035,2024-03-04,,Active,L4,HR,North America,E04268,ORG004
E02036,2021-11-19,,Active,L4,Product,North America,E01370,ORG029
E02037,2026-10-16,,Active,L4,Program Management,North America,E03713,ORG036
E02038,2018-09-06,,Active,L3,Marketing,Europe,E03224,ORG009
E02039,2019-04-30,,Active,L6,HR,North America,E01746,ORG036
E02040,2018-08-15,,Leave,L4,Sales,Latin America,E03883,ORG046
E02041,2023-04-18,,Active,L6,Operations,Asia Pacific,E03282,ORG036
E02042,2023-12-29,,Leave,L2,Operations,North America,E03752,ORG038
E02043,2018-06-08,,Active,L4,Operations,Asia Pacific,E04760,ORG034
E02044,2022-03-18,,Active,L5,Operations,Europe,E01304,ORG011
E02045,2019-05-18,,Active,L3,Software Engineering,Europe,E03836,ORG018
E02046,2025-09-23,,Active,L3,Data,North America,E00173,ORG046
E02047,2018-10-20,,Active,L3,Sales,Europe,E03567,ORG033
E02048,2021-10-23,,Active,L3,Operations,North America,E00755,ORG039
E02049,2022-12-10,,Active,L4,Operations,Europe,E01045,ORG047
E02050,2022-12-17,,Active,L3,Finance,North America,E00931,ORG012
E02051,2023-01-22,,Active,L3,Program Management,North America,E04151,ORG016
E02052,2023-03-31,,Active,L4,Marketing,Europe,E01815,ORG032
E02053,2023-06-16,,Active,L2,Operations,North America,E01910,ORG002
E02054,2021-07-12,,Active,L3,Operations,North America,E01749,ORG028
E02055,2022-07-27,,Active,L5,Operations,Asia Pacific,E03151,ORG040
E02056,2021-08-11,,Active,L3,Software Engineering,North America,E04569,ORG030
E02057,2025-11-23,,Active,L3,Software Engineering,North America,E03394,ORG015
E02058,2025-12-02,,Active,L3,Software Engineering,North America,E00489,ORG036
E02059,2018-10-03,,Active,L2,Product,Latin America,E02606,ORG008
E02060,2018-10-02,,Active,L4,Software Engineering,Europe,E00510,ORG044
E02061,2023-01-23,,Active,L2,Product,Europe,E00810,ORG005
E02062,2020-04-18,,Active,L3,Marketing,Asia Pacific,E00933,ORG042
E02063,2025-08-03,,Active,L7,Program Management,Europe,,ORG025
E02064,2021-12-24,,Active,L6,Sales,Asia Pacific,E03477,ORG021
E02065,2018-01-04,,Active,L3,Program Management,Europe,E04388,ORG025
E02066,2021-12-31,,Active,L3,Sales,Asia Pacific,E01163,ORG010
E02067,2023-05-28,,Active,L4,HR,Europe,E04702,ORG023
E02068,2020-09-14,,Active,L5,Sales,North America,E01256,ORG042
E02069,2023-04-26,,Active,L5,Product,North America,E01486,ORG039
E02070,2020-02-16,,Active,L2,Data,North America,E00598,ORG008
E02071,2025-02-04,,Active,L2,Product,Europe,E00203,ORG033
E02072,2020-09-07,,Active,L4,HR,Latin America,E03138,ORG042
E02073,2020-11-24,,Active,L6,Finance,Asia Pacific,E01994,ORG040
E02074,2023-03-06,,Leave,L6,HR,Asia Pacific,E00560,ORG021
E02075,2020-08-06,,Active,L2,Marketing,Europe,E02856,ORG003
E02076,2021-09-18,,Active,L4,Product,Asia Pacific,E01681,ORG046
E02077,2025-09-10,,Active,L2,Program Management,Asia Pacific,E01936,ORG020
E02078,2021-06-23,,Active,L5,Operations,North America,E04447,ORG018
E02079,2025-01-21,,Active,L6,Software Engineering,North America,E01977,ORG037
E02080,2023-03-17,,Active,L4,Finance,North America,E02241,ORG013
E02081,2024-04-13,,Active,L2,Data,North America,E03435,ORG041
E02082,2019-04-19,,Active,L4,Marketing,North America,E04474,ORG004
E02083,2018-09-20,,Active,L4,Data,North America,E03717,ORG036
E02084,2024-11-09,,Active,L5,Data,North America,E02463,ORG047
E02085,2019-08-06,,Active,L3,Software Engineering,North America,E01483,ORG049
E02086,2020-05-16,,Active,L6,Marketing,Asia Pacific,E00874,ORG045
E02087,2018-10-13,,Active,L3,Sales,North America,E00588,ORG043
E02088,2020-02-07,,Active,L2,Marketing,Asia Pacific,E03806,ORG014
E02089,2022-07-27,,Active,L3,Sales,North America,E03713,ORG047
E02090,2021-11-14,,Active,L2,Marketing,Latin America,E01717,ORG045
E02091,2018-11-22,,Active,L3,Operations,Asia Pacific,E04688,ORG026
E02092,2019-04-19,2024-04-16,Terminated,L5,Data,Asia Pacific,E04835,ORG020
E02093,2023-03-14,,Active,L2,Program Management,Europe,E03141,ORG006
E02094,2018-12-24,,Active,L2,Software Engineering,Europe,E01237,ORG029
E02095,2026-03-05,,Active,L2,Product,North America,E02552,ORG034
E02096,2020-03-30,,Active,L2,HR,North America,E04099,ORG020
E02097,2018-05-23,,Active,L6,Software Engineering,Asia Pacific,E02552,ORG020
E02098,2018-12-15,,Active,L6,Product,North America,E02467,ORG028
E02099,2022-05-24,,Active,L2,Program Management,North America,E02704,ORG002
E02100,2024-09-02,,Active,L5,Data,Asia Pacific,E04214,ORG047
E02101,2020-07-03,,Active,L5,HR,North America,E02002,ORG015
E02102,2025-04-17,,Active,L7,HR,Asia Pacific,,ORG007
E02103,2021-10-18,,Active,L3,Finance,North America,E00887,ORG001
E02104,2019-04-02,,Active,L3,Data,North America,E02590,ORG042
E02105,2022-10-03,,Active,L4,Sales,North America,E03181,ORG042
E02106,2026-09-04,,Active,L5,Operations,North America,E04670,ORG005
E02107,2019-01-28,,Active,L5,Product,Asia Pacific,E00546,ORG008
E02108,2025-01-26,,Active,L4,Marketing,Asia Pacific,E04703,ORG022
E02109,2018-11-21,,Active,L3,Sales,North America,E04024,ORG009
E02110,2018-03-02,,Active,L5,Program Management,North America,E03569,ORG036
E02111,2025-03-05,,Active,L5,Program Management,Asia Pacific,E01130,ORG003
E02112,2020-05-19,,Active,L3,Marketing,North America,E00983,ORG027
E02113,2023-07-10,,Active,L5,Software Engineering,North America,E02097,ORG019
E02114,2023-10-15,,Active,L4,Program Management,North America,E00887,ORG023
E02115,2026-09-09,,Active,L4,Finance,Asia Pacific,E03273,ORG021
E02116,2022-06-01,,Active,L4,Program Management,North America,E03775,ORG008
E02117,2023-11-11,,Active,L5,Product,North America,E02367,ORG011
E02118,2025-02-13,2026-12-14,Terminated,L7,Data,Latin America,,ORG004
E02119,2021-09-24,,Active,L4,Product,Latin America,E03443,ORG006
E02120,2021-07-11,,Active,L3,Program Management,Europe,E03898,ORG048
E02121,2021-01-16,,Active,L3,Sales,Europe,E04560,ORG014
E02122,2022-01-01,,Active,L2,Program Management,Latin America,E03436,ORG015
E02123,2018-11-25,,Active,L3,Software Engineering,Europe,E01127,ORG007
E02124,2026-11-04,,Active,L2,Sales,Asia Pacific,E00618,ORG037
E02125,2023-05-23,,Active,L4,Program Management,North America,E04693,ORG045
E02126,2018-10-24,,Active,L3,Marketing,North America,E03879,ORG039
E02127,2020-06-21,,Active,L3,Data,Asia Pacific,E04257,ORG030
E02128,2026-06-01,,Active,L5,Data,Europe,E02073,ORG040
E02129,2021-05-08,,Active,L3,Marketing,North America,E00766,ORG020
E02130,2026-01-22,,Active,L4,Data,Europe,E03021,ORG042
E02131,2021-10-15,,Active,L6,Data,Asia Pacific,E03204,ORG039
E02132,2026-06-08,,Active,L4,Finance,North America,E01015,ORG001
E02133,2026-10-05,,Active,L3,Product,Asia Pacific,E02333,ORG024
E02134,2022-12-09,,Active,L3,Operations,North America,E02069,ORG013
E02135,2023-11-21,,Active,L4,Program Management,Europe,E01215,ORG005
E02136,2024-09-21,,Active,L4,Product,Latin America,E04079,ORG041
E02137,2022-10-18,,Active,L2,Operations,Asia Pacific,E02420,ORG001
E02138,2026-11-01,,Active,L4,Product,Asia Pacific,E04617,ORG036
E02139,2020-03-05,,Active,L4,Product,Europe,E00013,ORG048
E02140,2018-09-25,,Active,L3,Product,North America,E04688,ORG024
E02141,2021-10-24,,Active,L4,Software Engineering,Europe,E03308,ORG018
E02142,2019-05-15,,Active,L2,Operations,North America,E03503,ORG030
E02143,2021-02-19,,Active,L3,Operations,Europe,E01371,ORG039
E02144,2019-01-04,,Active,L5,Data,Europe,E00367,ORG012
E02145,2018-03-07,,Active,L3,Operations,Europe,E01112,ORG013
E02146,2018-01-13,2024-03-31,Terminated,L4,HR,North America,E02180,ORG030
E02147,2020-11-26,,Active,L4,Data,North America,E01650,ORG046
E02148,2019-08-12,,Active,L3,Product,North America,E00926,ORG015
E02149,2020-04-18,,Active,L6,Marketing,North America,E00059,ORG019
E02150,2023-12-14,,Active,L3,Program Management,North America,E03483,ORG049
E02151,2026-07-19,,Active,L3,Data,North America,E03335,ORG009
E02152,2024-10-30,,Active,L6,Operations,Asia Pacific,E00795,ORG004
E02153,2020-02-12,,Active,L5,Program Management,North America,E03910,ORG029
E02154,2020-04-04,,Active,L5,Software Engineering,Asia Pacific,E04899,ORG002
E02155,2020-01-27,,Active,L2,Data,North America,E04999,ORG009
E02156,2026-11-01,,Active,L2,Sales,Asia Pacific,E00929,ORG031
E02157,2018-10-02,,Active,L4,Sales,Asia Pacific,E02092,ORG032
E02158,2023-08-29,,Active,L3,HR,Latin America,E00225,ORG025
E02159,2021-09-22,,Active,L3,Data,Asia Pacific,E00059,ORG019
E02160,2021-11-19,,Active,L5,Sales,Europe,E04222,ORG028
E02161,2023-05-04,,Active,L3,Operations,North America,E04844,ORG032
E02162,2025-08-13,,Active,L2,Operations,Europe,E00967,ORG039
E02163,2020-11-24,,Active,L2,Sales,North America,E02305,ORG039
E02164,2021-04-20,,Active,L4,Program Management,Asia Pacific,E00105,ORG033
E02165,2020-06-04,,Active,L4,Product,Asia Pacific,E04075,ORG044
E02166,2026-03-10,2026-11-09,Terminated,L6,Product,North America,E02782,ORG041
E02167,2020-05-17,,Active,L2,Marketing,Europe,E01418,ORG007
E02168,2025-05-26,,Active,L3,Operations,North America,E04848,ORG047
E02169,2025-11-19,,Active,L4,Finance,Europe,E00643,ORG044
E02170,2024-05-04,,Active,L3,Finance,Europe,E01264,ORG016
E02171,2025-08-26,,Active,L4,Software Engineering,Europe,E03760,ORG001
E02172,2022-08-14,,Active,L6,Program Management,Asia Pacific,E01999,ORG030
E02173,2024-09-16,,Active,L4,Marketing,North America,E03503,ORG022
E02174,2018-08-09,,Active,L4,Software Engineering,Asia Pacific,E01133,ORG037
E02175,2025-03-02,,Active,L7,Marketing,Europe,,ORG026
E02176,2021-03-17,,Active,L2,Product,North America,E03285,ORG004
E02177,2023-08-20,,Active,L6,Product,North America,E02827,ORG012
E02178,2021-02-17,,Active,L4,Data,North America,E00203,ORG043
E02179,2023-05-19,,Active,L4,Finance,Europe,E01574,ORG002
E02180,2021-02-15,,Active,L6,Product,Asia Pacific,E01447,ORG036
E02181,2025-05-02,,Active,L4,Operations,North America,E02994,ORG015
E02182,2020-10-11,,Active,L4,Finance,North America,E02153,ORG022
E02183,2022-05-13,,Active,L3,Finance,North America,E02367,ORG026
E02184,2020-11-09,,Active,L4,Marketing,North America,E00822,ORG013
E02185,2020-07-28,,Active,L4,Finance,North America,E04634,ORG032
E02186,2019-06-09,,Active,L3,Software Engineering,Europe,E03767,ORG034
E02187,2023-08-15,,Active,L5,HR,North America,E03346,ORG005
E02188,2020-06-05,,Active,L4,Data,Asia Pacific,E01306,ORG019
E02189,2022-06-01,,Active,L3,Sales,North America,E03415,ORG037
E02190,2019-01-30,,Active,L2,Product,Europe,E01129,ORG035
E02191,2019-12-28,,Active,L4,HR,North America,E02424,ORG027
E02192,2024-06-02,,Active,L2,Software Engineering,North America,E01274,ORG038
E02193,2018-08-16,,Active,L2,Program Management,North America,E01475,ORG006
E02194,2024-10-18,,Active,L4,HR,Asia Pacific,E03239,ORG006
E02195,2021-02-28,,Active,L2,Finance,Latin America,E01529,ORG032
E02196,2018-05-13,,Active,L3,Data,North America,E03685,ORG034
E02197,2021-07-09,,Active,L4,Data,Europe,E02533,ORG040
E02198,2021-01-21,,Active,L3,Marketing,Europe,E04912,ORG009
E02199,2020-11-20,,Active,L7,Operations,North America,,ORG026
E02200,2019-09-23,,Active,L6,Sales,Asia Pacific,E00922,ORG032
E02201,2019-06-01,,Active,L4,Data,North America,E04713,ORG011
E02202,2022-07-22,,Active,L7,Operations,Asia Pacific,,ORG026
E02203,2023-09-02,,Active,L6,Finance,Europe,E00629,ORG031
E02204,2023-03-22,,Active,L3,Marketing,North America,E02785,ORG011
E02205,2022-04-11,,Active,L5,HR,Asia Pacific,E01806,ORG019
E02206,2025-12-29,,Active,L2,Finance,North America,E03775,ORG011
E02207,2023-12-12,,Active,L5,Product,Asia Pacific,E00619,ORG044
E02208,2021-03-07,,Active,L4,Marketing,Asia Pacific,E01196,ORG012
E02209,2018-11-04,,Active,L2,Product,Europe,E01105,ORG006
E02210,2026-08-16,,Active,L3,Product,North America,E04584,ORG002
E02211,2024-10-19,,Active,L6,HR,North America,E02714,ORG003
E02212,2023-09-29,,Active,L3,Marketing,Europe,E00805,ORG010
E02213,2019-03-30,,Active,L3,Sales,Europe,E03950,ORG030
E02214,2026-04-07,,Active,L3,Software Engineering,Europe,E01366,ORG001
E02215,2023-06-16,,Active,L4,Sales,North America,E01063,ORG014
E02216,2021-03-22,,Active,L5,Program Management,Asia Pacific,E02472,ORG003
E02217,2025-03-02,,Active,L5,Software Engineering,Asia Pacific,E03958,ORG020
E02218,2022-03-25,,Active,L4,Marketing,Europe,E04197,ORG003
E02219,2024-11-21,,Active,L3,Marketing,North America,E00066,ORG030
E02220,2018-12-18,,Active,L2,Program Management,North America,E04492,ORG034
E02221,2022-09-11,,Active,L4,Data,North America,E04987,ORG036
E02222,2021-02-11,,Active,L5,Software Engineering,Asia Pacific,E01556,ORG011
E02223,2022-06-03,,Active,L5,Operations,Asia Pacific,E02612,ORG043
E02224,2021-07-03,,Active,L4,Data,Asia Pacific,E01824,ORG034
E02225,2021-04-12,,Active,L4,Product,North America,E02361,ORG003
E02226,2023-02-09,,Active,L4,Software Engineering,Asia Pacific,E03254,ORG022
E02227,2024-06-26,,Active,L4,Marketing,Asia Pacific,E03244,ORG038
E02228,2022-06-05,,Active,L4,Program Management,North America,E02355,ORG016
E02229,2021-03-31,,Active,L5,Program Management,North America,E02355,ORG019
E02230,2026-06-12,,Active,L4,Program Management,North America,E02438,ORG031
E02231,2019-09-07,,Active,L6,Data,Europe,E01998,ORG003
E02232,2024-02-29,,Active,L4,Operations,North America,E00588,ORG047
E02233,2019-03-27,,Active,L2,Marketing,North America,E01796,ORG009
E02234,2021-03-31,,Active,L3,Sales,Europe,E03600,ORG002
E02235,2023-06-08,2025-12-01,Terminated,L4,Product,Asia Pacific,E04899,ORG001
E02236,2020-08-09,,Active,L4,Data,Asia Pacific,E04059,ORG020
E02237,2025-09-14,,Active,L4,HR,Asia Pacific,E04326,ORG043
E02238,2020-03-30,,Active,L5,Sales,Asia Pacific,E03910,ORG040
E02239,2023-04-23,,Active,L3,Marketing,Europe,E02527,ORG045
E02240,2021-02-01,,Active,L5,Finance,Asia Pacific,E03411,ORG026
E02241,2018-07-16,,Active,L5,Operations,North America,E04180,ORG022
E02242,2026-07-17,,Active,L4,HR,Asia Pacific,E01054,ORG019
E02243,2023-12-24,,Active,L4,HR,Asia Pacific,E00721,ORG003
E02244,2019-10-28,,Active,L3,HR,Europe,E01258,ORG045
E02245,2018-11-03,,Active,L4,Product,North America,E02693,ORG025
E02246,2021-03-26,,Active,L5,Marketing,North America,E03924,ORG023
E02247,2018-04-07,,Active,L6,Data,North America,E02229,ORG025
E02248,2025-12-27,,Active,L4,Data,North America,E04919,ORG039
E02249,2020-05-14,,Active,L3,Finance,North America,E01589,ORG011
E02250,2026-01-03,,Active,L5,Finance,North America,E02295,ORG035
E02251,2018-06-11,,Active,L5,Operations,North America,E04574,ORG035
E02252,2020-03-12,,Active,L3,Marketing,Asia Pacific,E00835,ORG042
E02253,2020-02-10,,Active,L5,Sales,Europe,E04156,ORG001
E02254,2022-06-17,,Active,L2,HR,Asia Pacific,E00729,ORG009
E02255,2018-12-01,,Active,L2,Software Engineering,North America,E04535,ORG023
E02256,2024-03-20,,Active,L2,Data,North America,E01574,ORG042
E02257,2025-06-20,,Active,L2,Software Engineering,North America,E03189,ORG047
E02258,2021-12-19,,Active,L6,Finance,Asia Pacific,E03578,ORG029
E02259,2020-11-25,,Active,L4,HR,North America,E01824,ORG011
E02260,2018-08-23,,Active,L3,Sales,Europe,E02786,ORG009
E02261,2022-09-21,,Active,L4,Data,North America,E03798,ORG031
E02262,2024-02-25,,Active,L3,Product,North America,E04391,ORG011
E02263,2025-02-18,,Active,L3,Program Management,North America,E00518,ORG027
E02264,2022-09-26,,Active,L2,Finance,North America,E02492,ORG041
E02265,2026-09-11,,Active,L4,Data,North America,E04270,ORG019
E02266,2020-07-06,,Active,L2,Sales,Asia Pacific,E02810,ORG019
E02267,2026-08-28,,Active,L5,Data,North America,E00118,ORG002
E02268,2018-08-05,,Active,L3,Operations,North America,E00591,ORG013
E02269,2025-07-17,,Active,L5,Marketing,North America,E04083,ORG034
E02270,2023-11-23,,Active,L5,Software Engineering,Latin America,E02073,ORG018
E02271,2020-04-25,,Active,L2,HR,Europe,E03524,ORG008
E02272,2018-06-02,,Active,L2,Operations,Europe,E04462,ORG006
E02273,2018-04-26,,Active,L6,Sales,Europe,E00423,ORG005
E02274,2019-12-07,,Active,L4,Finance,Asia Pacific,E02251,ORG032
E02275,2024-04-10,,Active,L4,Sales,North America,E00713,ORG030
E02276,2019-12-12,,Active,L2,Program Management,Asia Pacific,E04214,ORG026
E02277,2023-08-05,,Active,L3,Software Engineering,Asia Pacific,E02240,ORG025
E02278,2025-07-14,,Active,L4,HR,North America,E04394,ORG008
E02279,2020-01-28,,Active,L6,Marketing,North America,E01461,ORG025
E02280,2020-02-09,,Active,L3,Program Management,Europe,E00693,ORG003
E02281,2022-02-22,,Active,L5,Sales,North America,E04349,ORG045
E02282,2025-09-07,,Active,L5,Sales,North America,E03115,ORG003
E02283,2019-06-02,,Active,L2,Finance,North America,E00925,ORG021
E02284,2024-06-22,,Active,L3,Sales,North America,E03454,ORG001
E02285,2021-01-06,,Active,L3,Finance,Europe,E02028,ORG039
E02286,2022-04-09,,Active,L4,Sales,North America,E00203,ORG009
E02287,2022-11-30,,Active,L4,Program Management,Europe,E01226,ORG045
E02288,2019-03-05,,Active,L4,Operations,North America,E03767,ORG003
E02289,2024-03-19,,Active,L3,Data,North America,E00598,ORG040
E02290,2020-04-10,,Active,L5,Software Engineering,North America,E01650,ORG032
E02291,2024-04-26,,Active,L4,Finance,Asia Pacific,E01224,ORG013
E02292,2024-07-04,,Active,L4,HR,North America,E03702,ORG010
E02293,2021-10-30,,Active,L4,Data,Europe,E04324,ORG018
E02294,2026-12-06,,Active,L3,Data,Asia Pacific,E03934,ORG041
E02295,2021-02-11,,Active,L5,Data,Europe,E03600,ORG042
E02296,2022-04-17,,Active,L3,Operations,North America,E00429,ORG009
E02297,2019-05-05,,Active,L3,Program Management,North America,E04563,ORG018
E02298,2022-06-23,,Active,L2,Data,Europe,E00797,ORG012
E02299,2019-07-06,,Active,L4,Sales,Asia Pacific,E01983,ORG006
E02300,2025-06-05,,Active,L4,Operations,Asia Pacific,E04133,ORG032
E02301,2025-05-20,,Active,L3,Data,Europe,E01142,ORG017
E02302,2022-05-03,,Active,L5,HR,North America,E01016,ORG011
E02303,2025-04-06,,Active,L5,Marketing,Asia Pacific,E00111,ORG042
E02304,2020-04-21,,Active,L2,Program Management,Europe,E01735,ORG037
E02305,2023-06-22,,Active,L5,Marketing,Latin America,E02482,ORG038
E02306,2023-03-11,,Active,L3,Program Management,Asia Pacific,E02322,ORG002
E02307,2021-08-28,,Active,L7,Data,North America,,ORG045
E02308,2018-01-15,,Leave,L3,Software Engineering,Europe,E00173,ORG028
E02309,2021-05-01,,Active,L3,Data,Europe,E00978,ORG025
E02310,2025-06-15,,Active,L4,Product,North America,E00021,ORG001
E02311,2021-08-09,,Active,L3,Program Management,Europe,E01063,ORG044
E02312,2022-04-18,,Active,L5,Program Management,North America,E03074,ORG027
E02313,2018-12-20,,Active,L4,Operations,North America,E00038,ORG040
E02314,2026-04-09,,Active,L3,Sales,Asia Pacific,E00809,ORG032
E02315,2019-11-08,,Active,L4,Data,North America,E02766,ORG039
E02316,2024-04-01,,Active,L6,Marketing,Asia Pacific,E02835,ORG034
E02317,2024-04-11,,Active,L5,Product,North America,E04485,ORG045
E02318,2024-09-24,,Active,L4,Marketing,Asia Pacific,E02897,ORG011
E02319,2022-10-20,,Active,L3,Software Engineering,Asia Pacific,E04616,ORG010
E02320,2021-02-10,,Active,L3,Data,Asia Pacific,E03656,ORG035
E02321,2018-11-26,,Active,L6,Software Engineering,North America,E02786,ORG025
E02322,2021-10-10,,Active,L5,Product,Latin America,E01871,ORG029
E02323,2020-12-06,,Active,L4,Marketing,North America,E00527,ORG035
E02324,2024-06-19,,Active,L6,Operations,Asia Pacific,E03533,ORG027
E02325,2023-03-16,,Active,L2,Software Engineering,North America,E04686,ORG039
E02326,2018-07-03,,Active,L5,Finance,North America,E01767,ORG016
E02327,2026-10-19,,Active,L3,Operations,Europe,E01726,ORG042
E02328,2022-11-24,,Active,L2,HR,North America,E00463,ORG006
E02329,2025-09-16,,Active,L4,HR,North America,E03020,ORG031
E02330,2021-08-31,,Active,L3,Sales,North America,E01516,ORG044
E02331,2025-07-28,,Active,L6,Software Engineering,North America,E00041,ORG013
E02332,2026-01-16,,Active,L3,Operations,Latin America,E00036,ORG016
E02333,2023-05-23,,Active,L5,Finance,Europe,E01637,ORG015
E02334,2022-06-15,,Active,L5,Finance,North America,E02302,ORG028
E02335,2019-07-22,,Active,L5,Marketing,Asia Pacific,E02267,ORG020
E02336,2019-11-24,,Active,L6,Marketing,Europe,E03725,ORG006
E02337,2021-12-09,,Active,L4,Sales,Asia Pacific,E02690,ORG044
E02338,2025-11-20,,Active,L3,Product,Europe,E03921,ORG010
E02339,2024-08-06,,Active,L3,Operations,North America,E01447,ORG026
E02340,2025-06-25,,Active,L3,Sales,North America,E01121,ORG029
E02341,2022-09-14,,Active,L6,Product,Asia Pacific,E02753,ORG002
E02342,2023-06-17,,Active,L4,HR,Asia Pacific,E00507,ORG005
E02343,2021-01-06,,Active,L3,Product,Asia Pacific,E03837,ORG048
E02344,2023-02-01,,Active,L3,Software Engineering,North America,E00899,ORG033
E02345,2026-10-09,,Active,L4,Product,Asia Pacific,E04566,ORG002
E02346,2022-06-10,,Active,L5,Marketing,North America,E04923,ORG039
E02347,2023-11-03,,Active,L3,Marketing,Europe,E02740,ORG025
E02348,2026-11-04,,Active,L5,Sales,North America,E01524,ORG004
E02349,2019-02-25,,Active,L4,Product,Asia Pacific,E01655,ORG033
E02350,2025-12-08,,Active,L5,Sales,Latin America,E02101,ORG025
E02351,2018-04-16,,Active,L3,Software Engineering,North America,E02371,ORG010
E02352,2018-08-30,,Active,L4,Software Engineering,Asia Pacific,E00352,ORG043
E02353,2019-10-03,,Active,L2,Product,Europe,E00937,ORG015
E02354,2018-05-22,,Active,L3,Software Engineering,North America,E03943,ORG014
E02355,2025-11-23,,Active,L5,Finance,North America,E00225,ORG014
E02356,2024-07-08,,Active,L4,HR,Asia Pacific,E02217,ORG038
E02357,2024-11-01,,Active,L3,Data,North America,E04377,ORG035
E02358,2025-02-23,,Active,L5,Data,North America,E00418,ORG044
E02359,2019-04-27,,Active,L2,Operations,Asia Pacific,E04616,ORG012
E02360,2024-10-11,,Active,L4,Software Engineering,Europe,E02346,ORG039
E02361,2024-02-13,,Active,L7,Sales,Asia Pacific,,ORG028
E02362,2020-03-09,,Active,L4,Program Management,Europe,E02073,ORG015
E02363,2024-02-26,,Active,L5,Program Management,Europe,E03587,ORG002
E02364,2022-06-16,,Active,L4,Data,Asia Pacific,E03890,ORG040
E02365,2022-09-01,,Active,L5,HR,North America,E02346,ORG012
E02366,2024-05-24,,Active,L4,HR,North America,E00393,ORG031
E02367,2022-07-30,,Active,L5,HR,Europe,E04847,ORG027
E02368,2022-12-24,,Active,L3,Operations,Latin America,E00038,ORG001
E02369,2019-10-16,,Active,L5,Product,North America,E04365,ORG049
E02370,2021-08-07,,Active,L3,Data,Latin America,E02117,ORG040
E02371,2024-06-28,,Active,L7,Product,Asia Pacific,,ORG024
E02372,2018-10-19,,Active,L3,Operations,North America,E02603,ORG033
E02373,2021-09-24,,Active,L3,Software Engineering,North America,E03840,ORG024
E02374,2020-09-14,,Active,L5,Data,North America,E04693,ORG037
E02375,2020-10-15,,Active,L3,Software Engineering,Europe,E00728,ORG007
E02376,2026-10-11,,Active,L3,Data,North America,E04052,ORG022
E02377,2019-12-10,,Active,L5,Data,North America,E03306,ORG017
E02378,2023-03-20,,Active,L2,Operations,North America,E01777,ORG023
E02379,2024-12-10,,Active,L2,HR,Latin America,E02084,ORG022
E02380,2019-07-20,,Active,L4,Operations,North America,E03872,ORG007
E02381,2026-03-30,2026-09-30,Terminated,L3,Data,North America,E00666,ORG048
E02382,2022-01-29,,Active,L3,Program Management,North America,E02547,ORG001
E02383,2022-09-29,,Active,L2,Data,North America,E03648,ORG001
E02384,2022-10-31,,Active,L3,Finance,North America,E02749,ORG019
E02385,2024-10-17,,Active,L3,Product,Asia Pacific,E02216,ORG031
E02386,2021-06-17,,Active,L2,Program Management,Europe,E02648,ORG009
E02387,2023-12-08,2026-07-22,Terminated,L4,Marketing,North America,E02583,ORG026
E02388,2022-05-27,,Active,L4,Finance,Asia Pacific,E04011,ORG035
E02389,2020-07-20,,Active,L2,HR,North America,E04095,ORG005
E02390,2021-12-30,,Active,L3,Program Management,Asia Pacific,E04575,ORG048
E02391,2023-04-26,,Active,L6,Marketing,North America,E00337,ORG017
E02392,2026-12-11,,Active,L4,HR,Asia Pacific,E01547,ORG032
E02393,2020-10-18,,Active,L4,Operations,Latin America,E04394,ORG006
E02394,2019-07-05,,Active,L4,Finance,Asia Pacific,E03209,ORG035
E02395,2024-05-06,,Active,L3,Finance,North America,E01826,ORG041
E02396,2023-08-03,,Active,L5,Software Engineering,Europe,E03162,ORG006
E02397,2019-02-16,,Active,L6,Product,Asia Pacific,E02303,ORG007
E02398,2026-12-09,,Active,L6,HR,Europe,E04433,ORG014
E02399,2022-01-31,,Active,L3,Program Management,North America,E02827,ORG001
E02400,2019-03-25,,Active,L3,Sales,North America,E02211,ORG048
E02401,2025-05-01,,Active,L3,Operations,North America,E03150,ORG029
E02402,2020-05-01,,Active,L3,Data,North America,E00914,ORG030
E02403,2023-03-29,,Active,L3,Finance,North America,E03867,ORG047
E02404,2020-08-19,,Active,L4,Finance,Europe,E00968,ORG041
E02405,2023-01-17,,Active,L3,Program Management,North America,E00103,ORG040
E02406,2020-03-04,,Active,L6,Sales,North America,E00216,ORG017
E02407,2024-12-16,,Active,L2,Program Management,North America,E00309,ORG017
E02408,2019-11-08,,Active,L2,Software Engineering,Latin America,E00486,ORG015
E02409,2023-05-24,,Active,L5,Software Engineering,Europe,E00212,ORG017
E02410,2022-02-07,,Active,L5,Marketing,Europe,E01468,ORG018
E02411,2025-08-19,,Active,L3,Program Management,Asia Pacific,E04803,ORG007
E02412,2023-10-05,,Active,L4,Program Management,Europe,E00491,ORG018
E02413,2018-08-30,,Active,L3,Product,North America,E03391,ORG022
E02414,2020-01-09,,Active,L3,HR,Europe,E04364,ORG015
E02415,2021-05-11,,Active,L4,Finance,North America,E04047,ORG009
E02416,2024-12-19,,Active,L3,Marketing,Europe,E01752,ORG019
E02417,2020-01-30,,Active,L4,Marketing,North America,E00225,ORG024
E02418,2024-10-18,,Active,L3,Marketing,Asia Pacific,E01777,ORG035
E02419,2022-02-02,,Active,L5,Product,Europe,E03053,ORG035
E02420,2019-02-04,,Active,L5,Finance,North America,E03801,ORG010
E02421,2021-09-19,,Active,L3,Program Management,Europe,E00679,ORG002
E02422,2024-06-16,,Active,L2,HR,North America,E01469,ORG015
E02423,2018-11-24,,Active,L4,HR,North America,E03053,ORG008
E02424,2025-07-10,,Active,L5,Product,Asia Pacific,E03594,ORG020
E02425,2022-10-28,2026-09-04,Terminated,L4,Sales,Asia Pacific,E01517,ORG048
E02426,2022-12-15,,Active,L5,Product,Europe,E04101,ORG009
E02427,2020-05-25,,Active,L4,Marketing,North America,E04005,ORG016
E02428,2023-09-19,,Active,L3,Sales,North America,E01746,ORG036
E02429,2023-05-08,,Active,L4,Data,North America,E02724,ORG025
E02430,2020-08-11,,Active,L3,Program Management,Europe,E02367,ORG003
E02431,2026-02-06,,Active,L5,Program Management,Europe,E03344,ORG008
E02432,2020-12-17,,Active,L3,Sales,North America,E01565,ORG046
E02433,2022-01-25,,Active,L3,HR,North America,E01603,ORG005
E02434,2021-06-09,,Active,L4,Data,North America,E02073,ORG031
E02435,2023-02-16,,Active,L4,Sales,North America,E01014,ORG039
E02436,2021-08-26,,Active,L4,Software Engineering,North America,E02943,ORG013
E02437,2018-10-30,,Active,L4,Program Management,North America,E04789,ORG036
E02438,2019-01-11,,Active,L6,Software Engineering,North America,E01691,ORG009
E02439,2022-04-18,,Active,L5,Software Engineering,North America,E04325,ORG014
E02440,2018-11-29,,Active,L6,Operations,North America,E02305,ORG016
E02441,2022-05-20,,Active,L4,Data,Europe,E00810,ORG050
E02442,2022-05-27,,Active,L4,Data,Asia Pacific,E02497,ORG011
E02443,2021-08-23,,Active,L4,Sales,North America,E02512,ORG007
E02444,2019-02-11,,Active,L4,Program Management,North America,E00108,ORG045
E02445,2025-08-27,,Active,L3,Finance,Europe,E02371,ORG008
E02446,2018-04-10,,Active,L4,Marketing,North America,E00803,ORG043
E02447,2019-06-27,,Active,L2,Data,North America,E03970,ORG032
E02448,2024-06-18,,Active,L2,Sales,North America,E02756,ORG028
E02449,2023-12-18,,Active,L5,Data,North America,E01477,ORG037
E02450,2024-11-16,,Active,L2,HR,Asia Pacific,E00017,ORG036
E02451,2022-12-24,,Active,L4,Product,Asia Pacific,E02883,ORG006
E02452,2020-02-11,,Active,L4,Software Engineering,North America,E03524,ORG050
E02453,2024-05-03,,Active,L3,Product,North America,E02074,ORG046
E02454,2024-05-28,,Active,L6,Program Management,Latin America,E04530,ORG044
E02455,2018-02-28,,Active,L3,HR,Europe,E00932,ORG031
E02456,2020-09-30,,Active,L6,HR,Latin America,E03790,ORG026
E02457,2024-11-21,,Active,L5,HR,Asia Pacific,E02492,ORG026
E02458,2021-10-25,,Active,L3,Data,North America,E01530,ORG001
E02459,2022-04-29,,Active,L2,Marketing,North America,E01374,ORG025
E02460,2024-06-06,,Active,L3,Program Management,North America,E02223,ORG031
E02461,2025-12-20,,Active,L3,Software Engineering,Asia Pacific,E00377,ORG032
E02462,2018-08-08,,Active,L3,Marketing,North America,E03244,ORG017
E02463,2018-04-18,,Active,L7,Sales,Europe,,ORG023
E02464,2023-02-21,,Active,L3,Data,Europe,E01999,ORG031
E02465,2023-06-03,,Active,L5,Program Management,Asia Pacific,E03409,ORG021
E02466,2026-08-08,,Active,L2,Marketing,Asia Pacific,E02606,ORG047
E02467,2023-03-22,2024-03-17,Terminated,L7,HR,North America,,ORG035
E02468,2026-05-19,,Active,L3,Software Engineering,North America,E04899,ORG001
E02469,2023-12-09,,Active,L4,HR,Europe,E00391,ORG002
E02470,2022-01-19,,Active,L4,Software Engineering,Asia Pacific,E02465,ORG034
E02471,2023-03-25,,Active,L2,Program Management,Europe,E02724,ORG020
E02472,2019-09-02,,Active,L5,Software Engineering,Europe,E01178,ORG041
E02473,2020-06-10,,Active,L3,HR,Asia Pacific,E03358,ORG009
E02474,2019-01-28,,Active,L4,Marketing,North America,E01752,ORG001
E02475,2025-12-12,,Active,L4,Data,North America,E03831,ORG019
E02476,2021-08-29,,Active,L4,Finance,Asia Pacific,E04596,ORG036
E02477,2026-01-13,,Active,L2,Product,Europe,E04270,ORG048
E02478,2020-09-06,,Active,L3,HR,Asia Pacific,E03180,ORG043
E02479,2024-08-09,2026-11-29,Terminated,L3,Software Engineering,North America,E03608,ORG024
E02480,2023-05-07,,Active,L3,Program Management,Europe,E04333,ORG040
E02481,2022-10-20,,Active,L2,Software Engineering,North America,E04910,ORG004
E02482,2023-10-28,,Active,L6,Sales,North America,E03656,ORG028
E02483,2023-01-27,,Active,L4,Data,North America,E04560,ORG045
E02484,2024-10-17,,Active,L4,Finance,Asia Pacific,E04829,ORG020
E02485,2020-03-23,,Active,L3,Software Engineering,North America,E00865,ORG047
E02486,2018-09-10,,Active,L3,Finance,North America,E02517,ORG011
E02487,2022-02-10,,Active,L4,HR,North America,E01734,ORG006
E02488,2020-09-29,,Active,L3,HR,North America,E04744,ORG026
E02489,2023-11-28,,Active,L3,Data,Europe,E03740,ORG044
E02490,2019-09-18,,Active,L4,HR,Europe,E04424,ORG016
E02491,2018-09-11,,Active,L4,Product,Europe,E01691,ORG039
E02492,2023-11-10,,Active,L7,HR,North America,,ORG009
E02493,2024-11-13,,Active,L3,Marketing,North America,E04219,ORG037
E02494,2025-07-18,,Active,L4,Software Engineering,North America,E00378,ORG027
E02495,2021-02-05,,Active,L2,Program Management,Europe,E04689,ORG009
E02496,2018-03-31,,Active,L3,Sales,Asia Pacific,E01098,ORG035
E02497,2021-01-17,,Active,L5,Software Engineering,North America,E02685,ORG035
E02498,2020-02-27,,Active,L3,Product,Latin America,E03601,ORG025
E02499,2019-05-09,,Active,L4,Operations,North America,E03735,ORG011
E02500,2021-05-27,,Active,L4,Marketing,Asia Pacific,E01002,ORG007
E02501,2018-11-14,,Active,L2,Product,Europe,E02807,ORG047
E02502,2023-10-16,,Active,L6,Program Management,Europe,E02697,ORG032
E02503,2023-11-30,,Active,L4,Sales,Europe,E03886,ORG040
E02504,2026-08-13,,Active,L5,Software Engineering,North America,E01555,ORG034
E02505,2023-11-05,,Active,L4,Product,Asia Pacific,E03836,ORG041
E02506,2023-10-13,,Active,L6,Product,North America,E03125,ORG008
E02507,2026-11-01,,Active,L3,Program Management,Europe,E03803,ORG025
E02508,2022-11-16,,Active,L4,Finance,North America,E04388,ORG033
E02509,2020-11-30,,Active,L5,Software Engineering,North America,E02098,ORG006
E02510,2021-01-08,,Active,L3,Program Management,Asia Pacific,E02110,ORG008
E02511,2018-06-16,,Active,L3,Marketing,North America,E03981,ORG031
E02512,2018-09-27,,Active,L7,Sales,North America,,ORG043
E02513,2024-02-28,2025-02-03,Terminated,L4,Marketing,North America,E03907,ORG032
E02514,2021-03-31,,Active,L5,HR,Europe,E04394,ORG002
E02515,2022-12-10,,Active,L4,Finance,Asia Pacific,E02786,ORG047
E02516,2021-12-09,,Active,L5,Software Engineering,Latin America,E03196,ORG007
E02517,2022-09-11,,Active,L6,Software Engineering,Europe,E00251,ORG012
E02518,2021-08-03,,Active,L4,Operations,North America,E02250,ORG048
E02519,2025-01-07,,Active,L3,Program Management,North America,E01160,ORG038
E02520,2022-05-27,,Active,L2,Sales,North America,E04270,ORG046
E02521,2021-06-28,,Active,L4,Data,Europe,E00581,ORG040
E02522,2026-05-01,,Active,L5,Marketing,Latin America,E03898,ORG032
E02523,2025-04-05,,Active,L4,Software Engineering,North America,E04181,ORG014
E02524,2024-04-01,,Active,L3,Program Management,North America,E02331,ORG016
E02525,2020-09-05,,Active,L3,Program Management,Europe,E03340,ORG046
E02526,2024-07-20,,Active,L4,Marketing,Europe,E02933,ORG042
E02527,2025-12-26,,Active,L5,HR,Europe,E03438,ORG018
E02528,2019-02-04,,Active,L3,Data,North America,E03427,ORG019
E02529,2024-03-01,,Active,L4,Sales,North America,E01191,ORG015
E02530,2026-07-27,,Leave,L5,HR,North America,E03437,ORG016
E02531,2026-12-10,,Active,L6,Data,North America,E04503,ORG042
E02532,2019-09-12,,Active,L2,Sales,Europe,E01517,ORG001
E02533,2018-10-20,,Active,L6,Data,North America,E01485,ORG022
E02534,2023-07-28,,Active,L4,Program Management,North America,E01418,ORG046
E02535,2020-12-24,,Active,L5,Software Engineering,Latin America,E04556,ORG027
E02536,2020-10-04,,Active,L2,Data,Europe,E04433,ORG022
E02537,2023-08-18,,Active,L4,Finance,North America,E01687,ORG016
E02538,2024-04-27,,Active,L4,HR,Latin America,E04679,ORG004
E02539,2019-11-14,,Active,L3,Operations,North America,E03823,ORG011
E02540,2025-10-08,,Active,L4,Program Management,Asia Pacific,E01974,ORG005
E02541,2019-09-02,,Active,L4,Operations,North America,E04111,ORG007
E02542,2025-06-27,,Active,L4,Software Engineering,Asia Pacific,E04562,ORG008
E02543,2023-03-03,,Active,L2,Data,North America,E04353,ORG015
E02544,2020-05-09,,Active,L4,Software Engineering,North America,E02334,ORG001
E02545,2021-01-21,,Active,L3,Data,Latin America,E01015,ORG046
E02546,2022-06-15,,Active,L6,HR,Europe,E00816,ORG006
E02547,2019-08-19,,Active,L7,Finance,North America,,ORG019
E02548,2022-06-19,,Active,L3,Software Engineering,North America,E04133,ORG043
E02549,2021-07-12,,Active,L3,Finance,North America,E03702,ORG006
E02550,2025-11-10,,Active,L3,Operations,North America,E03566,ORG024
E02551,2018-02-05,,Active,L4,Software Engineering,Europe,E00190,ORG041
E02552,2018-06-02,,Active,L6,Marketing,North America,E04829,ORG027
E02553,2021-10-05,,Active,L4,Marketing,Latin America,E00549,ORG011
E02554,2021-11-15,,Active,L2,HR,Asia Pacific,E02941,ORG036
E02555,2024-09-24,,Active,L2,Sales,Latin America,E04697,ORG033
E02556,2025-04-06,,Active,L3,Operations,Europe,E01146,ORG018
E02557,2022-01-26,,Active,L5,Sales,North America,E02613,ORG003
E02558,2023-12-31,,Active,L4,Operations,Europe,E04206,ORG001
E02559,2024-06-14,2026-07-15,Terminated,L4,Software Engineering,North America,E01258,ORG040
E02560,2022-08-04,,Active,L3,Software Engineering,North America,E00490,ORG016
E02561,2023-07-14,,Active,L6,Sales,Asia Pacific,E02377,ORG007
E02562,2022-08-12,,Active,L3,Operations,Europe,E03974,ORG026
E02563,2018-05-02,,Active,L5,HR,North America,E02922,ORG045
E02564,2019-09-22,2026-06-17,Terminated,L6,Software Engineering,North America,E02180,ORG001
E02565,2020-10-05,2025-09-01,Terminated,L4,Operations,North America,E03203,ORG003
E02566,2023-05-10,,Active,L6,Data,Europe,E00217,ORG021
E02567,2021-11-20,2026-08-03,Terminated,L3,Software Engineering,North America,E01688,ORG033
E02568,2026-11-02,,Active,L4,Data,Asia Pacific,E04397,ORG024
E02569,2024-09-02,,Leave,L2,Software Engineering,Europe,E01900,ORG044
E02570,2024-12-21,,Active,L4,Finance,North America,E04829,ORG003
E02571,2020-09-23,,Active,L3,Data,Asia Pacific,E02785,ORG017
E02572,2025-11-20,,Active,L2,Software Engineering,Asia Pacific,E04666,ORG018
E02573,2020-07-25,,Active,L2,HR,Asia Pacific,E03158,ORG017
E02574,2023-12-22,,Active,L3,Software Engineering,North America,E02041,ORG024
E02575,2024-09-21,,Active,L4,Finance,North America,E04590,ORG039
E02576,2024-04-26,,Active,L4,Sales,Europe,E01280,ORG016
E02577,2019-07-05,,Active,L3,Sales,Asia Pacific,E01930,ORG037
E02578,2026-05-17,,Active,L7,Software Engineering,Latin America,,ORG008
E02579,2021-08-22,,Active,L6,Software Engineering,North America,E03648,ORG028
E02580,2018-02-26,,Active,L2,HR,Europe,E04377,ORG019
E02581,2024-09-01,,Active,L4,Program Management,North America,E00926,ORG027
E02582,2026-03-22,,Active,L4,Program Management,North America,E04972,ORG006
E02583,2025-09-20,,Active,L5,Operations,North America,E02106,ORG047
E02584,2021-11-05,,Active,L3,Finance,North America,E01655,ORG044
E02585,2018-12-09,,Active,L5,Operations,Europe,E00605,ORG040
E02586,2019-06-14,,Active,L2,Data,North America,E00114,ORG044
E02587,2021-09-20,,Active,L3,Data,Europe,E02823,ORG008
E02588,2023-12-04,,Active,L5,Data,Europe,E03068,ORG025
E02589,2021-01-28,,Active,L4,Product,North America,E00448,ORG016
E02590,2025-01-30,,Active,L5,Sales,Europe,E04511,ORG043
E02591,2021-06-14,,Active,L2,Marketing,North America,E02766,ORG010
E02592,2022-03-10,,Active,L3,Operations,North America,E00229,ORG011
E02593,2018-07-07,,Active,L2,Data,Latin America,E04207,ORG034
E02594,2025-04-22,,Active,L3,Data,North America,E00933,ORG005
E02595,2019-03-28,,Active,L2,Sales,North America,E03361,ORG036
E02596,2026-04-14,,Active,L4,Program Management,Europe,E03391,ORG013
E02597,2026-07-03,,Active,L4,Sales,North America,E04050,ORG032
E02598,2021-10-03,,Active,L4,Operations,North America,E04048,ORG043
E02599,2019-02-05,,Active,L3,Sales,Asia Pacific,E04931,ORG030
E02600,2026-10-01,,Active,L2,Software Engineering,Europe,E00416,ORG011
E02601,2024-12-06,,Active,L5,Sales,Europe,E01764,ORG003
E02602,2022-05-03,2026-06-23,Terminated,L2,Operations,Asia Pacific,E01762,ORG003
E02603,2019-07-31,,Active,L6,Program Management,North America,E01824,ORG005
E02604,2022-12-11,,Active,L2,Operations,North America,E01135,ORG029
E02605,2019-10-03,,Active,L4,Product,North America,E01127,ORG017
E02606,2019-12-27,,Active,L6,Finance,North America,E04828,ORG012
E02607,2018-05-07,,Active,L4,HR,Latin America,E04495,ORG011
E02608,2023-05-30,,Active,L4,Sales,Asia Pacific,E03415,ORG046
E02609,2019-09-19,,Active,L5,Marketing,North America,E02807,ORG006
E02610,2018-10-04,,Active,L2,Program Management,North America,E02358,ORG015
E02611,2024-01-03,,Active,L5,HR,North America,E03411,ORG023
E02612,2020-08-12,,Active,L6,Sales,Europe,E04330,ORG001
E02613,2020-11-26,,Active,L7,Data,North America,,ORG045
E02614,2023-01-20,,Active,L4,Operations,Asia Pacific,E02086,ORG005
E02615,2020-06-09,,Active,L3,HR,North America,E02745,ORG034
E02616,2020-05-27,,Active,L5,Operations,North America,E04559,ORG031
E02617,2025-02-05,,Active,L4,Data,Latin America,E04556,ORG040
E02618,2018-08-10,,Active,L3,Finance,Asia Pacific,E01098,ORG032
E02619,2024-05-15,,Active,L3,Program Management,North America,E01135,ORG038
E02620,2020-11-22,,Active,L3,Finance,North America,E00975,ORG021
E02621,2021-06-05,,Active,L4,Data,Asia Pacific,E00114,ORG024
E02622,2022-08-05,,Active,L3,Data,Europe,E03460,ORG034
E02623,2026-12-29,,Active,L2,Finance,Europe,E02100,ORG028
E02624,2019-02-19,,Active,L2,Marketing,Europe,E00132,ORG025
E02625,2019-08-18,,Active,L6,Finance,Latin America,E00975,ORG010
E02626,2021-07-04,,Active,L2,Marketing,Europe,E02704,ORG013
E02627,2019-11-09,,Active,L2,Sales,North America,E04175,ORG018
E02628,2024-03-09,,Active,L4,Product,North America,E03313,ORG001
E02629,2024-11-10,,Active,L3,Data,Asia Pacific,E02710,ORG021
E02630,2018-03-16,,Active,L7,Finance,North America,,ORG001
E02631,2024-04-13,,Active,L6,Finance,North America,E00902,ORG028
E02632,2024-12-29,,Active,L4,HR,Europe,E01375,ORG035
E02633,2023-04-23,,Active,L4,Operations,North America,E03907,ORG028
E02634,2018-09-13,,Active,L3,Marketing,Latin America,E03879,ORG034
E02635,2023-03-25,,Active,L2,Sales,North America,E04351,ORG001
E02636,2026-11-25,,Active,L3,Finance,Europe,E02688,ORG003
E02637,2023-03-29,,Active,L2,Operations,Europe,E01299,ORG034
E02638,2023-04-13,,Active,L2,Data,North America,E02530,ORG039
E02639,2022-06-11,,Active,L4,Sales,North America,E04485,ORG035
E02640,2026-12-29,,Active,L2,HR,North America,E00879,ORG033
E02641,2018-10-11,,Active,L2,Marketing,Asia Pacific,E04245,ORG035
E02642,2024-09-07,,Active,L4,Data,Asia Pacific,E04978,ORG036
E02643,2020-09-07,,Active,L4,Software Engineering,North America,E04087,ORG036
E02644,2025-06-27,,Active,L2,HR,North America,E03296,ORG036
E02645,2018-10-13,,Active,L2,Operations,Latin America,E02000,ORG004
E02646,2023-05-24,,Active,L3,Finance,North America,E04288,ORG004
E02647,2019-01-09,,Active,L3,Program Management,Asia Pacific,E00790,ORG018
E02648,2023-11-28,,Active,L5,Finance,North America,E03813,ORG026
E02649,2021-06-28,,Active,L6,Finance,North America,E01973,ORG037
E02650,2023-03-03,,Active,L4,Software Engineering,Europe,E02530,ORG017
E02651,2025-04-27,,Active,L4,HR,North America,E02303,ORG014
E02652,2021-11-14,,Active,L5,Operations,Asia Pacific,E00039,ORG038
E02653,2020-03-31,,Active,L4,Finance,Europe,E04934,ORG013
E02654,2023-02-04,,Active,L3,Finance,Europe,E03334,ORG040
E02655,2018-09-22,,Active,L2,HR,Europe,E03035,ORG009
E02656,2024-04-04,,Active,L4,Product,Europe,E00486,ORG018
E02657,2018-04-14,,Active,L4,Data,Asia Pacific,E03898,ORG020
E02658,2025-11-06,,Active,L2,Software Engineering,Europe,E04812,ORG015
E02659,2022-07-09,,Active,L3,Marketing,Asia Pacific,E04069,ORG001
E02660,2021-09-19,,Active,L3,Product,Europe,E01178,ORG012
E02661,2026-09-25,,Active,L3,Product,North America,E00882,ORG017
E02662,2022-01-18,,Active,L4,Sales,North America,E01773,ORG016
E02663,2019-06-23,2025-07-26,Terminated,L4,Product,North America,E00098,ORG039
E02664,2021-06-29,,Active,L4,Operations,North America,E02793,ORG003
E02665,2024-12-11,,Active,L3,Program Management,North America,E02270,ORG019
E02666,2020-11-25,,Active,L2,Finance,North America,E02527,ORG002
E02667,2022-07-22,,Active,L5,Finance,North America,E04955,ORG046
E02668,2024-02-09,,Active,L4,Operations,Asia Pacific,E03268,ORG039
E02669,2023-11-01,,Active,L2,Operations,Asia Pacific,E02027,ORG048
E02670,2023-12-22,,Active,L3,Sales,North America,E03912,ORG045
E02671,2022-07-23,,Active,L5,Finance,Latin America,E01782,ORG016
E02672,2022-08-22,,Active,L5,Operations,Latin America,E03801,ORG034
E02673,2021-06-25,,Active,L6,Sales,Asia Pacific,E04663,ORG015
E02674,2019-12-02,,Active,L4,Data,North America,E04540,ORG043
E02675,2019-12-24,,Active,L4,Sales,North America,E02625,ORG020
E02676,2023-12-15,,Active,L4,Software Engineering,North America,E02333,ORG019
E02677,2018-12-02,,Active,L3,Product,Europe,E01955,ORG045
E02678,2022-07-18,,Active,L4,Data,Europe,E02712,ORG041
E02679,2024-05-07,2025-02-02,Terminated,L4,Finance,Europe,E04676,ORG047
E02680,2021-12-15,,Active,L2,Sales,Asia Pacific,E04372,ORG004
E02681,2023-12-27,,Active,L6,Program Management,Latin America,E03083,ORG012
E02682,2021-01-26,,Active,L3,Finance,Europe,E01339,ORG015
E02683,2024-12-15,,Active,L2,Program Management,Asia Pacific,E01824,ORG021
E02684,2023-10-22,,Active,L3,HR,Asia Pacific,E01156,ORG023
E02685,2021-07-20,,Active,L6,Marketing,North America,E00902,ORG015
E02686,2018-04-04,,Active,L6,HR,Asia Pacific,E00038,ORG039
E02687,2025-11-13,,Active,L4,Program Management,North America,E03879,ORG011
E02688,2018-11-23,,Active,L6,Sales,North America,E03717,ORG034
E02689,2023-04-28,,Active,L6,Data,Latin America,E00874,ORG042
E02690,2026-08-02,,Active,L5,Marketing,North America,E03435,ORG030
E02691,2026-04-04,,Active,L5,Sales,North America,E00810,ORG018
E02692,2019-09-28,,Active,L3,Finance,Latin America,E01309,ORG010
E02693,2024-01-27,,Active,L5,Finance,North America,E01207,ORG007
E02694,2021-02-14,,Active,L4,Product,North America,E00618,ORG037
E02695,2021-02-11,,Active,L5,Program Management,North America,E03681,ORG023
E02696,2021-08-16,,Active,L3,Data,Europe,E00183,ORG003
E02697,2024-03-29,2025-08-16,Terminated,L5,Program Management,North America,E01983,ORG048
E02698,2024-07-22,,Active,L6,Finance,North America,E02431,ORG033
E02699,2021-03-23,,Active,L3,Program Management,Asia Pacific,E02912,ORG041
E02700,2018-07-25,2026-09-12,Terminated,L7,HR,North America,,ORG022
E02701,2020-11-18,,Active,L3,Sales,Europe,E00926,ORG047
E02702,2018-12-05,,Active,L3,Finance,North America,E02335,ORG010
E02703,2025-10-28,,Active,L2,Program Management,Europe,E03966,ORG009
E02704,2026-07-11,,Active,L5,Product,Europe,E01817,ORG044
E02705,2024-12-17,,Active,L4,Operations,North America,E04744,ORG044
E02706,2019-08-13,,Active,L3,HR,North America,E02101,ORG025
E02707,2022-03-08,,Active,L4,Software Engineering,North America,E03887,ORG007
E02708,2023-11-22,,Active,L3,Operations,North America,E00549,ORG015
E02709,2023-02-27,,Active,L4,Program Management,North America,E04260,ORG037
E02710,2018-08-28,,Active,L6,Product,North America,E02374,ORG041
E02711,2023-08-03,,Active,L5,Product,North America,E04958,ORG017
E02712,2024-04-09,,Active,L5,Sales,North America,E03507,ORG003
E02713,2022-09-13,,Active,L4,Program Management,North America,E03727,ORG033
E02714,2020-11-06,,Active,L7,Finance,Asia Pacific,,ORG036
E02715,2019-06-24,,Active,L3,Data,North America,E00718,ORG021
E02716,2020-08-01,,Active,L3,Product,Europe,E02862,ORG029
E02717,2023-09-19,,Leave,L2,Product,Europe,E03717,ORG048
E02718,2022-04-21,,Active,L4,Product,North America,E04048,ORG012
E02719,2022-08-15,,Active,L4,Sales,North America,E01824,ORG028
E02720,2021-04-23,,Active,L5,Finance,North America,E02852,ORG030
E02721,2024-04-23,,Active,L3,Marketing,Europe,E00847,ORG027
E02722,2026-05-16,,Active,L2,Program Management,North America,E02111,ORG043
E02723,2020-08-06,,Active,L4,HR,North America,E02361,ORG030
E02724,2023-10-20,,Active,L7,Software Engineering,Asia Pacific,,ORG025
E02725,2022-08-06,,Active,L3,Sales,Asia Pacific,E00139,ORG006
E02726,2022-11-28,,Active,L3,Finance,North America,E04570,ORG035
E02727,2020-03-29,,Active,L3,Data,Asia Pacific,E03212,ORG007
E02728,2024-03-24,,Active,L4,HR,North America,E00887,ORG002
E02729,2024-09-23,,Active,L3,Operations,North America,E04488,ORG024
E02730,2019-06-21,,Active,L3,Data,North America,E03443,ORG028
E02731,2026-04-06,,Active,L4,Sales,Latin America,E03452,ORG050
E02732,2021-01-02,,Active,L3,Operations,North America,E04663,ORG035
E02733,2024-06-13,,Active,L3,Finance,Asia Pacific,E01978,ORG042
E02734,2025-03-10,,Active,L2,Finance,Europe,E01720,ORG017
E02735,2024-10-29,,Active,L6,Data,Europe,E03128,ORG025
E02736,2026-08-06,,Active,L4,Product,North America,E04438,ORG048
E02737,2024-08-23,,Active,L3,HR,North America,E04059,ORG021
E02738,2019-12-16,,Active,L2,Program Management,Europe,E03928,ORG040
E02739,2023-05-29,,Active,L4,Sales,North America,E03837,ORG026
E02740,2025-10-28,,Active,L6,Product,Europe,E00156,ORG011
E02741,2020-04-21,,Active,L2,Operations,North America,E02456,ORG029
E02742,2023-02-26,,Active,L2,Operations,Asia Pacific,E01726,ORG011
E02743,2023-07-01,,Active,L2,Data,Europe,E01749,ORG001
E02744,2021-07-18,,Active,L4,Sales,Europe,E04301,ORG012
E02745,2026-02-15,,Active,L6,Software Engineering,North America,E01954,ORG010
E02746,2024-04-29,,Active,L4,Operations,North America,E04181,ORG018
E02747,2018-12-10,,Active,L3,Marketing,North America,E04540,ORG044
E02748,2021-01-03,,Active,L5,Marketing,North America,E02251,ORG019
E02749,2025-04-24,,Active,L5,Product,Europe,E00823,ORG041
E02750,2022-01-02,,Active,L3,Program Management,North America,E03488,ORG027
E02751,2026-11-14,,Active,L3,Finance,North America,E04331,ORG001
E02752,2018-02-05,,Active,L3,HR,North America,E01989,ORG010
E02753,2019-11-19,,Active,L5,Product,North America,E00930,ORG046
E02754,2026-07-24,,Active,L5,Operations,Europe,E02648,ORG030
E02755,2022-06-19,,Active,L5,Sales,Europe,E04910,ORG045
E02756,2025-11-14,,Active,L5,HR,North America,E02612,ORG016
E02757,2019-09-23,,Active,L3,Sales,North America,E02217,ORG035
E02758,2018-08-13,,Active,L3,Sales,Europe,E02166,ORG038
E02759,2020-09-23,2024-08-09,Terminated,L2,Sales,Europe,E03705,ORG048
E02760,2019-03-14,,Active,L6,Operations,Asia Pacific,E01662,ORG001
E02761,2019-07-29,,Active,L4,Marketing,Asia Pacific,E03683,ORG047
E02762,2022-09-06,,Active,L3,Operations,Asia Pacific,E04934,ORG019
E02763,2018-06-26,2026-12-30,Terminated,L2,HR,Asia Pacific,E03875,ORG041
E02764,2019-11-05,,Active,L5,Marketing,Asia Pacific,E04634,ORG027
E02765,2019-02-02,,Active,L5,Data,Europe,E03949,ORG028
E02766,2021-12-11,,Active,L5,Marketing,Europe,E04222,ORG018
E02767,2020-07-18,,Active,L3,Sales,Asia Pacific,E00172,ORG041
E02768,2023-11-02,,Active,L6,Marketing,North America,E01712,ORG013
E02769,2018-09-23,,Active,L5,HR,North America,E01300,ORG024
E02770,2023-05-30,,Active,L4,Software Engineering,Asia Pacific,E04331,ORG028
E02771,2023-01-14,,Active,L4,Product,Europe,E01098,ORG036
E02772,2018-08-19,,Active,L6,Data,North America,E04844,ORG023
E02773,2018-12-03,,Active,L6,Finance,North America,E03488,ORG033
E02774,2018-07-19,,Active,L4,Program Management,North America,E00589,ORG024
E02775,2020-10-22,,Active,L4,Operations,North America,E03416,ORG032
E02776,2021-02-21,,Active,L3,HR,Europe,E01672,ORG033
E02777,2024-07-22,,Active,L5,Sales,Europe,E01447,ORG035
E02778,2019-08-01,,Active,L4,Data,North America,E04976,ORG040
E02779,2025-01-23,,Active,L2,Marketing,North America,E03966,ORG027
E02780,2018-01-13,,Active,L2,Program Management,North America,E03831,ORG010
E02781,2021-08-22,,Active,L6,HR,North America,E01522,ORG033
E02782,2021-04-20,,Active,L6,Finance,North America,E03311,ORG004
E02783,2022-03-13,,Active,L6,Program Management,Europe,E01676,ORG011
E02784,2025-11-24,,Active,L4,Software Engineering,North America,E03059,ORG039
E02785,2026-09-10,,Active,L5,Software Engineering,Asia Pacific,E01964,ORG022
E02786,2018-12-19,,Active,L5,HR,Europe,E03096,ORG025
E02787,2019-12-19,,Active,L3,Product,North America,E03744,ORG048
E02788,2020-11-19,,Active,L2,Product,North America,E01532,ORG012
E02789,2023-01-23,,Active,L7,Data,North America,,ORG001
E02790,2023-02-08,2024-07-17,Terminated,L2,Sales,North America,E00058,ORG006
E02791,2021-10-09,,Active,L4,Program Management,Asia Pacific,E00462,ORG012
E02792,2020-05-25,,Active,L4,Program Management,Europe,E04533,ORG036
E02793,2024-06-17,,Active,L5,Program Management,Asia Pacific,E04795,ORG038
E02794,2023-12-14,2026-02-01,Terminated,L3,Finance,Europe,E03446,ORG028
E02795,2025-05-10,,Active,L5,Operations,Asia Pacific,E00509,ORG013
E02796,2020-05-16,,Active,L3,Operations,Asia Pacific,E02972,ORG026
E02797,2026-12-12,,Active,L5,Product,North America,E02111,ORG001
E02798,2023-12-18,,Active,L3,Product,North America,E01133,ORG033
E02799,2026-07-05,,Active,L5,Sales,North America,E01850,ORG030
E02800,2023-12-26,,Active,L5,Program Management,North America,E03922,ORG002
E02801,2021-09-05,,Active,L3,Marketing,Europe,E04986,ORG040
E02802,2019-07-29,,Active,L3,Sales,North America,E04367,ORG037
E02803,2023-04-27,,Active,L5,HR,Asia Pacific,E00973,ORG015
E02804,2023-11-10,,Active,L2,Operations,North America,E02522,ORG031
E02805,2025-07-15,,Active,L3,Sales,Asia Pacific,E02690,ORG030
E02806,2019-05-28,,Active,L4,Data,North America,E01418,ORG007
E02807,2022-12-15,,Active,L6,Operations,North America,E02128,ORG010
E02808,2023-05-04,,Active,L4,HR,Asia Pacific,E01860,ORG034
E02809,2026-05-25,,Active,L3,Data,North America,E00326,ORG046
E02810,2018-04-13,,Active,L7,Software Engineering,Asia Pacific,,ORG028
E02811,2019-12-29,,Active,L4,Data,Asia Pacific,E02024,ORG028
E02812,2018-08-05,,Active,L4,Operations,North America,E01763,ORG032
E02813,2026-01-18,,Active,L4,Operations,North America,E01483,ORG022
E02814,2018-06-23,,Active,L3,Operations,North America,E03116,ORG003
E02815,2020-02-26,,Active,L3,Data,North America,E03582,ORG020
E02816,2019-03-01,2025-12-02,Terminated,L5,Operations,Latin America,E00203,ORG044
E02817,2018-08-19,,Active,L2,Sales,Asia Pacific,E01667,ORG039
E02818,2018-08-29,,Active,L5,Data,North America,E00128,ORG045
E02819,2024-11-18,,Active,L3,HR,Europe,E04098,ORG008
E02820,2026-03-12,,Active,L3,Product,Asia Pacific,E04629,ORG025
E02821,2018-08-17,,Active,L2,Data,North America,E02305,ORG029
E02822,2019-06-15,,Active,L4,Data,North America,E04714,ORG011
E02823,2026-11-09,,Active,L5,Data,Asia Pacific,E03165,ORG010
E02824,2023-02-18,,Active,L3,Program Management,Asia Pacific,E04354,ORG038
E02825,2019-12-02,,Active,L3,Operations,North America,E04735,ORG033
E02826,2026-06-18,,Active,L3,Finance,North America,E02973,ORG032
E02827,2022-11-01,,Active,L5,Data,North America,E02205,ORG013
E02828,2021-03-27,2024-08-02,Terminated,L3,Finance,Europe,E03730,ORG025
E02829,2024-11-07,,Active,L5,HR,Europe,E00835,ORG002
E02830,2018-12-22,,Active,L3,Data,North America,E01445,ORG007
E02831,2021-02-16,,Active,L3,HR,Asia Pacific,E02786,ORG026
E02832,2026-11-14,,Active,L5,Software Engineering,North America,E00960,ORG015
E02833,2024-08-11,,Active,L4,Program Management,Europe,E02502,ORG047
E02834,2020-02-22,,Active,L2,Finance,Europe,E04301,ORG023
E02835,2019-03-28,,Active,L6,Sales,North America,E03909,ORG005
E02836,2022-04-24,,Active,L2,Operations,North America,E04457,ORG001
E02837,2023-07-26,,Active,L3,Program Management,North America,E04324,ORG036
E02838,2024-12-27,,Active,L3,Sales,Asia Pacific,E01619,ORG009
E02839,2021-08-11,,Active,L4,Software Engineering,Europe,E03582,ORG010
E02840,2018-03-31,,Active,L5,Software Engineering,North America,E01803,ORG021
E02841,2021-12-06,,Active,L2,Operations,Latin America,E04859,ORG013
E02842,2026-03-13,,Active,L6,Software Engineering,Asia Pacific,E00867,ORG030
E02843,2020-01-28,,Active,L4,Data,North America,E01276,ORG024
E02844,2021-03-16,,Active,L6,Program Management,North America,E04698,ORG006
E02845,2023-05-22,,Active,L5,Software Engineering,Europe,E01136,ORG038
E02846,2022-10-01,,Active,L6,Finance,North America,E03135,ORG021
E02847,2018-06-26,,Active,L4,Operations,Latin America,E01407,ORG030
E02848,2019-03-23,,Active,L3,Operations,Europe,E01347,ORG001
E02849,2023-10-30,,Active,L4,Operations,North America,E03348,ORG031
E02850,2025-11-09,,Active,L4,Data,North America,E03974,ORG014
E02851,2018-03-11,,Active,L4,Program Management,North America,E01121,ORG024
E02852,2022-07-18,,Active,L5,Data,North America,E04919,ORG015
E02853,2020-02-19,,Active,L2,Program Management,North America,E00423,ORG050
E02854,2021-03-07,,Active,L5,HR,Asia Pacific,E00481,ORG012
E02855,2022-04-10,,Active,L3,Marketing,Asia Pacific,E04899,ORG045
E02856,2021-01-01,2025-06-01,Terminated,L6,Product,Asia Pacific,E00239,ORG045
E02857,2026-03-20,,Active,L2,Product,North America,E01530,ORG021
E02858,2022-01-25,,Active,L2,HR,North America,E00578,ORG015
E02859,2020-03-26,2024-06-07,Terminated,L5,Marketing,Asia Pacific,E01049,ORG019
E02860,2022-02-03,,Active,L5,Product,North America,E00344,ORG048
E02861,2019-04-08,,Active,L5,Sales,North America,E01736,ORG030
E02862,2025-03-07,,Active,L7,Product,Latin America,,ORG027
E02863,2026-05-18,,Active,L3,Finance,Asia Pacific,E01442,ORG002
E02864,2021-06-20,,Active,L5,Software Engineering,Asia Pacific,E00776,ORG042
E02865,2025-12-01,,Active,L3,Product,North America,E03614,ORG005
E02866,2022-12-25,,Active,L4,Marketing,Europe,E00159,ORG003
E02867,2026-02-08,,Active,L4,Program Management,North America,E02350,ORG014
E02868,2022-12-31,,Active,L2,Data,North America,E01479,ORG024
E02869,2019-07-02,,Active,L4,HR,North America,E03240,ORG044
E02870,2019-06-14,,Active,L5,Software Engineering,Asia Pacific,E01650,ORG039
E02871,2020-03-03,,Active,L3,Data,North America,E02341,ORG010
E02872,2018-10-11,,Active,L6,Sales,Europe,E04052,ORG019
E02873,2024-01-22,2025-05-03,Terminated,L4,Program Management,Asia Pacific,E00691,ORG038
E02874,2023-06-19,,Active,L3,Software Engineering,Asia Pacific,E02131,ORG026
E02875,2022-11-07,,Active,L4,Marketing,North America,E02844,ORG009
E02876,2021-09-18,,Active,L3,Product,Europe,E03713,ORG020
E02877,2022-03-23,,Active,L2,Finance,North America,E02735,ORG031
E02878,2026-05-25,,Active,L5,Product,North America,E03710,ORG048
E02879,2018-09-06,,Active,L2,Finance,North America,E03976,ORG033
E02880,2019-01-30,,Active,L2,HR,Europe,E03943,ORG001
E02881,2022-02-06,,Active,L5,HR,Asia Pacific,E03124,ORG035
E02882,2026-02-05,,Active,L2,Program Management,Latin America,E04574,ORG013
E02883,2019-03-27,,Active,L5,Finance,North America,E00099,ORG042
E02884,2018-09-10,,Active,L5,Sales,North America,E02509,ORG019
E02885,2023-07-11,,Active,L2,Sales,North America,E04005,ORG010
E02886,2021-02-23,,Active,L4,HR,Latin America,E00493,ORG023
E02887,2019-08-11,,Active,L2,Program Management,Asia Pacific,E04083,ORG013
E02888,2021-07-18,,Active,L4,Operations,Latin America,E00172,ORG012
E02889,2018-11-21,,Active,L2,Marketing,North America,E03928,ORG028
E02890,2025-01-19,,Active,L6,Product,North America,E00903,ORG038
E02891,2024-11-23,,Active,L3,HR,Europe,E03336,ORG041
E02892,2018-04-30,,Active,L5,Sales,North America,E04146,ORG020
E02893,2026-03-14,,Active,L2,Operations,North America,E04068,ORG004
E02894,2018-03-21,,Active,L3,Sales,North America,E02902,ORG024
E02895,2024-05-23,,Active,L4,Program Management,North America,E04541,ORG021
E02896,2020-05-14,,Active,L4,Sales,North America,E00666,ORG010
E02897,2018-07-02,,Active,L7,Finance,Latin America,,ORG044
E02898,2023-10-04,,Active,L2,Data,Asia Pacific,E01132,ORG048
E02899,2021-01-16,,Active,L2,Sales,Asia Pacific,E00629,ORG003
E02900,2024-03-01,,Active,L3,HR,North America,E03617,ORG039
E02901,2021-05-11,,Active,L3,Product,Asia Pacific,E04457,ORG032
E02902,2018-11-13,,Active,L6,HR,North America,E04653,ORG013
E02903,2020-03-31,,Active,L6,Operations,North America,E02631,ORG031
E02904,2022-08-10,,Active,L6,Marketing,North America,E00622,ORG007
E02905,2018-12-23,,Active,L2,Product,North America,E00838,ORG004
E02906,2024-08-30,,Active,L4,Product,Asia Pacific,E03156,ORG049
E02907,2024-10-10,,Active,L5,Data,Asia Pacific,E04487,ORG031
E02908,2019-01-28,,Active,L3,Sales,North America,E04944,ORG013
E02909,2018-10-29,,Active,L5,Marketing,Europe,E03627,ORG022
E02910,2018-11-04,,Active,L3,HR,North America,E04412,ORG046
E02911,2018-11-10,,Active,L3,Program Management,North America,E02367,ORG022
E02912,2019-05-26,,Active,L6,Sales,Europe,E00932,ORG044
E02913,2018-03-24,,Active,L3,Product,Asia Pacific,E02312,ORG043
E02914,2026-11-25,,Active,L7,HR,Asia Pacific,,ORG017
E02915,2021-06-17,,Active,L3,Finance,North America,E00471,ORG034
E02916,2020-08-26,,Active,L2,Sales,Europe,E03361,ORG032
E02917,2026-12-03,,Active,L3,Marketing,North America,E01603,ORG038
E02918,2025-03-12,,Active,L3,Program Management,North America,E01651,ORG018
E02919,2025-09-10,2026-12-16,Terminated,L4,Data,North America,E00017,ORG003
E02920,2023-07-20,,Active,L2,Software Engineering,North America,E04999,ORG009
E02921,2024-05-29,,Leave,L4,HR,North America,E02092,ORG030
E02922,2024-07-12,,Active,L6,Program Management,North America,E03921,ORG038
E02923,2018-04-28,,Active,L3,Software Engineering,Europe,E02630,ORG037
E02924,2021-11-22,,Active,L3,Sales,North America,E03206,ORG029
E02925,2023-12-10,,Active,L4,Finance,North America,E02324,ORG005
E02926,2022-02-12,,Active,L5,Software Engineering,Latin America,E03435,ORG001
E02927,2019-03-12,,Active,L4,HR,Asia Pacific,E00953,ORG038
E02928,2023-07-18,,Active,L2,Finance,North America,E04983,ORG027
E02929,2026-07-01,,Active,L4,Marketing,North America,E02097,ORG038
E02930,2023-12-19,,Leave,L4,Marketing,North America,E00050,ORG008
E02931,2024-09-19,,Active,L3,Marketing,Latin America,E04760,ORG020
E02932,2020-09-17,,Active,L2,Marketing,North America,E00099,ORG045
E02933,2022-02-24,,Active,L7,Sales,North America,,ORG009
E02934,2023-01-30,,Active,L3,HR,Asia Pacific,E02341,ORG003
E02935,2021-08-19,,Active,L3,Operations,Europe,E03921,ORG032
E02936,2025-07-22,,Active,L2,Sales,North America,E01794,ORG029
E02937,2019-05-30,,Active,L4,Marketing,North America,E00994,ORG047
E02938,2023-02-11,,Active,L4,Software Engineering,North America,E01142,ORG044
E02939,2024-06-21,,Active,L3,Software Engineering,North America,E03426,ORG037
E02940,2020-03-05,,Active,L4,Operations,North America,E02897,ORG001
E02941,2023-01-01,,Active,L5,Product,Asia Pacific,E02530,ORG024
E02942,2024-06-19,,Active,L3,Operations,Asia Pacific,E02601,ORG044
E02943,2021-03-07,,Active,L6,Product,Europe,E01546,ORG021
E02944,2023-10-29,,Active,L3,Sales,Europe,E04670,ORG047
E02945,2024-09-25,,Active,L3,Marketing,Europe,E01112,ORG032
E02946,2023-10-29,,Active,L6,Product,North America,E04184,ORG006
E02947,2019-09-16,,Active,L5,HR,Asia Pacific,E03887,ORG025
E02948,2023-10-16,2024-04-10,Terminated,L3,Data,North America,E00031,ORG034
E02949,2022-05-22,2026-08-12,Terminated,L5,Sales,North America,E00837,ORG004
E02950,2019-09-14,,Active,L4,HR,North America,E02795,ORG017
E02951,2021-10-27,2026-01-11,Terminated,L3,HR,Asia Pacific,E00777,ORG035
E02952,2018-03-23,,Active,L5,Operations,Europe,E04268,ORG008
E02953,2020-07-08,,Active,L5,Data,North America,E02177,ORG017
E02954,2023-11-19,,Active,L3,Sales,North America,E04181,ORG034
E02955,2020-04-20,,Active,L4,Data,Asia Pacific,E00565,ORG038
E02956,2021-04-15,,Active,L3,Operations,North America,E00105,ORG026
E02957,2024-07-12,,Active,L2,Software Engineering,North America,E03208,ORG047
E02958,2018-03-18,,Active,L7,Sales,Asia Pacific,,ORG045
E02959,2020-03-05,,Active,L4,Finance,Europe,E04005,ORG023
E02960,2021-07-16,,Active,L4,Operations,North America,E04968,ORG008
E02961,2019-05-19,,Active,L4,Product,North America,E03934,ORG038
E02962,2019-10-20,,Active,L4,Sales,Latin America,E03760,ORG012
E02963,2023-09-03,,Active,L3,Software Engineering,North America,E00246,ORG041
E02964,2024-01-18,,Active,L7,HR,Asia Pacific,,ORG029
E02965,2023-02-12,,Active,L4,Marketing,Asia Pacific,E03060,ORG020
E02966,2020-11-27,,Active,L5,Product,Asia Pacific,E03588,ORG027
E02967,2022-04-13,,Active,L4,HR,North America,E01942,ORG026
E02968,2018-05-13,,Active,L3,Product,North America,E04994,ORG045
E02969,2021-08-03,,Active,L2,Marketing,North America,E04944,ORG011
E02970,2025-10-30,,Active,L3,Marketing,North America,E04301,ORG045
E02971,2024-08-15,,Active,L3,Product,North America,E04401,ORG002
E02972,2023-11-08,,Active,L5,Product,North America,E02864,ORG038
E02973,2022-09-30,,Active,L6,Data,North America,E04095,ORG045
E02974,2021-04-15,,Active,L3,HR,Europe,E00335,ORG020
E02975,2021-07-09,,Active,L3,Marketing,North America,E01098,ORG004
E02976,2021-07-12,,Active,L5,Software Engineering,North America,E03318,ORG039
E02977,2023-12-16,2026-04-25,Terminated,L2,Sales,North America,E00588,ORG041
E02978,2020-03-27,,Active,L6,HR,Europe,E04059,ORG017
E02979,2021-04-29,,Active,L3,Operations,North America,E00872,ORG026
E02980,2026-07-10,,Active,L2,Product,Asia Pacific,E01691,ORG040
E02981,2021-12-04,,Active,L3,Finance,North America,E01207,ORG010
E02982,2020-04-25,,Active,L6,Finance,Europe,E02755,ORG031
E02983,2023-02-09,,Active,L3,Sales,Asia Pacific,E00379,ORG021
E02984,2019-09-20,,Active,L5,Finance,Europe,E04056,ORG009
E02985,2024-05-21,,Active,L2,Data,Europe,E04438,ORG041
E02986,2018-03-25,,Active,L3,Software Engineering,Asia Pacific,E03758,ORG016
E02987,2023-06-03,,Active,L6,Program Management,North America,E00899,ORG046
E02988,2022-07-22,,Active,L2,Operations,North America,E01406,ORG028
E02989,2024-05-29,2025-05-17,Terminated,L2,Program Management,Latin America,E01079,ORG025
E02990,2018-01-22,,Active,L4,Sales,Asia Pacific,E03055,ORG021
E02991,2023-07-18,,Active,L6,Product,Europe,E04438,ORG020
E02992,2020-04-29,,Active,L3,HR,North America,E04399,ORG040
E02993,2018-12-21,,Active,L2,Program Management,North America,E04789,ORG033
E02994,2022-05-04,,Leave,L7,Marketing,Asia Pacific,,ORG038
E02995,2018-01-21,,Active,L5,Marketing,Europe,E03439,ORG021
E02996,2023-06-12,,Active,L5,Sales,North America,E01045,ORG013
E02997,2022-08-04,,Active,L5,HR,North America,E01960,ORG005
E02998,2021-01-13,,Active,L5,Finance,Asia Pacific,E01437,ORG038
E02999,2025-05-27,,Active,L3,Finance,Europe,E00274,ORG021
E03000,2023-04-09,,Active,L3,Finance,Latin America,E03997,ORG025
E03001,2025-07-19,,Active,L5,Data,North America,E02922,ORG023
E03002,2021-08-24,,Active,L5,Marketing,North America,E04857,ORG021
E03003,2025-12-12,,Active,L6,Marketing,North America,E04207,ORG034
E03004,2020-02-10,,Active,L4,Operations,North America,E03239,ORG030
E03005,2019-06-29,,Active,L3,Sales,North America,E00186,ORG048
E03006,2018-02-17,,Active,L4,Program Management,North America,E02180,ORG007
E03007,2024-10-14,,Active,L4,Software Engineering,North America,E02355,ORG028
E03008,2021-08-25,,Active,L4,Sales,North America,E03382,ORG004
E03009,2023-08-10,,Active,L5,Operations,Asia Pacific,E02861,ORG040
E03010,2020-06-07,,Active,L4,Marketing,North America,E03902,ORG030
E03011,2019-01-03,,Active,L2,Software Engineering,North America,E00098,ORG021
E03012,2018-09-30,,Active,L4,Operations,Europe,E00535,ORG039
E03013,2018-06-04,,Active,L4,HR,North America,E04760,ORG023
E03014,2019-12-17,,Active,L6,Software Engineering,Europe,E02128,ORG012
E03015,2022-04-04,,Active,L4,Marketing,Asia Pacific,E04101,ORG023
E03016,2020-09-30,,Active,L4,Finance,Europe,E04303,ORG004
E03017,2021-06-20,,Active,L4,Software Engineering,North America,E00576,ORG044
E03018,2018-04-15,,Active,L4,HR,Asia Pacific,E03533,ORG036
E03019,2023-08-27,,Active,L2,Sales,Latin America,E00847,ORG037
E03020,2026-06-16,,Active,L6,Program Management,Asia Pacific,E00745,ORG043
E03021,2022-03-18,,Active,L6,Finance,North America,E01149,ORG039
E03022,2019-04-20,,Active,L4,HR,Europe,E03791,ORG021
E03023,2025-08-30,,Active,L4,Software Engineering,Europe,E00445,ORG006
E03024,2024-07-25,,Active,L2,Operations,North America,E03335,ORG019
E03025,2023-05-28,,Active,L4,Finance,North America,E01861,ORG046
E03026,2020-09-10,,Active,L4,Product,Asia Pacific,E01254,ORG046
E03027,2019-05-09,,Active,L5,Product,North America,E01140,ORG038
E03028,2024-11-17,,Active,L2,Finance,Asia Pacific,E01678,ORG010
E03029,2020-04-04,,Active,L5,HR,Latin America,E01691,ORG010
E03030,2025-06-12,,Active,L3,Program Management,North America,E01530,ORG043
E03031,2021-07-03,,Active,L4,Software Engineering,North America,E02616,ORG007
E03032,2024-10-03,,Active,L4,Sales,Latin America,E04972,ORG029
E03033,2020-12-22,,Active,L3,Software Engineering,North America,E02238,ORG019
E03034,2018-01-12,2026-11-05,Terminated,L4,Data,Asia Pacific,E00895,ORG015
E03035,2021-05-17,,Active,L5,Product,North America,E03107,ORG033
E03036,2025-09-14,,Active,L4,Sales,North America,E04146,ORG047
E03037,2023-05-21,,Active,L2,HR,North America,E03035,ORG038
E03038,2019-04-25,,Active,L4,Product,North America,E02697,ORG024
E03039,2022-12-22,,Active,L3,Operations,Asia Pacific,E03344,ORG022
E03040,2023-09-23,,Active,L4,Marketing,North America,E04410,ORG044
E03041,2020-03-21,,Active,L4,HR,North America,E00360,ORG028
E03042,2021-07-13,,Active,L2,HR,Europe,E04913,ORG025
E03043,2021-06-06,,Active,L4,Data,Latin America,E04463,ORG034
E03044,2020-02-04,,Active,L5,Product,North America,E04811,ORG012
E03045,2025-11-11,,Active,L5,Data,Asia Pacific,E02506,ORG004
E03046,2024-12-06,,Active,L2,Marketing,North America,E04279,ORG042
E03047,2026-01-25,,Active,L3,Program Management,Asia Pacific,E00379,ORG030
E03048,2018-09-16,,Active,L4,Operations,Asia Pacific,E02013,ORG008
E03049,2023-07-04,,Active,L3,Operations,Asia Pacific,E04401,ORG015
E03050,2019-11-22,,Active,L4,Operations,Europe,E01292,ORG048
E03051,2019-04-19,,Active,L2,Data,Latin America,E03831,ORG031
E03052,2021-10-11,,Active,L2,Marketing,North America,E01547,ORG031
E03053,2023-05-05,,Active,L5,Program Management,Asia Pacific,E02984,ORG004
E03054,2025-06-18,,Active,L3,Marketing,Asia Pacific,E03263,ORG047
E03055,2021-08-09,,Active,L5,HR,North America,E04397,ORG044
E03056,2023-12-12,,Active,L2,HR,Latin America,E01667,ORG027
E03057,2020-02-06,,Active,L4,HR,Asia Pacific,E03931,ORG015
E03058,2026-08-22,,Active,L3,Marketing,Asia Pacific,E02128,ORG034
E03059,2019-09-04,,Active,L5,Product,North America,E01940,ORG041
E03060,2023-03-03,,Active,L5,Product,Asia Pacific,E00371,ORG039
E03061,2024-08-05,,Active,L3,HR,North America,E00358,ORG048
E03062,2019-12-06,,Active,L4,Product,Latin America,E03872,ORG031
E03063,2024-10-10,,Active,L3,Sales,North America,E00501,ORG016
E03064,2024-12-22,,Active,L4,Data,Europe,E00530,ORG025
E03065,2024-09-15,,Active,L2,Marketing,North America,E00899,ORG040
E03066,2023-12-02,,Active,L4,Program Management,Europe,E01648,ORG013
E03067,2019-08-13,,Active,L3,Data,North America,E00799,ORG012
E03068,2019-08-02,,Active,L6,Finance,Asia Pacific,E02991,ORG036
E03069,2022-04-04,,Active,L4,Product,Asia Pacific,E04099,ORG022
E03070,2020-12-07,,Active,L4,Product,North America,E02698,ORG040
E03071,2022-05-21,,Active,L3,Operations,Asia Pacific,E03323,ORG007
E03072,2024-03-30,,Active,L3,Finance,Europe,E04463,ORG017
E03073,2020-05-24,,Active,L3,Software Engineering,North America,E04474,ORG013
E03074,2023-01-10,,Active,L6,Data,North America,E03285,ORG034
E03075,2026-01-30,,Active,L5,Operations,North America,E00321,ORG037
E03076,2023-01-14,,Active,L2,Program Management,North America,E03943,ORG023
E03077,2023-03-13,,Active,L5,Finance,Europe,E03801,ORG024
E03078,2022-09-21,2024-10-04,Terminated,L4,HR,Europe,E01475,ORG007
E03079,2025-08-06,,Active,L2,Finance,North America,E00799,ORG034
E03080,2021-03-23,,Active,L4,Data,Latin America,E00622,ORG049
E03081,2020-08-25,,Active,L2,Marketing,North America,E01309,ORG038
E03082,2025-06-20,,Active,L3,HR,Asia Pacific,E03735,ORG011
E03083,2025-01-02,,Active,L5,Data,Asia Pacific,E04716,ORG031
E03084,2018-01-22,,Active,L3,HR,Asia Pacific,E00743,ORG015
E03085,2018-12-24,2025-07-05,Terminated,L6,Sales,Europe,E02020,ORG002
E03086,2022-10-11,,Active,L4,Finance,North America,E04171,ORG009
E03087,2020-02-11,,Active,L5,Sales,Asia Pacific,E00409,ORG005
E03088,2019-02-08,,Active,L4,Sales,Asia Pacific,E04703,ORG010
E03089,2023-05-23,,Active,L6,Marketing,Asia Pacific,E00071,ORG039
E03090,2020-05-01,,Active,L3,Marketing,North America,E01341,ORG015
E03091,2021-12-27,,Active,L4,Software Engineering,Europe,E00139,ORG037
E03092,2022-09-04,,Active,L4,Data,North America,E03817,ORG046
E03093,2024-12-14,,Active,L6,Finance,Europe,E02092,ORG028
E03094,2021-10-29,,Active,L3,HR,Asia Pacific,E02152,ORG024
E03095,2021-08-23,,Active,L4,Finance,North America,E02773,ORG037
E03096,2019-10-09,,Active,L5,Product,North America,E01459,ORG005
E03097,2018-08-31,,Active,L3,Marketing,North America,E03799,ORG021
E03098,2021-01-26,,Active,L6,Program Management,North America,E02107,ORG025
E03099,2019-07-26,,Active,L3,HR,North America,E03976,ORG041
E03100,2020-03-04,,Active,L3,Finance,North America,E03230,ORG040
E03101,2022-05-05,,Active,L4,Marketing,North America,E03384,ORG042
E03102,2021-11-24,,Active,L4,HR,Europe,E04944,ORG034
E03103,2022-06-04,,Active,L2,Finance,Asia Pacific,E02552,ORG026
E03104,2025-08-06,2025-12-18,Terminated,L2,Sales,North America,E01461,ORG041
E03105,2019-08-18,,Active,L3,Data,North America,E03673,ORG043
E03106,2024-02-22,,Active,L5,HR,Asia Pacific,E03536,ORG024
E03107,2021-12-13,2026-08-30,Terminated,L6,Finance,North America,E02406,ORG048
E03108,2023-04-13,,Active,L4,HR,North America,E01634,ORG043
E03109,2025-09-22,,Active,L2,Product,North America,E04653,ORG025
E03110,2019-04-15,,Active,L4,Finance,Latin America,E01188,ORG004
E03111,2024-11-28,,Active,L5,Product,North America,E00367,ORG011
E03112,2021-10-17,,Active,L5,Software Engineering,Latin America,E03171,ORG038
E03113,2026-10-12,,Active,L3,Finance,North America,E00378,ORG006
E03114,2021-12-31,2026-02-10,Terminated,L2,Data,North America,E03823,ORG023
E03115,2022-03-21,,Active,L6,Data,North America,E04214,ORG030
E03116,2025-02-04,,Active,L5,Operations,Asia Pacific,E03604,ORG043
E03117,2021-06-02,,Active,L2,Marketing,Europe,E01131,ORG042
E03118,2020-10-20,,Active,L5,HR,Europe,E04703,ORG037
E03119,2024-12-09,,Active,L2,Data,Latin America,E00423,ORG020
E03120,2020-03-29,,Active,L2,Data,Europe,E00510,ORG007
E03121,2023-08-05,,Active,L5,Program Management,North America,E01477,ORG033
E03122,2022-09-11,,Active,L4,Program Management,Europe,E02754,ORG009
E03123,2020-06-12,,Active,L4,Data,North America,E03568,ORG028
E03124,2021-04-28,,Active,L6,Product,Europe,E01406,ORG048
E03125,2024-06-28,2025-03-04,Terminated,L5,Software Engineering,Asia Pacific,E04569,ORG027
E03126,2023-09-13,,Active,L2,Finance,North America,E04079,ORG032
E03127,2022-11-23,,Active,L4,Finance,North America,E01105,ORG033
E03128,2025-05-27,2026-07-27,Terminated,L5,Program Management,Europe,E00272,ORG041
E03129,2020-09-08,,Active,L4,Finance,North America,E03520,ORG022
E03130,2024-10-14,,Active,L7,Software Engineering,North America,,ORG025
E03131,2023-12-14,,Active,L5,Sales,Europe,E00865,ORG009
E03132,2023-08-28,,Active,L2,Data,North America,E01336,ORG030
E03133,2018-03-02,,Active,L3,Operations,North America,E03873,ORG015
E03134,2022-02-16,,Active,L5,Product,Europe,E00910,ORG025
E03135,2025-11-07,,Active,L7,Operations,North America,,ORG038
E03136,2025-04-06,,Active,L2,Operations,North America,E01720,ORG001
E03137,2022-11-24,,Active,L2,Finance,Latin America,E04629,ORG028
E03138,2023-08-12,,Active,L5,Marketing,North America,E03411,ORG009
E03139,2026-01-04,,Active,L2,Finance,North America,E03138,ORG014
E03140,2022-01-03,,Active,L2,Product,Asia Pacific,E04993,ORG002
E03141,2021-06-24,,Active,L6,Operations,North America,E03867,ORG009
E03142,2018-08-31,2024-07-19,Terminated,L5,Operations,Asia Pacific,E02279,ORG048
E03143,2025-04-19,,Active,L6,Sales,Europe,E03321,ORG050
E03144,2018-03-31,,Active,L4,Finance,Europe,E02710,ORG035
E03145,2020-01-11,,Active,L3,Sales,North America,E01762,ORG030
E03146,2021-09-29,,Active,L6,Finance,North America,E04882,ORG038
E03147,2022-05-26,,Leave,L3,Finance,Asia Pacific,E02997,ORG044
E03148,2019-04-27,,Active,L3,Product,North America,E03757,ORG026
E03149,2023-04-15,,Active,L6,Product,Asia Pacific,E02001,ORG002
E03150,2026-05-08,,Active,L5,Data,Asia Pacific,E00933,ORG035
E03151,2022-01-03,,Active,L6,Operations,Europe,E00581,ORG048
E03152,2023-04-08,,Active,L2,Marketing,North America,E04012,ORG013
E03153,2020-07-22,,Active,L6,Data,Asia Pacific,E02648,ORG023
E03154,2020-06-02,,Active,L4,Marketing,Asia Pacific,E02609,ORG018
E03155,2021-08-30,2025-05-01,Terminated,L5,Sales,North America,E00578,ORG019
E03156,2021-05-15,,Active,L6,Program Management,Asia Pacific,E03931,ORG035
E03157,2022-09-18,,Active,L3,Product,North America,E01242,ORG019
E03158,2018-05-15,,Active,L5,Finance,Latin America,E03027,ORG046
E03159,2020-03-13,,Active,L4,Sales,North America,E01697,ORG039
E03160,2019-12-28,,Active,L5,Data,North America,E01080,ORG002
E03161,2021-03-12,,Active,L6,Operations,Europe,E00800,ORG040
E03162,2025-03-20,,Active,L5,Data,North America,E04068,ORG038
E03163,2020-04-29,,Active,L2,Finance,North America,E00453,ORG025
E03164,2019-06-03,,Active,L3,Data,North America,E00016,ORG025
E03165,2019-03-01,,Active,L6,Product,Asia Pacific,E01485,ORG041
E03166,2022-07-07,,Active,L7,HR,North America,,ORG021
E03167,2026-12-22,,Active,L7,HR,Europe,,ORG008
E03168,2022-08-03,,Active,L2,Product,Europe,E04438,ORG016
E03169,2019-11-27,,Active,L3,Operations,Europe,E03520,ORG013
E03170,2019-02-27,,Active,L5,Software Engineering,North America,E04083,ORG033
E03171,2024-03-06,,Active,L5,Finance,North America,E00978,ORG009
E03172,2023-05-21,,Active,L2,Data,Latin America,E04857,ORG032
E03173,2022-01-03,,Active,L4,Sales,Asia Pacific,E00562,ORG023
E03174,2018-02-15,,Active,L2,Data,Latin America,E00159,ORG041
E03175,2022-12-19,,Active,L4,Finance,Asia Pacific,E02365,ORG024
E03176,2026-03-28,,Active,L3,Program Management,Asia Pacific,E02152,ORG046
E03177,2021-07-03,,Active,L2,Product,Latin America,E01407,ORG044
E03178,2019-08-28,,Active,L2,Operations,North America,E00822,ORG009
E03179,2026-03-28,,Leave,L6,Software Engineering,Asia Pacific,E01556,ORG034
E03180,2024-04-11,,Active,L5,Finance,North America,E01815,ORG011
E03181,2020-02-18,,Active,L6,Finance,North America,E03053,ORG040
E03182,2024-04-21,,Active,L4,Operations,North America,E01745,ORG031
E03183,2026-10-01,,Active,L4,Program Management,North America,E01149,ORG015
E03184,2023-08-13,,Active,L3,Operations,North America,E03020,ORG013
E03185,2020-08-13,,Active,L4,Marketing,Europe,E02949,ORG021
E03186,2019-10-01,,Active,L3,HR,Europe,E02152,ORG039
E03187,2019-01-22,,Active,L5,Data,Asia Pacific,E00521,ORG039
E03188,2026-05-26,2026-11-12,Terminated,L5,Product,North America,E04829,ORG002
E03189,2024-01-09,,Active,L6,Data,North America,E02630,ORG015
E03190,2018-02-26,,Active,L3,Product,Europe,E01319,ORG021
E03191,2021-04-16,,Active,L4,Sales,Europe,E03665,ORG029
E03192,2022-04-15,,Active,L3,Sales,Asia Pacific,E02039,ORG008
E03193,2018-09-25,,Active,L2,Operations,North America,E00805,ORG017
E03194,2022-09-30,,Active,L5,HR,North America,E03507,ORG043
E03195,2023-03-01,,Leave,L4,Program Management,Latin America,E00439,ORG024
E03196,2022-08-29,,Active,L5,Operations,North America,E01309,ORG037
E03197,2022-12-31,,Active,L2,Sales,Europe,E03313,ORG024
E03198,2021-06-21,,Active,L7,Product,North America,,ORG023
E03199,2024-11-09,,Active,L7,Product,North America,,ORG031
E03200,2022-02-09,,Active,L4,Software Engineering,Asia Pacific,E03655,ORG013
E03201,2025-08-02,,Active,L6,Software Engineering,North America,E04961,ORG013
E03202,2021-07-13,,Active,L3,Data,North America,E03566,ORG048
E03203,2023-06-06,,Active,L5,Sales,Asia Pacific,E01118,ORG043
E03204,2024-05-23,,Leave,L6,Sales,North America,E03582,ORG036
E03205,2020-03-14,,Active,L5,Program Management,North America,E03770,ORG007
E03206,2022-09-05,,Active,L5,Finance,Europe,E03384,ORG002
E03207,2020-11-16,,Active,L4,Product,North America,E03757,ORG009
E03208,2024-08-19,,Active,L5,Data,Europe,E04079,ORG046
E03209,2021-02-21,,Active,L5,Operations,North America,E02864,ORG040
E03210,2024-01-03,2026-10-25,Terminated,L2,Software Engineering,North America,E04977,ORG026
E03211,2018-08-27,,Active,L2,Sales,North America,E03223,ORG047
E03212,2025-10-06,,Active,L5,Product,Asia Pacific,E00239,ORG008
E03213,2021-01-09,,Active,L4,HR,North America,E00845,ORG028
E03214,2022-06-20,,Active,L4,Product,Latin America,E02502,ORG009
E03215,2025-10-08,,Active,L6,Software Engineering,North America,E02128,ORG015
E03216,2021-02-16,,Active,L4,Operations,North America,E04059,ORG046
E03217,2022-03-13,,Active,L3,Software Engineering,Asia Pacific,E03361,ORG043
E03218,2023-10-09,,Active,L4,Program Management,North America,E00008,ORG005
E03219,2022-04-07,,Active,L4,Product,Europe,E02253,ORG013
E03220,2019-07-09,,Active,L5,Sales,Asia Pacific,E02769,ORG029
E03221,2023-08-21,,Leave,L4,Operations,Asia Pacific,E04910,ORG003
E03222,2020-04-01,,Active,L4,HR,Europe,E03300,ORG027
E03223,2025-10-21,,Active,L5,Finance,Europe,E00877,ORG029
E03224,2020-05-29,,Active,L5,Marketing,North America,E00922,ORG015
E03225,2019-06-26,,Active,L5,Program Management,Asia Pacific,E01535,ORG015
E03226,2021-06-20,,Active,L2,Sales,North America,E01971,ORG012
E03227,2024-11-04,,Active,L5,Marketing,North America,E00518,ORG046
E03228,2023-02-22,,Active,L4,Marketing,Europe,E03949,ORG019
E03229,2021-05-06,,Active,L2,HR,North America,E00319,ORG029
E03230,2018-01-24,,Active,L5,Marketing,Asia Pacific,E00312,ORG015
E03231,2024-02-15,2025-04-19,Terminated,L5,HR,North America,E00598,ORG035
E03232,2020-11-24,,Active,L4,Product,North America,E00640,ORG005
E03233,2018-09-11,,Active,L5,Software Engineering,Europe,E02854,ORG004
E03234,2026-05-15,,Active,L3,Software Engineering,Europe,E04081,ORG037
E03235,2019-03-30,,Active,L3,Finance,Latin America,E04703,ORG036
E03236,2021-12-15,,Active,L3,Software Engineering,North America,E04047,ORG013
E03237,2026-11-08,,Active,L4,Product,North America,E03427,ORG018
E03238,2020-08-29,,Active,L5,Finance,North America,E02991,ORG047
E03239,2025-03-02,,Active,L5,Product,North America,E01510,ORG006
E03240,2026-09-19,,Active,L5,HR,North America,E02024,ORG009
E03241,2022-02-04,,Active,L3,Marketing,Asia Pacific,E04366,ORG021
E03242,2024-01-27,,Active,L3,Data,North America,E00507,ORG014
E03243,2025-07-04,,Active,L2,Finance,Latin America,E04111,ORG032
E03244,2022-08-25,,Active,L5,Sales,Europe,E04055,ORG034
E03245,2019-07-26,,Active,L3,Software Engineering,Europe,E00243,ORG026
E03246,2024-09-24,,Active,L4,Sales,North America,E01144,ORG030
E03247,2023-07-06,,Active,L5,Operations,North America,E01516,ORG021
E03248,2022-05-09,,Active,L5,Finance,North America,E04562,ORG037
E03249,2019-12-08,,Active,L3,Data,Europe,E02154,ORG003
E03250,2023-07-07,,Active,L3,Program Management,Europe,E03885,ORG016
E03251,2022-01-29,,Active,L4,Program Management,North America,E03044,ORG034
E03252,2020-11-18,,Active,L4,Software Engineering,North America,E00378,ORG016
E03253,2020-10-26,,Active,L2,HR,Latin America,E03335,ORG004
E03254,2022-12-27,,Active,L6,Operations,North America,E03189,ORG017
E03255,2019-06-21,,Active,L4,Sales,North America,E04364,ORG035
E03256,2019-06-07,2024-01-15,Terminated,L4,Software Engineering,North America,E04584,ORG006
E03257,2023-02-21,,Active,L3,HR,North America,E02976,ORG036
E03258,2019-06-13,,Active,L3,Finance,North America,E04399,ORG038
E03259,2025-04-03,,Active,L3,Finance,Europe,E00665,ORG031
E03260,2024-10-29,,Active,L3,Product,Europe,E03115,ORG012
E03261,2019-05-13,,Active,L4,HR,Europe,E02914,ORG039
E03262,2022-03-16,,Active,L4,Product,North America,E00838,ORG011
E03263,2026-09-04,,Active,L6,HR,North America,E02748,ORG044
E03264,2020-10-04,,Active,L6,Program Management,Asia Pacific,E03406,ORG035
E03265,2019-09-21,,Active,L3,Operations,North America,E02022,ORG003
E03266,2025-01-15,,Leave,L2,Finance,North America,E03328,ORG039
E03267,2018-10-19,2025-04-18,Terminated,L5,Data,North America,E03749,ORG025
E03268,2025-06-08,,Active,L7,Program Management,Europe,,ORG022
E03269,2019-03-12,,Active,L6,Software Engineering,North America,E02982,ORG021
E03270,2021-04-28,,Active,L2,Marketing,Asia Pacific,E01960,ORG030
E03271,2018-03-31,,Active,L3,Program Management,North America,E01256,ORG036
E03272,2019-06-01,2026-10-11,Terminated,L2,Data,Latin America,E03306,ORG044
E03273,2020-01-25,,Active,L5,Data,North America,E04499,ORG014
E03274,2019-09-07,,Active,L4,Marketing,Asia Pacific,E02295,ORG031
E03275,2025-11-02,,Active,L4,Software Engineering,North America,E02527,ORG034
E03276,2024-07-27,,Active,L4,Data,Asia Pacific,E04559,ORG033
E03277,2023-01-09,,Leave,L3,Software Engineering,North America,E01447,ORG024
E03278,2020-04-07,,Active,L4,Software Engineering,Asia Pacific,E04035,ORG019
E03279,2019-01-23,,Active,L2,Data,Asia Pacific,E01196,ORG037
E03280,2024-09-27,,Active,L4,Marketing,Europe,E01204,ORG015
E03281,2024-05-25,2026-07-16,Terminated,L5,Data,North America,E01327,ORG011
E03282,2023-05-05,,Active,L5,HR,North America,E00218,ORG027
E03283,2022-12-07,,Active,L3,Sales,Latin America,E02282,ORG013
E03284,2023-01-14,,Active,L5,Finance,Latin America,E01717,ORG002
E03285,2025-11-20,,Active,L5,Software Engineering,North America,E01105,ORG003
E03286,2022-03-19,,Active,L2,HR,North America,E03798,ORG034
E03287,2019-05-26,,Active,L3,Product,North America,E02612,ORG048
E03288,2020-10-09,,Active,L4,Program Management,North America,E00931,ORG023
E03289,2022-12-05,2024-03-05,Terminated,L3,Product,North America,E00922,ORG008
E03290,2026-09-02,,Active,L2,Sales,Asia Pacific,E04047,ORG040
E03291,2025-02-11,,Active,L2,Finance,North America,E01292,ORG013
E03292,2026-01-17,2026-05-29,Terminated,L3,Software Engineering,Asia Pacific,E01942,ORG049
E03293,2021-04-17,,Active,L4,Program Management,Latin America,E00566,ORG028
E03294,2022-01-28,,Active,L4,Sales,North America,E04012,ORG012
E03295,2021-03-21,,Leave,L3,Marketing,North America,E01734,ORG025
E03296,2021-04-19,,Active,L5,Marketing,Europe,E03533,ORG017
E03297,2020-08-13,,Active,L3,Software Engineering,North America,E01984,ORG038
E03298,2024-06-02,,Active,L3,Sales,Asia Pacific,E04005,ORG006
E03299,2022-06-09,,Active,L3,Finance,Europe,E01978,ORG042
E03300,2021-11-14,,Active,L5,HR,North America,E04484,ORG038
E03301,2018-06-17,,Active,L6,Program Management,Asia Pacific,E03661,ORG042
E03302,2026-09-11,,Active,L4,Finance,North America,E02391,ORG044
E03303,2024-05-21,,Active,L2,Product,North America,E02406,ORG012
E03304,2019-04-25,,Active,L3,Operations,Latin America,E03138,ORG026
E03305,2023-11-25,,Active,L2,Product,North America,E03452,ORG042
E03306,2026-08-21,2026-12-28,Terminated,L5,Program Management,North America,E03540,ORG019
E03307,2020-11-07,,Active,L2,Program Management,North America,E00143,ORG003
E03308,2026-02-22,,Active,L7,Sales,North America,,ORG015
E03309,2025-04-23,,Active,L4,Finance,North America,E01254,ORG012
E03310,2021-01-09,,Active,L4,Finance,Europe,E02144,ORG043
E03311,2018-10-11,,Active,L5,Product,North America,E02735,ORG023
E03312,2023-07-24,,Active,L2,Program Management,Europe,E00429,ORG034
E03313,2024-12-24,,Active,L5,Operations,North America,E00953,ORG047
E03314,2025-11-10,,Active,L2,Sales,North America,E02295,ORG015
E03315,2019-02-19,,Active,L5,Software Engineering,Latin America,E02211,ORG037
E03316,2021-01-24,,Active,L4,Data,Asia Pacific,E03121,ORG002
E03317,2021-09-12,,Active,L2,Operations,Asia Pacific,E00326,ORG006
E03318,2019-09-06,,Active,L5,Sales,North America,E03983,ORG008
E03319,2025-04-25,,Active,L2,HR,North America,E01468,ORG016
E03320,2019-09-08,,Active,L2,Sales,Asia Pacific,E02786,ORG020
E03321,2024-10-23,2026-06-24,Terminated,L5,Program Management,Asia Pacific,E04725,ORG024
E03322,2023-12-06,,Active,L4,Product,Europe,E01850,ORG012
E03323,2024-06-26,,Active,L6,Finance,North America,E01529,ORG004
E03324,2019-04-30,,Active,L4,Data,North America,E01246,ORG033
E03325,2026-11-06,,Active,L4,Marketing,North America,E03254,ORG002
E03326,2019-03-22,,Active,L3,HR,North America,E04787,ORG040
E03327,2023-08-04,,Active,L2,Operations,North America,E02835,ORG045
E03328,2023-04-05,2025-09-02,Terminated,L7,Software Engineering,North America,,ORG035
E03329,2020-12-22,,Active,L2,Product,North America,E00939,ORG029
E03330,2024-09-18,,Active,L4,Marketing,Europe,E04716,ORG032
E03331,2022-09-10,,Active,L3,Data,Europe,E00183,ORG032
E03332,2023-02-22,2024-04-06,Terminated,L3,Data,Europe,E02002,ORG046
E03333,2024-06-21,,Active,L4,Program Management,North America,E00592,ORG047
E03334,2026-04-10,,Active,L5,Product,Europe,E00143,ORG021
E03335,2025-09-30,,Active,L5,HR,Latin America,E04987,ORG030
E03336,2020-09-21,,Active,L6,Data,North America,E00397,ORG039
E03337,2018-09-26,,Active,L3,Sales,Asia Pacific,E04532,ORG001
E03338,2024-07-12,,Active,L4,Sales,North America,E02768,ORG026
E03339,2026-11-11,,Active,L2,Product,Europe,E01548,ORG032
E03340,2025-03-18,,Active,L5,Finance,North America,E04331,ORG035
E03341,2024-11-11,,Active,L3,HR,Europe,E00021,ORG018
E03342,2023-06-10,,Active,L4,Sales,Asia Pacific,E03441,ORG015
E03343,2022-11-20,,Active,L3,HR,North America,E03856,ORG009
E03344,2023-09-27,,Active,L5,Marketing,Asia Pacific,E01763,ORG027
E03345,2018-03-27,,Active,L5,Software Engineering,Asia Pacific,E01467,ORG045
E03346,2019-04-24,,Active,L6,Finance,Asia Pacific,E00038,ORG044
E03347,2026-07-21,,Active,L2,HR,North America,E00098,ORG018
E03348,2020-02-19,,Active,L7,Product,North America,,ORG013
E03349,2021-07-09,,Active,L3,Software Engineering,Asia Pacific,E00186,ORG039
E03350,2018-02-25,,Active,L3,Data,Asia Pacific,E02258,ORG036
E03351,2026-02-27,2026-08-18,Terminated,L3,Marketing,Latin America,E02697,ORG025
E03352,2024-01-25,,Active,L3,Sales,North America,E02074,ORG019
E03353,2024-12-13,,Active,L4,Software Engineering,Asia Pacific,E03521,ORG006
E03354,2023-11-21,,Active,L3,Product,Asia Pacific,E01749,ORG039
E03355,2025-01-25,,Active,L3,Operations,Asia Pacific,E03950,ORG030
E03356,2026-04-01,,Active,L4,Marketing,Europe,E03263,ORG019
E03357,2022-03-21,,Active,L5,Sales,North America,E04679,ORG045
E03358,2021-04-26,,Active,L5,Sales,Europe,E03665,ORG032
E03359,2018-03-10,,Active,L4,Sales,Europe,E00605,ORG045
E03360,2019-04-30,,Active,L2,Finance,North America,E02832,ORG023
E03361,2019-10-29,,Active,L5,Product,North America,E03282,ORG023
E03362,2019-03-22,,Active,L2,Finance,Asia Pacific,E00063,ORG046
E03363,2025-06-02,,Active,L3,Operations,North America,E00186,ORG047
E03364,2019-10-11,,Active,L2,Marketing,North America,E00098,ORG047
E03365,2018-01-12,,Active,L5,Operations,Europe,E00837,ORG040
E03366,2023-07-28,,Active,L3,HR,Latin America,E04413,ORG023
E03367,2020-07-21,,Active,L4,Software Engineering,Europe,E01142,ORG011
E03368,2019-09-18,,Active,L3,HR,North America,E00902,ORG019
E03369,2020-02-21,,Active,L4,Operations,North America,E02205,ORG046
E03370,2025-09-14,,Active,L4,Program Management,North America,E01960,ORG018
E03371,2026-01-19,,Active,L2,HR,North America,E04973,ORG037
E03372,2022-04-03,,Active,L4,Operations,Asia Pacific,E00493,ORG045
E03373,2021-03-28,,Active,L4,Data,North America,E04207,ORG047
E03374,2023-01-08,,Active,L4,Program Management,North America,E01093,ORG046
E03375,2020-11-10,,Active,L2,Marketing,Asia Pacific,E01516,ORG027
E03376,2026-04-27,,Active,L5,Marketing,North America,E02419,ORG024
E03377,2022-02-27,,Active,L3,Finance,North America,E04882,ORG048
E03378,2025-04-29,,Active,L2,Finance,North America,E01130,ORG011
E03379,2020-07-09,,Active,L2,Product,North America,E01678,ORG010
E03380,2025-01-08,,Active,L4,Sales,North America,E03296,ORG047
E03381,2023-11-01,2026-07-26,Terminated,L3,Finance,Latin America,E03346,ORG034
E03382,2026-10-03,,Active,L5,Data,Asia Pacific,E01773,ORG026
E03383,2024-12-23,,Active,L3,Marketing,Asia Pacific,E00620,ORG007
E03384,2022-02-17,,Active,L5,Sales,Europe,E03938,ORG025
E03385,2018-04-28,,Active,L3,Data,North America,E04499,ORG046
E03386,2026-11-17,,Active,L4,Program Management,Asia Pacific,E03053,ORG030
E03387,2022-04-26,,Active,L5,HR,North America,E04367,ORG020
E03388,2023-04-28,,Active,L3,HR,North America,E01192,ORG027
E03389,2024-03-11,,Active,L2,Software Engineering,North America,E04332,ORG043
E03390,2020-09-04,,Active,L4,Data,Europe,E04043,ORG045
E03391,2026-08-16,,Active,L7,Marketing,North America,,ORG020
E03392,2021-10-30,,Active,L7,Marketing,North America,,ORG030
E03393,2019-10-15,,Active,L3,HR,North America,E04504,ORG014
E03394,2022-06-04,,Active,L5,Finance,North America,E04661,ORG022
E03395,2018-04-09,,Active,L3,HR,North America,E01682,ORG011
E03396,2022-08-01,,Active,L3,Operations,Europe,E00576,ORG026
E03397,2023-10-02,2024-06-26,Terminated,L5,HR,North America,E03765,ORG028
E03398,2024-08-06,,Active,L4,Product,Europe,E03345,ORG017
E03399,2026-07-11,,Active,L4,Data,North America,E03231,ORG014
E03400,2022-10-20,,Active,L5,Product,North America,E03170,ORG008
E03401,2022-12-29,,Active,L3,Product,Europe,E00175,ORG007
E03402,2018-11-23,,Active,L5,Product,Europe,E03345,ORG035
E03403,2024-08-28,,Active,L3,Operations,North America,E02409,ORG011
E03404,2023-07-27,,Active,L2,Software Engineering,Europe,E00128,ORG006
E03405,2018-09-11,,Active,L3,Program Management,Asia Pacific,E04301,ORG050
E03406,2018-06-06,,Active,L6,Operations,North America,E00117,ORG013
E03407,2022-06-28,,Active,L4,Software Engineering,Europe,E01127,ORG044
E03408,2018-02-24,,Active,L2,Operations,North America,E01441,ORG030
E03409,2021-03-29,2024-08-09,Terminated,L5,HR,Asia Pacific,E03910,ORG035
E03410,2020-06-27,,Active,L7,Program Management,North America,,ORG028
E03411,2019-01-28,,Active,L6,Data,Latin America,E00377,ORG009
E03412,2023-08-13,,Active,L4,HR,Europe,E01881,ORG041
E03413,2021-01-07,,Active,L3,Finance,Europe,E01767,ORG041
E03414,2018-01-31,2025-05-10,Terminated,L4,Program Management,North America,E02020,ORG017
E03415,2018-02-15,,Active,L5,Data,Europe,E04366,ORG037
E03416,2020-03-01,,Active,L6,Data,North America,E01590,ORG027
E03417,2020-05-06,,Active,L5,Data,North America,E01719,ORG044
E03418,2018-03-18,,Active,L4,Sales,North America,E01999,ORG039
E03419,2020-09-29,,Active,L2,Product,Europe,E01936,ORG002
E03420,2022-10-06,,Active,L4,Program Management,Asia Pacific,E04779,ORG043
E03421,2025-03-30,,Active,L2,HR,Latin America,E01264,ORG047
E03422,2020-07-23,,Active,L2,Finance,North America,E00547,ORG036
E03423,2022-04-10,2026-03-15,Terminated,L4,Data,Asia Pacific,E02064,ORG006
E03424,2024-09-01,,Active,L4,Marketing,Asia Pacific,E00395,ORG040
E03425,2024-06-23,,Active,L5,Product,Asia Pacific,E03987,ORG032
E03426,2024-01-09,,Active,L5,HR,Asia Pacific,E04458,ORG017
E03427,2023-01-09,,Active,L5,Sales,North America,E04150,ORG043
E03428,2023-04-10,,Active,L5,Operations,Asia Pacific,E04022,ORG028
E03429,2024-05-31,,Active,L5,Software Engineering,Europe,E02063,ORG042
E03430,2020-03-26,,Active,L2,Operations,Asia Pacific,E03488,ORG033
E03431,2023-04-18,,Active,L4,Product,North America,E01954,ORG014
E03432,2021-07-06,,Active,L2,Sales,North America,E04288,ORG048
E03433,2022-07-21,,Active,L2,HR,North America,E00930,ORG028
E03434,2023-05-13,,Active,L2,Sales,Europe,E00668,ORG026
E03435,2018-02-25,,Active,L5,Sales,North America,E04886,ORG020
E03436,2023-12-19,,Active,L5,Software Engineering,Asia Pacific,E01746,ORG007
E03437,2020-12-27,,Leave,L6,Data,North America,E01517,ORG034
E03438,2023-08-11,,Active,L7,Finance,North America,,ORG021
E03439,2021-09-22,,Active,L6,Finance,North America,E03340,ORG046
E03440,2023-08-11,2026-06-25,Terminated,L2,Sales,North America,E01672,ORG047
E03441,2019-05-21,,Active,L6,Finance,North America,E03759,ORG038
E03442,2023-11-20,2025-11-10,Terminated,L5,Sales,Europe,E02101,ORG012
E03443,2020-05-18,,Leave,L6,Program Management,Latin America,E03918,ORG035
E03444,2024-02-10,,Active,L2,Software Engineering,North America,E00377,ORG001
E03445,2019-07-28,,Leave,L2,Data,North America,E03673,ORG040
E03446,2022-11-10,,Active,L6,Program Management,Asia Pacific,E01600,ORG024
E03447,2018-09-27,,Active,L3,Data,North America,E02069,ORG046
E03448,2025-04-29,,Active,L3,Operations,Europe,E04653,ORG019
E03449,2024-08-17,,Active,L4,Program Management,Europe,E02397,ORG013
E03450,2023-04-10,,Active,L2,Product,Asia Pacific,E00347,ORG049
E03451,2025-04-03,,Active,L2,Finance,North America,E02270,ORG026
E03452,2020-01-24,,Active,L7,HR,Latin America,,ORG042
E03453,2023-08-26,,Active,L6,Data,Latin America,E01142,ORG045
E03454,2019-05-21,,Active,L6,Operations,North America,E02355,ORG026
E03455,2019-01-23,,Active,L3,Marketing,North America,E01022,ORG023
E03456,2018-12-04,,Active,L3,Product,North America,E03215,ORG027
E03457,2024-09-01,,Active,L4,Sales,North America,E01129,ORG042
E03458,2020-01-07,2025-06-23,Terminated,L4,Program Management,Latin America,E02312,ORG047
E03459,2019-07-25,,Active,L2,Product,North America,E04779,ORG016
E03460,2020-04-07,,Active,L5,Sales,North America,E03199,ORG036
E03461,2021-03-02,,Active,L7,Program Management,North America,,ORG014
E03462,2025-11-13,,Active,L4,Sales,Europe,E03566,ORG030
E03463,2024-06-22,,Active,L3,Finance,Asia Pacific,E03875,ORG039
E03464,2020-09-27,,Active,L3,Sales,Europe,E04582,ORG043
E03465,2022-03-29,,Active,L2,Sales,Europe,E04429,ORG022
E03466,2023-02-11,,Active,L3,Marketing,North America,E04314,ORG018
E03467,2018-05-29,,Active,L4,Operations,Europe,E01662,ORG013
E03468,2024-08-13,,Active,L4,Marketing,North America,E03153,ORG007
E03469,2025-06-23,,Active,L4,Data,North America,E04081,ORG018
E03470,2019-08-18,,Leave,L5,Operations,Europe,E02835,ORG043
E03471,2025-06-06,,Active,L3,Program Management,Latin America,E00598,ORG021
E03472,2020-07-25,,Active,L2,Data,Asia Pacific,E02564,ORG016
E03473,2026-05-31,2026-11-03,Terminated,L2,Sales,Europe,E01015,ORG036
E03474,2020-08-25,,Active,L2,Sales,North America,E03439,ORG011
E03475,2026-03-11,,Active,L4,HR,North America,E04323,ORG013
E03476,2018-11-08,,Active,L5,Finance,Europe,E03520,ORG046
E03477,2023-06-01,,Active,L6,Finance,Europe,E02789,ORG004
E03478,2019-08-22,,Active,L4,Program Management,Europe,E03029,ORG021
E03479,2020-06-03,,Active,L4,HR,Europe,E02748,ORG028
E03480,2021-08-27,,Active,L2,Marketing,North America,E02222,ORG012
E03481,2020-02-28,,Active,L4,Product,North America,E01079,ORG014
E03482,2018-06-20,,Active,L3,Program Management,North America,E03384,ORG011
E03483,2018-11-24,2024-02-17,Terminated,L6,Data,Europe,E01691,ORG017
E03484,2022-08-21,,Active,L4,Marketing,Latin America,E00763,ORG044
E03485,2019-07-29,,Active,L3,Operations,Europe,E03997,ORG021
E03486,2019-06-21,,Active,L3,Finance,Europe,E02793,ORG021
E03487,2019-09-15,,Active,L2,Product,Europe,E02631,ORG019
E03488,2020-10-06,,Active,L6,Data,North America,E02630,ORG047
E03489,2018-10-02,,Active,L2,Sales,North America,E00366,ORG006
E03490,2019-04-24,,Active,L2,Sales,North America,E02714,ORG043
E03491,2024-11-12,,Active,L3,Program Management,Latin America,E02765,ORG016
E03492,2020-05-27,,Active,L5,HR,North America,E02579,ORG047
E03493,2018-11-30,,Active,L4,Finance,Europe,E00035,ORG016
E03494,2026-07-15,,Active,L4,Finance,North America,E03768,ORG005
E03495,2025-04-15,,Active,L3,Software Engineering,Europe,E03116,ORG026
E03496,2020-07-24,,Active,L2,Finance,North America,E03799,ORG012
E03497,2022-06-22,,Active,L5,Software Engineering,Latin America,E02531,ORG037
E03498,2026-05-11,,Active,L3,Software Engineering,North America,E01603,ORG032
E03499,2018-08-29,,Active,L2,Program Management,Latin America,E04167,ORG034
E03500,2021-12-07,,Active,L4,Software Engineering,Europe,E01697,ORG010
E03501,2025-01-27,,Active,L2,Marketing,North America,E02246,ORG035
E03502,2020-12-21,,Active,L2,Data,Asia Pacific,E00067,ORG016
E03503,2019-01-02,,Active,L5,Marketing,Europe,E00799,ORG050
E03504,2026-10-29,,Active,L4,Software Engineering,North America,E00547,ORG036
E03505,2024-09-01,,Active,L3,Sales,Europe,E02073,ORG029
E03506,2025-03-18,,Active,L3,Program Management,Europe,E01237,ORG042
E03507,2023-03-25,,Active,L5,Marketing,Europe,E01619,ORG029
E03508,2022-07-19,,Active,L2,Operations,Asia Pacific,E03841,ORG027
E03509,2019-09-27,2024-10-19,Terminated,L2,Operations,Europe,E03416,ORG012
E03510,2021-07-23,,Active,L4,Software Engineering,North America,E03987,ORG033
E03511,2018-04-13,,Active,L4,Program Management,North America,E04075,ORG019
E03512,2022-09-04,2024-08-23,Terminated,L7,Finance,North America,,ORG003
E03513,2022-07-26,,Active,L3,Marketing,Europe,E01171,ORG040
E03514,2019-04-24,,Active,L2,Product,North America,E03124,ORG003
E03515,2020-03-09,,Active,L4,Data,North America,E04358,ORG033
E03516,2021-04-30,,Active,L4,Product,Asia Pacific,E01478,ORG008
E03517,2023-07-06,2024-03-03,Terminated,L2,Product,North America,E01819,ORG021
E03518,2020-05-07,,Active,L4,Marketing,North America,E02698,ORG042
E03519,2020-09-02,,Active,L3,Software Engineering,Asia Pacific,E03988,ORG005
E03520,2018-07-30,,Active,L5,Marketing,Europe,E00713,ORG033
E03521,2020-12-06,,Active,L5,Software Engineering,Asia Pacific,E02321,ORG030
E03522,2023-05-17,,Active,L4,Sales,North America,E01146,ORG042
E03523,2021-07-06,,Active,L7,Program Management,Europe,,ORG009
E03524,2019-08-05,,Active,L7,Data,Latin America,,ORG039
E03525,2022-10-24,,Active,L2,Finance,North America,E03582,ORG022
E03526,2021-09-17,,Active,L3,HR,North America,E01146,ORG021
E03527,2020-06-07,,Active,L4,Sales,North America,E01729,ORG018
E03528,2022-10-13,,Active,L2,Software Engineering,Asia Pacific,E01685,ORG019
E03529,2024-03-13,,Active,L3,Finance,North America,E00331,ORG026
E03530,2024-02-12,,Active,L3,Finance,North America,E03340,ORG006
E03531,2021-01-17,,Active,L6,Program Management,Europe,E01192,ORG021
E03532,2018-10-16,,Active,L4,Marketing,Latin America,E02454,ORG032
E03533,2020-12-24,,Active,L5,Program Management,North America,E03477,ORG025
E03534,2023-08-29,,Active,L3,Program Management,Europe,E03928,ORG009
E03535,2024-07-16,,Leave,L2,Operations,Latin America,E04574,ORG018
E03536,2020-08-24,,Active,L6,Marketing,North America,E00592,ORG022
E03537,2023-12-14,,Active,L2,Sales,Europe,E03162,ORG033
E03538,2026-01-10,,Active,L2,HR,North America,E01600,ORG044
E03539,2018-03-21,2026-03-26,Terminated,L3,Data,North America,E03861,ORG027
E03540,2024-09-30,,Active,L5,Product,North America,E01904,ORG033
E03541,2026-12-02,,Active,L3,Data,North America,E00064,ORG004
E03542,2020-07-12,,Active,L2,Data,North America,E04301,ORG047
E03543,2019-06-07,,Active,L3,Sales,Asia Pacific,E03814,ORG016
E03544,2024-09-25,,Active,L3,Sales,North America,E01609,ORG018
E03545,2023-06-11,,Active,L2,Data,North America,E04175,ORG011
E03546,2020-01-11,,Active,L4,Operations,Europe,E02002,ORG005
E03547,2021-06-04,,Active,L2,Product,Latin America,E02007,ORG039
E03548,2025-02-11,,Active,L3,Data,North America,E01461,ORG012
E03549,2022-06-15,,Active,L4,Program Management,North America,E02467,ORG014
E03550,2022-11-27,,Active,L5,Data,North America,E04976,ORG009
E03551,2020-03-21,,Active,L3,HR,Asia Pacific,E00218,ORG048
E03552,2018-09-21,,Active,L3,Marketing,Asia Pacific,E02997,ORG038
E03553,2020-01-06,,Active,L3,Program Management,North America,E00862,ORG046
E03554,2018-07-22,,Active,L6,Product,North America,E00589,ORG042
E03555,2020-07-19,,Active,L3,Operations,Europe,E00242,ORG044
E03556,2024-11-29,,Active,L3,Marketing,Europe,E01300,ORG024
E03557,2018-05-25,2025-01-21,Terminated,L4,Software Engineering,North America,E03696,ORG009
E03558,2018-03-09,,Active,L3,HR,North America,E03711,ORG016
E03559,2019-09-27,,Active,L2,Data,North America,E03997,ORG015
E03560,2019-06-11,,Active,L2,Product,Europe,E00693,ORG035
E03561,2024-10-15,,Leave,L4,Program Management,Latin America,E00518,ORG002
E03562,2019-12-04,,Active,L4,Program Management,North America,E04913,ORG007
E03563,2019-02-13,,Active,L4,Software Engineering,Asia Pacific,E04590,ORG034
E03564,2018-09-14,,Active,L5,HR,North America,E03503,ORG006
E03565,2021-03-24,,Active,L3,HR,Europe,E04197,ORG003
E03566,2019-09-15,,Active,L6,Program Management,Asia Pacific,E04012,ORG006
E03567,2026-06-09,,Active,L5,Program Management,Europe,E02909,ORG034
E03568,2023-01-19,,Active,L5,Data,North America,E02358,ORG007
E03569,2024-01-09,,Active,L5,Finance,North America,E04901,ORG008
E03570,2018-09-25,,Active,L3,Product,Asia Pacific,E03391,ORG012
E03571,2026-11-06,,Active,L3,Product,Europe,E04416,ORG037
E03572,2023-07-30,,Active,L4,Sales,North America,E00984,ORG010
E03573,2020-05-17,,Active,L2,Finance,Europe,E01049,ORG002
E03574,2023-01-31,,Active,L4,HR,North America,E03166,ORG044
E03575,2020-06-09,,Active,L2,Product,North America,E04774,ORG043
E03576,2022-01-21,,Active,L2,Operations,Asia Pacific,E03141,ORG009
E03577,2019-08-08,2025-07-12,Terminated,L6,Data,North America,E02187,ORG013
E03578,2019-11-29,,Active,L5,Product,North America,E00108,ORG010
E03579,2023-08-24,,Active,L4,Sales,North America,E00748,ORG035
E03580,2018-06-29,,Active,L3,Operations,Latin America,E01105,ORG013
E03581,2026-08-01,,Active,L4,Finance,North America,E00953,ORG046
E03582,2019-10-16,,Active,L6,Sales,North America,E03520,ORG041
E03583,2018-08-06,,Active,L4,Marketing,North America,E03425,ORG029
E03584,2020-10-04,,Active,L4,Data,North America,E01850,ORG001
E03585,2021-06-11,,Active,L4,Finance,North America,E04935,ORG043
E03586,2026-05-26,,Active,L3,Marketing,North America,E01940,ORG036
E03587,2020-11-18,,Active,L5,Software Engineering,North America,E02203,ORG039
E03588,2022-02-25,,Active,L7,Sales,Europe,,ORG004
E03589,2024-11-18,,Active,L4,Finance,North America,E02686,ORG035
E03590,2022-08-08,,Active,L3,Product,North America,E02892,ORG039
E03591,2018-01-14,,Active,L4,Sales,Europe,E00917,ORG047
E03592,2021-06-12,,Active,L4,Sales,North America,E01467,ORG029
E03593,2026-07-01,,Active,L7,Software Engineering,North America,,ORG025
E03594,2024-02-10,,Active,L5,HR,Latin America,E03436,ORG021
E03595,2022-10-09,,Active,L3,Marketing,Europe,E04227,ORG034
E03596,2020-10-15,,Active,L3,Finance,Europe,E02073,ORG045
E03597,2024-06-15,,Active,L4,Operations,Europe,E00553,ORG030
E03598,2022-06-16,,Active,L2,Software Engineering,Latin America,E04260,ORG012
E03599,2021-12-06,,Active,L4,Operations,North America,E02947,ORG001
E03600,2018-07-02,,Active,L5,Marketing,North America,E02144,ORG030
E03601,2019-02-20,,Active,L5,Sales,Asia Pacific,E02972,ORG042
E03602,2018-08-08,,Active,L3,Operations,North America,E04101,ORG004
E03603,2025-12-30,,Active,L5,Product,Europe,E00009,ORG020
E03604,2023-01-30,,Active,L5,Sales,North America,E01746,ORG046
E03605,2018-06-04,,Active,L3,Marketing,North America,E04693,ORG025
E03606,2019-01-29,2024-08-07,Terminated,L4,Product,Europe,E01468,ORG011
E03607,2025-04-18,,Active,L4,Sales,Europe,E04881,ORG018
E03608,2026-08-12,,Active,L5,Product,Europe,E01330,ORG020
E03609,2021-07-12,,Active,L2,Sales,North America,E02322,ORG006
E03610,2024-07-26,,Leave,L3,Marketing,North America,E00328,ORG032
E03611,2023-12-30,,Active,L4,Finance,Europe,E03664,ORG029
E03612,2022-12-06,,Active,L2,Operations,North America,E01140,ORG032
E03613,2024-06-22,,Active,L4,Product,Europe,E04251,ORG030
E03614,2018-12-25,,Active,L5,Data,Europe,E00617,ORG001
E03615,2018-12-08,,Active,L2,Data,North America,E00556,ORG009
E03616,2026-07-13,,Active,L4,Sales,North America,E02331,ORG009
E03617,2022-12-22,,Active,L7,Finance,Asia Pacific,,ORG005
E03618,2020-12-19,,Active,L4,Product,North America,E00397,ORG036
E03619,2020-11-20,,Active,L4,Operations,North America,E01602,ORG006
E03620,2024-10-13,,Active,L4,Sales,Latin America,E03438,ORG033
E03621,2026-02-23,,Active,L3,Finance,North America,E02535,ORG009
E03622,2021-06-19,,Active,L2,Marketing,Asia Pacific,E02832,ORG006
E03623,2025-09-16,,Active,L5,Software Engineering,North America,E00431,ORG008
E03624,2022-04-09,2025-10-09,Terminated,L3,Data,North America,E03402,ORG025
E03625,2025-09-26,,Active,L3,Finance,Europe,E00431,ORG032
E03626,2024-11-04,,Active,L2,Finance,North America,E02890,ORG040
E03627,2024-07-04,,Active,L5,HR,Asia Pacific,E03957,ORG007
E03628,2019-09-17,,Active,L2,Marketing,North America,E03668,ORG030
E03629,2022-01-28,,Active,L5,Data,Europe,E01712,ORG038
E03630,2025-11-13,,Active,L3,Marketing,Asia Pacific,E00748,ORG016
E03631,2023-06-11,,Active,L4,Data,Europe,E04150,ORG004
E03632,2021-10-16,,Active,L3,Operations,North America,E01014,ORG008
E03633,2026-03-10,,Active,L2,Sales,North America,E02492,ORG005
E03634,2021-10-10,,Active,L4,HR,North America,E01133,ORG043
E03635,2019-08-28,,Active,L5,Product,Asia Pacific,E00122,ORG019
E03636,2023-07-25,,Active,L3,Finance,Europe,E02027,ORG026
E03637,2023-02-21,,Active,L4,Marketing,Europe,E02786,ORG038
E03638,2020-11-10,,Active,L4,Software Engineering,North America,E03813,ORG018
E03639,2021-08-11,,Active,L3,Marketing,North America,E03665,ORG032
E03640,2020-03-03,,Active,L4,Finance,North America,E04151,ORG004
E03641,2018-12-24,,Active,L2,Data,North America,E04068,ORG024
E03642,2024-12-28,,Active,L4,Product,North America,E01973,ORG005
E03643,2021-10-19,,Active,L2,Sales,North America,E01664,ORG013
E03644,2019-11-02,,Leave,L4,Program Management,North America,E03055,ORG015
E03645,2019-05-13,,Active,L3,Marketing,Europe,E02374,ORG035
E03646,2024-09-26,,Active,L4,Program Management,North America,E01442,ORG033
E03647,2023-03-14,,Active,L4,Program Management,North America,E00132,ORG037
E03648,2019-09-10,,Active,L6,Sales,Asia Pacific,E02358,ORG003
E03649,2019-05-09,,Active,L4,Sales,Europe,E02331,ORG049
E03650,2025-11-01,,Active,L5,Product,North America,E04697,ORG003
E03651,2020-02-14,,Active,L3,Sales,Asia Pacific,E04056,ORG040
E03652,2026-02-24,,Leave,L3,Product,North America,E01276,ORG036
E03653,2023-12-01,,Active,L2,Marketing,Europe,E00523,ORG029
E03654,2024-04-11,,Active,L4,Data,Asia Pacific,E03934,ORG022
E03655,2019-07-01,,Active,L5,Finance,North America,E02426,ORG037
E03656,2019-02-17,,Active,L5,Software Engineering,Europe,E00179,ORG036
E03657,2021-03-04,2024-05-28,Terminated,L4,HR,North America,E03787,ORG007
E03658,2022-09-15,,Active,L4,Marketing,North America,E01681,ORG039
E03659,2022-08-11,,Active,L3,HR,North America,E00837,ORG004
E03660,2020-09-11,,Active,L2,Program Management,North America,E03285,ORG025
E03661,2023-07-05,,Active,L5,Sales,North America,E03922,ORG032
E03662,2018-04-23,,Active,L3,Software Engineering,North America,E03886,ORG040
E03663,2020-11-14,,Active,L2,Operations,North America,E01302,ORG023
E03664,2022-08-21,,Active,L6,Marketing,North America,E02996,ORG012
E03665,2019-06-11,,Active,L7,Program Management,North America,,ORG024
E03666,2018-07-09,,Active,L4,Data,North America,E02316,ORG013
E03667,2019-09-10,,Active,L3,Program Management,North America,E04354,ORG026
E03668,2026-05-04,,Active,L5,Operations,North America,E00913,ORG023
E03669,2024-05-03,,Active,L3,Sales,Europe,E04095,ORG038
E03670,2020-02-28,,Active,L4,Sales,Latin America,E01685,ORG012
E03671,2024-01-15,,Active,L3,Program Management,North America,E03130,ORG010
E03672,2022-09-21,,Active,L6,HR,North America,E02527,ORG023
E03673,2021-09-07,,Active,L6,Software Engineering,Asia Pacific,E01688,ORG003
E03674,2019-11-17,,Active,L4,Software Engineering,Europe,E01112,ORG012
E03675,2023-07-13,,Active,L2,Finance,Latin America,E01762,ORG018
E03676,2024-01-08,,Active,L4,HR,Europe,E03085,ORG024
E03677,2024-09-28,,Active,L3,Sales,Asia Pacific,E03121,ORG014
E03678,2021-01-29,,Active,L6,Finance,North America,E03149,ORG028
E03679,2023-10-29,,Active,L2,Software Engineering,North America,E03281,ORG043
E03680,2019-05-26,2026-01-12,Terminated,L2,HR,Europe,E00216,ORG027
E03681,2019-06-01,,Active,L5,Program Management,Europe,E01942,ORG014
E03682,2022-05-23,2026-03-19,Terminated,L4,Product,Asia Pacific,E01532,ORG003
E03683,2024-07-27,,Active,L5,Program Management,Latin America,E01955,ORG007
E03684,2022-05-13,,Active,L2,Sales,North America,E01869,ORG028
E03685,2018-01-21,,Active,L5,Software Engineering,North America,E00867,ORG034
E03686,2024-04-28,,Active,L2,Finance,Asia Pacific,E04828,ORG003
E03687,2025-03-27,,Active,L2,Data,Asia Pacific,E00008,ORG009
E03688,2022-07-22,2024-12-07,Terminated,L4,HR,Asia Pacific,E03003,ORG016
E03689,2021-10-09,,Leave,L3,Software Engineering,Europe,E02290,ORG016
E03690,2024-02-05,,Active,L4,Marketing,Latin America,E03523,ORG047
E03691,2021-05-04,,Active,L2,Sales,North America,E04150,ORG010
E03692,2023-09-29,,Active,L2,Sales,North America,E03238,ORG004
E03693,2018-05-21,,Active,L5,Program Management,North America,E03851,ORG018
E03694,2021-07-08,,Active,L3,Sales,North America,E01302,ORG007
E03695,2025-08-11,,Active,L4,Software Engineering,Asia Pacific,E04976,ORG007
E03696,2023-08-10,,Active,L5,Product,North America,E00418,ORG020
E03697,2026-02-22,,Active,L2,Software Engineering,Europe,E03345,ORG015
E03698,2024-12-18,,Leave,L5,Data,North America,E00709,ORG005
E03699,2018-01-17,,Active,L3,Program Management,Europe,E01127,ORG030
E03700,2019-05-14,,Active,L3,Finance,North America,E04111,ORG025
E03701,2023-08-07,,Active,L2,Sales,Europe,E03394,ORG004
E03702,2024-10-17,,Active,L5,Data,North America,E03181,ORG042
E03703,2026-04-03,,Active,L4,Program Management,North America,E04134,ORG014
E03704,2026-05-01,,Active,L4,HR,North America,E01320,ORG047
E03705,2024-09-16,,Active,L7,Software Engineering,Europe,,ORG046
E03706,2020-06-26,,Active,L3,HR,Europe,E03206,ORG022
E03707,2020-03-17,,Active,L6,Finance,Latin America,E00965,ORG012
E03708,2018-01-12,,Active,L5,Finance,Asia Pacific,E02396,ORG041
E03709,2018-06-03,,Active,L6,Software Engineering,North America,E01983,ORG018
E03710,2026-09-06,,Active,L6,Software Engineering,North America,E03134,ORG008
E03711,2023-10-21,,Active,L7,Sales,North America,,ORG027
E03712,2020-07-13,,Active,L2,Sales,North America,E00305,ORG024
E03713,2019-06-06,,Active,L5,Operations,North America,E00111,ORG042
E03714,2018-08-31,,Active,L5,Finance,Asia Pacific,E00132,ORG036
E03715,2018-04-25,2024-08-20,Terminated,L4,Operations,Latin America,E01254,ORG043
E03716,2018-03-05,,Active,L3,Operations,North America,E02907,ORG036
E03717,2025-07-10,,Active,L7,HR,Asia Pacific,,ORG032
E03718,2026-11-27,,Active,L3,Finance,Asia Pacific,E00766,ORG025
E03719,2022-09-20,,Active,L4,Software Engineering,North America,E04961,ORG048
E03720,2021-10-03,,Active,L4,Data,Asia Pacific,E02013,ORG047
E03721,2020-12-07,,Active,L3,Sales,Latin America,E01475,ORG042
E03722,2018-11-10,,Active,L5,HR,Latin America,E04463,ORG038
E03723,2021-06-14,,Active,L2,Software Engineering,Asia Pacific,E00864,ORG028
E03724,2018-11-26,,Active,L5,Data,North America,E00904,ORG013
E03725,2018-06-06,,Active,L5,Software Engineering,North America,E01860,ORG043
E03726,2022-10-11,2026-05-04,Terminated,L3,Finance,Latin America,E00331,ORG001
E03727,2023-11-15,2024-10-28,Terminated,L5,Finance,North America,E03410,ORG012
E03728,2026-12-10,,Active,L2,Software Engineering,North America,E03887,ORG020
E03729,2018-02-24,,Active,L5,Software Engineering,North America,E01717,ORG029
E03730,2024-01-20,,Active,L6,Software Engineering,North America,E04351,ORG028
E03731,2026-05-15,2026-10-01,Terminated,L2,Program Management,North America,E00035,ORG009
E03732,2022-06-08,,Active,L5,Product,Asia Pacific,E02698,ORG006
E03733,2023-03-16,,Leave,L4,Operations,Europe,E03685,ORG011
E03734,2019-11-19,,Active,L4,Data,North America,E01824,ORG017
E03735,2020-11-26,,Active,L5,Marketing,North America,E04720,ORG001
E03736,2021-09-08,,Active,L4,Marketing,Europe,E02106,ORG034
E03737,2024-03-24,,Active,L4,Program Management,Asia Pacific,E04574,ORG012
E03738,2020-08-31,,Active,L3,Sales,Asia Pacific,E03296,ORG018
E03739,2023-03-03,,Active,L3,Operations,Asia Pacific,E01105,ORG017
E03740,2019-02-14,,Active,L6,Data,North America,E04151,ORG025
E03741,2026-09-06,,Active,L2,Product,Asia Pacific,E00128,ORG042
E03742,2020-04-15,,Active,L4,Data,Europe,E00913,ORG008
E03743,2023-01-15,,Active,L3,HR,Europe,E03901,ORG017
E03744,2024-12-25,,Active,L5,Sales,Europe,E04504,ORG034
E03745,2020-12-04,,Active,L4,Finance,North America,E01902,ORG003
E03746,2021-08-19,,Active,L4,Data,North America,E03282,ORG041
E03747,2019-11-14,,Active,L3,Product,Europe,E03477,ORG047
E03748,2023-03-19,,Active,L4,Operations,North America,E03717,ORG030
E03749,2022-11-07,,Active,L6,Software Engineering,Asia Pacific,E04530,ORG047
E03750,2021-11-16,,Active,L4,Data,North America,E00416,ORG020
E03751,2018-04-19,,Active,L4,Product,Europe,E00925,ORG021
E03752,2025-08-09,,Active,L5,Finance,Asia Pacific,E04574,ORG006
E03753,2021-02-27,,Active,L3,Data,North America,E02768,ORG002
E03754,2023-06-12,,Active,L4,Marketing,North America,E02690,ORG012
E03755,2019-04-28,,Active,L3,Operations,Europe,E01975,ORG024
E03756,2026-07-01,,Active,L2,Software Engineering,North America,E01752,ORG025
E03757,2020-07-15,,Active,L5,Data,North America,E01153,ORG011
E03758,2020-12-03,,Active,L6,Marketing,Asia Pacific,E01964,ORG030
E03759,2022-12-16,,Active,L6,Finance,North America,E00341,ORG009
E03760,2018-11-19,,Active,L6,Sales,Europe,E01420,ORG016
E03761,2020-04-13,,Active,L4,HR,North America,E04973,ORG010
E03762,2019-12-19,,Active,L3,Marketing,North America,E00800,ORG034
E03763,2021-10-29,,Active,L4,Marketing,North America,E03698,ORG026
E03764,2020-11-04,,Active,L6,HR,Latin America,E00147,ORG036
E03765,2019-10-19,,Active,L5,Sales,Europe,E03707,ORG003
E03766,2019-07-27,,Leave,L4,Sales,North America,E01246,ORG021
E03767,2026-02-14,,Active,L5,Product,North America,E03520,ORG047
E03768,2025-08-04,,Active,L5,Finance,Europe,E02497,ORG003
E03769,2023-10-11,,Active,L6,Marketing,Europe,E03885,ORG021
E03770,2022-10-29,,Active,L5,Sales,North America,E03334,ORG002
E03771,2019-03-11,,Active,L4,Data,North America,E02827,ORG008
E03772,2026-12-20,,Active,L3,Software Engineering,North America,E03705,ORG023
E03773,2023-06-19,,Active,L4,Software Engineering,Europe,E04833,ORG008
E03774,2022-10-03,,Active,L3,HR,Asia Pacific,E03003,ORG026
E03775,2026-08-11,,Active,L6,Program Management,Europe,E00847,ORG045
E03776,2018-02-05,,Active,L4,Finance,Europe,E00554,ORG010
E03777,2023-05-14,,Active,L4,Software Engineering,North America,E02781,ORG006
E03778,2020-07-20,,Active,L3,Data,Europe,E02107,ORG040
E03779,2018-12-19,,Active,L4,HR,Europe,E03089,ORG023
E03780,2018-11-07,,Active,L4,Product,North America,E03335,ORG043
E03781,2021-08-04,,Active,L2,Data,Latin America,E00903,ORG015
E03782,2019-10-30,,Active,L6,Software Engineering,North America,E03735,ORG031
E03783,2018-10-31,,Active,L3,Product,Europe,E04961,ORG045
E03784,2022-02-19,,Active,L4,Program Management,Europe,E01588,ORG009
E03785,2025-07-05,,Active,L3,Marketing,Asia Pacific,E04634,ORG039
E03786,2025-10-18,,Active,L4,Software Engineering,North America,E04634,ORG031
E03787,2023-04-04,,Active,L5,Finance,Asia Pacific,E02039,ORG040
E03788,2023-05-15,,Active,L6,Product,North America,E03974,ORG009
E03789,2019-02-04,,Active,L2,Operations,North America,E04661,ORG022
E03790,2024-01-21,,Active,L7,Product,Asia Pacific,,ORG007
E03791,2020-10-31,,Active,L5,Program Management,North America,E04260,ORG047
E03792,2018-03-24,,Active,L3,Finance,Europe,E01904,ORG004
E03793,2026-01-14,,Active,L3,Finance,North America,E03334,ORG004
E03794,2018-12-15,,Active,L3,Software Engineering,Latin America,E02996,ORG044
E03795,2020-11-20,,Active,L6,Software Engineering,Asia Pacific,E02013,ORG015
E03796,2018-06-07,,Active,L3,Product,North America,E03204,ORG029
E03797,2025-02-01,,Active,L4,Marketing,Asia Pacific,E04666,ORG014
E03798,2020-01-14,,Leave,L5,Product,North America,E00111,ORG032
E03799,2025-12-18,,Active,L6,Finance,Europe,E04503,ORG010
E03800,2019-04-09,,Active,L4,Operations,Asia Pacific,E01777,ORG023
E03801,2019-09-08,,Active,L5,Program Management,Europe,E04134,ORG026
E03802,2021-05-19,,Active,L3,Data,Europe,E00511,ORG017
E03803,2023-07-20,,Active,L6,Program Management,Asia Pacific,E04457,ORG013
E03804,2024-03-01,,Active,L3,Marketing,Europe,E02216,ORG007
E03805,2024-06-03,,Active,L2,Marketing,Latin America,E04570,ORG035
E03806,2021-05-02,,Active,L7,Product,North America,,ORG009
E03807,2025-07-09,,Active,L3,Operations,North America,E02097,ORG015
E03808,2022-04-25,,Active,L2,Product,Asia Pacific,E03757,ORG017
E03809,2021-03-11,,Active,L4,Marketing,North America,E03009,ORG022
E03810,2022-07-20,,Active,L3,Operations,North America,E00958,ORG035
E03811,2019-05-26,,Leave,L2,Marketing,Asia Pacific,E01178,ORG021
E03812,2018-07-17,,Active,L4,Sales,Europe,E02748,ORG043
E03813,2021-09-08,,Active,L5,Product,North America,E02424,ORG033
E03814,2024-11-05,,Active,L5,Operations,North America,E03124,ORG041
E03815,2019-02-02,,Active,L2,Finance,North America,E04032,ORG035
E03816,2019-11-11,,Active,L4,Product,North America,E03877,ORG008
E03817,2022-09-09,,Active,L5,Sales,North America,E00247,ORG048
E03818,2019-12-08,,Active,L3,Finance,Asia Pacific,E02482,ORG039
E03819,2022-10-05,,Active,L3,Software Engineering,North America,E00718,ORG028
E03820,2018-02-14,,Active,L2,Operations,Asia Pacific,E02588,ORG008
E03821,2020-07-11,,Active,L4,Sales,Latin America,E02724,ORG009
E03822,2024-07-04,,Active,L3,Program Management,North America,E04978,ORG030
E03823,2020-12-02,,Active,L5,HR,Latin America,E01904,ORG021
E03824,2024-11-02,,Active,L7,Marketing,North America,,ORG033
E03825,2020-04-01,,Active,L3,Program Management,Europe,E02240,ORG019
E03826,2026-06-25,,Active,L4,Marketing,Latin America,E02583,ORG025
E03827,2021-02-14,,Active,L3,Program Management,Asia Pacific,E00618,ORG010
E03828,2019-01-17,,Active,L2,Finance,North America,E00252,ORG008
E03829,2021-01-04,,Active,L5,HR,North America,E03567,ORG004
E03830,2025-04-22,,Active,L4,Data,North America,E01467,ORG040
E03831,2023-01-09,2025-01-07,Terminated,L6,HR,Latin America,E01757,ORG027
E03832,2019-10-24,,Active,L4,Finance,North America,E04969,ORG046
E03833,2023-03-30,,Active,L2,Finance,Europe,E01171,ORG037
E03834,2024-01-09,,Active,L4,Marketing,North America,E04512,ORG038
E03835,2025-01-22,,Active,L3,Operations,North America,E03162,ORG025
E03836,2018-08-18,,Active,L6,Marketing,North America,E01254,ORG040
E03837,2020-05-27,,Active,L5,Finance,North America,E04779,ORG046
E03838,2022-02-28,,Leave,L3,Software Engineering,Europe,E03146,ORG035
E03839,2022-12-07,,Active,L4,Finance,North America,E01525,ORG006
E03840,2020-04-03,,Active,L5,Software Engineering,North America,E02238,ORG032
E03841,2018-11-05,,Active,L5,Marketing,Europe,E01803,ORG006
E03842,2020-03-15,,Active,L2,Software Engineering,North America,E04227,ORG004
E03843,2023-01-24,,Active,L2,Operations,Asia Pacific,E02316,ORG034
E03844,2023-01-19,,Active,L2,Sales,Europe,E00163,ORG041
E03845,2021-08-10,,Active,L3,Data,Europe,E03436,ORG008
E03846,2025-04-28,,Active,L4,Operations,North America,E03799,ORG004
E03847,2021-02-23,,Active,L2,Operations,North America,E01945,ORG043
E03848,2020-02-20,,Active,L4,Program Management,Asia Pacific,E04595,ORG007
E03849,2018-11-13,,Active,L4,HR,Asia Pacific,E02079,ORG002
E03850,2023-05-27,,Active,L2,Product,North America,E01246,ORG035
E03851,2023-03-11,,Active,L6,Program Management,North America,E03507,ORG042
E03852,2018-07-05,,Active,L4,Product,North America,E00604,ORG025
E03853,2019-12-04,,Active,L3,Finance,Europe,E04925,ORG027
E03854,2022-05-28,,Active,L4,Sales,North America,E03416,ORG017
E03855,2019-02-17,,Active,L3,Software Engineering,Latin America,E01538,ORG012
E03856,2018-05-26,,Active,L5,Program Management,North America,E00379,ORG037
E03857,2023-03-02,,Active,L4,Product,Latin America,E02964,ORG042
E03858,2025-01-14,,Active,L4,Product,North America,E02972,ORG016
E03859,2018-03-02,,Active,L6,Marketing,North America,E03970,ORG014
E03860,2023-08-19,,Active,L5,HR,North America,E01345,ORG013
E03861,2020-09-09,,Active,L5,Marketing,North America,E01002,ORG003
E03862,2018-04-11,,Active,L3,Finance,Latin America,E02010,ORG014
E03863,2020-11-30,,Active,L2,Finance,North America,E04083,ORG002
E03864,2024-02-19,,Active,L5,HR,North America,E04540,ORG039
E03865,2018-12-02,,Active,L4,Finance,Latin America,E01720,ORG013
E03866,2023-05-10,,Active,L5,Sales,North America,E00204,ORG034
E03867,2022-06-05,,Active,L5,Product,North America,E00527,ORG027
E03868,2026-04-28,,Active,L3,Data,North America,E02768,ORG041
E03869,2018-10-28,,Active,L3,Operations,North America,E00108,ORG047
E03870,2018-08-06,,Active,L4,Data,Asia Pacific,E03656,ORG018
E03871,2021-03-26,,Active,L3,Data,North America,E00143,ORG005
E03872,2021-03-06,,Active,L5,Data,Asia Pacific,E02073,ORG037
E03873,2022-03-31,,Active,L5,Data,North America,E03987,ORG002
E03874,2020-10-26,,Active,L4,HR,North America,E02324,ORG011
E03875,2019-09-08,,Active,L5,Finance,Europe,E03384,ORG003
E03876,2020-03-29,,Active,L4,Marketing,Asia Pacific,E01628,ORG044
E03877,2020-04-11,,Active,L5,Product,Europe,E03966,ORG001
E03878,2022-04-28,,Active,L3,Product,North America,E02086,ORG024
E03879,2026-08-10,,Active,L5,Operations,North America,E03782,ORG021
E03880,2023-11-23,,Active,L5,Sales,Asia Pacific,E04757,ORG032
E03881,2020-02-22,,Active,L3,Marketing,Europe,E01861,ORG015
E03882,2023-12-13,,Active,L4,HR,North America,E01118,ORG043
E03883,2022-05-01,,Active,L5,Operations,North America,E04663,ORG036
E03884,2022-10-29,,Active,L3,Marketing,Asia Pacific,E03409,ORG021
E03885,2018-10-30,,Leave,L5,Software Engineering,North America,E04397,ORG018
E03886,2021-08-13,,Active,L6,Operations,Europe,E01833,ORG040
E03887,2019-02-15,,Active,L6,Product,Europe,E01688,ORG037
E03888,2023-08-09,,Active,L4,Software Engineering,North America,E00589,ORG020
E03889,2018-10-10,,Active,L4,Program Management,North America,E03877,ORG017
E03890,2026-04-28,,Active,L7,HR,Europe,,ORG002
E03891,2026-03-04,2026-12-24,Terminated,L4,Product,Europe,E04223,ORG004
E03892,2019-05-08,,Active,L2,Sales,Asia Pacific,E04087,ORG003
E03893,2021-08-05,,Active,L2,Finance,Europe,E01407,ORG002
E03894,2018-10-29,,Active,L5,HR,North America,E02438,ORG008
E03895,2024-05-21,,Active,L4,Product,North America,E02465,ORG042
E03896,2019-06-02,,Active,L3,Sales,Europe,E00576,ORG039
E03897,2024-05-12,,Active,L3,Software Engineering,North America,E00008,ORG041
E03898,2020-02-12,,Active,L5,Program Management,Asia Pacific,E01628,ORG031
E03899,2026-10-03,,Active,L4,Sales,North America,E02578,ORG031
E03900,2025-09-21,,Active,L6,HR,North America,E04945,ORG006
E03901,2024-11-29,,Active,L5,Product,North America,E04369,ORG034
E03902,2018-01-06,2025-05-21,Terminated,L7,Product,Asia Pacific,,ORG014
E03903,2021-02-01,2024-10-14,Terminated,L6,Program Management,Europe,E03601,ORG026
E03904,2026-11-19,,Active,L3,Operations,Europe,E04816,ORG047
E03905,2022-08-11,,Leave,L4,Data,North America,E03883,ORG043
E03906,2022-02-16,,Active,L2,Product,Asia Pacific,E02686,ORG012
E03907,2026-03-06,,Active,L7,Software Engineering,Asia Pacific,,ORG036
E03908,2018-02-15,,Active,L3,Software Engineering,North America,E04559,ORG006
E03909,2019-11-18,,Active,L5,Program Management,Asia Pacific,E04582,ORG002
E03910,2026-09-09,,Active,L5,Data,Asia Pacific,E00968,ORG002
E03911,2019-02-08,,Active,L3,HR,North America,E01339,ORG009
E03912,2018-05-13,,Active,L5,HR,North America,E04847,ORG034
E03913,2025-01-28,,Active,L2,Software Engineering,Europe,E00029,ORG018
E03914,2022-04-19,,Active,L4,Sales,North America,E02616,ORG001
E03915,2025-04-24,,Active,L4,Finance,Asia Pacific,E01871,ORG048
E03916,2019-11-24,,Leave,L3,Product,Europe,E03749,ORG026
E03917,2026-01-21,,Active,L4,Software Engineering,North America,E04789,ORG020
E03918,2024-09-20,,Active,L6,Program Management,North America,E01542,ORG026
E03919,2018-09-30,,Active,L3,Marketing,Europe,E01041,ORG026
E03920,2023-10-30,,Active,L4,Data,North America,E01602,ORG023
E03921,2021-03-03,,Active,L6,Data,North America,E03600,ORG030
E03922,2025-06-02,,Active,L5,Program Management,North America,E01745,ORG043
E03923,2021-01-16,,Active,L2,Marketing,Asia Pacific,E03212,ORG015
E03924,2021-09-18,,Active,L6,Product,North America,E01688,ORG024
E03925,2018-09-17,,Active,L2,HR,North America,E03727,ORG001
E03926,2023-07-25,,Active,L4,Finance,Asia Pacific,E00273,ORG042
E03927,2026-08-28,,Active,L4,Software Engineering,North America,E01672,ORG015
E03928,2019-07-06,,Active,L5,Marketing,Europe,E01510,ORG014
E03929,2026-09-30,,Active,L2,Software Engineering,North America,E03021,ORG050
E03930,2020-05-25,,Active,L3,Operations,Asia Pacific,E03231,ORG029
E03931,2021-12-24,,Active,L5,Finance,North America,E03672,ORG006
E03932,2021-06-16,,Active,L2,HR,North America,E04503,ORG013
E03933,2026-10-24,,Active,L4,Sales,North America,E03981,ORG018
E03934,2019-06-26,,Active,L5,HR,Latin America,E00179,ORG048
E03935,2021-07-27,,Active,L4,Finance,Asia Pacific,E03394,ORG021
E03936,2025-01-25,,Active,L3,Software Engineering,North America,E00068,ORG012
E03937,2023-09-27,,Active,L3,Product,North America,E02013,ORG028
E03938,2019-04-04,,Active,L7,Program Management,North America,,ORG020
E03939,2024-06-19,,Active,L4,Program Management,North America,E02996,ORG003
E03940,2019-12-26,,Active,L2,Software Engineering,North America,E01547,ORG042
E03941,2018-05-24,,Active,L3,Data,Asia Pacific,E03497,ORG001
E03942,2021-07-25,,Active,L3,Program Management,North America,E03976,ORG044
E03943,2025-01-01,,Active,L7,HR,Asia Pacific,,ORG039
E03944,2022-07-26,,Active,L3,Sales,North America,E03089,ORG004
E03945,2021-06-22,,Active,L2,Marketing,Asia Pacific,E02681,ORG036
E03946,2020-02-28,,Active,L4,Operations,North America,E04872,ORG038
E03947,2021-03-10,,Active,L2,Marketing,North America,E03254,ORG030
E03948,2023-07-24,,Active,L3,Operations,Asia Pacific,E01092,ORG028
E03949,2024-03-03,,Active,L7,Operations,North America,,ORG003
E03950,2021-06-23,,Active,L5,Software Engineering,Asia Pacific,E03281,ORG003
E03951,2023-05-23,,Active,L2,Finance,Asia Pacific,E02391,ORG036
E03952,2026-09-22,,Active,L4,Product,Latin America,E00103,ORG006
E03953,2022-07-29,,Active,L3,Operations,Asia Pacific,E04569,ORG012
E03954,2019-04-19,,Active,L2,Marketing,North America,E03976,ORG025
E03955,2021-09-06,,Active,L4,Operations,North America,E03130,ORG008
E03956,2025-04-14,,Active,L4,Product,Europe,E03361,ORG039
E03957,2020-06-19,,Active,L5,HR,North America,E02912,ORG040
E03958,2021-03-31,,Leave,L6,HR,Europe,E01676,ORG041
E03959,2020-12-10,,Active,L3,Finance,North America,E04663,ORG003
E03960,2023-03-08,,Active,L6,Data,Europe,E02799,ORG021
E03961,2026-05-22,,Active,L4,Product,North America,E01655,ORG041
E03962,2020-05-11,,Active,L3,Software Engineering,North America,E03426,ORG018
E03963,2025-10-31,,Active,L5,Marketing,Latin America,E00764,ORG034
E03964,2024-02-26,,Active,L2,Product,Asia Pacific,E01547,ORG029
E03965,2024-08-19,,Active,L4,Operations,North America,E00617,ORG017
E03966,2021-04-27,,Active,L5,Marketing,North America,E00397,ORG014
E03967,2025-02-24,,Active,L3,Marketing,Asia Pacific,E04099,ORG032
E03968,2022-06-30,,Active,L6,Software Engineering,North America,E02149,ORG007
E03969,2019-01-27,,Active,L3,Sales,Europe,E04303,ORG042
E03970,2022-12-21,,Active,L5,HR,Asia Pacific,E03199,ORG028
E03971,2019-04-09,2025-07-16,Terminated,L2,Finance,North America,E01127,ORG006
E03972,2023-03-11,,Active,L2,Software Engineering,North America,E01001,ORG035
E03973,2019-06-02,,Active,L3,HR,North America,E02267,ORG021
E03974,2018-12-31,,Active,L5,Finance,North America,E00452,ORG010
E03975,2026-11-24,,Active,L2,Operations,Europe,E02964,ORG047
E03976,2024-03-15,,Active,L6,Finance,North America,E02279,ORG035
E03977,2020-11-17,,Active,L3,Software Engineering,Latin America,E00665,ORG029
E03978,2021-01-10,,Active,L4,Finance,Asia Pacific,E02673,ORG042
E03979,2026-12-30,,Active,L3,Software Engineering,North America,E04256,ORG027
E03980,2022-05-13,,Active,L2,Product,Europe,E04541,ORG022
E03981,2024-05-09,,Active,L6,Operations,North America,E02041,ORG010
E03982,2025-02-06,2025-12-22,Terminated,L4,Software Engineering,North America,E00341,ORG008
E03983,2022-05-21,,Active,L5,Marketing,Europe,E04332,ORG021
E03984,2026-02-20,,Active,L4,Sales,North America,E02789,ORG023
E03985,2019-03-27,,Active,L4,Operations,North America,E03814,ORG036
E03986,2024-11-22,,Active,L4,Finance,North America,E00189,ORG022
E03987,2022-07-26,,Active,L6,Product,North America,E01441,ORG029
E03988,2019-01-25,,Active,L5,Software Engineering,Europe,E01366,ORG041
E03989,2023-09-10,,Active,L4,Marketing,Latin America,E03603,ORG049
E03990,2023-08-11,,Active,L4,Program Management,Europe,E03410,ORG016
E03991,2018-11-16,,Active,L4,Marketing,Latin America,E03727,ORG044
E03992,2021-10-21,,Active,L4,Data,Europe,E01954,ORG040
E03993,2021-10-02,,Active,L4,Data,North America,E01522,ORG004
E03994,2023-07-05,,Active,L4,Operations,Asia Pacific,E00910,ORG017
E03995,2019-08-27,,Active,L5,Sales,North America,E01192,ORG011
E03996,2021-10-31,,Active,L7,Program Management,North America,,ORG033
E03997,2022-04-19,,Active,L6,Sales,Latin America,E00805,ORG027
E03998,2022-07-05,,Active,L5,Software Engineering,Europe,E04104,ORG024
E03999,2026-10-21,,Active,L4,Sales,Latin America,E03394,ORG037
E04000,2023-11-23,,Active,L5,Program Management,North America,E03397,ORG017
E04001,2021-04-12,,Active,L3,Product,Asia Pacific,E04424,ORG019
E04002,2020-05-11,,Leave,L4,Finance,North America,E03724,ORG042
E04003,2019-03-31,,Active,L3,Sales,North America,E01555,ORG048
E04004,2021-01-29,,Active,L2,Marketing,Asia Pacific,E01526,ORG038
E04005,2020-09-18,,Leave,L7,Data,North America,,ORG011
E04006,2024-07-07,,Active,L6,HR,Europe,E00598,ORG006
E04007,2019-04-04,,Active,L4,Product,Asia Pacific,E03648,ORG011
E04008,2023-09-07,,Active,L3,Operations,Asia Pacific,E04372,ORG021
E04009,2023-06-03,,Active,L5,Operations,North America,E03593,ORG012
E04010,2018-10-14,,Active,L4,HR,North America,E02334,ORG044
E04011,2021-09-28,,Active,L5,Program Management,Asia Pacific,E01623,ORG033
E04012,2024-05-13,,Active,L7,Product,Europe,,ORG021
E04013,2026-06-20,,Active,L3,Operations,North America,E02153,ORG014
E04014,2023-11-20,,Active,L3,HR,North America,E01282,ORG019
E04015,2021-10-13,,Active,L3,Sales,North America,E00810,ORG024
E04016,2021-02-01,,Active,L2,Data,Latin America,E02107,ORG035
E04017,2024-07-20,,Active,L3,Finance,North America,E01132,ORG005
E04018,2026-02-09,,Active,L2,Data,Asia Pacific,E03722,ORG042
E04019,2023-04-10,,Active,L2,Finance,North America,E04533,ORG007
E04020,2025-02-03,,Active,L3,Finance,North America,E00928,ORG013
E04021,2023-11-17,,Active,L2,Sales,Europe,E00029,ORG049
E04022,2020-07-13,,Active,L5,Software Engineering,Asia Pacific,E04372,ORG010
E04023,2020-01-03,,Active,L2,Sales,North America,E01430,ORG005
E04024,2020-08-30,2025-12-28,Terminated,L6,HR,North America,E01196,ORG031
E04025,2021-01-07,,Active,L3,Finance,Europe,E04296,ORG020
E04026,2020-05-04,,Active,L2,Finance,North America,E04205,ORG005
E04027,2025-06-12,,Active,L2,Operations,North America,E02943,ORG001
E04028,2025-02-03,,Active,L5,Data,Europe,E00759,ORG004
E04029,2018-12-17,,Active,L3,Sales,North America,E03536,ORG026
E04030,2022-06-27,,Active,L4,Program Management,Europe,E03724,ORG012
E04031,2018-09-28,,Active,L2,Data,North America,E02187,ORG038
E04032,2023-12-08,,Active,L7,Finance,Europe,,ORG042
E04033,2025-06-05,,Active,L2,Marketing,Asia Pacific,E02842,ORG008
E04034,2024-03-29,,Active,L4,HR,Asia Pacific,E02735,ORG017
E04035,2018-12-23,,Active,L5,Product,Europe,E03308,ORG008
E04036,2022-11-20,,Active,L3,Sales,Europe,E02609,ORG014
E04037,2023-05-29,,Active,L3,Sales,North America,E04875,ORG012
E04038,2024-12-26,,Active,L5,Product,North America,E00156,ORG039
E04039,2024-07-21,,Active,L3,Operations,North America,E00218,ORG017
E04040,2024-10-19,,Active,L2,Sales,Europe,E00729,ORG024
E04041,2020-07-08,,Active,L4,Software Engineering,North America,E00721,ORG033
E04042,2021-03-15,,Active,L2,Program Management,North America,E02509,ORG040
E04043,2019-03-26,,Active,L6,Operations,Europe,E00369,ORG015
E04044,2020-04-23,,Active,L4,Data,Europe,E00917,ORG011
E04045,2020-11-28,,Active,L4,Software Engineering,North America,E02630,ORG048
E04046,2019-01-06,,Active,L3,Finance,North America,E04498,ORG016
E04047,2022-12-18,,Active,L5,Product,Europe,E04006,ORG033
E04048,2026-07-28,,Active,L5,Product,Latin America,E01015,ORG033
E04049,2020-03-22,,Active,L2,Product,Europe,E00237,ORG025
E04050,2021-08-02,,Active,L6,Software Engineering,North America,E03722,ORG012
E04051,2021-01-20,,Active,L4,Finance,Asia Pacific,E03900,ORG007
E04052,2021-03-12,,Active,L5,Product,North America,E04635,ORG024
E04053,2024-06-13,,Active,L3,Finance,North America,E02113,ORG025
E04054,2024-12-03,,Leave,L2,Sales,North America,E00247,ORG038
E04055,2021-03-18,,Active,L5,Operations,North America,E04698,ORG035
E04056,2024-12-08,,Active,L5,Marketing,Europe,E01371,ORG045
E04057,2018-04-22,,Active,L3,Software Engineering,Europe,E01869,ORG047
E04058,2026-03-11,,Active,L2,Marketing,Asia Pacific,E02019,ORG036
E04059,2023-04-04,,Active,L5,Product,Europe,E04924,ORG004
E04060,2020-06-13,,Active,L3,Product,North America,E01747,ORG020
E04061,2026-06-02,,Active,L3,Marketing,Europe,E02816,ORG030
E04062,2018-09-18,,Active,L4,Operations,Asia Pacific,E02533,ORG029
E04063,2023-04-05,,Active,L2,HR,Europe,E04955,ORG009
E04064,2021-04-30,,Active,L2,Sales,North America,E04760,ORG029
E04065,2026-10-12,,Active,L2,Operations,Europe,E03171,ORG017
E04066,2020-01-16,,Active,L6,Product,Europe,E00507,ORG017
E04067,2018-05-04,2025-04-25,Terminated,L3,Operations,North America,E01685,ORG041
E04068,2023-08-29,,Active,L5,Program Management,Asia Pacific,E03328,ORG021
E04069,2018-08-27,,Active,L7,Program Management,North America,,ORG026
E04070,2026-04-14,,Active,L5,Product,North America,E04009,ORG028
E04071,2023-11-11,,Active,L4,Marketing,Asia Pacific,E03770,ORG028
E04072,2018-11-22,,Active,L4,Finance,Asia Pacific,E02426,ORG011
E04073,2024-11-24,,Active,L3,Sales,Europe,E03348,ORG030
E04074,2022-11-04,,Active,L4,Finance,North America,E01509,ORG017
E04075,2025-12-01,,Active,L6,Program Management,Latin America,E03194,ORG032
E04076,2026-06-23,,Active,L5,Product,North America,E02369,ORG008
E04077,2018-11-08,,Active,L4,Marketing,North America,E03417,ORG049
E04078,2025-11-19,,Active,L3,Data,Europe,E04365,ORG038
E04079,2021-08-24,,Leave,L6,Product,North America,E04092,ORG021
E04080,2022-10-30,,Active,L2,HR,Europe,E03698,ORG015
E04081,2025-02-16,,Active,L5,Operations,Latin America,E03859,ORG019
E04082,2025-10-05,,Active,L3,Finance,North America,E00847,ORG035
E04083,2023-03-04,,Active,L5,Data,North America,E00896,ORG032
E04084,2018-03-09,,Active,L5,Software Engineering,North America,E04191,ORG034
E04085,2026-12-01,,Active,L4,Finance,Europe,E02755,ORG044
E04086,2018-12-24,,Active,L3,Product,Europe,E02107,ORG023
E04087,2020-03-14,,Active,L5,Operations,Latin America,E03321,ORG033
E04088,2021-03-08,2025-10-06,Terminated,L3,Marketing,Europe,E00393,ORG022
E04089,2026-01-22,,Active,L3,Finance,Latin America,E00809,ORG031
E04090,2018-07-18,,Active,L4,Finance,North America,E00713,ORG023
E04091,2023-03-01,,Active,L4,Software Engineering,North America,E02860,ORG038
E04092,2023-07-22,,Active,L5,Finance,North America,E00312,ORG001
E04093,2018-11-08,,Active,L2,Marketing,Asia Pacific,E00187,ORG011
E04094,2024-01-10,,Active,L4,Finance,North America,E03391,ORG015
E04095,2018-06-25,,Active,L6,Sales,North America,E03709,ORG046
E04096,2024-09-17,,Active,L2,Marketing,North America,E01203,ORG025
E04097,2021-01-24,,Active,L4,Marketing,North America,E03442,ORG018
E04098,2023-01-07,,Active,L5,Program Management,Europe,E00460,ORG020
E04099,2022-08-16,,Active,L6,Product,Asia Pacific,E02000,ORG022
E04100,2025-04-10,,Active,L4,Product,North America,E01767,ORG043
E04101,2022-05-27,,Active,L5,HR,Europe,E01685,ORG047
E04102,2023-10-03,,Active,L3,Program Management,North America,E04347,ORG041
E04103,2019-08-21,,Active,L3,Sales,North America,E00367,ORG041
E04104,2019-06-22,2025-04-22,Terminated,L6,Sales,North America,E03162,ORG010
E04105,2019-03-06,,Active,L6,Finance,Europe,E01300,ORG014
E04106,2020-11-11,,Active,L4,Software Engineering,Europe,E02424,ORG029
E04107,2020-06-07,,Active,L4,HR,Europe,E00960,ORG032
E04108,2023-12-17,,Active,L4,Software Engineering,Asia Pacific,E03705,ORG010
E04109,2023-02-17,,Active,L2,Operations,North America,E00266,ORG037
E04110,2020-06-12,,Active,L6,Product,Asia Pacific,E00352,ORG010
E04111,2018-05-29,,Active,L5,Data,Europe,E01600,ORG013
E04112,2020-07-25,,Active,L4,Finance,North America,E04416,ORG015
E04113,2018-10-13,,Active,L3,Operations,North America,E00103,ORG041
E04114,2022-05-09,,Active,L3,Finance,North America,E00872,ORG036
E04115,2019-07-31,,Active,L2,Operations,North America,E02457,ORG026
E04116,2025-09-15,,Active,L5,Program Management,North America,E00095,ORG040
E04117,2021-06-25,,Active,L4,Data,North America,E02712,ORG040
E04118,2021-02-01,,Active,L3,Product,Asia Pacific,E01752,ORG019
E04119,2021-05-14,,Active,L4,Sales,Asia Pacific,E03225,ORG038
E04120,2022-07-10,,Active,L7,HR,Europe,,ORG010
E04121,2023-11-05,,Active,L2,Operations,Asia Pacific,E00247,ORG025
E04122,2018-04-19,,Active,L4,Data,Latin America,E00867,ORG006
E04123,2018-01-09,,Active,L4,Marketing,North America,E00813,ORG021
E04124,2019-01-04,,Active,L3,HR,Europe,E03714,ORG026
E04125,2023-07-07,,Active,L4,Data,Europe,E03722,ORG004
E04126,2026-08-27,,Active,L4,Software Engineering,Latin America,E00554,ORG023
E04127,2021-12-27,,Active,L2,Software Engineering,Asia Pacific,E01981,ORG032
E04128,2026-01-17,,Active,L2,Marketing,North America,E03524,ORG030
E04129,2021-01-07,,Active,L5,Marketing,Europe,E00035,ORG003
E04130,2020-12-01,,Active,L3,Program Management,North America,E00486,ORG005
E04131,2022-10-03,,Active,L4,Software Engineering,North America,E03220,ORG018
E04132,2019-01-03,,Active,L4,Finance,Europe,E02856,ORG041
E04133,2018-02-10,,Active,L5,Product,Europe,E03550,ORG043
E04134,2023-04-27,,Active,L5,Software Engineering,North America,E02321,ORG015
E04135,2021-02-19,,Active,L5,Product,North America,E04503,ORG035
E04136,2026-05-19,,Active,L4,Product,Europe,E00591,ORG028
E04137,2021-10-09,,Active,L4,Data,North America,E00748,ORG048
E04138,2020-06-16,,Active,L3,HR,Asia Pacific,E03189,ORG005
E04139,2024-11-11,,Active,L3,Program Management,North America,E04303,ORG027
E04140,2024-09-19,,Active,L4,Operations,Europe,E00099,ORG029
E04141,2023-11-12,,Active,L2,Operations,North America,E03566,ORG015
E04142,2026-12-28,,Active,L4,HR,Latin America,E04872,ORG003
E04143,2024-10-12,,Active,L3,HR,Asia Pacific,E02852,ORG003
E04144,2023-10-02,,Active,L2,Finance,North America,E04151,ORG022
E04145,2021-07-25,,Active,L3,Sales,Europe,E01236,ORG034
E04146,2023-03-26,,Active,L5,Finance,Asia Pacific,E04022,ORG034
E04147,2020-05-24,,Active,L4,Data,North America,E02269,ORG009
E04148,2022-03-20,,Active,L5,Sales,Europe,E01457,ORG042
E04149,2025-09-23,,Active,L4,HR,Asia Pacific,E00939,ORG019
E04150,2020-12-18,,Active,L5,Program Management,Europe,E04268,ORG047
E04151,2020-12-30,,Active,L5,Program Management,Latin America,E03604,ORG006
E04152,2019-03-10,,Active,L2,Marketing,North America,E03938,ORG041
E04153,2019-01-26,2025-06-11,Terminated,L7,Program Management,Asia Pacific,,ORG044
E04154,2024-12-01,,Active,L2,Program Management,Latin America,E03523,ORG040
E04155,2022-12-10,2025-05-04,Terminated,L4,HR,North America,E01197,ORG040
E04156,2022-05-18,,Active,L5,Product,North America,E00917,ORG018
E04157,2023-10-23,,Active,L3,Program Management,Europe,E03231,ORG035
E04158,2019-12-19,,Active,L4,Sales,Asia Pacific,E01190,ORG029
E04159,2020-12-10,,Active,L3,Product,North America,E03233,ORG021
E04160,2023-05-01,,Active,L2,Data,North America,E04500,ORG049
E04161,2020-08-20,,Active,L2,Program Management,Asia Pacific,E03765,ORG015
E04162,2023-12-15,,Active,L2,Software Engineering,North America,E02336,ORG020
E04163,2023-07-30,,Active,L2,Program Management,Europe,E04543,ORG044
E04164,2021-08-03,,Active,L4,Data,Europe,E02789,ORG014
E04165,2021-09-27,2025-03-07,Terminated,L4,Finance,Latin America,E02333,ORG008
E04166,2019-03-23,,Active,L4,Operations,North America,E04791,ORG016
E04167,2021-02-08,,Active,L5,Product,Latin America,E01636,ORG037
E04168,2019-08-23,,Active,L2,Finance,Europe,E00984,ORG042
E04169,2024-12-07,,Active,L3,Software Engineering,Asia Pacific,E00660,ORG006
E04170,2026-03-12,,Active,L5,Data,North America,E03160,ORG031
E04171,2019-10-23,,Active,L6,Operations,Europe,E02566,ORG028
E04172,2020-05-14,,Active,L4,Software Engineering,Asia Pacific,E03879,ORG033
E04173,2020-10-20,,Active,L2,Sales,Asia Pacific,E00709,ORG033
E04174,2018-09-28,,Active,L5,Product,North America,E01547,ORG047
E04175,2022-08-14,,Active,L6,Program Management,North America,E00578,ORG017
E04176,2019-12-05,,Active,L4,Product,North America,E01509,ORG015
E04177,2021-01-02,,Active,L3,Program Management,North America,E04803,ORG029
E04178,2023-03-07,,Active,L2,Data,Europe,E04487,ORG021
E04179,2021-09-25,,Active,L4,Marketing,Latin America,E02497,ORG023
E04180,2020-04-12,,Active,L6,Software Engineering,Europe,E00471,ORG004
E04181,2021-03-13,,Active,L5,Program Management,North America,E04977,ORG008
E04182,2022-09-22,,Active,L3,Sales,North America,E00764,ORG046
E04183,2024-05-29,,Leave,L4,Program Management,North America,E00489,ORG004
E04184,2019-05-17,,Active,L5,HR,North America,E02003,ORG029
E04185,2024-07-27,,Active,L4,Data,Asia Pacific,E04697,ORG037
E04186,2019-03-30,,Active,L5,Product,North America,E03988,ORG001
E04187,2021-04-13,,Active,L3,HR,North America,E01745,ORG011
E04188,2019-07-04,,Leave,L3,Product,Asia Pacific,E02251,ORG019
E04189,2024-07-12,,Active,L4,Program Management,North America,E00258,ORG025
E04190,2020-12-18,,Leave,L4,Data,North America,E01282,ORG017
E04191,2023-05-19,,Active,L7,Operations,Europe,,ORG032
E04192,2026-04-01,,Active,L4,Program Management,North America,E03346,ORG011
E04193,2024-10-26,,Active,L3,Sales,Europe,E02055,ORG002
E04194,2021-12-16,,Active,L3,Program Management,North America,E04903,ORG001
E04195,2018-09-12,,Active,L4,Sales,Europe,E02203,ORG017
E04196,2023-12-25,,Active,L3,Marketing,North America,E04239,ORG018
E04197,2025-10-01,,Active,L5,Sales,North America,E03672,ORG046
E04198,2018-12-09,,Active,L3,HR,Europe,E02561,ORG003
E04199,2023-11-25,,Active,L3,Finance,North America,E04353,ORG026
E04200,2026-10-12,,Active,L4,Operations,North America,E04364,ORG028
E04201,2018-02-06,,Active,L2,Data,North America,E01556,ORG034
E04202,2018-06-06,,Active,L4,Software Engineering,North America,E01320,ORG031
E04203,2019-09-17,,Active,L4,Program Management,North America,E03566,ORG001
E04204,2026-08-13,,Active,L4,Finance,Latin America,E00114,ORG031
E04205,2018-04-02,,Active,L5,Data,North America,E03512,ORG016
E04206,2018-01-02,,Active,L5,Marketing,Europe,E02128,ORG038
E04207,2018-07-26,,Active,L5,Marketing,North America,E03856,ORG010
E04208,2022-07-14,,Active,L3,Data,North America,E00618,ORG035
E04209,2025-04-06,,Active,L3,Data,Asia Pacific,E02904,ORG031
E04210,2025-08-06,,Active,L5,Sales,Asia Pacific,E02724,ORG032
E04211,2023-12-20,,Active,L4,Software Engineering,Latin America,E00065,ORG009
E04212,2019-05-26,,Active,L4,Software Engineering,North America,E02673,ORG033
E04213,2021-05-05,,Active,L4,Software Engineering,North America,E03273,ORG036
E04214,2019-04-02,,Active,L5,HR,Europe,E01983,ORG024
E04215,2021-10-27,,Active,L3,Software Engineering,North America,E03111,ORG017
E04216,2026-04-26,,Active,L4,Software Engineering,North America,E01592,ORG009
E04217,2023-04-06,,Active,L2,Program Management,North America,E03107,ORG015
E04218,2019-03-17,,Active,L4,Finance,North America,E01148,ORG037
E04219,2026-08-13,,Active,L5,Marketing,Asia Pacific,E01330,ORG020
E04220,2025-05-08,,Active,L4,Product,Asia Pacific,E00331,ORG035
E04221,2019-06-09,,Active,L3,Product,Europe,E00463,ORG036
E04222,2023-07-07,,Active,L6,Operations,North America,E00639,ORG033
E04223,2024-08-19,,Active,L5,Program Management,Asia Pacific,E00913,ORG033
E04224,2020-11-21,,Active,L4,Finance,Europe,E03614,ORG030
E04225,2021-01-27,,Active,L6,Product,Asia Pacific,E01015,ORG026
E04226,2023-03-20,,Active,L4,Finance,Europe,E01726,ORG010
E04227,2023-10-05,,Active,L5,Marketing,Latin America,E00847,ORG041
E04228,2020-07-16,,Active,L3,HR,North America,E02074,ORG047
E04229,2018-10-03,,Active,L3,HR,Europe,E01153,ORG023
E04230,2025-04-11,,Active,L3,Data,Asia Pacific,E01600,ORG046
E04231,2020-04-18,,Active,L2,Marketing,Asia Pacific,E00324,ORG050
E04232,2018-09-01,,Active,L4,HR,Latin America,E02535,ORG024
E04233,2021-12-21,,Active,L3,Finance,North America,E01276,ORG036
E04234,2021-10-23,,Active,L4,Software Engineering,Europe,E03247,ORG032
E04235,2022-03-13,,Active,L3,Operations,North America,E04989,ORG012
E04236,2023-11-03,,Active,L2,HR,Europe,E02419,ORG003
E04237,2021-12-20,,Active,L7,Finance,North America,,ORG022
E04238,2025-03-20,,Active,L4,Software Engineering,North America,E02583,ORG039
E04239,2025-07-11,,Leave,L6,Data,Latin America,E04150,ORG016
E04240,2021-02-01,,Active,L4,Operations,Asia Pacific,E01679,ORG038
E04241,2020-01-25,,Active,L2,HR,North America,E00673,ORG032
E04242,2025-04-17,,Active,L4,Program Management,North America,E03627,ORG034
E04243,2020-12-01,,Active,L4,HR,North America,E03239,ORG014
E04244,2019-10-29,,Active,L2,Marketing,North America,E02331,ORG023
E04245,2022-01-03,,Active,L6,Marketing,North America,E01897,ORG009
E04246,2024-09-25,,Active,L4,Finance,Asia Pacific,E00122,ORG012
E04247,2022-12-13,,Active,L5,HR,North America,E02818,ORG005
E04248,2023-01-21,,Active,L4,Data,North America,E02777,ORG007
E04249,2021-08-16,,Active,L4,Data,Europe,E02609,ORG011
E04250,2021-04-07,,Active,L3,HR,North America,E01477,ORG029
E04251,2019-11-22,,Active,L7,Sales,North America,,ORG022
E04252,2019-12-29,,Active,L4,Software Engineering,North America,E00734,ORG013
E04253,2018-04-22,,Active,L3,Finance,North America,E02883,ORG042
E04254,2022-05-20,,Active,L2,Product,Europe,E03138,ORG026
E04255,2022-09-05,,Active,L4,Data,Europe,E00846,ORG045
E04256,2021-05-18,,Active,L7,Program Management,North America,,ORG031
E04257,2021-01-13,,Active,L6,Operations,Asia Pacific,E00576,ORG001
E04258,2018-01-26,,Active,L5,HR,Asia Pacific,E02398,ORG045
E04259,2024-02-15,,Active,L7,Sales,Asia Pacific,,ORG042
E04260,2022-03-12,,Active,L5,Marketing,Latin America,E00206,ORG031
E04261,2019-07-26,,Active,L3,Data,Latin America,E00928,ORG026
E04262,2024-12-22,,Active,L4,Marketing,Asia Pacific,E03196,ORG022
E04263,2021-06-15,,Active,L2,Operations,North America,E01457,ORG024
E04264,2020-12-11,,Active,L3,Software Engineering,North America,E02281,ORG038
E04265,2024-11-15,,Active,L4,Finance,Asia Pacific,E03435,ORG025
E04266,2024-06-09,,Active,L3,Data,Asia Pacific,E00867,ORG009
E04267,2026-08-22,,Active,L6,Operations,Asia Pacific,E01080,ORG003
E04268,2018-01-25,,Active,L7,Sales,Europe,,ORG007
E04269,2022-12-07,,Active,L3,Marketing,Asia Pacific,E01447,ORG013
E04270,2025-08-25,,Active,L5,Product,Europe,E02028,ORG018
E04271,2018-03-05,,Active,L4,Software Engineering,Europe,E02835,ORG044
E04272,2024-05-14,,Active,L2,Finance,North America,E00341,ORG012
E04273,2020-08-24,,Active,L3,Software Engineering,North America,E02348,ORG016
E04274,2026-07-14,,Active,L3,Marketing,North America,E03435,ORG011
E04275,2022-07-24,,Active,L3,Product,North America,E04260,ORG027
E04276,2022-09-03,,Active,L3,Software Engineering,Europe,E02749,ORG030
E04277,2021-08-08,,Active,L2,Product,North America,E03156,ORG026
E04278,2023-11-05,,Active,L3,Program Management,Asia Pacific,E04066,ORG047
E04279,2024-10-29,,Active,L6,HR,North America,E03672,ORG049
E04280,2026-11-04,,Active,L2,Sales,Europe,E02714,ORG041
E04281,2020-02-21,,Active,L3,HR,North America,E02860,ORG039
E04282,2019-05-27,,Active,L4,Finance,Asia Pacific,E04976,ORG018
E04283,2023-10-06,,Active,L3,Product,North America,E03799,ORG029
E04284,2025-02-21,,Active,L4,Marketing,Europe,E01143,ORG018
E04285,2020-03-24,,Active,L2,Marketing,Europe,E02246,ORG038
E04286,2023-07-22,,Active,L4,Finance,Europe,E03730,ORG009
E04287,2025-01-26,,Active,L4,Sales,Europe,E02652,ORG011
E04288,2024-09-03,2026-12-04,Terminated,L5,Product,Asia Pacific,E02110,ORG002
E04289,2019-09-20,,Active,L4,Operations,Asia Pacific,E03089,ORG030
E04290,2022-10-10,,Active,L4,Sales,North America,E01819,ORG034
E04291,2020-09-05,2024-10-18,Terminated,L3,Program Management,Latin America,E03397,ORG001
E04292,2020-02-14,,Active,L3,HR,North America,E03696,ORG025
E04293,2019-01-25,,Active,L4,Sales,North America,E04492,ORG019
E04294,2020-06-05,,Active,L2,Marketing,North America,E04781,ORG039
E04295,2018-12-02,,Active,L3,Product,North America,E03577,ORG002
E04296,2025-04-29,,Active,L5,Operations,North America,E03791,ORG003
E04297,2025-01-10,,Active,L2,Program Management,Asia Pacific,E03875,ORG031
E04298,2019-10-21,,Active,L2,Operations,Europe,E01609,ORG029
E04299,2022-01-19,,Active,L4,HR,Latin America,E04569,ORG041
E04300,2025-04-16,,Active,L3,Product,North America,E02566,ORG029
E04301,2020-05-20,,Active,L5,Product,Europe,E04349,ORG046
E04302,2025-01-02,,Active,L6,Product,North America,E01016,ORG016
E04303,2019-02-19,,Active,L6,HR,North America,E01516,ORG020
E04304,2021-09-15,,Active,L4,Marketing,North America,E03138,ORG048
E04305,2024-11-07,,Active,L3,Data,Europe,E02922,ORG006
E04306,2024-01-19,,Active,L4,Marketing,Asia Pacific,E01975,ORG039
E04307,2024-03-08,,Active,L4,Data,North America,E01042,ORG001
E04308,2021-05-02,,Active,L4,Operations,North America,E01081,ORG024
E04309,2021-01-15,,Active,L3,Software Engineering,North America,E03672,ORG008
E04310,2024-04-26,,Active,L2,Marketing,North America,E00095,ORG029
E04311,2023-06-18,,Active,L3,HR,Europe,E00565,ORG039
E04312,2021-04-06,,Active,L2,Program Management,Europe,E04616,ORG002
E04313,2018-10-24,,Active,L2,HR,Asia Pacific,E04903,ORG008
E04314,2023-07-29,,Active,L6,Sales,Latin America,E00367,ORG017
E04315,2020-06-15,,Leave,L2,Software Engineering,North America,E00685,ORG013
E04316,2020-03-18,,Active,L4,Finance,Asia Pacific,E01602,ORG019
E04317,2020-03-19,,Active,L6,Product,Asia Pacific,E02966,ORG047
E04318,2018-03-29,,Active,L3,HR,North America,E00915,ORG005
E04319,2021-06-06,,Active,L4,Finance,Asia Pacific,E04916,ORG021
E04320,2025-12-19,,Active,L5,HR,North America,E02467,ORG023
E04321,2021-11-09,,Active,L3,Finance,Europe,E02740,ORG014
E04322,2023-12-23,,Active,L4,Finance,Europe,E00930,ORG014
E04323,2020-08-08,,Active,L5,Data,Asia Pacific,E01500,ORG035
E04324,2020-08-16,,Active,L5,Sales,Asia Pacific,E03711,ORG030
E04325,2021-04-01,,Active,L5,Software Engineering,Asia Pacific,E03180,ORG040
E04326,2025-02-14,,Active,L7,Program Management,North America,,ORG020
E04327,2019-05-15,,Active,L3,Operations,Latin America,E01063,ORG030
E04328,2023-09-27,,Active,L5,Sales,Europe,E02175,ORG044
E04329,2023-11-27,,Active,L4,Finance,Asia Pacific,E00899,ORG042
E04330,2023-05-09,,Active,L5,Software Engineering,Asia Pacific,E01994,ORG045
E04331,2023-03-10,,Active,L5,Product,North America,E01016,ORG014
E04332,2024-11-06,,Active,L5,Software Engineering,North America,E04908,ORG048
E04333,2021-01-29,,Active,L6,Finance,Asia Pacific,E01447,ORG040
E04334,2019-11-23,,Active,L3,HR,Latin America,E02348,ORG039
E04335,2020-06-18,,Active,L4,HR,Asia Pacific,E03209,ORG033
E04336,2023-03-02,,Active,L3,HR,North America,E00176,ORG048
E04337,2025-05-06,,Active,L4,HR,North America,E00996,ORG022
E04338,2021-01-24,,Active,L5,Marketing,Europe,E04945,ORG036
E04339,2020-06-27,,Active,L5,Marketing,North America,E03476,ORG034
E04340,2022-05-09,,Active,L4,Product,Asia Pacific,E01146,ORG036
E04341,2020-01-24,,Active,L4,Product,Europe,E02102,ORG037
E04342,2020-05-18,,Active,L3,Data,North America,E04314,ORG010
E04343,2019-01-14,,Leave,L3,Product,North America,E00933,ORG017
E04344,2026-01-21,2026-11-17,Terminated,L3,Operations,Latin America,E01459,ORG019
E04345,2023-12-24,,Active,L6,Finance,Europe,E01140,ORG037
E04346,2019-01-27,,Active,L3,Sales,North America,E03321,ORG035
E04347,2022-10-01,,Active,L7,Finance,Europe,,ORG041
E04348,2018-08-31,,Active,L3,Marketing,North America,E02689,ORG039
E04349,2018-04-03,,Active,L5,Operations,North America,E02516,ORG029
E04350,2022-05-01,,Active,L4,Sales,Asia Pacific,E01849,ORG007
E04351,2025-05-04,,Active,L5,Sales,North America,E01598,ORG031
E04352,2019-02-22,,Active,L4,Operations,North America,E02590,ORG043
E04353,2020-09-30,,Active,L5,Sales,North America,E03995,ORG032
E04354,2022-03-30,,Active,L6,Sales,North America,E04056,ORG044
E04355,2024-12-14,,Active,L4,Product,Europe,E03921,ORG050
E04356,2019-08-06,,Active,L2,Software Engineering,Europe,E00190,ORG018
E04357,2018-07-09,,Active,L3,Software Engineering,North America,E02449,ORG036
E04358,2024-09-18,,Active,L5,Marketing,North America,E01940,ORG027
E04359,2023-01-01,,Active,L4,Program Management,Asia Pacific,E04675,ORG023
E04360,2022-08-23,,Active,L4,Finance,Asia Pacific,E02022,ORG012
E04361,2020-10-17,2026-02-16,Terminated,L4,Product,North America,E01163,ORG012
E04362,2025-06-11,,Active,L3,Program Management,North America,E01186,ORG009
E04363,2025-10-06,,Active,L5,Program Management,Latin America,E00930,ORG031
E04364,2025-05-18,,Active,L5,Finance,North America,E02177,ORG007
E04365,2021-01-25,,Active,L5,Software Engineering,Latin America,E01246,ORG021
E04366,2020-02-26,,Active,L5,Sales,Asia Pacific,E02861,ORG026
E04367,2023-04-22,,Active,L6,Program Management,North America,E01112,ORG022
E04368,2018-04-02,,Active,L4,Product,North America,E02964,ORG042
E04369,2023-06-27,,Active,L7,Data,Latin America,,ORG022
E04370,2021-08-13,,Leave,L2,Data,North America,E03124,ORG005
E04371,2023-07-15,,Active,L4,Product,Europe,E03345,ORG049
E04372,2024-10-25,,Active,L5,HR,North America,E04416,ORG041
E04373,2023-06-05,,Active,L4,Sales,Europe,E00360,ORG032
E04374,2018-09-06,,Active,L3,Marketing,Asia Pacific,E00225,ORG037
E04375,2024-10-21,,Active,L4,Product,Europe,E02281,ORG007
E04376,2021-08-20,,Active,L3,Finance,North America,E02609,ORG038
E04377,2018-07-03,,Active,L6,Product,Europe,E03801,ORG011
E04378,2021-11-24,,Active,L3,Software Engineering,Europe,E01079,ORG024
E04379,2024-06-21,,Active,L3,Operations,North America,E02251,ORG009
E04380,2021-08-23,,Active,L4,Finance,Asia Pacific,E03107,ORG037
E04381,2020-05-20,,Active,L3,HR,Europe,E03281,ORG012
E04382,2023-08-20,,Active,L2,Software Engineering,North America,E02764,ORG013
E04383,2025-10-19,,Active,L4,HR,Latin America,E02991,ORG006
E04384,2018-12-01,,Active,L4,Product,North America,E00803,ORG035
E04385,2018-01-14,,Active,L3,Product,North America,E02307,ORG015
E04386,2020-07-31,,Active,L4,Data,North America,E02756,ORG026
E04387,2020-07-19,,Active,L4,Software Engineering,North America,E00367,ORG017
E04388,2022-08-30,,Active,L5,Operations,North America,E04847,ORG038
E04389,2019-11-16,2025-08-01,Terminated,L3,Software Engineering,North America,E03181,ORG011
E04390,2018-06-24,,Active,L3,Product,Asia Pacific,E03608,ORG046
E04391,2022-08-08,,Active,L6,Operations,Europe,E02712,ORG016
E04392,2018-11-18,,Leave,L4,Data,North America,E04653,ORG006
E04393,2021-10-23,,Active,L2,Sales,Europe,E00029,ORG012
E04394,2026-02-09,,Active,L5,Product,Asia Pacific,E04789,ORG004
E04395,2020-05-03,,Active,L3,HR,Europe,E00983,ORG023
E04396,2021-07-08,,Active,L5,Finance,Latin America,E04419,ORG013
E04397,2021-12-23,2024-12-13,Terminated,L5,HR,North America,E00270,ORG043
E04398,2025-07-08,,Active,L7,Product,North America,,ORG026
E04399,2021-09-24,,Active,L7,Software Engineering,North America,,ORG012
E04400,2021-04-10,,Active,L3,Software Engineering,North America,E01525,ORG022
E04401,2019-01-15,,Active,L5,Product,North America,E02881,ORG010
E04402,2019-12-19,,Active,L3,Operations,North America,E03282,ORG009
E04403,2022-03-04,,Active,L4,Finance,Europe,E00065,ORG015
E04404,2024-09-08,,Active,L4,HR,Asia Pacific,E01736,ORG006
E04405,2025-04-20,,Active,L2,Marketing,Asia Pacific,E04214,ORG010
E04406,2018-09-01,,Active,L2,Sales,Europe,E00887,ORG046
E04407,2022-11-23,,Active,L2,Program Management,Europe,E04734,ORG033
E04408,2025-05-13,,Active,L2,Operations,Asia Pacific,E03568,ORG045
E04409,2019-09-24,,Active,L3,Marketing,North America,E04886,ORG013
E04410,2018-04-19,,Active,L6,HR,North America,E04511,ORG042
E04411,2021-06-08,,Active,L4,Program Management,North America,E01079,ORG018
E04412,2019-01-28,,Active,L5,Sales,North America,E04697,ORG007
E04413,2018-07-02,,Active,L5,Software Engineering,Europe,E02482,ORG039
E04414,2019-04-12,2025-06-13,Terminated,L5,HR,North America,E01207,ORG003
E04415,2026-03-28,,Active,L3,Marketing,North America,E04457,ORG020
E04416,2019-05-31,,Active,L6,Operations,North America,E02334,ORG040
E04417,2020-12-22,,Active,L5,Finance,Asia Pacific,E03435,ORG030
E04418,2022-10-12,,Active,L5,Data,North America,E03098,ORG026
E04419,2020-02-13,,Active,L6,Finance,North America,E01457,ORG018
E04420,2024-02-13,,Active,L4,Product,North America,E04919,ORG004
E04421,2023-02-10,2026-07-19,Terminated,L4,Marketing,North America,E04170,ORG048
E04422,2025-09-09,,Active,L6,Product,Asia Pacific,E02693,ORG009
E04423,2021-08-08,,Active,L4,Product,North America,E02902,ORG013
E04424,2019-09-08,,Active,L5,Program Management,North America,E00326,ORG012
E04425,2023-02-27,,Active,L2,HR,Latin America,E03685,ORG044
E04426,2025-09-10,,Active,L2,Marketing,North America,E04546,ORG037
E04427,2024-07-19,,Active,L4,Program Management,Europe,E04850,ORG023
E04428,2021-05-14,,Active,L2,Software Engineering,Europe,E02835,ORG047
E04429,2021-02-12,,Active,L7,HR,North America,,ORG003
E04430,2019-08-01,2024-07-18,Terminated,L2,Operations,North America,E04987,ORG044
E04431,2021-10-02,,Active,L5,Operations,North America,E03988,ORG003
E04432,2024-07-20,,Active,L3,Marketing,North America,E02535,ORG019
E04433,2025-07-31,,Active,L7,Operations,North America,,ORG003
E04434,2025-10-29,,Active,L3,Finance,Europe,E03998,ORG050
E04435,2019-01-29,,Active,L2,Marketing,North America,E00763,ORG045
E04436,2024-04-15,,Active,L2,Software Engineering,North America,E03387,ORG029
E04437,2024-12-17,,Active,L4,Marketing,Europe,E03135,ORG011
E04438,2021-07-18,,Active,L7,Marketing,North America,,ORG014
E04439,2019-09-07,,Active,L7,Operations,Europe,,ORG022
E04440,2024-08-14,,Active,L3,Program Management,North America,E02465,ORG016
E04441,2023-06-16,,Active,L4,Software Engineering,Europe,E03220,ORG002
E04442,2021-03-10,,Active,L2,Data,Asia Pacific,E04267,ORG032
E04443,2021-10-21,,Active,L4,Marketing,Europe,E02890,ORG030
E04444,2023-03-22,,Active,L4,Program Management,Asia Pacific,E01849,ORG044
E04445,2018-09-25,,Active,L3,HR,North America,E02068,ORG024
E04446,2024-01-15,,Active,L4,Product,North America,E02870,ORG017
E04447,2020-05-21,,Active,L6,Product,North America,E02946,ORG025
E04448,2025-04-06,,Active,L2,Sales,North America,E01529,ORG010
E04449,2024-04-26,,Active,L3,Finance,Asia Pacific,E02712,ORG031
E04450,2018-11-02,,Active,L3,Software Engineering,North America,E01371,ORG038
E04451,2022-09-06,,Active,L2,Data,North America,E04713,ORG008
E04452,2022-06-20,,Active,L3,Sales,Asia Pacific,E02712,ORG016
E04453,2026-11-01,,Active,L4,Data,North America,E04184,ORG043
E04454,2025-08-26,2026-07-30,Terminated,L2,Data,Europe,E01850,ORG025
E04455,2022-04-09,,Active,L5,Product,North America,E01940,ORG026
E04456,2018-06-28,,Active,L6,Marketing,Latin America,E01375,ORG035
E04457,2023-04-19,,Active,L6,Finance,North America,E02883,ORG028
E04458,2021-09-13,,Active,L5,Data,Asia Pacific,E03125,ORG004
E04459,2026-03-24,,Active,L3,Marketing,Europe,E02860,ORG039
E04460,2020-01-03,,Active,L2,Marketing,Latin America,E04181,ORG045
E04461,2020-02-10,,Active,L3,HR,Latin America,E02579,ORG003
E04462,2024-06-12,,Active,L7,Data,Asia Pacific,,ORG006
E04463,2018-05-20,,Leave,L7,Data,North America,,ORG034
E04464,2025-06-21,,Active,L3,Sales,North America,E04095,ORG030
E04465,2022-01-16,,Active,L3,Sales,Asia Pacific,E00246,ORG019
E04466,2018-03-17,,Active,L4,Sales,Europe,E01745,ORG027
E04467,2024-08-22,,Active,L3,Operations,Asia Pacific,E03582,ORG035
E04468,2025-04-23,,Active,L7,Finance,Asia Pacific,,ORG025
E04469,2024-02-05,,Active,L3,Software Engineering,North America,E01877,ORG007
E04470,2020-05-24,,Active,L3,Data,North America,E03696,ORG005
E04471,2021-07-24,,Active,L4,Software Engineering,North America,E02995,ORG022
E04472,2021-02-22,,Active,L2,Finance,Europe,E02409,ORG045
E04473,2018-04-03,,Active,L3,Program Management,North America,E02823,ORG027
E04474,2020-07-03,,Active,L5,Finance,North America,E04503,ORG018
E04475,2026-05-14,,Active,L2,Program Management,Asia Pacific,E03400,ORG044
E04476,2022-12-24,,Active,L4,Finance,North America,E04923,ORG019
E04477,2026-08-04,,Active,L4,Marketing,North America,E00459,ORG025
E04478,2025-12-02,,Leave,L3,Finance,North America,E04059,ORG006
E04479,2021-02-25,,Active,L2,Marketing,Europe,E04457,ORG036
E04480,2024-06-27,,Active,L3,Marketing,North America,E04632,ORG034
E04481,2024-11-22,,Active,L2,Finance,Asia Pacific,E02749,ORG039
E04482,2022-02-12,,Active,L3,Marketing,Asia Pacific,E02431,ORG016
E04483,2019-01-24,,Active,L5,Product,Europe,E02953,ORG022
E04484,2018-03-09,,Active,L5,Operations,Latin America,E04563,ORG009
E04485,2019-11-30,,Active,L6,Data,North America,E04347,ORG047
E04486,2020-04-19,,Active,L4,Data,North America,E04670,ORG005
E04487,2019-08-29,,Active,L5,Software Engineering,North America,E04848,ORG032
E04488,2023-04-13,,Leave,L5,Software Engineering,Asia Pacific,E03150,ORG035
E04489,2021-05-17,,Active,L3,Program Management,North America,E01215,ORG008
E04490,2018-04-15,,Active,L3,HR,Latin America,E00729,ORG018
E04491,2018-06-04,,Active,L4,Marketing,Europe,E04488,ORG003
E04492,2025-02-19,,Active,L5,Marketing,Asia Pacific,E00740,ORG027
E04493,2024-06-24,,Active,L4,Software Engineering,North America,E00328,ORG049
E04494,2022-10-16,,Active,L3,Program Management,Asia Pacific,E02341,ORG021
E04495,2019-08-29,,Active,L7,Program Management,North America,,ORG048
E04496,2025-01-09,,Active,L2,Data,Europe,E03735,ORG007
E04497,2023-11-17,,Active,L6,Data,Asia Pacific,E03710,ORG019
E04498,2021-06-07,,Active,L5,Program Management,North America,E01194,ORG044
E04499,2023-06-09,,Active,L5,Sales,Asia Pacific,E02517,ORG043
E04500,2021-03-21,,Active,L5,Program Management,Europe,E04474,ORG016
E04501,2021-07-15,,Active,L3,Program Management,Asia Pacific,E03997,ORG033
E04502,2019-02-27,,Active,L4,Marketing,North America,E04572,ORG043
E04503,2022-11-24,,Active,L5,Program Management,North America,E03866,ORG038
E04504,2019-05-21,,Active,L5,HR,North America,E00431,ORG031
E04505,2021-03-24,,Active,L3,Marketing,Europe,E00973,ORG008
E04506,2022-12-29,,Active,L3,Software Engineering,North America,E00822,ORG004
E04507,2019-04-12,,Active,L3,Operations,Latin America,E00629,ORG030
E04508,2018-03-04,,Active,L4,Program Management,Latin America,E04317,ORG025
E04509,2023-04-01,,Active,L4,Software Engineering,North America,E03536,ORG012
E04510,2019-07-04,,Active,L5,Data,Asia Pacific,E04563,ORG015
E04511,2019-03-19,,Active,L5,Finance,North America,E01555,ORG019
E04512,2025-03-13,,Active,L5,Finance,North America,E04909,ORG024
E04513,2023-03-02,,Active,L3,Finance,North America,E04657,ORG019
E04514,2021-07-22,,Active,L4,HR,Asia Pacific,E00508,ORG019
E04515,2019-08-25,,Active,L3,HR,Asia Pacific,E04353,ORG006
E04516,2024-01-26,,Active,L3,Data,North America,E00523,ORG042
E04517,2024-11-01,2026-07-26,Terminated,L2,Data,North America,E02231,ORG030
E04518,2020-04-26,,Active,L3,Program Management,North America,E00879,ORG008
E04519,2024-08-18,,Active,L3,Finance,Europe,E02941,ORG021
E04520,2020-11-17,,Active,L4,Marketing,North America,E00070,ORG021
E04521,2018-04-29,,Leave,L2,Marketing,Asia Pacific,E04245,ORG030
E04522,2019-08-06,,Active,L3,Sales,Latin America,E02361,ORG030
E04523,2022-01-26,,Active,L2,Product,North America,E04364,ORG032
E04524,2025-02-14,,Active,L4,Finance,Asia Pacific,E02113,ORG034
E04525,2018-08-11,,Active,L4,Software Engineering,Europe,E02818,ORG006
E04526,2020-07-25,,Active,L3,Operations,Europe,E03717,ORG015
E04527,2022-01-28,,Active,L2,Data,Asia Pacific,E04860,ORG001
E04528,2022-05-07,,Active,L6,Marketing,North America,E01817,ORG023
E04529,2018-02-01,,Active,L4,Operations,Europe,E02648,ORG021
E04530,2021-01-15,,Active,L5,HR,North America,E01588,ORG036
E04531,2024-06-12,,Active,L4,Data,Europe,E00176,ORG009
E04532,2025-09-12,,Active,L5,Marketing,North America,E04367,ORG031
E04533,2024-01-10,,Active,L6,Operations,North America,E02845,ORG015
E04534,2023-11-20,,Active,L3,Data,North America,E01806,ORG019
E04535,2026-08-17,,Active,L5,Program Management,North America,E03887,ORG035
E04536,2025-03-14,2026-06-17,Terminated,L3,Software Engineering,North America,E04083,ORG004
E04537,2018-05-11,,Active,L4,Data,North America,E04925,ORG017
E04538,2025-10-30,,Active,L3,Data,Asia Pacific,E02149,ORG019
E04539,2021-07-10,,Active,L2,HR,Europe,E00507,ORG035
E04540,2023-11-24,,Active,L6,Sales,North America,E02419,ORG010
E04541,2023-11-08,,Leave,L6,Finance,Asia Pacific,E02172,ORG046
E04542,2022-03-09,,Active,L3,HR,Asia Pacific,E00984,ORG050
E04543,2019-05-05,2024-06-06,Terminated,L7,Data,North America,,ORG040
E04544,2023-05-10,,Active,L3,Software Engineering,Europe,E02972,ORG015
E04545,2018-04-01,,Active,L4,Data,North America,E02019,ORG033
E04546,2021-06-13,,Active,L5,Marketing,Europe,E04413,ORG005
E04547,2025-03-19,,Active,L3,HR,Europe,E00204,ORG043
E04548,2023-07-29,,Active,L4,Marketing,North America,E03601,ORG025
E04549,2023-01-30,,Active,L5,Marketing,Europe,E03053,ORG009
E04550,2023-04-26,2025-07-11,Terminated,L2,Product,North America,E01112,ORG016
E04551,2024-04-27,,Active,L4,Operations,Europe,E01706,ORG039
E04552,2020-04-12,,Active,L3,Finance,North America,E04323,ORG043
E04553,2022-11-27,,Active,L5,HR,Asia Pacific,E01763,ORG026
E04554,2024-11-07,,Active,L2,HR,Europe,E03318,ORG024
E04555,2020-04-16,,Active,L3,Operations,North America,E02585,ORG037
E04556,2020-03-14,,Active,L5,Data,Asia Pacific,E04483,ORG040
E04557,2019-04-26,,Active,L2,Marketing,North America,E03301,ORG038
E04558,2022-12-20,,Active,L4,HR,Europe,E04171,ORG019
E04559,2018-01-31,,Active,L5,Sales,Europe,E04511,ORG032
E04560,2023-06-29,,Active,L5,Software Engineering,North America,E00617,ORG042
E04561,2018-12-01,,Active,L2,Data,North America,E04170,ORG008
E04562,2018-11-19,,Active,L5,Marketing,North America,E04803,ORG019
E04563,2022-04-25,,Active,L5,Sales,Asia Pacific,E00161,ORG003
E04564,2022-06-20,,Active,L3,Sales,Europe,E02247,ORG020
E04565,2020-12-18,,Active,L5,Program Management,North America,E01196,ORG038
E04566,2022-02-26,,Active,L5,Marketing,North America,E04916,ORG010
E04567,2018-09-29,,Active,L4,Product,Asia Pacific,E01704,ORG027
E04568,2023-10-22,,Active,L4,HR,North America,E00903,ORG002
E04569,2019-08-25,,Active,L5,Operations,North America,E00459,ORG044
E04570,2021-09-26,,Active,L7,Software Engineering,Europe,,ORG040
E04571,2026-04-03,,Active,L4,HR,North America,E03966,ORG026
E04572,2018-05-08,,Leave,L5,Program Management,Latin America,E00251,ORG035
E04573,2021-12-10,,Active,L5,Software Engineering,North America,E01478,ORG006
E04574,2026-12-22,,Active,L5,HR,Asia Pacific,E02803,ORG041
E04575,2023-09-17,,Active,L6,HR,North America,E00189,ORG035
E04576,2018-08-20,2024-07-19,Terminated,L3,Product,North America,E00862,ORG006
E04577,2023-12-28,,Active,L3,Marketing,North America,E04976,ORG048
E04578,2023-07-10,,Active,L4,HR,Latin America,E02269,ORG002
E04579,2019-11-04,,Active,L4,Data,Europe,E01475,ORG031
E04580,2024-07-01,,Active,L4,Program Management,North America,E04358,ORG009
E04581,2023-08-09,,Active,L5,Marketing,Latin America,E00377,ORG035
E04582,2025-08-17,,Active,L6,Software Engineering,North America,E01246,ORG004
E04583,2022-10-28,,Active,L4,Marketing,North America,E04325,ORG004
E04584,2023-12-24,,Active,L5,Operations,North America,E03782,ORG023
E04585,2023-01-19,,Active,L3,HR,Asia Pacific,E02110,ORG049
E04586,2019-12-24,,Active,L4,HR,North America,E04910,ORG014
E04587,2019-04-22,,Active,L2,Operations,North America,E02909,ORG030
E04588,2023-04-06,,Active,L4,Operations,Latin America,E03752,ORG026
E04589,2018-11-24,,Active,L4,Finance,Europe,E04925,ORG041
E04590,2021-01-19,,Active,L5,Finance,North America,E02533,ORG014
E04591,2026-03-22,,Active,L4,HR,Europe,E02377,ORG027
E04592,2019-05-22,,Active,L3,Program Management,North America,E03315,ORG047
E04593,2021-10-15,,Active,L2,Program Management,North America,E00314,ORG017
E04594,2020-10-23,,Active,L2,Sales,North America,E02098,ORG022
E04595,2020-02-03,,Active,L7,HR,Europe,,ORG044
E04596,2025-08-08,,Active,L6,Finance,Asia Pacific,E03442,ORG017
E04597,2019-05-18,,Active,L3,Operations,North America,E01849,ORG019
E04598,2021-04-13,,Active,L3,Finance,North America,E03569,ORG015
E04599,2020-08-24,,Active,L4,Finance,North America,E01977,ORG040
E04600,2018-09-18,,Active,L5,Program Management,Asia Pacific,E00929,ORG046
E04601,2020-04-19,,Active,L3,Software Engineering,Asia Pacific,E00698,ORG031
E04602,2021-07-22,,Active,L2,Operations,Asia Pacific,E02769,ORG031
E04603,2023-06-14,,Active,L4,Program Management,Latin America,E00928,ORG019
E04604,2024-06-28,,Active,L3,Data,Asia Pacific,E01781,ORG001
E04605,2022-11-12,2026-10-13,Terminated,L3,Marketing,Latin America,E02631,ORG009
E04606,2021-08-30,,Active,L3,HR,Europe,E00211,ORG008
E04607,2026-02-15,,Active,L4,Software Engineering,North America,E02055,ORG006
E04608,2022-03-30,,Active,L4,Software Engineering,Europe,E01522,ORG032
E04609,2025-07-23,,Active,L3,Finance,North America,E01529,ORG007
E04610,2026-04-17,,Active,L4,Sales,North America,E04546,ORG005
E04611,2024-01-11,,Active,L4,Operations,North America,E04615,ORG019
E04612,2019-07-03,,Active,L5,Sales,North America,E01467,ORG013
E04613,2019-04-04,,Active,L6,Software Engineering,Europe,E04412,ORG008
E04614,2019-03-23,,Active,L2,Operations,North America,E01054,ORG008
E04615,2026-05-28,,Active,L6,Sales,North America,E01686,ORG013
E04616,2019-11-08,,Active,L5,Sales,Asia Pacific,E04697,ORG026
E04617,2020-01-25,,Active,L5,Product,Europe,E00489,ORG037
E04618,2021-12-13,,Active,L3,HR,North America,E01869,ORG042
E04619,2026-06-25,,Active,L3,Data,North America,E04022,ORG037
E04620,2018-12-01,,Active,L2,Software Engineering,North America,E04693,ORG031
E04621,2021-05-01,,Active,L7,Marketing,Asia Pacific,,ORG044
E04622,2022-08-25,,Active,L4,HR,North America,E04735,ORG026
E04623,2024-12-27,,Active,L4,Software Engineering,Latin America,E04410,ORG031
E04624,2020-02-26,,Active,L4,Marketing,North America,E04824,ORG020
E04625,2025-02-13,,Active,L2,Marketing,Asia Pacific,E02334,ORG016
E04626,2019-05-28,,Active,L3,Data,North America,E01574,ORG017
E04627,2024-07-07,,Active,L4,Data,North America,E01886,ORG008
E04628,2022-07-27,,Active,L4,Product,North America,E00576,ORG039
E04629,2019-09-28,,Active,L5,Sales,North America,E00654,ORG003
E04630,2018-02-06,,Active,L4,Finance,Latin America,E04875,ORG033
E04631,2020-11-07,2025-01-20,Terminated,L4,Operations,Asia Pacific,E00915,ORG042
E04632,2025-10-06,,Active,L5,Program Management,North America,E03125,ORG025
E04633,2023-08-14,,Active,L2,Operations,Asia Pacific,E01121,ORG004
E04634,2020-07-25,,Active,L5,Finance,North America,E03318,ORG021
E04635,2022-07-15,,Active,L5,Data,Latin America,E02334,ORG017
E04636,2024-04-02,,Active,L3,Finance,North America,E00502,ORG048
E04637,2021-09-20,,Active,L3,Software Engineering,North America,E01803,ORG034
E04638,2022-03-19,,Active,L3,Sales,North America,E03693,ORG035
E04639,2021-02-19,,Active,L3,Software Engineering,North America,E03998,ORG025
E04640,2024-11-30,,Active,L4,Data,Latin America,E01380,ORG035
E04641,2023-04-01,,Active,L2,Program Management,North America,E01445,ORG035
E04642,2018-02-14,,Active,L4,Program Management,North America,E03683,ORG004
E04643,2023-05-27,,Active,L2,Operations,Asia Pacific,E02078,ORG011
E04644,2022-10-16,,Active,L2,Sales,North America,E00328,ORG001
E04645,2026-05-20,,Active,L3,HR,North America,E00583,ORG025
E04646,2018-11-19,2025-04-06,Terminated,L3,Program Management,Europe,E01815,ORG043
E04647,2021-03-19,,Active,L7,HR,North America,,ORG030
E04648,2021-03-26,,Active,L3,Operations,Asia Pacific,E01292,ORG025
E04649,2026-08-22,,Active,L3,Product,Europe,E00565,ORG045
E04650,2026-08-15,,Active,L3,Data,North America,E03910,ORG009
E04651,2018-01-21,,Active,L3,Data,North America,E02273,ORG004
E04652,2025-03-07,,Active,L4,Product,North America,E03550,ORG045
E04653,2025-06-16,,Active,L5,Sales,Europe,E00016,ORG044
E04654,2018-12-08,,Active,L3,Operations,Europe,E01974,ORG034
E04655,2018-01-28,,Active,L4,Operations,Asia Pacific,E02367,ORG012
E04656,2020-02-18,,Active,L4,Program Management,North America,E02914,ORG047
E04657,2021-06-26,,Active,L5,Product,Asia Pacific,E04844,ORG038
E04658,2022-10-08,,Active,L4,HR,North America,E02270,ORG033
E04659,2021-09-07,,Active,L3,Data,Latin America,E02440,ORG011
E04660,2023-11-04,,Active,L5,Finance,North America,E04483,ORG025
E04661,2022-03-07,,Active,L5,Marketing,Asia Pacific,E01960,ORG040
E04662,2024-09-01,,Active,L4,Sales,North America,E01942,ORG042
E04663,2018-10-10,,Active,L7,Program Management,North America,,ORG028
E04664,2023-02-19,,Active,L6,Sales,North America,E00784,ORG026
E04665,2024-06-04,,Active,L3,Product,Asia Pacific,E03648,ORG034
E04666,2020-04-19,,Active,L5,Product,Asia Pacific,E00078,ORG026
E04667,2018-06-20,,Active,L4,Program Management,Asia Pacific,E01031,ORG021
E04668,2022-01-10,,Active,L4,Data,North America,E02030,ORG005
E04669,2023-03-05,,Active,L4,Product,Europe,E02117,ORG007
E04670,2020-12-05,,Leave,L5,Sales,North America,E00170,ORG037
E04671,2024-03-18,,Active,L4,HR,Europe,E02693,ORG002
E04672,2024-08-22,,Active,L4,Product,North America,E04860,ORG003
E04673,2019-09-11,,Active,L2,Product,Asia Pacific,E00501,ORG044
E04674,2018-11-02,,Active,L4,Program Management,Europe,E02467,ORG035
E04675,2021-10-26,,Active,L6,Software Engineering,North America,E02976,ORG001
E04676,2025-06-03,,Active,L5,Software Engineering,Europe,E01588,ORG016
E04677,2023-02-13,,Active,L2,Marketing,North America,E02903,ORG037
E04678,2018-05-22,,Active,L6,HR,North America,E01662,ORG021
E04679,2023-06-02,,Active,L5,HR,North America,E00777,ORG023
E04680,2024-07-03,,Active,L4,Product,North America,E04206,ORG023
E04681,2019-03-27,,Active,L2,Sales,North America,E04993,ORG010
E04682,2023-08-09,,Active,L4,Software Engineering,Europe,E01896,ORG035
E04683,2021-02-26,,Active,L2,Marketing,Asia Pacific,E00439,ORG005
E04684,2018-11-01,,Active,L3,Operations,North America,E00800,ORG025
E04685,2018-12-10,,Active,L4,Product,Latin America,E04484,ORG009
E04686,2024-07-22,,Active,L6,HR,Asia Pacific,E04412,ORG003
E04687,2025-12-30,,Active,L3,Program Management,North America,E02456,ORG007
E04688,2023-12-05,,Active,L6,Product,North America,E04364,ORG043
E04689,2022-09-07,,Active,L6,HR,Asia Pacific,E01049,ORG009
E04690,2024-12-12,,Active,L2,HR,North America,E01969,ORG014
E04691,2021-04-09,,Active,L3,Finance,North America,E00546,ORG007
E04692,2019-01-18,,Active,L5,Operations,Latin America,E02768,ORG036
E04693,2023-01-07,,Active,L5,Product,Asia Pacific,E03497,ORG022
E04694,2023-11-09,2026-08-06,Terminated,L3,Program Management,Asia Pacific,E04812,ORG046
E04695,2019-09-15,,Active,L4,Sales,Asia Pacific,E03790,ORG033
E04696,2019-01-30,,Active,L4,Program Management,North America,E03321,ORG026
E04697,2026-04-06,,Active,L5,Marketing,Europe,E03365,ORG032
E04698,2019-12-24,,Active,L5,Software Engineering,Asia Pacific,E03165,ORG002
E04699,2018-03-31,,Active,L2,Software Engineering,North America,E02044,ORG047
E04700,2024-02-23,2025-07-20,Terminated,L2,Product,North America,E02514,ORG047
E04701,2024-08-22,,Active,L2,Data,North America,E00845,ORG014
E04702,2020-10-02,,Active,L6,Sales,Asia Pacific,E00083,ORG031
E04703,2021-05-13,,Active,L6,Program Management,Europe,E03949,ORG010
E04704,2022-11-15,,Active,L5,Data,Asia Pacific,E02497,ORG027
E04705,2018-07-09,,Active,L2,Finance,North America,E04364,ORG038
E04706,2021-09-03,,Active,L4,Marketing,Europe,E00579,ORG046
E04707,2026-04-06,,Active,L3,Marketing,North America,E01926,ORG017
E04708,2018-05-31,,Active,L3,Data,Latin America,E01203,ORG034
E04709,2020-12-20,,Active,L3,Sales,Europe,E04207,ORG035
E04710,2020-01-08,,Leave,L5,Program Management,Asia Pacific,E01826,ORG011
E04711,2020-11-28,,Active,L2,Sales,North America,E03189,ORG031
E04712,2024-09-23,,Active,L4,Finance,North America,E00396,ORG032
E04713,2024-11-26,2025-07-29,Terminated,L7,HR,North America,,ORG037
E04714,2026-09-21,,Active,L5,Sales,Asia Pacific,E02688,ORG050
E04715,2018-08-04,,Active,L2,Marketing,North America,E02175,ORG002
E04716,2025-12-11,,Active,L6,Software Engineering,Asia Pacific,E03106,ORG010
E04717,2024-04-02,,Active,L4,HR,North America,E02964,ORG008
E04718,2019-03-10,,Active,L4,Software Engineering,Europe,E00510,ORG008
E04719,2026-12-18,,Active,L4,Marketing,North America,E00211,ORG022
E04720,2020-05-15,,Active,L6,Finance,North America,E00591,ORG043
E04721,2022-04-02,,Active,L4,Software Engineering,Europe,E01022,ORG022
E04722,2026-05-19,,Active,L4,Product,North America,E03668,ORG033
E04723,2021-07-14,,Active,L4,Marketing,North America,E01276,ORG019
E04724,2020-04-25,,Active,L2,Finance,Europe,E04850,ORG016
E04725,2023-06-03,2026-09-04,Terminated,L5,Product,North America,E00416,ORG041
E04726,2020-05-23,,Active,L2,Sales,Europe,E02561,ORG032
E04727,2020-08-04,,Active,L3,HR,Europe,E03600,ORG017
E04728,2021-01-17,,Active,L3,Data,North America,E00230,ORG045
E04729,2026-10-02,,Active,L3,Product,North America,E02601,ORG025
E04730,2019-11-24,,Active,L4,Sales,North America,E00321,ORG010
E04731,2023-09-13,,Active,L4,Program Management,North America,E03949,ORG024
E04732,2026-05-15,,Active,L3,Data,North America,E02322,ORG033
E04733,2018-02-07,,Active,L3,Finance,Europe,E04338,ORG018
E04734,2024-07-25,,Active,L6,Marketing,North America,E03282,ORG041
E04735,2021-09-20,,Active,L7,Finance,Asia Pacific,,ORG026
E04736,2019-10-20,,Active,L4,Marketing,Asia Pacific,E01539,ORG023
E04737,2021-01-14,2025-12-10,Terminated,L3,Software Engineering,North America,E00748,ORG042
E04738,2023-12-29,,Active,L2,HR,Europe,E00776,ORG023
E04739,2020-05-28,,Active,L2,Finance,North America,E00139,ORG021
E04740,2023-12-24,2025-12-07,Terminated,L3,Marketing,North America,E01467,ORG006
E04741,2022-10-27,,Active,L6,Operations,Latin America,E03683,ORG018
E04742,2025-02-10,,Active,L5,Sales,North America,E01720,ORG020
E04743,2023-02-11,,Active,L3,Software Engineering,North America,E00698,ORG009
E04744,2026-08-14,,Active,L7,Data,Asia Pacific,,ORG029
E04745,2019-02-07,,Active,L4,HR,Asia Pacific,E00371,ORG007
E04746,2026-12-15,,Active,L3,Data,Europe,E02153,ORG011
E04747,2026-08-02,,Active,L4,Sales,Europe,E00996,ORG028
E04748,2026-11-18,,Active,L3,Data,Asia Pacific,E03707,ORG014
E04749,2024-04-08,,Active,L6,HR,Asia Pacific,E01648,ORG031
E04750,2024-06-20,,Active,L3,Operations,North America,E00591,ORG034
E04751,2019-02-22,,Active,L4,Finance,Asia Pacific,E01299,ORG015
E04752,2021-12-03,,Active,L3,Finance,Europe,E02187,ORG005
E04753,2026-10-29,,Active,L6,Program Management,North America,E00169,ORG024
E04754,2018-09-04,,Active,L4,Operations,North America,E00530,ORG005
E04755,2021-02-22,,Active,L4,Operations,North America,E04811,ORG025
E04756,2018-06-20,,Active,L2,HR,North America,E01687,ORG036
E04757,2021-07-27,,Active,L6,HR,North America,E03760,ORG031
E04758,2022-09-15,,Active,L4,Operations,North America,E04560,ORG022
E04759,2020-08-06,,Active,L3,Program Management,Latin America,E00547,ORG046
E04760,2022-01-01,,Active,L6,Data,North America,E03428,ORG005
E04761,2025-08-13,,Active,L2,Sales,North America,E04167,ORG043
E04762,2019-04-15,,Active,L3,Product,Asia Pacific,E00099,ORG039
E04763,2019-08-03,,Active,L4,Program Management,North America,E01517,ORG021
E04764,2020-01-21,,Active,L3,Marketing,Asia Pacific,E00639,ORG008
E04765,2023-09-04,,Active,L4,Sales,Europe,E00135,ORG008
E04766,2022-06-22,,Active,L3,Program Management,Europe,E01430,ORG045
E04767,2019-09-16,,Active,L2,Operations,North America,E00887,ORG012
E04768,2024-11-09,,Active,L2,Product,North America,E04484,ORG043
E04769,2018-01-20,,Active,L2,Finance,Europe,E01133,ORG025
E04770,2018-10-10,,Active,L6,Software Engineering,North America,E03758,ORG023
E04771,2020-08-21,,Active,L4,Marketing,North America,E00217,ORG030
E04772,2026-11-01,,Active,L4,Marketing,North America,E03130,ORG011
E04773,2026-07-16,,Leave,L3,Product,Europe,E03460,ORG021
E04774,2020-11-22,,Active,L5,Product,Europe,E00741,ORG046
E04775,2024-10-29,,Active,L2,Operations,Europe,E02106,ORG012
E04776,2023-12-16,,Active,L3,Finance,Asia Pacific,E04634,ORG045
E04777,2025-02-26,,Active,L4,Finance,North America,E03116,ORG049
E04778,2020-02-01,2024-03-23,Terminated,L4,Data,Asia Pacific,E04038,ORG003
E04779,2018-04-23,,Active,L5,HR,Asia Pacific,E02078,ORG026
E04780,2020-05-17,,Active,L6,Data,North America,E01136,ORG009
E04781,2021-08-05,,Active,L5,Program Management,North America,E02333,ORG031
E04782,2023-11-26,,Active,L3,HR,North America,E01981,ORG048
E04783,2020-12-04,,Active,L2,Sales,Asia Pacific,E04919,ORG044
E04784,2018-12-25,,Active,L3,Finance,North America,E02098,ORG045
E04785,2025-10-17,,Active,L5,Software Engineering,North America,E03160,ORG011
E04786,2022-12-25,,Active,L6,HR,Asia Pacific,E02976,ORG027
E04787,2023-08-31,,Active,L6,Data,Europe,E01802,ORG012
E04788,2024-10-30,,Active,L3,Product,North America,E01818,ORG044
E04789,2026-12-20,,Active,L5,Software Engineering,Europe,E04225,ORG010
E04790,2018-08-19,,Active,L4,Marketing,Asia Pacific,E00996,ORG008
E04791,2024-05-30,,Active,L5,Program Management,North America,E02024,ORG001
E04792,2024-10-18,,Active,L4,Finance,Europe,E03335,ORG009
E04793,2019-02-21,,Active,L2,Sales,Europe,E00242,ORG010
E04794,2019-09-18,,Active,L2,Marketing,Europe,E03394,ORG004
E04795,2026-05-06,,Active,L6,Marketing,Latin America,E04156,ORG042
E04796,2026-02-20,,Active,L4,Software Engineering,Europe,E02180,ORG038
E04797,2018-10-22,,Active,L3,Program Management,Europe,E02952,ORG013
E04798,2023-01-28,,Active,L3,Program Management,Asia Pacific,E02424,ORG038
E04799,2024-07-05,,Active,L3,Sales,North America,E03328,ORG021
E04800,2024-11-21,,Active,L6,Program Management,North America,E00212,ORG038
E04801,2024-06-01,,Active,L2,Product,Latin America,E03130,ORG016
E04802,2020-11-14,,Active,L2,HR,Asia Pacific,E02253,ORG028
E04803,2023-04-28,,Active,L5,Operations,North America,E00159,ORG019
E04804,2021-09-10,,Active,L4,HR,North America,E03998,ORG010
E04805,2022-11-24,,Active,L2,Program Management,North America,E00734,ORG029
E04806,2019-02-20,,Active,L2,Operations,North America,E02994,ORG037
E04807,2021-03-09,2025-05-06,Terminated,L3,Data,North America,E04258,ORG037
E04808,2022-02-14,,Active,L3,Data,Europe,E04584,ORG018
E04809,2023-02-06,,Active,L2,Data,North America,E03161,ORG026
E04810,2024-02-14,,Active,L3,Software Engineering,Europe,E03603,ORG037
E04811,2018-08-01,,Active,L5,Program Management,Latin America,E02958,ORG003
E04812,2021-09-11,,Active,L5,Data,Latin America,E03890,ORG004
E04813,2025-06-14,,Active,L6,Software Engineering,Asia Pacific,E04886,ORG019
E04814,2023-10-01,,Active,L3,Sales,North America,E02270,ORG011
E04815,2019-07-22,,Active,L3,Sales,Europe,E02010,ORG019
E04816,2024-07-20,,Active,L7,Product,Europe,,ORG005
E04817,2018-10-07,,Active,L5,Marketing,North America,E00847,ORG029
E04818,2018-04-13,,Active,L4,Software Engineering,Asia Pacific,E04908,ORG033
E04819,2019-01-05,,Active,L3,Data,Europe,E04559,ORG039
E04820,2022-12-08,,Active,L3,Program Management,Europe,E03540,ORG032
E04821,2024-04-05,,Active,L4,Product,North America,E03296,ORG020
E04822,2025-01-17,,Active,L4,Data,North America,E00978,ORG046
E04823,2020-01-09,,Active,L2,Sales,Asia Pacific,E04546,ORG036
E04824,2025-07-01,,Active,L6,Marketing,North America,E00246,ORG026
E04825,2025-12-05,,Active,L4,Product,North America,E03130,ORG011
E04826,2023-07-26,,Active,L4,Product,Europe,E01192,ORG032
E04827,2019-03-13,,Active,L3,HR,Europe,E02250,ORG029
E04828,2020-11-13,,Active,L5,Marketing,North America,E00453,ORG034
E04829,2018-07-03,2025-05-17,Terminated,L5,Product,North America,E00640,ORG038
E04830,2018-08-20,,Active,L2,HR,Asia Pacific,E01826,ORG045
E04831,2021-05-15,,Active,L4,Data,Latin America,E01955,ORG046
E04832,2021-02-16,,Active,L4,Finance,North America,E04413,ORG031
E04833,2022-01-17,,Active,L5,Marketing,Asia Pacific,E03020,ORG047
E04834,2026-08-28,,Active,L3,Operations,North America,E00132,ORG045
E04835,2018-08-18,,Active,L6,Finance,Europe,E04653,ORG001
E04836,2021-03-24,,Active,L4,HR,Europe,E03098,ORG031
E04837,2022-07-25,,Active,L2,Finance,Asia Pacific,E04146,ORG009
E04838,2026-01-10,,Active,L2,HR,Asia Pacific,E04613,ORG015
E04839,2021-05-04,,Active,L3,Sales,North America,E02588,ORG015
E04840,2021-12-01,,Active,L3,Data,North America,E00874,ORG024
E04841,2023-08-02,,Active,L4,Sales,Asia Pacific,E02216,ORG001
E04842,2019-12-29,,Active,L5,Marketing,North America,E03429,ORG012
E04843,2024-12-06,,Active,L3,Marketing,Europe,E00143,ORG002
E04844,2023-04-07,,Active,L7,Program Management,North America,,ORG032
E04845,2026-11-27,,Active,L3,Finance,North America,E04716,ORG044
E04846,2021-09-21,,Active,L4,Program Management,Europe,E01702,ORG050
E04847,2024-05-04,,Active,L6,Sales,North America,E03300,ORG022
E04848,2024-06-04,,Active,L5,Program Management,Asia Pacific,E04912,ORG013
E04849,2026-10-21,,Active,L4,Product,North America,E04339,ORG042
E04850,2023-10-09,,Active,L5,HR,North America,E03729,ORG006
E04851,2021-03-02,,Active,L2,Data,North America,E01457,ORG048
E04852,2023-05-12,,Active,L2,Program Management,North America,E02673,ORG035
E04853,2019-06-17,,Active,L4,Software Engineering,Europe,E02517,ORG025
E04854,2026-01-14,,Active,L2,Program Management,North America,E04330,ORG005
E04855,2022-04-05,,Active,L3,Operations,North America,E00173,ORG001
E04856,2025-09-16,,Active,L3,Data,Latin America,E00099,ORG027
E04857,2026-10-18,,Active,L6,Sales,North America,E00564,ORG021
E04858,2022-06-17,,Active,L6,Program Management,North America,E04787,ORG041
E04859,2024-09-27,,Active,L5,Program Management,Asia Pacific,E02754,ORG032
E04860,2020-01-09,,Active,L5,Software Engineering,Europe,E03497,ORG021
E04861,2019-11-11,,Active,L2,Marketing,North America,E00452,ORG011
E04862,2024-11-20,,Active,L2,Sales,Latin America,E00061,ORG024
E04863,2022-12-31,,Active,L4,Operations,Europe,E03240,ORG008
E04864,2021-03-10,,Active,L4,Program Management,North America,E03536,ORG033
E04865,2023-12-23,,Active,L3,Operations,North America,E02092,ORG030
E04866,2021-11-15,,Active,L4,Marketing,Latin America,E00393,ORG040
E04867,2018-01-27,,Active,L4,Software Engineering,North America,E02440,ORG022
E04868,2026-07-20,,Active,L3,HR,Asia Pacific,E03204,ORG014
E04869,2026-01-12,,Active,L3,Marketing,North America,E01006,ORG041
E04870,2021-09-10,2024-10-14,Terminated,L4,HR,North America,E01468,ORG034
E04871,2022-05-02,,Active,L4,Sales,Asia Pacific,E03758,ORG035
E04872,2024-06-12,,Active,L6,Marketing,Latin America,E01002,ORG026
E04873,2022-10-11,,Active,L4,Data,North America,E00468,ORG043
E04874,2024-07-06,,Active,L5,Product,North America,E03161,ORG012
E04875,2022-07-24,,Active,L5,Software Engineering,Asia Pacific,E00099,ORG020
E04876,2024-05-08,,Active,L2,Finance,Europe,E02117,ORG039
E04877,2023-09-23,,Active,L4,Program Management,North America,E02878,ORG007
E04878,2020-02-10,,Active,L4,Data,North America,E00286,ORG040
E04879,2024-03-02,,Active,L4,Finance,Latin America,E03263,ORG018
E04880,2026-07-22,2026-12-12,Terminated,L2,Data,North America,E04099,ORG007
E04881,2024-09-22,,Active,L6,Program Management,North America,E04874,ORG004
E04882,2019-02-21,,Active,L6,Program Management,North America,E01258,ORG041
E04883,2023-03-06,,Active,L2,Marketing,North America,E01597,ORG038
E04884,2021-11-09,,Active,L3,HR,Europe,E03131,ORG014
E04885,2020-08-27,,Active,L3,Finance,North America,E03029,ORG006
E04886,2019-04-13,,Active,L5,Sales,Europe,E03096,ORG012
E04887,2021-03-25,,Active,L4,Software Engineering,North America,E01530,ORG011
E04888,2021-11-02,2024-09-25,Terminated,L3,Product,North America,E00241,ORG036
E04889,2022-01-25,,Active,L5,HR,Asia Pacific,E00108,ORG011
E04890,2025-12-25,,Active,L3,HR,Europe,E04987,ORG011
E04891,2018-11-01,,Active,L4,Data,North America,E01989,ORG002
E04892,2025-02-18,,Active,L3,Product,North America,E02216,ORG029
E04893,2022-07-01,,Active,L4,Product,Europe,E03156,ORG034
E04894,2024-08-01,,Active,L4,Data,Asia Pacific,E00980,ORG032
E04895,2023-04-11,,Active,L3,Finance,Europe,E01868,ORG028
E04896,2023-10-23,,Active,L4,Data,Asia Pacific,E02149,ORG047
E04897,2021-09-23,,Active,L6,Sales,North America,E00453,ORG023
E04898,2022-05-17,,Active,L4,Finance,Latin America,E03059,ORG042
E04899,2022-04-14,,Active,L6,HR,North America,E00928,ORG032
E04900,2021-11-02,,Active,L4,Operations,North America,E00017,ORG005
E04901,2018-10-14,,Active,L5,Marketing,Europe,E03142,ORG040
E04902,2019-11-24,,Active,L3,Product,North America,E01467,ORG029
E04903,2025-11-05,,Active,L5,Finance,North America,E03608,ORG032
E04904,2023-02-07,,Active,L3,Data,North America,E02724,ORG009
E04905,2026-03-01,,Active,L2,Sales,Asia Pacific,E00121,ORG022
E04906,2022-02-11,,Active,L3,Finance,Asia Pacific,E03460,ORG043
E04907,2018-04-09,,Active,L2,Software Engineering,Europe,E00175,ORG011
E04908,2021-04-24,,Active,L6,Sales,North America,E01526,ORG001
E04909,2021-07-02,,Active,L7,Marketing,North America,,ORG013
E04910,2025-06-30,,Active,L5,Data,Asia Pacific,E03428,ORG024
E04911,2025-07-26,,Active,L2,Sales,Europe,E01978,ORG040
E04912,2022-03-06,,Active,L6,HR,North America,E01886,ORG032
E04913,2024-01-12,,Active,L5,Program Management,North America,E01044,ORG045
E04914,2020-07-14,,Active,L3,Finance,North America,E02199,ORG023
E04915,2018-03-01,,Active,L4,Sales,North America,E01420,ORG019
E04916,2024-07-17,,Active,L5,Operations,Europe,E04720,ORG012
E04917,2018-04-06,,Active,L2,Finance,Asia Pacific,E03435,ORG011
E04918,2022-10-18,,Active,L4,Data,Latin America,E04543,ORG036
E04919,2019-08-19,2025-05-30,Terminated,L5,Marketing,North America,E01648,ORG004
E04920,2023-07-20,,Active,L3,Marketing,North America,E04744,ORG012
E04921,2018-12-04,,Active,L4,Software Engineering,Asia Pacific,E01324,ORG043
E04922,2026-02-13,,Active,L4,Operations,North America,E01509,ORG028
E04923,2024-01-14,,Active,L5,Product,Europe,E01457,ORG003
E04924,2026-11-29,,Active,L7,Program Management,Europe,,ORG035
E04925,2020-09-09,,Active,L5,Product,North America,E02984,ORG025
E04926,2020-12-29,,Active,L4,Sales,North America,E03112,ORG042
E04927,2020-03-04,,Active,L4,HR,North America,E00305,ORG034
E04928,2018-07-24,,Active,L4,Sales,Europe,E02840,ORG001
E04929,2018-06-21,,Active,L4,Sales,North America,E04760,ORG010
E04930,2018-03-01,,Active,L2,HR,North America,E01992,ORG013
E04931,2025-01-11,,Active,L5,Software Engineering,North America,E03497,ORG034
E04932,2019-08-13,,Active,L5,Sales,Asia Pacific,E03179,ORG025
E04933,2026-01-05,,Active,L4,Sales,Asia Pacific,E04909,ORG037
E04934,2021-04-07,,Active,L6,Software Engineering,Asia Pacific,E03212,ORG025
E04935,2018-02-20,,Active,L5,Data,Asia Pacific,E02334,ORG016
E04936,2025-02-12,,Active,L3,HR,North America,E00061,ORG006
E04937,2021-02-16,,Active,L2,Program Management,North America,E04011,ORG010
E04938,2026-03-27,,Active,L2,Product,North America,E01655,ORG020
E04939,2018-02-18,,Active,L3,Program Management,Europe,E04615,ORG027
E04940,2021-07-31,,Active,L4,Sales,Asia Pacific,E01149,ORG046
E04941,2019-04-20,,Active,L3,Program Management,North America,E02152,ORG012
E04942,2019-02-01,,Active,L3,Program Management,Latin America,E04135,ORG033
E04943,2021-05-11,,Active,L3,Program Management,North America,E00734,ORG008
E04944,2024-10-01,2026-08-13,Terminated,L5,Data,Europe,E01305,ORG035
E04945,2019-01-11,,Active,L5,Data,Asia Pacific,E03960,ORG001
E04946,2023-07-28,,Active,L3,Program Management,Europe,E01540,ORG032
E04947,2019-01-18,,Active,L3,Data,Asia Pacific,E04787,ORG008
E04948,2019-09-01,,Active,L2,HR,Asia Pacific,E02745,ORG009
E04949,2022-11-25,,Active,L2,Program Management,Asia Pacific,E04111,ORG028
E04950,2020-08-10,,Active,L3,Operations,Asia Pacific,E02777,ORG019
E04951,2022-03-29,,Active,L2,Program Management,North America,E00189,ORG023
E04952,2020-09-23,,Active,L3,HR,North America,E04052,ORG015
E04953,2018-07-23,,Active,L7,Program Management,Asia Pacific,,ORG047
E04954,2020-01-21,,Active,L4,Data,Europe,E02044,ORG015
E04955,2020-05-29,,Active,L5,Operations,Europe,E01902,ORG027
E04956,2021-05-06,,Active,L2,Software Engineering,North America,E03711,ORG042
E04957,2023-12-30,,Active,L3,Finance,North America,E01330,ORG033
E04958,2023-10-14,2026-03-26,Terminated,L6,Finance,North America,E02098,ORG016
E04959,2024-12-22,,Active,L3,Operations,Latin America,E03089,ORG027
E04960,2024-01-08,,Active,L4,Program Management,North America,E02997,ORG005
E04961,2022-04-20,,Active,L7,Finance,North America,,ORG027
E04962,2024-01-23,,Active,L4,HR,North America,E03678,ORG021
E04963,2020-08-13,,Active,L3,Sales,North America,E00391,ORG037
E04964,2021-06-11,,Active,L4,Marketing,North America,E04969,ORG042
E04965,2023-04-26,,Active,L2,Data,Europe,E03089,ORG010
E04966,2019-01-27,,Active,L2,Finance,North America,E03131,ORG004
E04967,2018-09-10,,Active,L2,Data,North America,E04416,ORG019
E04968,2018-02-12,,Active,L6,Program Management,North America,E02454,ORG026
E04969,2024-05-28,,Active,L5,HR,North America,E00124,ORG019
E04970,2023-08-02,,Active,L3,Operations,Asia Pacific,E00630,ORG031
E04971,2026-09-06,,Active,L3,Sales,Asia Pacific,E04734,ORG025
E04972,2021-12-23,,Active,L5,Marketing,Asia Pacific,E04934,ORG046
E04973,2020-03-16,,Active,L6,Marketing,Asia Pacific,E00395,ORG020
E04974,2023-04-21,,Active,L3,HR,North America,E03426,ORG004
E04975,2024-07-30,,Active,L3,HR,Asia Pacific,E03301,ORG015
E04976,2024-09-15,,Active,L5,Sales,North America,E00809,ORG030
E04977,2024-11-02,,Active,L6,Product,Asia Pacific,E03931,ORG013
E04978,2023-09-09,,Active,L6,Product,Europe,E02279,ORG014
E04979,2021-07-15,,Active,L3,Program Management,North America,E01105,ORG017
E04980,2021-08-14,,Active,L2,HR,North America,E02835,ORG037
E04981,2022-12-18,,Active,L4,Program Management,North America,E04530,ORG046
E04982,2020-10-07,,Active,L3,Software Engineering,North America,E01016,ORG017
E04983,2026-04-11,,Active,L6,Sales,North America,E03134,ORG010
E04984,2023-05-09,,Active,L2,HR,Latin America,E03702,ORG021
E04985,2018-12-07,,Active,L4,Finance,North America,E03155,ORG018
E04986,2025-05-26,,Active,L6,Sales,Europe,E03244,ORG048
E04987,2024-09-02,,Active,L7,Sales,Europe,,ORG023
E04988,2018-09-21,,Active,L4,Marketing,North America,E03665,ORG033
E04989,2023-04-12,,Active,L6,Product,North America,E01127,ORG045
E04990,2018-04-03,,Active,L2,Software Engineering,North America,E00489,ORG031
E04991,2023-02-02,,Active,L3,Program Management,North America,E04955,ORG013
E04992,2019-03-01,,Active,L2,Sales,North America,E01547,ORG030
E04993,2021-05-07,,Active,L7,Marketing,North America,,ORG020
E04994,2020-10-24,,Active,L6,Data,North America,E04741,ORG021
E04995,2019-07-08,,Active,L2,Sales,Asia Pacific,E01274,ORG048
E04996,2025-04-22,,Active,L2,Operations,Asia Pacific,E01256,ORG014
E04997,2019-02-03,,Active,L3,Sales,North America,E00108,ORG023
E04998,2022-09-26,,Active,L3,HR,Europe,E02177,ORG008
E04999,2022-04-18,2024-11-02,Terminated,L5,Data,Latin America,E04714,ORG009
E05000,2024-08-01,,Active,L3,Operations,North America,E04483,ORG030
