employee_program_id,employee_id,program_id,enrollment_date,completion_date,participation_status,completion_score
EP000001,E04267,P030,2026-08-04,2026-08-19,Completed,76.76
EP000002,E02494,P034,2025-08-20,2025-09-03,Completed,81.44
EP000003,E00179,P039,2026-06-03,,Enrolled,
EP000004,E02530,P009,2024-09-17,,Enrolled,
EP000005,E04825,P037,2026-07-19,2026-07-27,Completed,78.24
EP000006,E03826,P001,2025-12-24,,Enrolled,
EP000007,E03108,P039,2026-03-28,,Enrolled,
EP000008,E01349,P011,2024-09-16,2025-01-21,Completed,77.08
EP000009,E00641,P018,2026-06-11,2026-06-17,Completed,84.67
EP000010,E00232,P013,2025-06-04,2025-07-04,Completed,76.58
EP000011,E01670,P007,2024-10-02,2024-10-16,Completed,71.88
EP000012,E00586,P034,2025-09-20,2025-09-24,Completed,73.57
EP000013,E01150,P008,2024-07-14,,Enrolled,
EP000014,E02530,P033,2025-02-23,2025-03-02,Completed,89.34
EP000015,E01108,P013,2025-07-20,,Enrolled,
EP000016,E03209,P006,2025-04-24,,Enrolled,
EP000017,E02771,P015,2025-04-30,2025-06-13,Completed,83.1
EP000018,E01409,P026,2026-10-15,,In Progress,
EP000019,E01868,P015,2025-06-16,2025-06-17,Completed,100.0
EP000020,E02783,P033,2025-03-18,2025-03-28,Completed,98.45
EP000021,E03893,P040,2025-02-25,,Enrolled,
EP000022,E01267,P031,2026-07-12,,In Progress,
EP000023,E00883,P001,2026-02-23,,Enrolled,
EP000024,E01163,P025,2024-06-29,2024-08-24,Completed,76.73
EP000025,E02124,P036,2024-12-25,,Withdrawn,
EP000026,E01163,P002,2024-09-09,,Enrolled,
EP000027,E03064,P019,2026-03-26,2026-04-20,Completed,79.22
EP000028,E00978,P008,2024-11-03,2024-11-12,Completed,84.46
EP000029,E01085,P022,2024-12-08,2024-12-26,Completed,89.51
EP000030,E01614,P040,2025-01-15,2025-01-16,Completed,91.07
EP000031,E00778,P035,2024-08-24,2024-09-16,Completed,69.73
EP000032,E02722,P037,2026-06-05,2026-07-11,Completed,90.63
EP000033,E03355,P014,2026-09-07,,In Progress,
EP000034,E02412,P022,2024-11-24,2024-12-13,Completed,100.0
EP000035,E00308,P030,2026-07-06,,In Progress,
EP000036,E00671,P032,2025-01-20,,Enrolled,
EP000037,E03604,P024,2025-04-30,2025-05-01,Completed,94.24
EP000038,E01322,P023,2025-06-14,2025-09-10,Completed,86.47
EP000039,E00683,P014,2026-12-11,2026-12-27,Completed,84.93
EP000040,E02302,P027,2024-12-19,2025-02-14,Completed,90.98
EP000041,E03741,P036,2024-12-29,2025-01-16,Completed,81.91
EP000042,E02391,P035,2024-07-30,2024-08-21,Completed,95.27
EP000043,E00074,P035,2024-06-23,2024-07-26,Completed,80.53
EP000044,E03008,P024,2025-03-05,2025-04-08,Completed,82.51
EP000045,E01749,P004,2025-10-30,2025-12-04,Completed,100.0
EP000046,E02171,P035,2024-09-18,2024-09-20,Completed,68.41
EP000047,E03942,P024,2025-03-14,,Enrolled,
EP000048,E04985,P015,2025-04-20,2025-04-24,Completed,100.0
EP000049,E03593,P020,2025-11-03,2025-12-21,Completed,74.5
EP000050,E03849,P033,2025-01-18,2025-03-14,Completed,85.45
EP000051,E03887,P031,2026-06-18,2026-07-18,Completed,89.7
EP000052,E00134,P015,2025-03-16,,Withdrawn,
EP000053,E00254,P034,2025-08-04,2025-09-11,Completed,88.01
EP000054,E00142,P018,2026-04-26,2026-05-30,Completed,69.66
EP000055,E01466,P001,2025-12-16,2026-01-18,Completed,79.77
EP000056,E04486,P039,2026-03-01,2026-03-14,Completed,90.99
EP000057,E01019,P020,2026-01-11,2026-01-15,Completed,78.5
EP000058,E03694,P030,2026-07-25,,In Progress,
EP000059,E02369,P004,2026-01-11,,Enrolled,
EP000060,E04921,P015,2025-03-24,,Enrolled,
EP000061,E03225,P036,2024-12-18,2025-01-03,Completed,71.0
EP000062,E00142,P013,2025-07-24,,Withdrawn,
EP000063,E03455,P038,2025-05-16,2025-05-31,Completed,91.02
EP000064,E03402,P001,2026-01-06,,Enrolled,
EP000065,E00257,P002,2024-08-20,2024-12-02,Completed,81.85
EP000066,E01463,P030,2026-06-07,,Withdrawn,
EP000067,E04487,P002,2024-09-28,,Enrolled,
EP000068,E00211,P002,2024-08-04,2024-10-05,Completed,92.93
EP000069,E00005,P035,2024-06-22,2024-07-16,Completed,74.95
EP000070,E04003,P032,2025-05-01,,Withdrawn,
EP000071,E02350,P012,2025-06-21,,Enrolled,
EP000072,E03694,P029,2026-02-25,2026-02-25,Completed,85.43
EP000073,E01666,P005,2025-05-28,2025-07-19,Completed,83.99
EP000074,E00907,P013,2025-07-01,2025-07-31,Completed,100.0
EP000075,E03621,P012,2025-06-18,,Enrolled,
EP000076,E01735,P009,2024-12-27,,Enrolled,
EP000077,E03059,P020,2025-10-10,2025-12-27,Completed,83.72
EP000078,E01288,P025,2024-10-30,2024-12-03,Completed,92.57
EP000079,E04787,P023,2025-09-07,2025-09-10,Completed,69.02
EP000080,E02084,P006,2025-04-19,,Enrolled,
EP000081,E00618,P031,2026-07-25,,In Progress,
EP000082,E02801,P015,2025-04-26,2025-06-12,Completed,100.0
EP000083,E00976,P034,2025-03-15,2025-04-01,Completed,83.44
EP000084,E01952,P024,2025-03-08,2025-03-24,Completed,75.52
EP000085,E00356,P026,2026-08-16,2026-09-17,Completed,77.83
EP000086,E01896,P040,2025-01-15,,Enrolled,
EP000087,E02643,P006,2025-04-27,2025-05-15,Completed,84.71
EP000088,E04330,P011,2024-12-29,2025-02-21,Completed,84.38
EP000089,E01508,P039,2026-05-27,2026-05-30,Completed,100.0
EP000090,E01771,P028,2024-09-14,2024-09-19,Completed,94.25
EP000091,E02814,P031,2026-06-18,,In Progress,
EP000092,E03722,P023,2025-05-26,,Enrolled,
EP000093,E01660,P023,2025-07-05,,Enrolled,
EP000094,E03418,P002,2024-08-11,2024-09-09,Completed,78.23
EP000095,E04698,P040,2024-10-30,,Enrolled,
EP000096,E01907,P012,2025-07-03,2025-07-04,Completed,75.19
EP000097,E03765,P028,2024-08-01,,Enrolled,
EP000098,E01266,P034,2025-09-16,,Enrolled,
EP000099,E01710,P010,2024-07-28,2024-08-01,Completed,71.55
EP000100,E03088,P022,2025-01-05,2025-01-16,Completed,72.59
EP000101,E00610,P016,2024-11-22,2024-12-15,Completed,78.52
EP000102,E04912,P030,2026-06-15,2026-06-27,Completed,66.86
EP000103,E03586,P022,2024-12-21,,Withdrawn,
EP000104,E04619,P023,2025-07-15,,Enrolled,
EP000105,E04943,P029,2026-05-06,2026-05-26,Completed,74.55
EP000106,E00949,P008,2024-07-16,,Enrolled,
EP000107,E01607,P016,2024-10-12,2024-10-30,Completed,85.32
EP000108,E04242,P038,2025-06-22,,Enrolled,
EP000109,E01474,P008,2024-07-18,2024-10-26,Completed,80.98
EP000110,E04609,P005,2025-07-29,2025-08-03,Completed,87.62
EP000111,E03782,P029,2025-12-31,2026-06-01,Completed,100.0
EP000112,E02404,P033,2025-02-10,2025-03-27,Completed,82.95
EP000113,E02837,P022,2024-11-30,2024-12-20,Completed,89.01
EP000114,E02611,P032,2025-05-13,2025-05-16,Completed,68.37
EP000115,E01078,P036,2025-01-06,,Enrolled,
EP000116,E02239,P028,2024-06-05,2024-08-10,Completed,90.97
EP000117,E04127,P029,2026-01-21,2026-03-26,Completed,88.77
EP000118,E03822,P011,2024-10-14,2025-03-06,Completed,81.36
EP000119,E01966,P022,2024-12-28,2025-01-14,Completed,89.02
EP000120,E03756,P018,2026-07-22,,Enrolled,
EP000121,E00734,P034,2025-06-27,2025-07-28,Completed,80.34
EP000122,E01312,P035,2024-06-18,,Enrolled,
EP000123,E03551,P034,2025-05-10,,Enrolled,
EP000124,E03964,P007,2024-10-18,,Enrolled,
EP000125,E03533,P014,2026-10-27,,In Progress,
EP000126,E01191,P006,2025-05-30,,Withdrawn,
EP000127,E03010,P038,2025-05-06,2025-06-08,Completed,82.85
EP000128,E02743,P037,2026-05-23,,Enrolled,
EP000129,E03123,P038,2025-06-13,,Enrolled,
EP000130,E00089,P010,2024-08-19,2024-08-22,Completed,92.7
EP000131,E00829,P040,2024-11-07,2025-02-14,Completed,68.54
EP000132,E02927,P024,2025-03-06,2025-03-14,Completed,86.83
EP000133,E00987,P021,2025-02-02,,Enrolled,
EP000134,E01135,P032,2024-12-24,2025-02-04,Completed,84.63
EP000135,E01411,P028,2024-09-09,2024-09-10,Completed,85.44
EP000136,E01888,P029,2026-05-19,2026-05-22,Completed,84.86
EP000137,E01376,P030,2026-08-11,,Withdrawn,
EP000138,E01204,P031,2026-08-08,,In Progress,
EP000139,E03055,P034,2025-07-24,2025-07-29,Completed,73.88
EP000140,E02704,P036,2025-02-04,2025-02-05,Completed,82.29
EP000141,E02470,P025,2024-11-21,2024-11-25,Completed,77.13
EP000142,E04760,P031,2026-07-31,2026-08-05,Completed,91.44
EP000143,E03057,P037,2026-05-31,2026-06-06,Completed,85.08
EP000144,E04573,P016,2024-08-11,,Withdrawn,
EP000145,E02900,P020,2026-01-14,,Withdrawn,
EP000146,E00424,P025,2024-07-07,2024-10-07,Completed,100.0
EP000147,E00060,P030,2026-07-09,,In Progress,
EP000148,E03209,P006,2025-07-25,,Enrolled,
EP000149,E00178,P035,2024-09-21,2024-09-22,Completed,76.53
EP000150,E00619,P029,2026-02-05,,Enrolled,
EP000151,E02398,P030,2026-08-18,2026-08-19,Completed,82.39
EP000152,E00201,P023,2025-05-24,2025-08-16,Completed,65.69
EP000153,E00653,P023,2025-06-15,,Enrolled,
EP000154,E01532,P020,2025-12-23,,Enrolled,
EP000155,E02043,P019,2026-04-10,2026-05-02,Completed,87.61
EP000156,E03970,P010,2024-08-25,2024-08-27,Completed,67.11
EP000157,E01440,P032,2025-02-21,2025-04-26,Completed,86.59
EP000158,E01608,P032,2025-04-16,2025-05-03,Completed,77.89
EP000159,E03951,P022,2025-01-03,,Enrolled,
EP000160,E03842,P014,2026-12-18,2026-12-23,Completed,79.7
EP000161,E00188,P017,2024-03-19,2024-06-27,Completed,86.79
EP000162,E01049,P007,2024-08-27,,Enrolled,
EP000163,E00302,P012,2025-04-28,,Enrolled,
EP000164,E02518,P003,2025-11-18,,Enrolled,
EP000165,E04848,P015,2025-05-28,,Enrolled,
EP000166,E03333,P030,2026-08-16,2026-08-17,Completed,90.01
EP000167,E02053,P039,2026-03-14,2026-04-21,Completed,77.25
EP000168,E00253,P030,2026-06-17,2026-06-23,Completed,78.36
EP000169,E01129,P040,2024-10-07,2025-01-04,Completed,81.98
EP000170,E04808,P007,2024-08-26,2024-08-30,Completed,100.0
EP000171,E01996,P036,2024-12-10,2025-01-24,Completed,78.19
EP000172,E00079,P004,2026-02-01,2026-02-14,Completed,89.43
EP000173,E03918,P014,2026-10-03,,Withdrawn,
EP000174,E04711,P035,2024-07-23,,Enrolled,
EP000175,E01116,P018,2026-04-16,2026-07-04,Completed,82.28
EP000176,E01446,P004,2025-10-01,,Enrolled,
EP000177,E01675,P023,2025-07-19,,Enrolled,
EP000178,E04050,P007,2024-10-07,2024-10-12,Completed,91.82
EP000179,E00075,P040,2024-11-23,,Enrolled,
EP000180,E01738,P014,2026-12-20,,Withdrawn,
EP000181,E00639,P004,2026-02-15,2026-02-20,Completed,79.55
EP000182,E04045,P006,2025-07-11,2025-07-24,Completed,100.0
EP000183,E01042,P003,2025-11-22,,Enrolled,
EP000184,E00512,P010,2024-07-08,2024-08-02,Completed,99.57
EP000185,E00163,P017,2024-05-27,,Enrolled,
EP000186,E00372,P030,2026-06-29,2026-07-27,Completed,94.58
EP000187,E03493,P022,2025-01-07,,Enrolled,
EP000188,E00743,P016,2024-10-02,2024-11-30,Completed,84.62
EP000189,E04913,P018,2026-06-29,,Enrolled,
EP000190,E01274,P033,2025-04-01,2025-04-05,Completed,93.67
EP000191,E03843,P029,2026-04-07,2026-05-09,Completed,90.91
EP000192,E02552,P032,2025-04-28,2025-05-15,Completed,71.04
EP000193,E01381,P012,2025-06-09,,Enrolled,
EP000194,E01087,P023,2025-05-05,,Enrolled,
EP000195,E03434,P024,2025-02-06,2025-03-06,Completed,81.65
EP000196,E02052,P028,2024-06-15,2024-06-30,Completed,95.2
EP000197,E01019,P030,2026-06-18,,In Progress,
EP000198,E03987,P022,2025-01-05,,Enrolled,
EP000199,E04644,P027,2025-01-02,2025-01-28,Completed,80.75
EP000200,E02858,P031,2026-08-15,,Withdrawn,
EP000201,E04970,P011,2024-12-23,,Enrolled,
EP000202,E01121,P036,2024-12-21,2025-01-14,Completed,93.36
EP000203,E01407,P036,2025-01-31,,Enrolled,
EP000204,E03678,P035,2024-07-26,2024-09-11,Completed,89.42
EP000205,E01849,P016,2024-10-14,,Enrolled,
EP000206,E04343,P032,2024-12-16,,Withdrawn,
EP000207,E03428,P039,2026-05-14,2026-05-23,Completed,96.5
EP000208,E00051,P026,2026-09-12,2026-09-20,Completed,83.1
EP000209,E04948,P036,2024-11-28,,Enrolled,
EP000210,E01386,P024,2025-04-24,2025-04-25,Completed,80.84
EP000211,E02707,P016,2024-10-06,,Enrolled,
EP000212,E01158,P019,2026-03-12,2026-04-09,Completed,79.17
EP000213,E02276,P030,2026-08-05,,In Progress,
EP000214,E00837,P001,2026-01-26,2026-01-31,Completed,75.42
EP000215,E00145,P013,2025-06-14,2025-06-23,Completed,94.09
EP000216,E03519,P008,2024-09-06,,Enrolled,
EP000217,E01246,P028,2024-08-19,,Enrolled,
EP000218,E00271,P028,2024-08-09,2024-08-16,Completed,71.48
EP000219,E03828,P005,2025-06-17,,Enrolled,
EP000220,E01012,P036,2024-12-04,2025-01-13,Completed,88.51
EP000221,E04681,P014,2026-10-15,2026-11-22,Completed,84.75
EP000222,E01055,P002,2024-08-17,2024-10-14,Completed,83.94
EP000223,E03895,P003,2025-11-15,2025-11-28,Completed,83.86
EP000224,E00099,P025,2024-09-30,2024-12-06,Completed,83.9
EP000225,E02605,P040,2025-01-16,,Enrolled,
EP000226,E03443,P028,2024-08-13,,Withdrawn,
EP000227,E04333,P011,2025-02-11,2025-03-26,Completed,76.19
EP000228,E03433,P002,2024-07-27,,Enrolled,
EP000229,E02912,P039,2026-04-10,,Withdrawn,
EP000230,E04152,P038,2025-06-26,2025-06-27,Completed,78.72
EP000231,E02969,P020,2025-10-08,2025-11-04,Completed,88.73
EP000232,E01623,P040,2025-02-11,2025-02-14,Completed,76.63
EP000233,E03424,P029,2026-03-01,2026-05-17,Completed,89.76
EP000234,E00883,P003,2025-10-01,,Enrolled,
EP000235,E02739,P012,2025-06-18,2025-06-25,Completed,76.64
EP000236,E03380,P002,2024-11-23,2024-12-24,Completed,92.36
EP000237,E01485,P021,2025-03-24,,Enrolled,
EP000238,E04889,P038,2025-03-28,2025-03-30,Completed,88.02
EP000239,E02301,P038,2025-06-14,2025-06-21,Completed,91.65
EP000240,E00632,P005,2025-06-27,2025-08-05,Completed,75.67
EP000241,E04914,P030,2026-05-30,,In Progress,
EP000242,E04219,P036,2025-01-30,,Withdrawn,
EP000243,E01940,P036,2025-01-21,,Enrolled,
EP000244,E03770,P038,2025-05-13,,Enrolled,
EP000245,E00549,P038,2025-06-19,2025-06-22,Completed,73.2
EP000246,E02818,P026,2026-07-31,2026-10-13,Completed,91.49
EP000247,E02185,P040,2024-11-23,,Enrolled,
EP000248,E01218,P032,2024-12-21,2025-03-15,Completed,70.68
EP000249,E00277,P038,2025-04-16,2025-05-07,Completed,96.27
EP000250,E03689,P019,2026-01-06,2026-02-22,Completed,82.97
EP000251,E02372,P028,2024-06-11,2024-09-20,Completed,81.4
EP000252,E02042,P035,2024-06-19,,Withdrawn,
EP000253,E04033,P004,2025-09-19,2025-10-08,Completed,80.14
EP000254,E03363,P033,2025-03-21,,Enrolled,
EP000255,E04971,P019,2025-12-21,2026-05-21,Completed,85.38
EP000256,E00428,P034,2025-08-19,2025-08-23,Completed,76.46
EP000257,E00119,P012,2025-06-29,2025-07-01,Completed,94.14
EP000258,E03331,P038,2025-05-05,,Enrolled,
EP000259,E03184,P009,2024-11-10,2024-12-01,Completed,87.02
EP000260,E04194,P001,2026-01-17,2026-02-20,Completed,85.74
EP000261,E03912,P038,2025-05-19,2025-06-04,Completed,72.14
EP000262,E03008,P012,2025-05-24,,Enrolled,
EP000263,E00443,P010,2024-07-02,2024-08-02,Completed,78.35
EP000264,E04712,P008,2024-10-13,,Enrolled,
EP000265,E03389,P014,2026-11-21,2026-12-17,Completed,93.19
EP000266,E00142,P004,2025-09-11,2026-02-14,Completed,87.97
EP000267,E00028,P002,2024-11-26,,Enrolled,
EP000268,E04881,P017,2024-05-07,2024-05-28,Completed,82.61
EP000269,E03987,P025,2024-07-06,2024-08-29,Completed,94.59
EP000270,E00298,P015,2025-04-29,2025-05-23,Completed,94.32
EP000271,E02512,P031,2026-08-09,2026-08-17,Completed,81.69
EP000272,E03839,P016,2024-10-27,,Enrolled,
EP000273,E02482,P013,2025-07-21,2025-07-29,Completed,89.31
EP000274,E02248,P012,2025-06-26,,Enrolled,
EP000275,E03819,P029,2026-03-30,2026-04-08,Completed,83.86
EP000276,E04093,P021,2025-03-22,2025-03-26,Completed,70.63
EP000277,E02805,P014,2026-08-16,2026-10-14,Completed,86.36
EP000278,E00140,P040,2025-01-14,,Enrolled,
EP000279,E00678,P019,2026-05-04,2026-05-19,Completed,96.07
EP000280,E04033,P001,2025-12-03,2026-01-12,Completed,75.59
EP000281,E01682,P008,2024-11-02,,Enrolled,
EP000282,E03851,P024,2025-03-04,,Enrolled,
EP000283,E02584,P019,2026-01-22,,Withdrawn,
EP000284,E04545,P028,2024-04-22,,Enrolled,
EP000285,E00351,P038,2025-05-12,,Enrolled,
EP000286,E00899,P029,2026-05-15,,Enrolled,
EP000287,E03863,P010,2024-06-26,2024-07-20,Completed,85.9
EP000288,E00936,P015,2025-05-14,,Withdrawn,
EP000289,E01892,P039,2026-03-16,2026-03-30,Completed,86.23
EP000290,E01224,P002,2024-10-12,2024-12-08,Completed,90.31
EP000291,E03777,P007,2024-08-26,,Enrolled,
EP000292,E02959,P014,2026-11-08,,In Progress,
EP000293,E02216,P038,2025-04-25,,Enrolled,
EP000294,E00148,P010,2024-08-10,,Withdrawn,
EP000295,E02963,P003,2025-10-09,2025-10-15,Completed,97.47
EP000296,E04709,P015,2025-03-11,,Enrolled,
EP000297,E00038,P037,2026-07-23,,Enrolled,
EP000298,E02998,P021,2025-01-27,,Withdrawn,
EP000299,E00272,P002,2024-08-07,2024-10-27,Completed,74.76
EP000300,E03516,P013,2025-07-11,2025-08-04,Completed,82.63
EP000301,E02143,P013,2025-08-02,2025-08-03,Completed,79.39
EP000302,E00785,P014,2026-09-26,,In Progress,
EP000303,E04741,P006,2025-06-13,2025-06-29,Completed,76.08
EP000304,E02343,P024,2025-01-12,2025-02-04,Completed,82.54
EP000305,E02127,P021,2025-03-14,2025-03-22,Completed,79.16
EP000306,E01620,P036,2025-02-02,,Enrolled,
EP000307,E02351,P023,2025-05-26,,Enrolled,
EP000308,E03029,P003,2025-10-02,,Enrolled,
EP000309,E04134,P020,2025-10-20,2026-01-21,Completed,67.85
EP000310,E01268,P036,2024-12-27,,Enrolled,
EP000311,E03550,P010,2024-08-10,,Enrolled,
EP000312,E02222,P018,2026-04-23,,Withdrawn,
EP000313,E02034,P009,2024-12-31,2024-12-31,Completed,92.11
EP000314,E01548,P015,2025-05-25,,Enrolled,
EP000315,E00634,P023,2025-05-25,,Enrolled,
EP000316,E01777,P016,2024-07-23,,Enrolled,
EP000317,E00139,P018,2026-06-23,,Withdrawn,
EP000318,E02886,P013,2025-05-20,2025-05-23,Completed,82.39
EP000319,E02659,P035,2024-08-21,,Enrolled,
EP000320,E04965,P020,2025-10-22,,Withdrawn,
EP000321,E02222,P040,2024-09-16,,Enrolled,
EP000322,E04492,P034,2025-04-07,2025-09-01,Completed,86.51
EP000323,E01261,P035,2024-09-19,,Enrolled,
EP000324,E02434,P028,2024-09-18,2024-09-18,Completed,89.27
EP000325,E02739,P028,2024-04-19,2024-08-26,Completed,81.34
EP000326,E04598,P007,2024-08-10,,Enrolled,
EP000327,E01725,P013,2025-06-26,,Withdrawn,
EP000328,E03692,P005,2025-04-27,,Enrolled,
EP000329,E01591,P006,2025-05-18,2025-05-18,Completed,82.55
EP000330,E04788,P038,2025-06-28,2025-06-29,Completed,97.21
EP000331,E02344,P021,2025-01-16,,Enrolled,
EP000332,E02918,P018,2026-04-28,2026-05-29,Completed,82.77
EP000333,E01051,P032,2025-02-25,2025-03-25,Completed,100.0
EP000334,E02920,P008,2024-06-07,2024-11-11,Completed,85.78
EP000335,E02204,P009,2024-08-06,2024-11-09,Completed,75.35
EP000336,E02137,P021,2025-02-05,2025-02-05,Completed,76.94
EP000337,E04423,P019,2026-05-20,2026-05-20,Completed,84.05
EP000338,E02262,P006,2025-07-02,2025-07-20,Completed,76.19
EP000339,E01440,P022,2025-01-04,,Enrolled,
EP000340,E00264,P037,2026-05-14,2026-06-28,Completed,87.5
EP000341,E00271,P007,2024-09-12,,Enrolled,
EP000342,E04313,P005,2025-05-01,2025-08-09,Completed,85.09
EP000343,E00738,P033,2025-02-17,,Enrolled,
EP000344,E02549,P021,2025-01-21,2025-01-31,Completed,84.54
EP000345,E01140,P021,2025-01-13,2025-01-31,Completed,94.58
EP000346,E02074,P039,2026-05-06,2026-05-28,Completed,83.22
EP000347,E03860,P018,2026-06-29,,Enrolled,
EP000348,E01408,P024,2025-04-11,2025-04-14,Completed,83.72
EP000349,E03660,P037,2026-07-12,,Withdrawn,
EP000350,E02170,P001,2026-02-21,2026-02-22,Completed,90.36
EP000351,E00994,P029,2026-03-18,2026-05-04,Completed,92.93
EP000352,E01211,P034,2025-06-26,,Enrolled,
EP000353,E02930,P025,2024-11-15,2024-12-05,Completed,87.72
EP000354,E01010,P040,2024-12-18,,Enrolled,
EP000355,E00940,P007,2024-10-14,,Enrolled,
EP000356,E03216,P037,2026-05-28,,Enrolled,
EP000357,E01348,P024,2025-03-12,2025-03-17,Completed,94.83
EP000358,E01717,P004,2026-02-11,,Enrolled,
EP000359,E00017,P021,2025-02-03,2025-02-16,Completed,79.84
EP000360,E00746,P022,2024-12-27,,Enrolled,
EP000361,E02586,P018,2026-05-27,,Enrolled,
EP000362,E00552,P036,2024-12-16,2025-01-06,Completed,86.3
EP000363,E03139,P023,2025-08-06,2025-08-26,Completed,83.56
EP000364,E01057,P038,2025-05-01,,Enrolled,
EP000365,E04103,P017,2024-03-03,2024-04-14,Completed,97.24
EP000366,E04201,P038,2025-06-15,2025-06-21,Completed,82.79
EP000367,E01269,P013,2025-07-27,2025-07-30,Completed,88.24
EP000368,E00691,P035,2024-09-06,,Enrolled,
EP000369,E04232,P002,2024-08-13,,Enrolled,
EP000370,E02336,P016,2024-12-13,,Enrolled,
EP000371,E02347,P013,2025-07-11,,Enrolled,
EP000372,E02810,P009,2024-08-03,2024-08-07,Completed,77.74
EP000373,E03899,P019,2026-01-18,,Withdrawn,
EP000374,E03006,P023,2025-08-22,,Enrolled,
EP000375,E03668,P008,2024-08-18,2024-10-30,Completed,100.0
EP000376,E04084,P022,2024-11-19,2025-01-08,Completed,78.48
EP000377,E00255,P030,2026-08-02,2026-08-04,Completed,64.1
EP000378,E04047,P009,2024-09-19,2024-11-03,Completed,79.04
EP000379,E01875,P015,2025-06-10,2025-06-16,Completed,87.32
EP000380,E01005,P036,2025-01-10,2025-01-23,Completed,80.0
EP000381,E01644,P011,2025-01-24,2025-02-17,Completed,90.38
EP000382,E03278,P026,2026-08-03,2026-10-22,Completed,95.95
EP000383,E03590,P036,2024-12-04,2025-02-06,Completed,76.7
EP000384,E02522,P024,2025-04-14,2025-04-22,Completed,80.28
EP000385,E02155,P040,2025-01-27,2025-02-06,Completed,89.84
EP000386,E01253,P036,2024-12-23,,Withdrawn,
EP000387,E00087,P025,2024-09-22,2024-09-25,Completed,93.54
EP000388,E00544,P018,2026-05-08,,Enrolled,
EP000389,E03804,P009,2024-07-22,,Enrolled,
EP000390,E01185,P034,2025-04-03,2025-09-16,Completed,80.1
EP000391,E01895,P038,2025-06-20,,Withdrawn,
EP000392,E04085,P009,2024-09-11,2024-10-11,Completed,95.17
EP000393,E02819,P020,2025-10-22,,Enrolled,
EP000394,E01492,P012,2025-04-30,,Enrolled,
EP000395,E01538,P004,2026-02-04,2026-02-19,Completed,92.78
EP000396,E03948,P003,2025-11-10,2025-11-13,Completed,67.61
EP000397,E00332,P005,2025-04-16,2025-06-14,Completed,85.93
EP000398,E04537,P002,2024-08-28,2024-09-06,Completed,76.6
EP000399,E01701,P009,2024-10-04,,Enrolled,
EP000400,E03647,P028,2024-07-29,2024-08-12,Completed,80.8
EP000401,E01895,P012,2025-05-19,,Enrolled,
EP000402,E04586,P002,2024-09-10,2024-12-14,Completed,83.18
EP000403,E04376,P028,2024-07-29,2024-08-30,Completed,79.91
EP000404,E02594,P005,2025-05-24,2025-06-27,Completed,75.98
EP000405,E01290,P011,2024-09-13,,Withdrawn,
EP000406,E04608,P007,2024-09-12,,Enrolled,
EP000407,E00185,P039,2026-04-21,2026-05-29,Completed,85.18
EP000408,E02683,P019,2026-02-24,2026-04-12,Completed,80.62
EP000409,E04237,P026,2026-08-17,2026-09-12,Completed,79.91
EP000410,E02459,P037,2026-05-16,2026-07-11,Completed,67.79
EP000411,E00121,P006,2025-04-22,,Enrolled,
EP000412,E01664,P001,2025-11-22,2025-11-27,Completed,76.36
EP000413,E03462,P005,2025-06-12,,Withdrawn,
EP000414,E00321,P017,2024-04-22,,Enrolled,
EP000415,E00483,P026,2026-10-24,2026-10-24,Completed,86.15
EP000416,E01351,P021,2025-03-11,,Enrolled,
EP000417,E01195,P029,2026-01-22,,Withdrawn,
EP000418,E04281,P023,2025-08-03,2025-08-05,Completed,78.99
EP000419,E04320,P023,2025-07-26,2025-08-29,Completed,76.22
EP000420,E04595,P026,2026-10-20,,In Progress,
EP000421,E00605,P003,2025-12-06,2025-12-06,Completed,86.54
EP000422,E00354,P040,2024-09-25,,Enrolled,
EP000423,E00927,P015,2025-03-11,2025-03-23,Completed,85.59
EP000424,E02449,P036,2024-12-07,,Enrolled,
EP000425,E02390,P037,2026-07-27,,Enrolled,
EP000426,E00511,P031,2026-07-14,2026-08-23,Completed,88.08
EP000427,E04632,P017,2024-04-30,2024-05-15,Completed,92.78
EP000428,E00261,P008,2024-06-20,,Withdrawn,
EP000429,E04335,P034,2025-03-28,2025-06-23,Completed,85.37
EP000430,E01566,P030,2026-07-30,2026-08-17,Completed,71.56
EP000431,E00278,P018,2026-07-03,2026-07-06,Completed,77.12
EP000432,E00989,P037,2026-07-13,,Enrolled,
EP000433,E00052,P037,2026-06-20,2026-07-10,Completed,90.77
EP000434,E04531,P006,2025-07-02,,Enrolled,
EP000435,E02274,P036,2024-12-02,2025-01-14,Completed,69.27
EP000436,E02155,P014,2026-10-23,,In Progress,
EP000437,E00593,P008,2024-09-23,,Enrolled,
EP000438,E00311,P006,2025-08-06,2025-08-06,Completed,81.03
EP000439,E02362,P027,2025-01-14,,Enrolled,
EP000440,E03824,P015,2025-05-26,2025-05-28,Completed,74.3
EP000441,E03403,P023,2025-08-30,2025-09-10,Completed,74.01
EP000442,E00961,P039,2026-04-03,2026-04-19,Completed,79.9
EP000443,E01773,P025,2024-11-17,2024-11-18,Completed,92.54
EP000444,E04274,P027,2024-12-23,2025-02-04,Completed,68.57
EP000445,E00978,P036,2025-01-26,2025-02-06,Completed,85.77
EP000446,E00873,P040,2024-12-01,2025-02-01,Completed,96.8
EP000447,E04950,P036,2024-12-20,2024-12-28,Completed,88.3
EP000448,E00514,P020,2026-01-05,2026-01-07,Completed,74.85
EP000449,E04810,P020,2025-10-30,,Enrolled,
EP000450,E03859,P007,2024-10-20,2024-10-20,Completed,88.89
EP000451,E02736,P024,2025-01-23,2025-04-04,Completed,88.27
EP000452,E02079,P009,2024-12-02,2024-12-10,Completed,77.9
EP000453,E01989,P025,2024-08-24,2024-11-27,Completed,77.16
EP000454,E04195,P013,2025-06-16,2025-06-27,Completed,83.7
EP000455,E02677,P005,2025-06-11,,Enrolled,
EP000456,E03449,P027,2025-01-10,2025-01-31,Completed,90.29
EP000457,E01072,P016,2024-11-16,2024-11-26,Completed,71.5
EP000458,E04905,P031,2026-08-24,,In Progress,
EP000459,E03220,P033,2025-02-21,,Enrolled,
EP000460,E00190,P035,2024-07-13,,Enrolled,
EP000461,E02189,P022,2024-12-22,2025-01-03,Completed,85.13
EP000462,E04599,P032,2024-12-28,2025-01-17,Completed,85.9
EP000463,E03899,P026,2026-10-25,,In Progress,
EP000464,E03710,P003,2025-10-24,2025-10-26,Completed,84.31
EP000465,E04607,P011,2024-11-25,,Enrolled,
EP000466,E03961,P012,2025-06-16,2025-07-03,Completed,100.0
EP000467,E03969,P019,2026-02-13,,Enrolled,
EP000468,E03677,P014,2026-08-15,,In Progress,
EP000469,E02509,P022,2025-01-08,,Enrolled,
EP000470,E01515,P023,2025-08-23,2025-08-24,Completed,66.61
EP000471,E01237,P004,2025-11-10,,Enrolled,
EP000472,E04670,P030,2026-07-25,,In Progress,
EP000473,E04321,P028,2024-06-15,2024-09-14,Completed,91.82
EP000474,E04086,P030,2026-05-29,2026-07-08,Completed,77.73
EP000475,E01125,P018,2026-05-14,,Enrolled,
EP000476,E01978,P035,2024-09-16,,Enrolled,
EP000477,E01336,P002,2024-11-05,,Enrolled,
EP000478,E00382,P023,2025-06-11,,Enrolled,
EP000479,E03645,P008,2024-10-11,,Enrolled,
EP000480,E00005,P022,2024-11-21,,Enrolled,
EP000481,E03071,P039,2026-05-23,,Enrolled,
EP000482,E02258,P020,2025-12-25,,Enrolled,
EP000483,E03500,P020,2025-12-20,2026-01-10,Completed,77.68
EP000484,E04505,P001,2026-01-20,2026-01-20,Completed,94.06
EP000485,E00770,P007,2024-08-29,2024-09-24,Completed,74.71
EP000486,E00692,P023,2025-09-08,,Enrolled,
EP000487,E01645,P018,2026-05-15,2026-05-26,Completed,81.5
EP000488,E01393,P002,2024-08-02,2024-11-17,Completed,92.23
EP000489,E01218,P011,2025-03-08,,Enrolled,
EP000490,E01656,P035,2024-07-21,,Enrolled,
EP000491,E02179,P021,2024-12-28,2025-01-29,Completed,86.42
EP000492,E03514,P008,2024-09-25,2024-10-27,Completed,82.49
EP000493,E02707,P025,2024-11-25,2024-12-01,Completed,69.14
EP000494,E04917,P006,2025-05-31,2025-06-26,Completed,87.86
EP000495,E00385,P019,2026-01-28,,Enrolled,
EP000496,E01061,P023,2025-06-16,,Withdrawn,
EP000497,E01985,P010,2024-08-10,,Enrolled,
EP000498,E04494,P024,2025-02-08,2025-02-10,Completed,79.25
EP000499,E04479,P028,2024-08-27,2024-09-05,Completed,86.15
EP000500,E03605,P029,2026-04-26,,Enrolled,
EP000501,E00991,P006,2025-06-19,,Enrolled,
EP000502,E02653,P030,2026-06-15,,In Progress,
EP000503,E01242,P031,2026-07-09,2026-07-23,Completed,92.22
EP000504,E00586,P020,2025-09-29,2026-01-14,Completed,81.09
EP000505,E01461,P009,2024-10-03,,Enrolled,
EP000506,E03404,P030,2026-08-11,2026-08-12,Completed,76.68
EP000507,E00092,P029,2026-02-09,2026-05-11,Completed,91.94
EP000508,E02348,P018,2026-06-10,2026-06-25,Completed,73.32
EP000509,E00740,P034,2025-08-22,,Enrolled,
EP000510,E00344,P027,2025-02-11,2025-02-16,Completed,98.34
EP000511,E03290,P033,2025-02-22,2025-03-02,Completed,79.28
EP000512,E03469,P011,2025-01-23,2025-02-06,Completed,81.53
EP000513,E00271,P039,2026-04-09,2026-04-09,Completed,61.95
EP000514,E00400,P033,2025-03-14,2025-03-14,Completed,77.62
EP000515,E04363,P024,2025-05-05,,Withdrawn,
EP000516,E03516,P038,2025-03-29,,Enrolled,
EP000517,E01099,P032,2025-02-18,2025-03-11,Completed,96.63
EP000518,E03277,P018,2026-04-04,2026-05-24,Completed,74.65
EP000519,E04652,P040,2025-01-28,2025-01-31,Completed,78.02
EP000520,E02355,P013,2025-06-22,2025-06-28,Completed,79.61
EP000521,E00867,P014,2026-12-01,2026-12-02,Completed,84.99
EP000522,E04827,P020,2026-01-03,,Enrolled,
EP000523,E01314,P029,2026-01-08,,Enrolled,
EP000524,E02311,P010,2024-06-30,,Enrolled,
EP000525,E02670,P003,2025-10-24,2025-12-06,Completed,94.01
EP000526,E01122,P013,2025-06-25,,Enrolled,
EP000527,E01293,P026,2026-08-04,,In Progress,
EP000528,E03617,P005,2025-07-09,,Enrolled,
EP000529,E00739,P040,2024-12-07,,Enrolled,
EP000530,E04929,P038,2025-06-02,2025-06-26,Completed,85.15
EP000531,E02490,P006,2025-04-23,2025-05-23,Completed,78.21
EP000532,E02906,P036,2024-12-21,,Enrolled,
EP000533,E03437,P018,2026-07-11,2026-07-13,Completed,93.48
EP000534,E00981,P014,2026-09-05,,In Progress,
EP000535,E04309,P003,2025-09-28,,Enrolled,
EP000536,E00143,P009,2024-08-08,2024-10-29,Completed,80.57
EP000537,E03958,P036,2024-12-29,2025-01-23,Completed,95.14
EP000538,E00299,P026,2026-10-09,2026-10-16,Completed,95.71
EP000539,E00716,P020,2025-11-15,2025-12-26,Completed,90.81
EP000540,E03979,P022,2024-12-06,,Enrolled,
EP000541,E03955,P009,2024-10-23,2024-11-27,Completed,79.25
EP000542,E01393,P032,2025-04-27,2025-05-09,Completed,96.44
EP000543,E01996,P021,2025-03-08,2025-03-15,Completed,87.34
EP000544,E03738,P038,2025-06-05,2025-06-22,Completed,77.26
EP000545,E00058,P040,2025-01-14,2025-02-15,Completed,62.43
EP000546,E00253,P023,2025-06-16,2025-06-29,Completed,86.82
EP000547,E02595,P035,2024-08-05,2024-08-28,Completed,75.74
EP000548,E01478,P020,2025-10-06,2025-12-09,Completed,99.49
EP000549,E02535,P023,2025-06-29,,Withdrawn,
EP000550,E03139,P038,2025-06-29,2025-06-29,Completed,77.59
EP000551,E01758,P034,2025-05-26,2025-07-07,Completed,75.76
EP000552,E02696,P007,2024-09-26,,Withdrawn,
EP000553,E02060,P019,2026-04-21,2026-05-16,Completed,75.93
EP000554,E00789,P005,2025-08-05,2025-08-09,Completed,77.12
EP000555,E04175,P027,2024-12-07,2025-01-23,Completed,84.71
EP000556,E04633,P018,2026-04-30,2026-05-23,Completed,69.97
EP000557,E00405,P018,2026-05-21,,Enrolled,
EP000558,E01840,P016,2024-10-27,,Enrolled,
EP000559,E01978,P017,2024-04-24,,Enrolled,
EP000560,E02300,P022,2025-01-17,,Enrolled,
EP000561,E04118,P036,2024-12-17,2025-01-11,Completed,78.47
EP000562,E01310,P003,2025-10-10,,Enrolled,
EP000563,E04235,P037,2026-07-14,2026-07-26,Completed,81.72
EP000564,E00125,P033,2025-02-01,,Enrolled,
EP000565,E04921,P018,2026-06-18,2026-07-11,Completed,80.26
EP000566,E01136,P038,2025-05-18,2025-05-22,Completed,74.48
EP000567,E04173,P038,2025-04-14,,Enrolled,
EP000568,E01540,P012,2025-04-23,2025-05-29,Completed,76.04
EP000569,E04268,P009,2024-11-13,,Enrolled,
EP000570,E00223,P006,2025-06-20,2025-08-08,Completed,73.38
EP000571,E02853,P037,2026-05-10,2026-06-22,Completed,86.42
EP000572,E02436,P012,2025-05-28,,Enrolled,
EP000573,E01465,P002,2024-12-24,,Enrolled,
EP000574,E02087,P015,2025-05-15,2025-05-23,Completed,87.76
EP000575,E03930,P006,2025-07-21,2025-08-08,Completed,84.36
EP000576,E01696,P009,2024-06-30,2024-10-01,Completed,80.57
EP000577,E01412,P012,2025-04-26,2025-05-23,Completed,67.76
EP000578,E03203,P001,2025-12-15,2025-12-21,Completed,83.52
EP000579,E02036,P009,2024-08-01,2024-11-23,Completed,69.84
EP000580,E01632,P007,2024-10-20,2024-10-20,Completed,75.99
EP000581,E04321,P017,2024-04-04,,Enrolled,
EP000582,E04983,P029,2026-04-28,2026-05-05,Completed,74.7
EP000583,E04098,P007,2024-10-04,2024-10-12,Completed,68.36
EP000584,E01580,P017,2024-05-22,,Withdrawn,
EP000585,E01387,P033,2025-01-08,,Enrolled,
EP000586,E03570,P011,2024-09-23,,Enrolled,
EP000587,E02101,P002,2024-10-15,2024-12-14,Completed,100.0
EP000588,E00387,P016,2024-11-18,2024-12-04,Completed,90.2
EP000589,E02464,P036,2025-01-12,,Withdrawn,
EP000590,E00018,P031,2026-07-18,2026-07-26,Completed,85.88
EP000591,E02339,P019,2026-03-01,2026-05-21,Completed,79.71
EP000592,E02725,P018,2026-06-28,2026-07-21,Completed,70.55
EP000593,E02716,P032,2025-01-29,2025-04-24,Completed,69.32
EP000594,E03496,P013,2025-06-23,2025-07-27,Completed,79.12
EP000595,E04503,P003,2025-11-29,2025-11-30,Completed,76.37
EP000596,E04485,P028,2024-06-03,2024-09-08,Completed,84.79
EP000597,E00340,P001,2026-02-21,,Withdrawn,
EP000598,E03186,P012,2025-06-24,,Withdrawn,
EP000599,E00104,P039,2026-03-22,,Enrolled,
EP000600,E01762,P028,2024-07-06,2024-09-09,Completed,84.11
EP000601,E01205,P010,2024-07-16,2024-07-31,Completed,96.02
EP000602,E00166,P007,2024-08-03,,Enrolled,
EP000603,E01011,P003,2025-11-02,,Enrolled,
EP000604,E04035,P016,2024-10-26,,Enrolled,
EP000605,E00100,P016,2024-11-17,2024-12-10,Completed,86.97
EP000606,E03344,P037,2026-06-01,,Enrolled,
EP000607,E04985,P030,2026-06-08,2026-08-06,Completed,90.45
EP000608,E04518,P038,2025-04-01,2025-05-24,Completed,74.25
EP000609,E02209,P004,2025-10-25,2025-11-08,Completed,95.37
EP000610,E00628,P027,2024-12-25,2025-01-08,Completed,83.43
EP000611,E03597,P028,2024-07-24,2024-07-24,Completed,100.0
EP000612,E03959,P013,2025-06-24,2025-07-30,Completed,94.08
EP000613,E00488,P010,2024-08-15,2024-08-16,Completed,83.87
EP000614,E04851,P038,2025-04-21,,Withdrawn,
EP000615,E02013,P022,2024-11-19,2024-12-15,Completed,71.94
EP000616,E02051,P027,2025-01-28,2025-02-04,Completed,73.97
EP000617,E04578,P036,2024-12-30,,Enrolled,
EP000618,E04822,P035,2024-08-03,2024-08-31,Completed,86.17
EP000619,E01211,P023,2025-06-30,2025-07-17,Completed,70.64
EP000620,E04973,P009,2024-07-08,2024-07-12,Completed,71.64
EP000621,E02174,P040,2024-09-26,2025-01-18,Completed,82.42
EP000622,E00506,P027,2025-02-06,2025-02-12,Completed,86.4
EP000623,E04324,P020,2025-12-18,2026-01-14,Completed,84.38
EP000624,E03916,P009,2024-10-13,,Enrolled,
EP000625,E02756,P036,2025-01-27,,Enrolled,
EP000626,E04461,P025,2024-08-16,2024-08-29,Completed,84.7
EP000627,E00737,P026,2026-08-30,2026-08-30,Completed,76.29
EP000628,E02250,P034,2025-07-10,2025-08-24,Completed,69.88
EP000629,E01867,P020,2026-01-07,2026-01-16,Completed,90.46
EP000630,E03869,P017,2024-05-06,2024-05-09,Completed,84.7
EP000631,E03218,P035,2024-08-16,2024-09-20,Completed,81.91
EP000632,E01825,P013,2025-06-16,2025-06-19,Completed,74.4
EP000633,E00508,P015,2025-06-03,,Enrolled,
EP000634,E04326,P004,2025-12-08,2026-01-07,Completed,79.19
EP000635,E03829,P035,2024-09-19,,Enrolled,
EP000636,E01982,P028,2024-05-18,2024-07-21,Completed,81.17
EP000637,E03460,P024,2025-01-18,2025-04-27,Completed,84.09
EP000638,E00257,P001,2025-11-25,2025-12-29,Completed,89.84
EP000639,E00441,P016,2024-11-17,2024-11-21,Completed,74.61
EP000640,E00042,P013,2025-05-29,2025-06-07,Completed,82.04
EP000641,E04340,P010,2024-08-01,2024-08-23,Completed,81.93
EP000642,E00858,P039,2026-03-20,2026-03-22,Completed,80.12
EP000643,E01368,P010,2024-06-25,2024-07-13,Completed,81.52
EP000644,E04381,P018,2026-05-08,2026-06-23,Completed,77.05
EP000645,E02029,P022,2025-01-19,2025-01-19,Completed,83.54
EP000646,E00783,P023,2025-08-27,2025-09-01,Completed,72.24
EP000647,E02633,P039,2026-02-28,2026-04-22,Completed,72.48
EP000648,E02487,P034,2025-05-19,,Withdrawn,
EP000649,E04501,P037,2026-07-08,2026-07-10,Completed,90.22
EP000650,E04818,P020,2025-11-05,,Enrolled,
EP000651,E02610,P035,2024-08-10,,Enrolled,
EP000652,E00508,P034,2025-04-23,,Enrolled,
EP000653,E01751,P012,2025-06-22,2025-06-25,Completed,82.4
EP000654,E02228,P009,2024-09-07,2024-10-03,Completed,79.8
EP000655,E00620,P013,2025-06-11,,Enrolled,
EP000656,E00072,P014,2026-12-22,,In Progress,
EP000657,E02101,P002,2024-11-08,,Withdrawn,
EP000658,E00013,P025,2024-09-25,2024-10-19,Completed,86.45
EP000659,E04296,P039,2026-05-19,,Enrolled,
EP000660,E02435,P006,2025-04-22,,Enrolled,
EP000661,E00788,P003,2025-09-29,2025-11-02,Completed,91.8
EP000662,E00712,P005,2025-05-21,,Enrolled,
EP000663,E02637,P026,2026-07-28,2026-09-26,Completed,78.77
EP000664,E02124,P025,2024-10-31,,Enrolled,
EP000665,E02398,P007,2024-10-01,2024-10-18,Completed,94.35
EP000666,E03036,P004,2026-02-10,,Enrolled,
EP000667,E03785,P025,2024-12-05,2024-12-08,Completed,73.74
EP000668,E01880,P001,2025-12-05,,Withdrawn,
EP000669,E03652,P037,2026-07-29,2026-07-29,Completed,80.84
EP000670,E01281,P012,2025-04-21,2025-05-15,Completed,84.19
EP000671,E04609,P039,2026-04-19,2026-05-09,Completed,85.26
EP000672,E03419,P022,2024-11-16,2024-11-16,Completed,63.79
EP000673,E00504,P005,2025-05-20,,Enrolled,
EP000674,E01663,P029,2026-02-02,2026-06-05,Completed,72.09
EP000675,E00581,P011,2024-11-30,,Enrolled,
EP000676,E01692,P018,2026-07-08,,Enrolled,
EP000677,E04238,P025,2024-08-22,2024-11-03,Completed,97.79
EP000678,E02630,P032,2025-01-04,2025-04-21,Completed,80.65
EP000679,E02459,P037,2026-06-17,,Enrolled,
EP000680,E03639,P003,2025-11-03,,Enrolled,
EP000681,E00018,P026,2026-07-16,,Withdrawn,
EP000682,E01645,P028,2024-08-01,,Withdrawn,
EP000683,E03145,P030,2026-08-02,,In Progress,
EP000684,E02586,P031,2026-07-11,2026-07-20,Completed,84.3
EP000685,E03045,P017,2024-04-21,,Enrolled,
EP000686,E01181,P031,2026-07-31,,In Progress,
EP000687,E01581,P026,2026-07-25,2026-10-09,Completed,95.15
EP000688,E04173,P039,2026-05-24,,Enrolled,
EP000689,E03208,P008,2024-09-06,,Enrolled,
EP000690,E04748,P039,2026-05-20,2026-06-02,Completed,91.6
EP000691,E03384,P024,2025-01-11,,Enrolled,
EP000692,E02945,P032,2025-02-06,2025-02-21,Completed,82.59
EP000693,E00782,P019,2026-01-28,2026-04-19,Completed,84.0
EP000694,E01390,P040,2024-09-26,2024-11-30,Completed,84.07
EP000695,E04570,P005,2025-06-28,,Enrolled,
EP000696,E04564,P035,2024-09-12,,Enrolled,
EP000697,E01090,P009,2024-12-13,2024-12-13,Completed,72.46
EP000698,E00727,P013,2025-07-10,,Enrolled,
EP000699,E03589,P002,2024-12-17,,Enrolled,
EP000700,E02936,P038,2025-05-26,,Withdrawn,
EP000701,E03733,P030,2026-07-07,2026-07-08,Completed,69.64
EP000702,E02741,P032,2025-04-29,2025-05-09,Completed,75.56
EP000703,E02145,P004,2025-09-18,,Enrolled,
EP000704,E02193,P010,2024-07-18,,Enrolled,
EP000705,E03897,P025,2024-09-29,2024-09-30,Completed,71.64
EP000706,E02300,P021,2025-03-12,2025-03-18,Completed,75.33
EP000707,E02997,P029,2026-01-24,,Withdrawn,
EP000708,E01980,P019,2026-01-12,2026-02-12,Completed,82.7
EP000709,E03848,P013,2025-05-20,2025-06-06,Completed,97.59
EP000710,E02970,P014,2026-09-26,2026-10-07,Completed,75.3
EP000711,E04040,P032,2025-01-01,2025-02-08,Completed,79.44
EP000712,E01228,P039,2026-05-15,2026-05-25,Completed,86.1
EP000713,E03687,P010,2024-08-24,2024-08-25,Completed,90.26
EP000714,E00543,P001,2025-12-10,,Enrolled,
EP000715,E01961,P001,2025-11-19,2026-02-01,Completed,90.2
EP000716,E00709,P036,2024-12-26,2025-02-02,Completed,73.18
EP000717,E04375,P003,2025-11-08,,Enrolled,
EP000718,E00311,P004,2025-08-31,,Withdrawn,
EP000719,E00055,P011,2024-11-23,,Enrolled,
EP000720,E02848,P014,2026-09-15,2026-10-25,Completed,85.19
EP000721,E01257,P029,2026-05-27,2026-06-01,Completed,78.59
EP000722,E02706,P002,2024-10-08,,Enrolled,
EP000723,E01202,P031,2026-08-16,,In Progress,
EP000724,E02191,P038,2025-05-20,2025-06-07,Completed,87.7
EP000725,E00759,P002,2024-12-01,2024-12-19,Completed,88.66
EP000726,E00039,P026,2026-09-26,2026-10-09,Completed,81.06
EP000727,E01017,P007,2024-09-05,,Enrolled,
EP000728,E01503,P024,2025-01-24,2025-04-18,Completed,81.84
EP000729,E01249,P007,2024-09-29,,Enrolled,
EP000730,E04553,P024,2025-03-31,2025-04-11,Completed,71.14
EP000731,E02279,P001,2025-11-25,2025-12-07,Completed,84.42
EP000732,E03422,P021,2025-01-16,2025-03-10,Completed,91.24
EP000733,E04899,P012,2025-06-27,2025-06-29,Completed,100.0
EP000734,E04903,P039,2026-03-12,,Enrolled,
EP000735,E00455,P003,2025-11-18,,Enrolled,
EP000736,E00168,P001,2026-02-07,2026-02-20,Completed,94.94
EP000737,E04090,P001,2025-12-20,2026-02-02,Completed,82.26
EP000738,E03863,P003,2025-10-29,,Enrolled,
EP000739,E04369,P007,2024-09-05,2024-10-02,Completed,77.39
EP000740,E01487,P036,2024-12-08,2025-01-02,Completed,86.01
EP000741,E01522,P033,2025-04-06,2025-04-06,Completed,91.01
EP000742,E02507,P011,2025-01-08,,Enrolled,
EP000743,E02271,P005,2025-07-21,,Enrolled,
EP000744,E03801,P023,2025-06-25,,Withdrawn,
EP000745,E00152,P010,2024-08-22,2024-08-26,Completed,89.35
EP000746,E01950,P024,2025-02-25,2025-03-14,Completed,83.53
EP000747,E00410,P002,2024-10-03,2024-11-25,Completed,77.31
EP000748,E02661,P011,2025-02-07,,Enrolled,
EP000749,E00180,P035,2024-06-18,2024-08-05,Completed,96.9
EP000750,E02454,P016,2024-11-24,,Enrolled,
EP000751,E02329,P030,2026-07-12,2026-08-17,Completed,86.48
EP000752,E04388,P016,2024-10-08,,Enrolled,
EP000753,E02109,P027,2024-11-30,2024-12-13,Completed,88.27
EP000754,E04212,P028,2024-05-16,,Enrolled,
EP000755,E01692,P026,2026-08-28,2026-09-19,Completed,81.21
EP000756,E02260,P027,2024-12-05,2025-02-10,Completed,82.31
EP000757,E00124,P033,2025-01-20,2025-02-06,Completed,79.75
EP000758,E04726,P040,2024-10-23,,Withdrawn,
EP000759,E03666,P031,2026-06-27,2026-07-28,Completed,90.4
EP000760,E02176,P024,2025-03-10,,Enrolled,
EP000761,E03761,P009,2024-11-05,2024-11-29,Completed,86.6
EP000762,E00286,P010,2024-07-12,2024-07-13,Completed,76.28
EP000763,E02451,P013,2025-07-27,2025-08-04,Completed,80.61
EP000764,E02180,P014,2026-09-01,,Withdrawn,
EP000765,E03087,P002,2024-11-24,2024-11-29,Completed,80.0
EP000766,E03592,P023,2025-06-06,,Enrolled,
EP000767,E02245,P023,2025-09-09,2025-09-10,Completed,72.63
EP000768,E04273,P011,2024-12-10,,Enrolled,
EP000769,E00967,P001,2026-01-25,2026-01-30,Completed,87.83
EP000770,E03758,P027,2025-02-03,,Enrolled,
EP000771,E01262,P036,2025-01-19,2025-01-28,Completed,86.92
EP000772,E02143,P034,2025-03-31,2025-06-16,Completed,70.37
EP000773,E02504,P023,2025-09-03,,Enrolled,
EP000774,E04574,P032,2025-02-17,,Withdrawn,
EP000775,E02315,P028,2024-07-01,2024-07-31,Completed,81.05
EP000776,E02175,P013,2025-07-25,2025-07-30,Completed,83.13
EP000777,E01070,P029,2026-03-10,2026-03-16,Completed,81.6
EP000778,E04423,P024,2025-04-03,2025-04-26,Completed,93.46
EP000779,E03952,P031,2026-08-25,2026-08-25,Completed,79.33
EP000780,E04721,P013,2025-05-23,2025-06-08,Completed,96.92
EP000781,E02701,P026,2026-08-29,,In Progress,
EP000782,E01348,P027,2025-01-10,2025-02-14,Completed,84.93
EP000783,E04914,P004,2026-01-21,2026-02-08,Completed,80.64
EP000784,E02023,P020,2025-12-05,2026-01-13,Completed,96.41
EP000785,E00828,P020,2026-01-06,2026-01-11,Completed,68.92
EP000786,E04429,P025,2024-07-31,2024-10-25,Completed,92.7
EP000787,E01023,P025,2024-10-08,,Enrolled,
EP000788,E03923,P017,2024-05-19,,Withdrawn,
EP000789,E02085,P019,2025-12-28,2026-04-12,Completed,67.65
EP000790,E02257,P004,2026-02-15,,Withdrawn,
EP000791,E02176,P003,2025-11-28,2025-12-02,Completed,67.26
EP000792,E02502,P011,2024-10-11,2024-12-10,Completed,95.47
EP000793,E04773,P008,2024-06-19,2024-08-05,Completed,90.74
EP000794,E00655,P039,2026-03-06,2026-03-07,Completed,80.31
EP000795,E03069,P031,2026-07-06,2026-07-22,Completed,75.03
EP000796,E00796,P019,2026-01-16,2026-05-09,Completed,97.3
EP000797,E03621,P015,2025-05-17,,Enrolled,
EP000798,E00536,P009,2024-11-08,2025-01-01,Completed,90.62
EP000799,E02059,P018,2026-06-19,2026-07-11,Completed,88.81
EP000800,E02280,P023,2025-05-07,2025-06-01,Completed,91.36
EP000801,E01230,P020,2025-10-19,,Enrolled,
EP000802,E03863,P022,2025-01-02,,Enrolled,
EP000803,E04714,P026,2026-10-13,,In Progress,
EP000804,E01992,P001,2025-11-20,2025-12-02,Completed,76.62
EP000805,E03426,P020,2025-09-19,2025-11-07,Completed,73.99
EP000806,E02818,P008,2024-09-26,,Withdrawn,
EP000807,E04491,P025,2024-11-24,2024-12-06,Completed,95.67
EP000808,E04193,P029,2026-03-14,,Enrolled,
EP000809,E03825,P008,2024-09-15,,Enrolled,
EP000810,E03791,P005,2025-06-07,,Enrolled,
EP000811,E03518,P004,2026-02-11,,Enrolled,
EP000812,E02184,P008,2024-06-21,2024-09-20,Completed,88.46
EP000813,E00068,P025,2024-08-05,2024-11-28,Completed,75.33
EP000814,E02614,P025,2024-08-11,2024-09-21,Completed,88.13
EP000815,E02043,P014,2026-10-27,,In Progress,
EP000816,E00113,P021,2025-03-08,,Enrolled,
EP000817,E02320,P023,2025-08-11,,Enrolled,
EP000818,E01729,P024,2025-04-01,2025-04-03,Completed,76.5
EP000819,E04610,P028,2024-09-18,2024-09-20,Completed,88.47
EP000820,E01226,P012,2025-05-20,,Enrolled,
EP000821,E03232,P034,2025-03-10,2025-04-26,Completed,80.99
EP000822,E03669,P006,2025-05-12,2025-07-26,Completed,77.92
EP000823,E04135,P025,2024-08-17,2024-11-20,Completed,78.02
EP000824,E04277,P028,2024-08-10,2024-09-10,Completed,90.5
EP000825,E02126,P040,2024-09-01,2024-11-21,Completed,84.62
EP000826,E03404,P027,2025-01-15,,Enrolled,
EP000827,E00074,P008,2024-06-05,2024-06-13,Completed,94.5
EP000828,E03594,P022,2024-12-19,,Enrolled,
EP000829,E00107,P017,2024-03-24,2024-06-20,Completed,94.74
EP000830,E03211,P038,2025-04-06,2025-06-18,Completed,97.08
EP000831,E03006,P016,2024-10-10,2024-11-06,Completed,72.46
EP000832,E02242,P009,2024-08-24,2024-11-12,Completed,77.43
EP000833,E00890,P016,2024-09-17,2024-09-27,Completed,83.76
EP000834,E04331,P005,2025-06-04,,Withdrawn,
EP000835,E02872,P020,2026-01-10,2026-01-20,Completed,80.74
EP000836,E02752,P001,2025-12-31,2026-01-19,Completed,87.52
EP000837,E03259,P001,2025-12-17,,Enrolled,
EP000838,E04650,P004,2025-10-03,,Enrolled,
EP000839,E01908,P035,2024-09-09,2024-09-23,Completed,90.97
EP000840,E00144,P009,2024-10-04,,Withdrawn,
EP000841,E02778,P002,2024-11-27,,Withdrawn,
EP000842,E02954,P022,2024-12-04,2025-01-18,Completed,67.34
EP000843,E00820,P025,2024-10-29,2024-11-30,Completed,88.37
EP000844,E03521,P010,2024-06-22,,Enrolled,
EP000845,E01399,P027,2024-12-22,,Enrolled,
EP000846,E04197,P018,2026-07-08,2026-07-17,Completed,86.64
EP000847,E01314,P037,2026-06-12,2026-06-29,Completed,78.01
EP000848,E02228,P039,2026-05-13,,Enrolled,
EP000849,E03612,P030,2026-08-07,,In Progress,
EP000850,E02488,P015,2025-03-02,,Enrolled,
EP000851,E04305,P032,2025-04-21,,Enrolled,
EP000852,E00642,P026,2026-10-18,,In Progress,
EP000853,E03693,P033,2024-12-14,2024-12-27,Completed,84.09
EP000854,E01173,P029,2026-05-09,2026-05-20,Completed,92.17
EP000855,E03802,P025,2024-07-18,2024-10-23,Completed,83.79
EP000856,E03791,P021,2025-03-18,,Enrolled,
EP000857,E02240,P017,2024-07-07,,Enrolled,
EP000858,E03757,P035,2024-07-20,2024-09-23,Completed,70.88
EP000859,E00761,P002,2024-12-13,2024-12-18,Completed,92.01
EP000860,E04555,P012,2025-05-20,2025-05-26,Completed,85.8
EP000861,E04356,P025,2024-09-05,2024-11-29,Completed,85.33
EP000862,E04006,P001,2026-02-10,2026-02-16,Completed,97.34
EP000863,E03599,P022,2024-12-10,,Withdrawn,
EP000864,E00382,P034,2025-04-08,2025-05-26,Completed,90.03
EP000865,E01930,P018,2026-06-20,2026-06-30,Completed,94.62
EP000866,E03524,P023,2025-07-19,2025-08-30,Completed,76.49
EP000867,E00953,P028,2024-06-25,2024-08-23,Completed,83.16
EP000868,E00851,P033,2025-03-20,2025-04-05,Completed,72.45
EP000869,E04715,P016,2024-09-25,,Enrolled,
EP000870,E02184,P025,2024-09-07,2024-12-03,Completed,81.27
EP000871,E03041,P023,2025-06-05,,Enrolled,
EP000872,E01488,P037,2026-07-05,2026-07-05,Completed,71.43
EP000873,E04025,P014,2026-11-04,,In Progress,
EP000874,E00248,P028,2024-05-25,,Enrolled,
EP000875,E02136,P014,2026-09-25,2026-12-10,Completed,86.91
EP000876,E02052,P021,2025-03-11,,Withdrawn,
EP000877,E03619,P033,2025-01-18,2025-01-26,Completed,80.69
EP000878,E03157,P015,2025-05-02,2025-06-13,Completed,83.81
EP000879,E02029,P037,2026-05-31,,Enrolled,
EP000880,E02265,P031,2026-08-23,2026-08-24,Completed,100.0
EP000881,E04953,P010,2024-08-16,2024-08-17,Completed,81.11
EP000882,E01316,P020,2025-12-21,,Enrolled,
EP000883,E02704,P023,2025-06-02,2025-09-03,Completed,93.26
EP000884,E02636,P004,2025-12-31,2026-01-04,Completed,95.75
EP000885,E02437,P007,2024-09-10,,Enrolled,
EP000886,E00322,P036,2024-12-05,,Enrolled,
EP000887,E04776,P026,2026-09-14,,In Progress,
EP000888,E01388,P025,2024-11-28,2024-12-03,Completed,83.25
EP000889,E01583,P019,2025-11-27,,Enrolled,
EP000890,E01090,P031,2026-07-03,2026-07-27,Completed,82.95
EP000891,E00338,P004,2025-09-25,2025-12-02,Completed,87.88
EP000892,E01434,P020,2025-10-13,2025-12-22,Completed,80.99
EP000893,E04659,P025,2024-11-23,2024-12-04,Completed,92.85
EP000894,E02648,P018,2026-04-03,,Enrolled,
EP000895,E03564,P005,2025-05-06,2025-06-10,Completed,68.23
EP000896,E03254,P002,2024-10-21,,Enrolled,
EP000897,E03067,P005,2025-08-01,2025-08-09,Completed,86.29
EP000898,E02419,P028,2024-07-31,,Withdrawn,
EP000899,E00637,P037,2026-06-26,2026-07-09,Completed,84.29
EP000900,E01976,P023,2025-05-08,,Enrolled,
EP000901,E02469,P011,2024-09-28,,Withdrawn,
EP000902,E03615,P013,2025-07-11,,Enrolled,
EP000903,E03608,P021,2025-02-10,2025-02-17,Completed,78.08
EP000904,E02905,P018,2026-04-30,,Enrolled,
EP000905,E05000,P010,2024-08-27,,Withdrawn,
EP000906,E02528,P015,2025-03-03,2025-06-04,Completed,84.5
EP000907,E03968,P018,2026-04-26,2026-06-13,Completed,78.87
EP000908,E02018,P002,2024-10-17,,Enrolled,
EP000909,E04480,P028,2024-08-18,2024-09-05,Completed,78.7
EP000910,E00336,P020,2025-12-21,2026-01-09,Completed,69.08
EP000911,E02099,P008,2024-06-22,2024-08-24,Completed,81.83
EP000912,E02521,P012,2025-05-02,,Enrolled,
EP000913,E02969,P019,2026-03-18,,Enrolled,
EP000914,E00445,P034,2025-07-09,,Enrolled,
EP000915,E01790,P008,2024-06-10,2024-08-31,Completed,64.65
EP000916,E04592,P010,2024-08-17,2024-08-18,Completed,84.46
EP000917,E02870,P035,2024-08-13,,Enrolled,
EP000918,E00106,P040,2024-09-24,,Enrolled,
EP000919,E01512,P031,2026-08-24,,In Progress,
EP000920,E00456,P031,2026-07-21,2026-08-22,Completed,79.86
EP000921,E03679,P030,2026-06-15,,In Progress,
EP000922,E04609,P003,2025-10-14,,Enrolled,
EP000923,E02290,P030,2026-06-11,,In Progress,
EP000924,E01940,P016,2024-12-01,,Withdrawn,
EP000925,E04206,P020,2025-11-11,2026-01-07,Completed,90.48
EP000926,E02495,P029,2026-04-30,2026-05-13,Completed,80.75
EP000927,E00132,P021,2025-02-19,,Enrolled,
EP000928,E01270,P013,2025-07-21,,Enrolled,
EP000929,E03073,P017,2024-05-17,,Enrolled,
EP000930,E00631,P001,2025-11-15,,Enrolled,
EP000931,E02974,P006,2025-07-02,2025-08-06,Completed,77.29
EP000932,E04914,P012,2025-07-02,2025-07-04,Completed,91.08
EP000933,E04890,P018,2026-04-24,,Withdrawn,
EP000934,E00230,P039,2026-05-26,,Enrolled,
EP000935,E04004,P016,2024-12-14,,Enrolled,
EP000936,E00464,P003,2025-12-06,,Enrolled,
EP000937,E01189,P040,2024-09-22,,Withdrawn,
EP000938,E04920,P022,2024-12-19,2024-12-25,Completed,90.46
EP000939,E02511,P033,2025-02-28,2025-03-26,Completed,90.27
EP000940,E01350,P020,2026-01-13,2026-01-14,Completed,81.52
EP000941,E02721,P036,2024-12-26,,Enrolled,
EP000942,E01419,P008,2024-11-11,,Enrolled,
EP000943,E04099,P031,2026-07-05,,In Progress,
EP000944,E01532,P015,2025-05-17,2025-05-20,Completed,88.52
EP000945,E03595,P023,2025-07-24,,Withdrawn,
EP000946,E03221,P020,2025-12-28,2026-01-11,Completed,91.36
EP000947,E01865,P035,2024-09-08,2024-09-09,Completed,71.58
EP000948,E02016,P007,2024-10-09,,Enrolled,
EP000949,E01580,P021,2025-01-08,,Enrolled,
EP000950,E03129,P034,2025-03-20,,Enrolled,
EP000951,E04306,P037,2026-06-05,,Enrolled,
EP000952,E02761,P039,2026-03-10,2026-03-21,Completed,85.74
EP000953,E03979,P009,2024-10-23,2024-10-27,Completed,76.76
EP000954,E03733,P012,2025-04-21,2025-04-27,Completed,92.0
EP000955,E03828,P018,2026-06-27,,Enrolled,
EP000956,E04457,P006,2025-04-22,2025-06-24,Completed,77.47
EP000957,E04830,P013,2025-05-21,2025-05-30,Completed,89.01
EP000958,E04411,P015,2025-05-08,2025-05-13,Completed,72.53
EP000959,E00769,P001,2026-01-23,2026-02-10,Completed,66.86
EP000960,E03404,P006,2025-05-03,,Enrolled,
EP000961,E04898,P027,2024-11-17,,Withdrawn,
EP000962,E01091,P037,2026-05-20,2026-06-11,Completed,87.27
EP000963,E03919,P034,2025-08-14,,Withdrawn,
EP000964,E02760,P002,2024-07-21,2024-12-11,Completed,81.62
EP000965,E00237,P003,2025-10-22,2025-10-31,Completed,72.04
EP000966,E04432,P020,2025-12-16,2026-01-11,Completed,71.06
EP000967,E03602,P012,2025-06-19,2025-06-19,Completed,86.49
EP000968,E01365,P026,2026-09-30,,Withdrawn,
EP000969,E04891,P004,2026-02-20,2026-02-20,Completed,66.58
EP000970,E04716,P015,2025-04-28,2025-06-02,Completed,78.67
EP000971,E04739,P035,2024-07-03,2024-07-13,Completed,81.53
EP000972,E00620,P008,2024-07-02,2024-08-29,Completed,82.46
EP000973,E00394,P021,2025-01-12,2025-03-14,Completed,84.49
EP000974,E03610,P028,2024-08-28,,Withdrawn,
EP000975,E03502,P040,2024-09-13,2024-10-16,Completed,77.35
EP000976,E00163,P011,2025-01-03,2025-02-05,Completed,74.23
EP000977,E03817,P021,2025-02-16,2025-03-12,Completed,92.43
EP000978,E03805,P029,2025-12-31,2026-02-18,Completed,80.43
EP000979,E01656,P007,2024-09-10,,Enrolled,
EP000980,E00876,P012,2025-06-02,,Enrolled,
EP000981,E03523,P030,2026-08-12,2026-08-17,Completed,86.39
EP000982,E03180,P040,2025-01-20,2025-01-20,Completed,87.91
EP000983,E00533,P030,2026-07-12,2026-08-04,Completed,93.96
EP000984,E01996,P003,2025-10-12,2025-11-19,Completed,88.28
EP000985,E03139,P023,2025-07-08,2025-07-13,Completed,80.46
EP000986,E01886,P010,2024-06-15,,Enrolled,
EP000987,E01094,P001,2026-01-27,,Enrolled,
EP000988,E00049,P008,2024-11-02,,Enrolled,
EP000989,E00558,P032,2025-03-31,,Enrolled,
EP000990,E01224,P027,2025-01-14,2025-01-20,Completed,78.34
EP000991,E01777,P015,2025-03-27,2025-05-02,Completed,99.0
EP000992,E01346,P004,2025-11-14,,Enrolled,
EP000993,E02374,P037,2026-07-06,2026-07-10,Completed,87.87
EP000994,E03361,P017,2024-04-05,,Enrolled,
EP000995,E04823,P032,2025-04-14,,Enrolled,
EP000996,E04502,P037,2026-07-15,,Enrolled,
EP000997,E01884,P029,2026-03-08,,Enrolled,
EP000998,E03263,P020,2025-10-09,2025-10-13,Completed,75.56
EP000999,E02143,P030,2026-05-29,,Withdrawn,
EP001000,E04830,P032,2025-02-03,2025-05-04,Completed,90.77
EP001001,E03864,P039,2026-05-12,,Enrolled,
EP001002,E02812,P034,2025-09-22,2025-09-22,Completed,69.66
EP001003,E03507,P001,2025-11-29,2026-02-11,Completed,82.61
EP001004,E01724,P036,2025-01-26,,Withdrawn,
EP001005,E04381,P034,2025-04-27,2025-07-08,Completed,77.56
EP001006,E03773,P014,2026-12-19,,Withdrawn,
EP001007,E03016,P038,2025-04-11,,Enrolled,
EP001008,E01111,P032,2025-03-26,,Enrolled,
EP001009,E01399,P026,2026-09-16,2026-09-28,Completed,89.98
EP001010,E01563,P024,2025-01-13,2025-02-20,Completed,73.27
EP001011,E00435,P037,2026-05-25,2026-07-03,Completed,75.53
EP001012,E04025,P037,2026-06-10,,Enrolled,
EP001013,E01969,P006,2025-06-02,,Withdrawn,
EP001014,E02726,P032,2025-04-20,2025-05-10,Completed,99.74
EP001015,E02228,P010,2024-06-20,,Enrolled,
EP001016,E02084,P036,2025-02-06,,Withdrawn,
EP001017,E04575,P032,2025-02-22,2025-03-09,Completed,82.26
EP001018,E02360,P016,2024-11-21,2024-12-06,Completed,72.71
EP001019,E01879,P040,2024-12-09,2025-01-26,Completed,82.93
EP001020,E01199,P002,2024-10-08,2024-10-16,Completed,100.0
EP001021,E01725,P020,2025-11-19,,Enrolled,
EP001022,E02898,P010,2024-07-26,,Enrolled,
EP001023,E03088,P008,2024-09-06,2024-09-12,Completed,92.55
EP001024,E00963,P003,2025-11-29,,Enrolled,
EP001025,E00152,P007,2024-10-12,,Enrolled,
EP001026,E00774,P030,2026-07-01,,In Progress,
EP001027,E03407,P040,2024-09-26,,Enrolled,
EP001028,E03280,P010,2024-07-07,,Enrolled,
EP001029,E02099,P020,2025-11-04,2026-01-13,Completed,94.66
EP001030,E04578,P027,2025-01-29,2025-02-06,Completed,90.46
EP001031,E02105,P026,2026-07-27,,In Progress,
EP001032,E03167,P007,2024-09-19,2024-10-20,Completed,82.98
EP001033,E03936,P013,2025-07-10,2025-07-29,Completed,80.13
EP001034,E02958,P021,2025-01-24,,Enrolled,
EP001035,E01546,P010,2024-07-01,2024-08-07,Completed,75.91
EP001036,E02347,P036,2025-02-02,2025-02-06,Completed,76.41
EP001037,E02597,P038,2025-05-03,2025-06-02,Completed,76.31
EP001038,E02093,P012,2025-04-16,2025-05-24,Completed,73.91
EP001039,E00138,P038,2025-03-28,2025-05-14,Completed,81.99
EP001040,E02971,P028,2024-08-18,2024-09-07,Completed,77.65
EP001041,E04336,P033,2025-03-11,2025-03-29,Completed,62.92
EP001042,E02669,P019,2026-02-21,,Enrolled,
EP001043,E02655,P013,2025-07-16,2025-08-03,Completed,78.16
EP001044,E01292,P010,2024-08-20,2024-08-24,Completed,98.03
EP001045,E03048,P014,2026-10-04,2026-12-15,Completed,78.58
EP001046,E01239,P027,2025-01-03,,Enrolled,
EP001047,E03861,P008,2024-09-22,2024-09-22,Completed,96.66
EP001048,E02043,P034,2025-09-14,,Enrolled,
EP001049,E02652,P038,2025-05-02,2025-06-01,Completed,71.82
EP001050,E00681,P013,2025-06-13,2025-07-22,Completed,79.67
EP001051,E01062,P008,2024-10-12,2024-10-25,Completed,80.9
EP001052,E00607,P019,2026-03-10,2026-04-15,Completed,84.79
EP001053,E01635,P030,2026-06-06,,In Progress,
EP001054,E00113,P006,2025-08-14,,Withdrawn,
EP001055,E02605,P031,2026-07-07,,In Progress,
EP001056,E02331,P030,2026-07-24,2026-07-24,Completed,81.87
EP001057,E00413,P011,2025-02-24,2025-03-10,Completed,70.79
EP001058,E04560,P026,2026-07-29,2026-08-10,Completed,76.98
EP001059,E01636,P036,2025-01-09,2025-01-13,Completed,81.03
EP001060,E03566,P001,2025-12-13,2026-02-08,Completed,78.2
EP001061,E02341,P010,2024-07-25,,Withdrawn,
EP001062,E00765,P037,2026-06-03,,Enrolled,
EP001063,E01336,P027,2024-12-31,,Enrolled,
EP001064,E04510,P008,2024-09-13,2024-11-11,Completed,91.74
EP001065,E03834,P001,2025-12-23,2026-01-24,Completed,100.0
EP001066,E01669,P001,2026-02-09,,Enrolled,
EP001067,E04884,P014,2026-11-26,2026-12-17,Completed,84.08
EP001068,E00001,P022,2024-12-04,,Enrolled,
EP001069,E00948,P010,2024-06-22,2024-07-18,Completed,80.06
EP001070,E04997,P020,2025-12-21,,Enrolled,
EP001071,E01042,P008,2024-10-05,,Enrolled,
EP001072,E03090,P033,2025-01-05,,Enrolled,
EP001073,E01931,P009,2024-07-02,2024-10-05,Completed,83.32
EP001074,E01810,P026,2026-08-15,2026-09-01,Completed,80.8
EP001075,E01340,P021,2025-01-12,2025-02-28,Completed,78.04
EP001076,E03072,P038,2025-06-23,,Enrolled,
EP001077,E02776,P018,2026-05-04,2026-05-20,Completed,90.36
EP001078,E03869,P027,2025-01-01,,Withdrawn,
EP001079,E00642,P037,2026-06-12,,Enrolled,
EP001080,E02211,P001,2025-12-15,2026-01-09,Completed,84.48
EP001081,E00065,P013,2025-05-19,,Enrolled,
EP001082,E03754,P009,2024-09-25,,Withdrawn,
EP001083,E04199,P014,2026-10-25,2026-11-30,Completed,82.1
EP001084,E04621,P034,2025-08-14,,Withdrawn,
EP001085,E04927,P007,2024-09-06,,Enrolled,
EP001086,E03598,P019,2026-01-14,2026-04-23,Completed,83.0
EP001087,E01023,P028,2024-06-01,2024-07-05,Completed,73.87
EP001088,E00095,P003,2025-10-28,2025-12-06,Completed,68.17
EP001089,E02084,P009,2024-12-09,2024-12-27,Completed,64.76
EP001090,E03438,P027,2025-01-20,,Enrolled,
EP001091,E03563,P016,2024-08-04,2024-12-10,Completed,94.15
EP001092,E04832,P040,2024-11-18,,Enrolled,
EP001093,E02243,P014,2026-08-15,,In Progress,
EP001094,E03768,P038,2025-05-27,,Enrolled,
EP001095,E04382,P022,2024-12-27,2025-01-18,Completed,84.11
EP001096,E00152,P023,2025-05-10,2025-06-03,Completed,96.71
EP001097,E01273,P032,2024-12-01,2025-04-29,Completed,82.37
EP001098,E02867,P004,2026-02-13,2026-02-16,Completed,100.0
EP001099,E03189,P017,2024-06-24,,Enrolled,
EP001100,E01982,P019,2026-04-30,2026-05-14,Completed,76.85
EP001101,E00366,P008,2024-10-18,,Enrolled,
EP001102,E04479,P033,2025-03-03,2025-03-03,Completed,81.73
EP001103,E02211,P022,2024-12-22,,Enrolled,
EP001104,E02631,P030,2026-08-17,,In Progress,
EP001105,E01185,P036,2024-12-18,2024-12-30,Completed,80.6
EP001106,E01606,P027,2024-12-02,,Withdrawn,
EP001107,E00008,P013,2025-06-25,2025-07-25,Completed,80.29
EP001108,E02493,P023,2025-06-05,,Enrolled,
EP001109,E02133,P018,2026-07-16,2026-07-18,Completed,86.42
EP001110,E00362,P034,2025-09-09,,Enrolled,
EP001111,E00743,P039,2026-03-18,2026-04-07,Completed,94.04
EP001112,E04272,P006,2025-06-05,2025-07-30,Completed,84.36
EP001113,E00395,P007,2024-08-15,2024-09-20,Completed,78.09
EP001114,E02254,P007,2024-09-15,2024-10-12,Completed,87.39
EP001115,E03303,P013,2025-07-08,2025-07-13,Completed,89.6
EP001116,E02373,P001,2026-02-09,,Enrolled,
EP001117,E00596,P029,2026-01-02,,Withdrawn,
EP001118,E03417,P024,2025-04-30,2025-05-01,Completed,95.48
EP001119,E03941,P001,2025-11-21,2026-01-02,Completed,92.77
EP001120,E04097,P026,2026-10-01,2026-10-24,Completed,83.92
EP001121,E04241,P027,2025-01-22,2025-02-06,Completed,88.02
EP001122,E02002,P016,2024-11-01,,Enrolled,
EP001123,E00757,P037,2026-05-30,2026-06-08,Completed,78.16
EP001124,E01631,P010,2024-08-22,2024-08-28,Completed,84.66
EP001125,E04368,P031,2026-06-23,2026-08-11,Completed,79.3
EP001126,E02156,P015,2025-04-27,2025-05-24,Completed,96.18
EP001127,E03435,P025,2024-06-27,,Enrolled,
EP001128,E04445,P016,2024-09-25,2024-11-30,Completed,78.73
EP001129,E04733,P011,2025-03-23,2025-03-26,Completed,74.85
EP001130,E02731,P026,2026-08-02,2026-09-21,Completed,85.6
EP001131,E04309,P028,2024-08-26,2024-09-14,Completed,85.49
EP001132,E03911,P003,2025-10-17,2025-11-18,Completed,94.32
EP001133,E04933,P025,2024-09-17,,Withdrawn,
EP001134,E02394,P018,2026-05-28,2026-07-13,Completed,98.46
EP001135,E00923,P019,2026-05-22,,Enrolled,
EP001136,E00960,P019,2025-12-04,2026-03-16,Completed,71.33
EP001137,E02943,P015,2025-06-13,2025-06-19,Completed,75.69
EP001138,E03928,P037,2026-07-13,,Withdrawn,
EP001139,E02095,P016,2024-10-24,2024-11-20,Completed,77.61
EP001140,E01106,P032,2025-05-15,,Withdrawn,
EP001141,E02477,P040,2025-02-17,,Enrolled,
EP001142,E02113,P028,2024-06-27,2024-07-10,Completed,72.24
EP001143,E03806,P010,2024-07-20,2024-07-31,Completed,88.25
EP001144,E01619,P002,2024-08-17,2024-08-26,Completed,83.63
EP001145,E03647,P026,2026-08-16,2026-09-23,Completed,79.56
EP001146,E01135,P035,2024-07-05,2024-09-13,Completed,93.32
EP001147,E00986,P015,2025-03-09,2025-04-22,Completed,72.2
EP001148,E04883,P030,2026-07-17,2026-08-01,Completed,78.9
EP001149,E00128,P030,2026-06-22,2026-06-27,Completed,82.14
EP001150,E00261,P027,2024-12-02,2025-02-15,Completed,87.0
EP001151,E01684,P026,2026-10-15,2026-10-17,Completed,66.12
EP001152,E01657,P038,2025-06-23,2025-06-28,Completed,78.77
EP001153,E04796,P018,2026-05-21,,Enrolled,
EP001154,E03501,P034,2025-06-15,2025-07-02,Completed,95.41
EP001155,E01097,P018,2026-07-20,2026-07-20,Completed,78.83
EP001156,E00216,P022,2024-11-26,,Enrolled,
EP001157,E01966,P013,2025-06-11,2025-07-08,Completed,69.64
EP001158,E03300,P020,2025-10-16,,Enrolled,
EP001159,E04478,P008,2024-07-08,2024-08-27,Completed,87.89
EP001160,E03400,P017,2024-04-13,,Enrolled,
EP001161,E01855,P025,2024-09-02,2024-10-22,Completed,85.51
EP001162,E01419,P003,2025-09-25,,Enrolled,
EP001163,E01147,P013,2025-06-13,2025-07-13,Completed,96.61
EP001164,E02660,P038,2025-04-05,2025-05-27,Completed,87.45
EP001165,E00715,P003,2025-10-22,2025-11-23,Completed,89.44
EP001166,E03228,P017,2024-06-02,2024-06-05,Completed,83.59
EP001167,E02516,P030,2026-07-24,2026-08-15,Completed,79.8
EP001168,E00871,P008,2024-07-09,,Enrolled,
EP001169,E02182,P033,2025-03-11,,Enrolled,
EP001170,E03941,P005,2025-06-24,2025-07-07,Completed,79.06
EP001171,E00238,P020,2025-12-08,2026-01-16,Completed,87.8
EP001172,E03342,P030,2026-06-20,,In Progress,
EP001173,E02924,P007,2024-10-13,,Enrolled,
EP001174,E04252,P015,2025-03-09,,Enrolled,
EP001175,E00258,P021,2024-12-28,2025-01-17,Completed,68.65
EP001176,E02497,P021,2025-01-23,,Enrolled,
EP001177,E04052,P019,2026-02-03,,Enrolled,
EP001178,E02069,P004,2025-10-25,2026-02-16,Completed,81.77
EP001179,E00402,P003,2025-11-05,2025-12-04,Completed,86.41
EP001180,E02962,P035,2024-07-12,,Enrolled,
EP001181,E01308,P022,2024-11-29,2025-01-11,Completed,87.61
EP001182,E02463,P040,2024-11-02,,Withdrawn,
EP001183,E01898,P004,2025-09-07,,Withdrawn,
EP001184,E00139,P009,2024-08-18,,Enrolled,
EP001185,E00480,P035,2024-07-16,2024-09-18,Completed,77.83
EP001186,E01222,P040,2024-08-30,2024-10-24,Completed,85.45
EP001187,E01284,P035,2024-07-07,,Withdrawn,
EP001188,E00544,P040,2025-02-24,2025-02-25,Completed,81.29
EP001189,E00699,P028,2024-09-04,2024-09-20,Completed,83.5
EP001190,E01961,P016,2024-09-08,2024-11-02,Completed,90.44
EP001191,E04598,P010,2024-07-15,,Withdrawn,
EP001192,E02190,P026,2026-07-30,,In Progress,
EP001193,E02536,P024,2025-04-30,2025-04-30,Completed,79.66
EP001194,E03742,P025,2024-10-23,,Enrolled,
EP001195,E03213,P009,2024-10-01,2024-12-07,Completed,70.28
EP001196,E03151,P026,2026-07-20,,In Progress,
EP001197,E03116,P004,2025-11-07,2025-12-05,Completed,64.12
EP001198,E02443,P026,2026-10-22,2026-10-25,Completed,86.66
EP001199,E00158,P037,2026-06-16,2026-07-20,Completed,79.61
EP001200,E04335,P024,2025-02-04,2025-03-01,Completed,80.1
EP001201,E01493,P026,2026-09-07,2026-10-14,Completed,73.08
EP001202,E03280,P034,2025-06-03,2025-06-07,Completed,90.48
EP001203,E02553,P020,2026-01-17,,Enrolled,
EP001204,E00624,P029,2026-05-11,2026-05-26,Completed,64.0
EP001205,E03850,P029,2026-02-16,2026-03-27,Completed,87.71
EP001206,E03185,P040,2024-11-13,2025-01-21,Completed,81.08
EP001207,E02791,P026,2026-08-18,,In Progress,
EP001208,E02466,P030,2026-08-16,,In Progress,
EP001209,E04127,P033,2025-01-17,2025-01-22,Completed,74.06
EP001210,E00708,P019,2025-12-12,2026-02-19,Completed,90.33
EP001211,E02572,P038,2025-04-14,2025-05-24,Completed,86.49
EP001212,E03849,P008,2024-06-04,2024-10-26,Completed,88.24
EP001213,E00812,P004,2025-12-30,2026-01-24,Completed,73.12
EP001214,E00683,P031,2026-08-21,,In Progress,
EP001215,E01807,P019,2026-05-04,,Enrolled,
EP001216,E04206,P034,2025-03-13,2025-09-12,Completed,86.72
EP001217,E01945,P006,2025-05-22,2025-07-12,Completed,99.33
EP001218,E02085,P027,2024-11-30,,Enrolled,
EP001219,E01482,P004,2025-09-14,2026-02-18,Completed,80.59
EP001220,E03088,P006,2025-06-25,,Enrolled,
EP001221,E02806,P016,2024-07-23,2024-11-19,Completed,83.7
EP001222,E01090,P017,2024-06-15,2024-06-21,Completed,77.95
EP001223,E02804,P011,2025-02-09,2025-03-15,Completed,92.37
EP001224,E02786,P011,2025-02-22,2025-02-26,Completed,83.44
EP001225,E04134,P039,2026-03-31,,Enrolled,
EP001226,E04679,P012,2025-05-03,,Withdrawn,
EP001227,E02486,P034,2025-07-15,,Enrolled,
EP001228,E04818,P029,2026-01-03,2026-05-29,Completed,80.67
EP001229,E00638,P025,2024-08-15,,Enrolled,
EP001230,E04136,P010,2024-07-15,2024-07-20,Completed,90.16
EP001231,E03234,P031,2026-07-22,2026-08-22,Completed,100.0
EP001232,E04705,P009,2024-09-21,2024-12-13,Completed,100.0
EP001233,E01047,P029,2026-02-04,2026-05-28,Completed,79.77
EP001234,E04458,P019,2026-01-21,2026-05-01,Completed,91.84
EP001235,E01742,P035,2024-09-06,2024-09-18,Completed,97.48
EP001236,E01246,P034,2025-09-08,,Withdrawn,
EP001237,E04466,P036,2024-12-08,2024-12-29,Completed,72.3
EP001238,E02214,P010,2024-08-10,2024-08-16,Completed,98.2
EP001239,E00484,P036,2024-12-01,2025-01-04,Completed,85.93
EP001240,E02032,P025,2024-07-31,2024-11-03,Completed,96.62
EP001241,E02592,P021,2025-01-08,2025-01-22,Completed,83.55
EP001242,E04329,P024,2025-03-15,2025-04-15,Completed,79.38
EP001243,E03185,P003,2025-09-28,,Enrolled,
EP001244,E00411,P009,2024-07-11,,Withdrawn,
EP001245,E02420,P023,2025-08-20,,Enrolled,
EP001246,E02757,P030,2026-06-19,2026-07-14,Completed,79.78
EP001247,E00280,P009,2024-08-11,2024-09-05,Completed,88.86
EP001248,E00604,P026,2026-10-09,,In Progress,
EP001249,E02804,P003,2025-11-14,,Enrolled,
EP001250,E01493,P012,2025-04-30,2025-07-01,Completed,80.26
EP001251,E03717,P016,2024-09-15,2024-10-03,Completed,77.3
EP001252,E04497,P018,2026-05-20,,Enrolled,
EP001253,E01365,P002,2024-08-31,,Withdrawn,
EP001254,E04388,P024,2025-01-10,2025-02-18,Completed,84.6
EP001255,E01858,P021,2025-03-03,2025-03-06,Completed,78.19
EP001256,E02526,P005,2025-05-28,2025-06-06,Completed,94.83
EP001257,E02386,P019,2026-03-02,,Enrolled,
EP001258,E02736,P016,2024-11-18,,Enrolled,
EP001259,E03749,P008,2024-07-08,2024-09-04,Completed,84.65
EP001260,E04176,P013,2025-07-24,,Enrolled,
EP001261,E04140,P007,2024-09-28,2024-09-28,Completed,100.0
EP001262,E02654,P005,2025-05-20,2025-07-21,Completed,85.01
EP001263,E03014,P026,2026-10-03,2026-10-13,Completed,78.69
EP001264,E03384,P007,2024-10-11,,Enrolled,
EP001265,E01340,P020,2025-09-18,2026-01-11,Completed,88.38
EP001266,E01257,P008,2024-10-29,2024-11-14,Completed,80.4
EP001267,E00980,P031,2026-08-02,2026-08-10,Completed,85.06
EP001268,E01947,P023,2025-08-11,,Enrolled,
EP001269,E00728,P016,2024-10-09,2024-11-01,Completed,90.11
EP001270,E03782,P021,2025-01-31,,Enrolled,
EP001271,E00041,P010,2024-08-20,2024-08-27,Completed,85.11
EP001272,E00382,P018,2026-04-23,2026-06-09,Completed,84.93
EP001273,E03193,P023,2025-08-12,,Enrolled,
EP001274,E01163,P016,2024-09-20,,Enrolled,
EP001275,E02365,P008,2024-06-25,,Enrolled,
EP001276,E04852,P036,2025-01-02,2025-01-28,Completed,62.43
EP001277,E00306,P007,2024-10-14,2024-10-17,Completed,70.67
EP001278,E02599,P003,2025-10-03,,Enrolled,
EP001279,E04911,P020,2025-10-25,2025-10-31,Completed,74.11
EP001280,E02452,P021,2025-01-03,,Enrolled,
EP001281,E01308,P040,2025-02-07,,Enrolled,
EP001282,E04875,P008,2024-07-04,,Enrolled,
EP001283,E02742,P010,2024-08-17,,Enrolled,
EP001284,E02367,P009,2024-08-13,2024-10-11,Completed,91.61
EP001285,E00215,P029,2026-05-03,2026-05-12,Completed,92.39
EP001286,E02795,P033,2025-02-22,2025-04-04,Completed,88.33
EP001287,E02803,P001,2025-12-10,2026-02-20,Completed,83.86
EP001288,E04152,P015,2025-06-05,2025-06-17,Completed,81.02
EP001289,E03370,P029,2026-02-24,2026-04-05,Completed,94.01
EP001290,E02105,P010,2024-06-10,2024-08-12,Completed,86.72
EP001291,E02520,P027,2024-11-21,2024-11-24,Completed,94.05
EP001292,E04866,P014,2026-12-26,,Withdrawn,
EP001293,E00599,P033,2025-02-01,,Enrolled,
EP001294,E02418,P030,2026-07-13,2026-07-13,Completed,90.12
EP001295,E03452,P012,2025-04-27,2025-05-04,Completed,80.17
EP001296,E01593,P013,2025-07-28,,Withdrawn,
EP001297,E03004,P002,2024-08-10,,Enrolled,
EP001298,E04544,P038,2025-05-19,,Withdrawn,
EP001299,E02189,P012,2025-06-08,2025-06-20,Completed,82.33
EP001300,E03276,P018,2026-04-23,2026-07-13,Completed,81.62
EP001301,E01526,P015,2025-03-14,,Enrolled,
EP001302,E01978,P008,2024-09-28,,Enrolled,
EP001303,E00514,P040,2024-10-05,2024-10-31,Completed,89.73
EP001304,E01397,P038,2025-06-10,2025-06-25,Completed,93.56
EP001305,E02366,P013,2025-08-04,,Enrolled,
EP001306,E02508,P027,2024-12-31,2025-02-09,Completed,65.1
EP001307,E03164,P018,2026-05-17,2026-07-19,Completed,85.98
EP001308,E04058,P030,2026-08-11,,In Progress,
EP001309,E01216,P024,2025-03-30,2025-05-05,Completed,84.92
EP001310,E02465,P008,2024-09-28,2024-10-04,Completed,82.53
EP001311,E01689,P031,2026-08-04,,In Progress,
EP001312,E02265,P027,2025-02-10,,Enrolled,
EP001313,E04380,P013,2025-08-03,2025-08-03,Completed,91.15
EP001314,E03776,P025,2024-07-23,2024-09-12,Completed,77.69
EP001315,E04285,P013,2025-07-20,2025-07-25,Completed,74.79
EP001316,E02097,P038,2025-03-25,2025-03-28,Completed,64.28
EP001317,E03976,P024,2025-03-13,,Enrolled,
EP001318,E01456,P026,2026-08-17,,In Progress,
EP001319,E00492,P004,2025-08-30,2026-01-19,Completed,78.58
EP001320,E02117,P033,2025-01-01,,Enrolled,
EP001321,E02966,P008,2024-08-06,2024-11-04,Completed,87.3
EP001322,E01062,P010,2024-07-28,,Enrolled,
EP001323,E00946,P013,2025-08-02,,Enrolled,
EP001324,E01505,P004,2026-01-17,2026-02-12,Completed,79.53
EP001325,E03910,P014,2026-12-29,,In Progress,
EP001326,E03138,P029,2026-01-12,2026-01-19,Completed,80.52
EP001327,E02908,P004,2026-02-06,2026-02-09,Completed,99.14
EP001328,E04053,P009,2024-07-03,2024-12-08,Completed,88.31
EP001329,E00170,P014,2026-10-03,,Withdrawn,
EP001330,E00561,P008,2024-08-22,,Enrolled,
EP001331,E03491,P026,2026-08-14,2026-09-21,Completed,88.68
EP001332,E02098,P034,2025-08-11,,Enrolled,
EP001333,E01258,P034,2025-05-08,2025-06-29,Completed,79.1
EP001334,E00583,P004,2025-10-16,,Enrolled,
EP001335,E02685,P030,2026-07-21,2026-08-10,Completed,79.33
EP001336,E03639,P010,2024-07-20,,Enrolled,
EP001337,E01844,P011,2024-09-23,2024-10-09,Completed,79.9
EP001338,E02417,P015,2025-04-06,,Enrolled,
EP001339,E04305,P010,2024-07-13,,Enrolled,
EP001340,E03178,P018,2026-07-18,2026-07-20,Completed,100.0
EP001341,E03436,P016,2024-09-24,2024-11-12,Completed,81.52
EP001342,E04280,P028,2024-08-26,2024-09-08,Completed,94.19
EP001343,E01365,P021,2025-03-10,2025-03-12,Completed,80.2
EP001344,E00125,P037,2026-07-24,,Enrolled,
EP001345,E03135,P029,2026-02-12,,Enrolled,
EP001346,E04159,P003,2025-09-29,,Withdrawn,
EP001347,E00929,P021,2024-12-28,2025-03-17,Completed,92.49
EP001348,E01004,P016,2024-09-09,2024-10-28,Completed,100.0
EP001349,E00795,P011,2024-11-17,,Withdrawn,
EP001350,E04438,P034,2025-09-09,2025-09-12,Completed,74.59
EP001351,E02550,P018,2026-06-15,,Enrolled,
EP001352,E04103,P027,2025-01-30,2025-02-02,Completed,98.44
EP001353,E04885,P026,2026-07-10,2026-09-08,Completed,75.29
EP001354,E00880,P009,2024-12-19,,Enrolled,
EP001355,E00301,P003,2025-10-04,,Withdrawn,
EP001356,E02621,P017,2024-03-15,,Enrolled,
EP001357,E03150,P028,2024-05-07,2024-08-11,Completed,87.3
EP001358,E02308,P032,2024-12-04,2025-02-25,Completed,96.45
EP001359,E04472,P002,2024-08-27,2024-12-15,Completed,93.28
EP001360,E02070,P039,2026-02-28,,Enrolled,
EP001361,E02844,P014,2026-09-10,,In Progress,
EP001362,E01418,P024,2025-04-09,,Enrolled,
EP001363,E03454,P020,2025-10-26,2025-12-14,Completed,97.17
EP001364,E00587,P030,2026-08-04,,In Progress,
EP001365,E02781,P021,2025-01-19,2025-02-03,Completed,84.13
EP001366,E01979,P037,2026-06-01,,Enrolled,
EP001367,E03121,P017,2024-04-07,2024-05-30,Completed,84.86
EP001368,E02817,P014,2026-11-02,2026-11-09,Completed,91.52
EP001369,E02346,P018,2026-04-20,2026-05-06,Completed,86.05
EP001370,E03909,P003,2025-11-06,,Enrolled,
EP001371,E04630,P001,2026-01-10,,Enrolled,
EP001372,E02786,P032,2025-04-08,2025-04-20,Completed,71.51
EP001373,E04307,P037,2026-06-13,,Withdrawn,
EP001374,E03382,P011,2024-12-24,2025-03-06,Completed,89.08
EP001375,E02167,P032,2025-04-15,2025-05-03,Completed,100.0
EP001376,E04835,P004,2025-10-29,2025-11-24,Completed,75.17
EP001377,E03776,P005,2025-07-30,,Enrolled,
EP001378,E02954,P037,2026-07-18,2026-07-18,Completed,76.79
EP001379,E03515,P022,2024-12-03,,Enrolled,
EP001380,E00976,P011,2025-03-12,,Withdrawn,
EP001381,E00473,P003,2025-11-15,2025-11-29,Completed,82.74
EP001382,E00446,P033,2025-02-15,2025-03-14,Completed,81.01
EP001383,E01083,P032,2025-02-06,2025-02-07,Completed,92.88
EP001384,E03269,P015,2025-03-13,2025-04-05,Completed,89.46
EP001385,E04767,P027,2025-01-23,,Enrolled,
EP001386,E01644,P035,2024-08-04,,Enrolled,
EP001387,E03485,P019,2026-03-05,,Enrolled,
EP001388,E02516,P001,2025-12-03,2025-12-30,Completed,87.87
EP001389,E01652,P019,2025-12-01,2026-03-06,Completed,83.46
EP001390,E04466,P023,2025-08-09,2025-09-02,Completed,79.56
EP001391,E02064,P027,2025-02-12,2025-02-14,Completed,79.92
EP001392,E04724,P019,2026-03-21,,Enrolled,
EP001393,E04843,P003,2025-11-30,2025-12-06,Completed,68.44
EP001394,E03039,P002,2024-11-30,2024-12-12,Completed,86.66
EP001395,E02306,P032,2025-01-23,2025-04-21,Completed,83.76
EP001396,E03083,P025,2024-12-07,,Enrolled,
EP001397,E02888,P002,2024-09-01,,Withdrawn,
EP001398,E00010,P012,2025-06-28,2025-06-30,Completed,76.4
EP001399,E02116,P027,2024-11-28,,Enrolled,
EP001400,E04901,P037,2026-06-29,2026-07-19,Completed,79.65
EP001401,E03845,P014,2026-11-22,2026-12-26,Completed,80.49
EP001402,E01971,P004,2025-12-01,,Enrolled,
EP001403,E03705,P035,2024-09-18,,Enrolled,
EP001404,E01343,P021,2025-02-14,,Enrolled,
EP001405,E04728,P038,2025-06-18,,Enrolled,
EP001406,E04734,P015,2025-02-25,2025-03-17,Completed,77.62
EP001407,E03566,P031,2026-06-27,2026-08-21,Completed,79.79
EP001408,E02274,P018,2026-06-12,,Enrolled,
EP001409,E01006,P034,2025-04-15,2025-08-25,Completed,69.27
EP001410,E00933,P006,2025-06-01,2025-07-01,Completed,79.83
EP001411,E02969,P025,2024-10-31,2024-11-22,Completed,77.87
EP001412,E04212,P005,2025-07-04,,Enrolled,
EP001413,E03909,P032,2024-12-31,,Enrolled,
EP001414,E00286,P018,2026-07-23,,Withdrawn,
EP001415,E02429,P002,2024-08-29,2024-10-21,Completed,93.1
EP001416,E02719,P034,2025-04-09,2025-05-21,Completed,68.45
EP001417,E02325,P005,2025-04-16,,Enrolled,
EP001418,E00667,P019,2026-04-27,2026-04-29,Completed,85.54
EP001419,E01995,P015,2025-04-04,,Enrolled,
EP001420,E00524,P027,2025-02-12,2025-02-15,Completed,80.78
EP001421,E02643,P032,2025-04-12,2025-05-17,Completed,88.29
EP001422,E00742,P018,2026-06-23,2026-07-09,Completed,88.54
EP001423,E04467,P009,2024-11-04,2024-11-13,Completed,87.21
EP001424,E01749,P003,2025-11-24,,Enrolled,
EP001425,E04332,P040,2025-02-16,,Enrolled,
EP001426,E00879,P001,2025-12-24,2026-01-31,Completed,78.23
EP001427,E03808,P022,2024-11-14,2024-12-21,Completed,96.86
EP001428,E04511,P024,2025-03-07,,Enrolled,
EP001429,E04375,P038,2025-04-26,,Enrolled,
EP001430,E03918,P031,2026-06-28,,In Progress,
EP001431,E04660,P040,2025-01-19,2025-02-09,Completed,100.0
EP001432,E00213,P027,2025-01-23,2025-02-09,Completed,86.49
EP001433,E03259,P036,2025-01-25,2025-01-28,Completed,87.39
EP001434,E00065,P006,2025-04-30,2025-08-18,Completed,91.38
EP001435,E04506,P012,2025-05-28,,Enrolled,
EP001436,E04203,P028,2024-06-18,2024-07-08,Completed,85.81
EP001437,E00648,P025,2024-12-08,2024-12-08,Completed,76.28
EP001438,E03633,P002,2024-10-05,,Enrolled,
EP001439,E01451,P032,2025-01-02,,Enrolled,
EP001440,E01834,P005,2025-04-21,,Enrolled,
EP001441,E04844,P013,2025-06-30,2025-07-18,Completed,99.72
EP001442,E01614,P020,2025-12-30,,Enrolled,
EP001443,E03787,P023,2025-06-01,2025-07-04,Completed,90.48
EP001444,E04013,P006,2025-07-30,,Enrolled,
EP001445,E00491,P037,2026-07-07,,Enrolled,
EP001446,E04502,P009,2024-11-17,,Enrolled,
EP001447,E00981,P024,2025-02-11,,Enrolled,
EP001448,E00795,P007,2024-09-18,2024-09-24,Completed,97.87
EP001449,E01935,P007,2024-10-08,,Enrolled,
EP001450,E03323,P017,2024-07-12,2024-07-17,Completed,89.59
EP001451,E00674,P038,2025-05-16,,Withdrawn,
EP001452,E04748,P024,2025-02-15,2025-03-22,Completed,90.84
EP001453,E02932,P029,2026-01-20,2026-04-05,Completed,78.36
EP001454,E03243,P037,2026-07-12,2026-07-18,Completed,98.09
EP001455,E03164,P029,2026-03-15,,Enrolled,
EP001456,E00563,P011,2024-12-12,,Enrolled,
EP001457,E02136,P004,2025-12-17,2026-01-10,Completed,88.82
EP001458,E01957,P017,2024-04-17,2024-07-09,Completed,81.76
EP001459,E02941,P020,2025-12-28,2026-01-04,Completed,80.15
EP001460,E01293,P021,2025-03-23,,Withdrawn,
EP001461,E03637,P007,2024-09-12,2024-10-16,Completed,78.98
EP001462,E02215,P002,2024-11-25,2024-12-15,Completed,78.77
EP001463,E03221,P011,2024-11-12,,Enrolled,
EP001464,E01055,P029,2026-05-14,,Enrolled,
EP001465,E02153,P003,2025-11-08,2025-12-01,Completed,87.38
EP001466,E02925,P016,2024-11-15,2024-11-20,Completed,83.49
EP001467,E04732,P039,2026-05-19,,Enrolled,
EP001468,E03238,P005,2025-05-29,,Enrolled,
EP001469,E02456,P023,2025-08-11,,Enrolled,
EP001470,E02811,P003,2025-11-07,,Enrolled,
EP001471,E00902,P002,2024-09-06,,Enrolled,
EP001472,E01232,P006,2025-05-30,,Enrolled,
EP001473,E02227,P014,2026-10-16,,In Progress,
EP001474,E04735,P018,2026-04-11,2026-07-11,Completed,83.89
EP001475,E04697,P034,2025-06-27,,Enrolled,
EP001476,E01128,P033,2025-03-04,2025-04-04,Completed,71.27
EP001477,E02568,P029,2026-03-30,2026-05-08,Completed,75.69
EP001478,E04602,P005,2025-07-31,,Enrolled,
EP001479,E02678,P004,2025-12-09,2026-02-13,Completed,91.67
EP001480,E00242,P001,2026-02-13,2026-02-18,Completed,81.6
EP001481,E03379,P015,2025-04-16,2025-06-05,Completed,62.34
EP001482,E04552,P006,2025-08-08,2025-08-12,Completed,82.31
EP001483,E02301,P032,2025-02-11,2025-03-10,Completed,96.69
EP001484,E03116,P007,2024-09-22,2024-10-15,Completed,63.97
EP001485,E04867,P011,2024-12-10,2024-12-27,Completed,82.37
EP001486,E00321,P001,2026-02-19,2026-02-20,Completed,100.0
EP001487,E02758,P039,2026-03-17,,Withdrawn,
EP001488,E01973,P035,2024-07-15,2024-07-21,Completed,85.81
EP001489,E02805,P030,2026-06-15,2026-06-17,Completed,91.17
EP001490,E01507,P013,2025-06-10,2025-07-08,Completed,87.56
EP001491,E01045,P010,2024-08-22,,Enrolled,
EP001492,E04642,P001,2025-12-10,,Enrolled,
EP001493,E04638,P008,2024-07-06,2024-10-07,Completed,70.46
EP001494,E00526,P006,2025-05-28,2025-06-29,Completed,76.53
EP001495,E01984,P019,2025-12-18,2026-04-16,Completed,94.51
EP001496,E01527,P013,2025-05-30,2025-07-15,Completed,92.52
EP001497,E00467,P022,2024-11-15,2024-12-30,Completed,80.03
EP001498,E02882,P034,2025-08-11,2025-08-21,Completed,88.65
EP001499,E04874,P009,2024-11-09,2024-12-24,Completed,90.0
EP001500,E00730,P033,2025-01-17,2025-02-19,Completed,84.05
EP001501,E02733,P019,2026-04-03,2026-05-16,Completed,73.73
EP001502,E02656,P012,2025-07-02,2025-07-05,Completed,64.06
EP001503,E01656,P015,2025-02-28,,Enrolled,
EP001504,E02872,P038,2025-04-08,2025-05-16,Completed,88.17
EP001505,E01616,P024,2025-04-30,2025-05-04,Completed,74.53
EP001506,E04073,P027,2024-12-21,,Enrolled,
EP001507,E00633,P012,2025-05-11,,Withdrawn,
EP001508,E02488,P004,2026-01-21,2026-02-18,Completed,91.92
EP001509,E00995,P016,2024-10-01,2024-11-10,Completed,84.1
EP001510,E02217,P011,2025-03-10,2025-03-24,Completed,79.08
EP001511,E01468,P005,2025-07-27,2025-08-08,Completed,87.41
EP001512,E00834,P026,2026-08-01,2026-09-23,Completed,82.85
EP001513,E04584,P032,2025-02-26,,Enrolled,
EP001514,E02862,P029,2026-05-21,2026-05-28,Completed,100.0
EP001515,E03928,P027,2025-01-28,2025-02-09,Completed,91.8
EP001516,E01772,P001,2025-12-16,2026-01-10,Completed,75.22
EP001517,E00846,P040,2025-01-06,2025-01-16,Completed,80.23
EP001518,E03622,P037,2026-06-11,2026-06-26,Completed,77.76
EP001519,E00928,P028,2024-09-06,,Enrolled,
EP001520,E00461,P020,2025-10-31,,Enrolled,
EP001521,E02871,P039,2026-05-28,2026-06-02,Completed,73.67
EP001522,E04863,P035,2024-07-19,,Enrolled,
EP001523,E01180,P035,2024-07-15,,Enrolled,
EP001524,E00577,P025,2024-10-02,,Withdrawn,
EP001525,E01365,P020,2025-11-16,2026-01-05,Completed,77.63
EP001526,E02412,P019,2026-04-13,,Enrolled,
EP001527,E03169,P009,2024-08-23,2024-09-03,Completed,96.71
EP001528,E01215,P036,2025-01-27,2025-02-03,Completed,71.05
EP001529,E04307,P016,2024-10-15,2024-11-14,Completed,86.73
EP001530,E04902,P009,2024-08-04,2024-08-31,Completed,95.17
EP001531,E02171,P005,2025-05-23,2025-05-24,Completed,92.25
EP001532,E04539,P001,2026-02-17,2026-02-19,Completed,77.05
EP001533,E01908,P009,2024-11-07,2024-11-27,Completed,84.58
EP001534,E00557,P030,2026-06-27,2026-07-07,Completed,92.04
EP001535,E00375,P026,2026-09-10,2026-10-06,Completed,76.75
EP001536,E00419,P008,2024-10-16,,Enrolled,
EP001537,E04246,P008,2024-11-11,,Enrolled,
EP001538,E01613,P038,2025-04-02,,Enrolled,
EP001539,E02971,P005,2025-04-13,,Enrolled,
EP001540,E02349,P037,2026-05-17,,Enrolled,
EP001541,E04882,P006,2025-04-27,2025-06-07,Completed,94.01
EP001542,E01621,P009,2024-09-20,2024-12-23,Completed,89.69
EP001543,E04861,P034,2025-08-06,2025-09-16,Completed,91.43
EP001544,E00676,P018,2026-05-15,2026-07-05,Completed,84.54
EP001545,E02403,P036,2024-11-28,2025-01-21,Completed,87.38
EP001546,E01922,P024,2025-02-08,,Enrolled,
EP001547,E04295,P022,2024-11-14,,Enrolled,
EP001548,E00671,P034,2025-08-09,,Enrolled,
EP001549,E00544,P012,2025-05-17,2025-05-18,Completed,82.43
EP001550,E00196,P014,2026-12-08,2026-12-24,Completed,90.12
EP001551,E03469,P040,2024-12-04,2025-01-26,Completed,88.46
EP001552,E02982,P038,2025-04-10,2025-05-16,Completed,80.51
EP001553,E03793,P022,2024-11-26,2024-11-30,Completed,84.17
EP001554,E02677,P003,2025-09-30,,Enrolled,
EP001555,E03111,P009,2024-12-25,,Enrolled,
EP001556,E04392,P038,2025-06-02,2025-06-20,Completed,88.06
EP001557,E02699,P009,2024-08-26,2024-12-08,Completed,92.96
EP001558,E02612,P036,2024-12-02,,Enrolled,
EP001559,E04253,P028,2024-05-25,2024-07-09,Completed,73.61
EP001560,E04317,P016,2024-09-21,,Withdrawn,
EP001561,E02599,P017,2024-03-02,,Enrolled,
EP001562,E03067,P019,2025-12-05,2025-12-23,Completed,72.59
EP001563,E00845,P016,2024-12-09,2024-12-09,Completed,91.84
EP001564,E03584,P033,2025-03-01,2025-03-09,Completed,73.75
EP001565,E01978,P001,2025-12-09,,Enrolled,
EP001566,E02739,P002,2024-11-09,,Withdrawn,
EP001567,E03169,P038,2025-06-24,2025-06-27,Completed,91.5
EP001568,E00252,P023,2025-06-24,2025-06-24,Completed,100.0
EP001569,E03344,P007,2024-10-03,,Enrolled,
EP001570,E04710,P038,2025-06-07,2025-06-19,Completed,99.05
EP001571,E02607,P039,2026-04-21,,Enrolled,
EP001572,E01154,P024,2025-04-28,,Withdrawn,
EP001573,E01801,P002,2024-12-19,2024-12-19,Completed,83.08
EP001574,E00800,P036,2024-12-22,,Enrolled,
EP001575,E01586,P017,2024-02-29,,Enrolled,
EP001576,E00164,P033,2025-02-11,,Enrolled,
EP001577,E04404,P016,2024-10-04,2024-10-18,Completed,82.32
EP001578,E01138,P004,2026-01-18,,Enrolled,
EP001579,E00095,P006,2025-08-12,2025-08-17,Completed,81.48
EP001580,E04233,P016,2024-11-23,,Enrolled,
EP001581,E00087,P025,2024-07-01,2024-11-30,Completed,89.18
EP001582,E00501,P021,2025-02-24,,Withdrawn,
EP001583,E02236,P026,2026-09-11,2026-09-22,Completed,90.11
EP001584,E02171,P010,2024-08-01,2024-08-20,Completed,82.52
EP001585,E04952,P014,2026-10-23,,In Progress,
EP001586,E03265,P007,2024-09-13,,Withdrawn,
EP001587,E04128,P016,2024-12-11,,Enrolled,
EP001588,E04917,P015,2025-05-16,2025-06-07,Completed,68.23
EP001589,E01282,P027,2025-01-21,,Withdrawn,
EP001590,E03580,P016,2024-09-16,2024-10-11,Completed,100.0
EP001591,E04418,P032,2025-02-20,2025-05-16,Completed,100.0
EP001592,E01882,P018,2026-06-21,,Enrolled,
EP001593,E00372,P016,2024-10-04,,Enrolled,
EP001594,E01522,P024,2025-04-28,2025-05-05,Completed,92.64
EP001595,E02538,P022,2024-12-10,2025-01-14,Completed,88.73
EP001596,E00588,P013,2025-06-08,,Enrolled,
EP001597,E00852,P026,2026-09-15,,In Progress,
EP001598,E02931,P040,2025-01-15,2025-01-16,Completed,82.15
EP001599,E01695,P033,2025-02-15,2025-03-16,Completed,89.25
EP001600,E03354,P005,2025-04-12,,Enrolled,
EP001601,E01060,P033,2025-03-06,,Enrolled,
EP001602,E04995,P027,2025-02-16,,Enrolled,
EP001603,E01185,P001,2026-01-24,2026-02-07,Completed,96.02
EP001604,E01934,P020,2025-09-20,,Enrolled,
EP001605,E01755,P003,2025-10-15,2025-11-02,Completed,88.79
EP001606,E02771,P027,2024-12-11,2025-01-14,Completed,92.07
EP001607,E01840,P014,2026-12-18,,Withdrawn,
EP001608,E02762,P018,2026-07-07,,Enrolled,
EP001609,E03371,P026,2026-08-22,2026-09-12,Completed,74.08
EP001610,E04017,P017,2024-07-22,,Enrolled,
EP001611,E01839,P032,2025-02-04,,Enrolled,
EP001612,E01352,P010,2024-07-09,,Enrolled,
EP001613,E02302,P039,2026-04-18,,Enrolled,
EP001614,E01523,P012,2025-05-22,,Enrolled,
EP001615,E03586,P020,2025-10-24,,Enrolled,
EP001616,E03312,P020,2026-01-12,2026-01-20,Completed,84.05
EP001617,E03693,P008,2024-08-29,2024-10-20,Completed,78.4
EP001618,E04951,P009,2024-11-25,2024-12-27,Completed,84.45
EP001619,E03038,P040,2024-11-05,2025-02-26,Completed,81.37
EP001620,E02748,P026,2026-10-06,,In Progress,
EP001621,E00898,P027,2024-11-13,2025-01-11,Completed,67.86
EP001622,E00011,P035,2024-06-28,2024-08-04,Completed,71.95
EP001623,E01464,P032,2025-04-11,2025-05-15,Completed,86.82
EP001624,E02271,P011,2024-10-17,2024-10-31,Completed,90.44
EP001625,E01032,P004,2025-12-18,,Withdrawn,
EP001626,E00586,P019,2025-12-05,2026-03-11,Completed,87.48
EP001627,E02318,P027,2025-01-26,2025-02-16,Completed,60.77
EP001628,E04101,P019,2026-03-13,2026-04-09,Completed,87.6
EP001629,E04191,P030,2026-07-07,2026-07-21,Completed,77.88
EP001630,E02754,P023,2025-06-17,2025-08-10,Completed,79.28
EP001631,E02174,P013,2025-05-23,2025-05-31,Completed,90.76
EP001632,E04283,P020,2026-01-21,2026-01-22,Completed,96.5
EP001633,E01620,P032,2025-04-17,2025-04-29,Completed,81.6
EP001634,E01241,P014,2026-11-30,2026-12-21,Completed,93.82
EP001635,E04096,P011,2025-02-25,,Withdrawn,
EP001636,E02965,P030,2026-08-12,,In Progress,
EP001637,E00478,P030,2026-08-06,,In Progress,
EP001638,E02329,P010,2024-07-24,2024-08-05,Completed,83.6
EP001639,E03202,P009,2024-07-21,2024-10-10,Completed,85.29
EP001640,E04521,P018,2026-04-19,2026-05-07,Completed,92.21
EP001641,E03170,P033,2024-12-14,2024-12-25,Completed,82.46
EP001642,E02456,P010,2024-07-15,2024-08-10,Completed,94.77
EP001643,E02889,P026,2026-07-14,2026-10-02,Completed,92.47
EP001644,E00991,P033,2025-03-23,,Enrolled,
EP001645,E04375,P025,2024-11-25,,Withdrawn,
EP001646,E03435,P035,2024-07-13,2024-07-26,Completed,85.58
EP001647,E03135,P014,2026-10-24,2026-12-11,Completed,69.2
EP001648,E04587,P015,2025-04-09,2025-06-17,Completed,81.91
EP001649,E02941,P002,2024-11-18,2024-12-03,Completed,83.66
EP001650,E03416,P032,2025-01-16,2025-05-11,Completed,87.64
EP001651,E00980,P031,2026-06-23,,In Progress,
EP001652,E03934,P019,2026-01-26,,Enrolled,
EP001653,E04351,P004,2025-10-25,,Enrolled,
EP001654,E00218,P027,2025-02-05,,Withdrawn,
EP001655,E03614,P019,2026-02-08,2026-02-23,Completed,92.54
EP001656,E02008,P030,2026-06-19,,In Progress,
EP001657,E04054,P033,2024-12-31,,Withdrawn,
EP001658,E00488,P019,2026-03-20,2026-03-23,Completed,88.84
EP001659,E03460,P034,2025-05-07,2025-09-19,Completed,86.14
EP001660,E04938,P027,2024-12-29,2025-01-13,Completed,83.91
EP001661,E04289,P035,2024-07-14,2024-08-03,Completed,100.0
EP001662,E04728,P010,2024-07-28,2024-08-17,Completed,63.01
EP001663,E03146,P029,2026-02-14,2026-04-22,Completed,89.11
EP001664,E04095,P019,2026-01-11,2026-05-14,Completed,76.62
EP001665,E02632,P035,2024-09-01,,Withdrawn,
EP001666,E04802,P019,2026-03-13,,Withdrawn,
EP001667,E00921,P004,2025-10-03,2025-12-22,Completed,70.94
EP001668,E01102,P028,2024-07-24,,Enrolled,
EP001669,E03451,P018,2026-05-22,2026-05-27,Completed,79.41
EP001670,E00280,P030,2026-07-04,2026-08-03,Completed,90.46
EP001671,E00174,P028,2024-08-27,,Withdrawn,
EP001672,E02469,P037,2026-07-19,,Enrolled,
EP001673,E03757,P026,2026-09-26,2026-10-18,Completed,82.59
EP001674,E00894,P023,2025-07-05,2025-09-08,Completed,89.23
EP001675,E02497,P037,2026-06-21,2026-07-19,Completed,98.0
EP001676,E02964,P011,2025-02-23,2025-03-09,Completed,90.26
EP001677,E04545,P026,2026-08-15,2026-08-28,Completed,81.78
EP001678,E01994,P004,2025-09-02,2026-01-22,Completed,79.43
EP001679,E02453,P005,2025-05-18,,Enrolled,
EP001680,E04343,P017,2024-03-13,,Enrolled,
EP001681,E00488,P036,2024-12-30,2025-01-12,Completed,82.47
EP001682,E04188,P006,2025-05-20,,Enrolled,
EP001683,E01742,P037,2026-07-12,2026-07-27,Completed,97.17
EP001684,E03265,P013,2025-07-29,,Enrolled,
EP001685,E01657,P016,2024-12-08,2024-12-11,Completed,84.18
EP001686,E02048,P020,2025-11-10,2025-12-11,Completed,73.06
EP001687,E00288,P019,2025-12-20,2026-02-15,Completed,75.91
EP001688,E02149,P013,2025-08-04,,Enrolled,
EP001689,E00771,P036,2024-12-06,2025-01-13,Completed,90.22
EP001690,E03948,P040,2024-11-09,2024-12-24,Completed,91.66
EP001691,E03910,P037,2026-06-01,,Enrolled,
EP001692,E04906,P040,2024-10-27,,Enrolled,
EP001693,E04690,P025,2024-11-21,2024-11-25,Completed,100.0
EP001694,E02627,P008,2024-09-13,2024-09-20,Completed,100.0
EP001695,E02812,P001,2026-01-12,,Enrolled,
EP001696,E01950,P023,2025-08-24,2025-08-27,Completed,89.93
EP001697,E04772,P007,2024-09-21,2024-10-17,Completed,90.99
EP001698,E01309,P030,2026-07-28,,In Progress,
EP001699,E04506,P002,2024-11-25,,Enrolled,
EP001700,E04816,P034,2025-09-18,,Enrolled,
EP001701,E03379,P005,2025-05-13,2025-08-09,Completed,86.94
EP001702,E03422,P003,2025-12-05,2025-12-05,Completed,92.37
EP001703,E02749,P004,2025-09-08,,Withdrawn,
EP001704,E00977,P013,2025-06-14,2025-07-09,Completed,83.05
EP001705,E02751,P004,2025-12-03,2025-12-19,Completed,82.85
EP001706,E04876,P011,2024-11-04,2025-01-30,Completed,91.64
EP001707,E01034,P022,2024-11-26,,Enrolled,
EP001708,E02498,P040,2024-12-01,,Enrolled,
EP001709,E00704,P039,2026-02-28,2026-03-14,Completed,75.57
EP001710,E04479,P011,2025-03-21,2025-03-21,Completed,86.17
EP001711,E03347,P026,2026-09-27,2026-10-07,Completed,76.06
EP001712,E00668,P040,2024-09-12,2025-01-13,Completed,85.08
EP001713,E03019,P003,2025-10-27,,Enrolled,
EP001714,E03534,P032,2025-01-11,2025-01-21,Completed,100.0
EP001715,E03135,P003,2025-11-11,,Enrolled,
EP001716,E00200,P006,2025-07-31,2025-08-06,Completed,68.63
EP001717,E03921,P036,2024-12-01,2025-01-24,Completed,95.95
EP001718,E02996,P013,2025-06-09,,Withdrawn,
EP001719,E02829,P011,2024-11-19,2024-12-19,Completed,75.22
EP001720,E04604,P008,2024-06-30,2024-09-14,Completed,73.15
EP001721,E04206,P037,2026-07-11,2026-07-25,Completed,84.35
EP001722,E01853,P005,2025-07-08,,Enrolled,
EP001723,E02040,P039,2026-04-11,2026-05-25,Completed,73.73
EP001724,E03656,P034,2025-09-16,,Enrolled,
EP001725,E03023,P007,2024-10-20,2024-10-20,Completed,80.17
EP001726,E00955,P033,2024-12-17,2025-01-25,Completed,88.57
EP001727,E03048,P020,2026-01-06,2026-01-21,Completed,80.05
EP001728,E00370,P002,2024-08-16,2024-11-06,Completed,90.58
EP001729,E01335,P007,2024-09-13,2024-10-08,Completed,72.86
EP001730,E03843,P009,2024-09-14,,Enrolled,
EP001731,E01112,P023,2025-08-28,,Enrolled,
EP001732,E02338,P012,2025-05-11,2025-05-14,Completed,77.67
EP001733,E01520,P005,2025-07-22,2025-07-30,Completed,81.29
EP001734,E04322,P006,2025-08-11,2025-08-15,Completed,87.61
EP001735,E00786,P013,2025-07-28,,Enrolled,
EP001736,E03209,P012,2025-04-19,2025-06-06,Completed,90.26
EP001737,E00604,P039,2026-03-19,,Enrolled,
EP001738,E03148,P031,2026-06-29,2026-08-05,Completed,69.06
EP001739,E03647,P018,2026-07-02,2026-07-05,Completed,79.56
EP001740,E01479,P039,2026-04-24,,Enrolled,
EP001741,E02200,P030,2026-08-10,2026-08-10,Completed,93.55
EP001742,E04302,P030,2026-08-11,2026-08-17,Completed,80.41
EP001743,E01179,P008,2024-11-09,,Enrolled,
EP001744,E01696,P031,2026-07-17,2026-08-04,Completed,95.55
EP001745,E04353,P014,2026-11-24,,In Progress,
EP001746,E01517,P014,2026-09-26,,Withdrawn,
EP001747,E04432,P031,2026-07-28,2026-08-11,Completed,98.73
EP001748,E04510,P027,2024-12-23,2025-01-18,Completed,94.97
EP001749,E03559,P014,2026-12-03,,In Progress,
EP001750,E01352,P013,2025-07-16,,Enrolled,
EP001751,E00356,P008,2024-10-14,2024-10-21,Completed,85.17
EP001752,E01808,P004,2026-02-10,,Enrolled,
EP001753,E02627,P019,2026-03-07,,Enrolled,
EP001754,E00983,P001,2026-02-13,2026-02-22,Completed,88.7
EP001755,E04162,P034,2025-08-10,,Enrolled,
EP001756,E01265,P019,2026-03-08,2026-03-08,Completed,69.84
EP001757,E04858,P010,2024-06-24,,Enrolled,
EP001758,E01416,P019,2026-03-31,,Enrolled,
EP001759,E00108,P003,2025-10-04,2025-11-07,Completed,86.64
EP001760,E03088,P004,2026-01-19,2026-02-14,Completed,84.16
EP001761,E01127,P027,2025-01-05,2025-01-30,Completed,76.59
EP001762,E03503,P034,2025-06-14,,Withdrawn,
EP001763,E04877,P031,2026-08-06,2026-08-13,Completed,77.05
EP001764,E03452,P001,2026-01-05,,Enrolled,
EP001765,E04839,P020,2026-01-17,2026-01-17,Completed,72.42
EP001766,E01752,P002,2024-10-31,2024-12-07,Completed,91.28
EP001767,E04249,P028,2024-07-14,2024-08-20,Completed,92.99
EP001768,E03054,P022,2024-12-23,,Enrolled,
EP001769,E03040,P034,2025-06-26,2025-09-10,Completed,91.47
EP001770,E02270,P005,2025-05-05,2025-07-14,Completed,93.75
EP001771,E02366,P029,2026-04-03,2026-05-26,Completed,85.97
EP001772,E02950,P017,2024-04-26,,Enrolled,
EP001773,E00721,P017,2024-04-28,2024-06-11,Completed,92.77
EP001774,E04596,P027,2025-01-21,,Enrolled,
EP001775,E02461,P026,2026-09-10,2026-10-01,Completed,81.75
EP001776,E00533,P015,2025-03-06,2025-04-03,Completed,76.69
EP001777,E01430,P011,2024-09-24,,Enrolled,
EP001778,E04148,P035,2024-09-03,2024-09-14,Completed,100.0
EP001779,E00692,P039,2026-04-01,,Withdrawn,
EP001780,E02148,P019,2026-04-23,2026-05-22,Completed,81.99
EP001781,E00136,P010,2024-07-09,2024-08-11,Completed,88.99
EP001782,E03540,P016,2024-11-10,2024-12-16,Completed,92.78
EP001783,E01392,P004,2026-02-11,2026-02-13,Completed,60.82
EP001784,E04549,P022,2024-12-12,,Enrolled,
EP001785,E04673,P011,2025-01-03,,Withdrawn,
EP001786,E02159,P008,2024-09-27,2024-10-23,Completed,91.33
EP001787,E01958,P009,2024-09-01,2024-11-09,Completed,74.98
EP001788,E00396,P025,2024-07-10,2024-12-01,Completed,92.79
EP001789,E01110,P034,2025-04-09,2025-08-02,Completed,83.42
EP001790,E00703,P002,2024-11-04,,Enrolled,
EP001791,E01693,P016,2024-10-27,,Withdrawn,
EP001792,E03918,P021,2025-03-02,,Enrolled,
EP001793,E00326,P007,2024-08-29,,Enrolled,
EP001794,E00145,P032,2025-01-29,,Enrolled,
EP001795,E00995,P016,2024-11-10,2024-11-16,Completed,100.0
EP001796,E00595,P022,2025-01-16,2025-01-18,Completed,79.32
EP001797,E03585,P004,2025-12-17,,Enrolled,
EP001798,E04030,P023,2025-08-20,,Enrolled,
EP001799,E04843,P033,2025-01-26,2025-03-23,Completed,82.39
EP001800,E01820,P037,2026-05-22,2026-05-24,Completed,80.88
EP001801,E01696,P036,2024-12-15,,Enrolled,
EP001802,E01581,P010,2024-08-23,2024-08-26,Completed,76.16
EP001803,E02229,P014,2026-08-27,2026-10-03,Completed,99.5
EP001804,E04566,P011,2024-12-26,2025-01-12,Completed,84.2
EP001805,E04757,P015,2025-05-31,2025-06-18,Completed,86.14
EP001806,E03150,P040,2024-11-08,2024-12-02,Completed,100.0
EP001807,E00129,P014,2026-08-19,2026-09-09,Completed,84.43
EP001808,E00282,P030,2026-07-06,2026-08-10,Completed,88.81
EP001809,E03858,P037,2026-07-19,,Enrolled,
EP001810,E00523,P022,2024-12-15,2025-01-01,Completed,79.99
EP001811,E02361,P016,2024-10-29,2024-11-13,Completed,83.5
EP001812,E03678,P007,2024-10-16,,Withdrawn,
EP001813,E02641,P039,2026-04-22,,Enrolled,
EP001814,E00292,P026,2026-08-22,2026-10-05,Completed,72.75
EP001815,E00895,P037,2026-07-02,2026-07-25,Completed,83.72
EP001816,E02698,P013,2025-07-24,,Enrolled,
EP001817,E03644,P039,2026-04-29,,Enrolled,
EP001818,E00502,P003,2025-11-27,2025-12-05,Completed,97.12
EP001819,E04940,P019,2025-12-11,,Enrolled,
EP001820,E03166,P016,2024-10-22,2024-11-22,Completed,100.0
EP001821,E01075,P029,2026-02-25,,Enrolled,
EP001822,E03675,P031,2026-06-21,2026-07-15,Completed,83.51
EP001823,E01735,P037,2026-05-20,,Enrolled,
EP001824,E02960,P025,2024-10-09,2024-11-14,Completed,69.07
EP001825,E00276,P023,2025-06-17,,Enrolled,
EP001826,E04765,P013,2025-07-04,2025-07-20,Completed,87.0
EP001827,E04790,P014,2026-09-15,,Withdrawn,
EP001828,E00728,P024,2025-02-15,,Enrolled,
EP001829,E02120,P003,2025-11-10,2025-11-12,Completed,81.02
EP001830,E02024,P007,2024-09-06,,Enrolled,
EP001831,E04126,P025,2024-10-30,,Enrolled,
EP001832,E00251,P008,2024-07-09,2024-10-09,Completed,83.02
EP001833,E02678,P018,2026-04-13,2026-06-22,Completed,73.03
EP001834,E03911,P032,2025-01-01,2025-01-18,Completed,72.77
EP001835,E01042,P014,2026-10-22,2026-11-21,Completed,75.15
EP001836,E01986,P036,2024-12-21,2025-01-21,Completed,83.35
EP001837,E02228,P026,2026-10-04,2026-10-04,Completed,76.37
EP001838,E04305,P035,2024-08-28,2024-09-02,Completed,86.29
EP001839,E03133,P027,2024-12-28,2025-01-03,Completed,78.11
EP001840,E02723,P015,2025-05-27,,Enrolled,
EP001841,E04911,P015,2025-06-12,2025-06-12,Completed,74.39
EP001842,E01692,P019,2026-05-16,,Enrolled,
EP001843,E03373,P012,2025-05-26,,Withdrawn,
EP001844,E03704,P021,2025-02-23,,Withdrawn,
EP001845,E02749,P017,2024-07-16,2024-07-19,Completed,90.42
EP001846,E02553,P030,2026-08-02,2026-08-06,Completed,77.46
EP001847,E02776,P008,2024-10-29,2024-11-12,Completed,83.59
EP001848,E02434,P014,2026-08-31,2026-09-22,Completed,76.55
EP001849,E04046,P013,2025-05-31,,Enrolled,
EP001850,E00168,P005,2025-05-29,2025-08-07,Completed,86.25
EP001851,E00761,P040,2024-11-13,2025-02-06,Completed,90.17
EP001852,E01303,P016,2024-12-12,2024-12-17,Completed,84.38
EP001853,E00719,P014,2026-10-15,2026-10-21,Completed,75.16
EP001854,E04830,P023,2025-07-14,2025-08-22,Completed,84.91
EP001855,E01987,P030,2026-08-18,,In Progress,
EP001856,E02897,P031,2026-07-26,2026-08-22,Completed,84.51
EP001857,E01186,P023,2025-05-04,,Withdrawn,
EP001858,E01827,P033,2025-01-30,2025-03-25,Completed,86.45
EP001859,E00143,P023,2025-08-09,2025-08-13,Completed,84.56
EP001860,E04094,P012,2025-04-30,2025-05-21,Completed,82.31
EP001861,E00500,P027,2024-12-29,,Withdrawn,
EP001862,E02221,P020,2025-11-15,,Enrolled,
EP001863,E00721,P020,2025-11-21,,Enrolled,
EP001864,E03739,P029,2026-04-23,,Withdrawn,
EP001865,E04346,P004,2025-10-18,2026-02-07,Completed,85.93
EP001866,E03277,P035,2024-07-15,2024-08-06,Completed,90.46
EP001867,E00480,P029,2025-12-29,,Withdrawn,
EP001868,E02389,P005,2025-04-25,,Enrolled,
EP001869,E03223,P035,2024-09-20,,Withdrawn,
EP001870,E00279,P019,2026-03-13,2026-05-21,Completed,85.66
EP001871,E01888,P039,2026-04-27,2026-06-03,Completed,73.82
EP001872,E04955,P031,2026-06-25,2026-07-27,Completed,99.48
EP001873,E01398,P020,2025-12-24,,Withdrawn,
EP001874,E03305,P012,2025-05-31,,Enrolled,
EP001875,E04988,P004,2025-09-10,,Enrolled,
EP001876,E02941,P007,2024-09-14,,Enrolled,
EP001877,E04535,P033,2025-04-05,2025-04-05,Completed,69.19
EP001878,E04561,P003,2025-10-26,2025-11-06,Completed,84.13
EP001879,E02638,P015,2025-05-08,,Enrolled,
EP001880,E00453,P007,2024-09-03,2024-10-01,Completed,76.16
EP001881,E00486,P003,2025-11-01,2025-11-25,Completed,79.32
EP001882,E00590,P032,2024-12-24,2025-02-21,Completed,80.74
EP001883,E04457,P014,2026-10-24,2026-12-25,Completed,92.46
EP001884,E04514,P007,2024-08-01,,Enrolled,
EP001885,E04057,P029,2026-04-21,2026-04-23,Completed,89.7
EP001886,E04427,P035,2024-09-02,,Enrolled,
EP001887,E03719,P008,2024-10-24,2024-11-07,Completed,80.49
EP001888,E03791,P014,2026-11-27,2026-12-20,Completed,100.0
EP001889,E04115,P038,2025-05-30,,Enrolled,
EP001890,E01030,P031,2026-07-25,2026-08-23,Completed,98.59
EP001891,E01968,P013,2025-08-02,,Withdrawn,
EP001892,E04403,P028,2024-05-04,2024-09-17,Completed,86.64
EP001893,E00330,P005,2025-07-14,2025-07-16,Completed,90.74
EP001894,E01920,P014,2026-11-09,,In Progress,
EP001895,E04048,P027,2025-01-06,2025-01-27,Completed,91.57
EP001896,E04871,P030,2026-07-22,,In Progress,
EP001897,E03963,P031,2026-08-21,2026-08-21,Completed,85.08
EP001898,E03812,P032,2025-02-15,2025-02-25,Completed,81.27
EP001899,E00017,P013,2025-05-26,2025-07-30,Completed,72.68
EP001900,E02850,P026,2026-08-01,2026-09-12,Completed,70.4
EP001901,E02848,P038,2025-05-06,2025-06-01,Completed,91.31
EP001902,E04161,P035,2024-08-10,2024-08-15,Completed,76.1
EP001903,E00143,P013,2025-06-11,,Enrolled,
EP001904,E00577,P036,2025-01-26,2025-02-06,Completed,77.37
EP001905,E01659,P004,2025-11-08,2025-11-26,Completed,93.78
EP001906,E00499,P013,2025-05-28,2025-07-02,Completed,71.52
EP001907,E04290,P022,2024-11-08,,Enrolled,
EP001908,E02622,P023,2025-05-05,2025-08-28,Completed,99.55
EP001909,E04333,P031,2026-07-21,2026-08-06,Completed,79.09
EP001910,E04316,P024,2025-04-18,2025-05-01,Completed,65.11
EP001911,E04222,P040,2024-08-28,,Enrolled,
EP001912,E03609,P035,2024-09-12,,Enrolled,
EP001913,E03241,P010,2024-07-20,,Enrolled,
EP001914,E02881,P019,2026-03-19,,Enrolled,
EP001915,E02315,P017,2024-06-17,2024-07-16,Completed,85.59
EP001916,E04162,P014,2026-08-20,2026-12-24,Completed,86.94
EP001917,E01919,P016,2024-08-18,2024-09-12,Completed,93.72
EP001918,E02267,P037,2026-07-20,,Withdrawn,
EP001919,E00808,P012,2025-05-02,,Enrolled,
EP001920,E03243,P009,2024-10-14,2024-12-01,Completed,86.24
EP001921,E04325,P005,2025-04-30,2025-06-28,Completed,82.36
EP001922,E03638,P040,2025-01-06,,Withdrawn,
EP001923,E03554,P034,2025-06-10,,Enrolled,
EP001924,E00993,P040,2025-02-14,2025-02-16,Completed,80.72
EP001925,E00770,P028,2024-08-10,,Enrolled,
EP001926,E00518,P003,2025-11-10,2025-11-19,Completed,84.78
EP001927,E01367,P015,2025-02-24,2025-02-24,Completed,86.56
EP001928,E00657,P002,2024-09-26,2024-11-26,Completed,85.6
EP001929,E00725,P022,2024-11-26,2024-12-10,Completed,79.55
EP001930,E03947,P031,2026-08-09,2026-08-15,Completed,96.43
EP001931,E00198,P014,2026-11-17,2026-12-29,Completed,90.96
EP001932,E01695,P026,2026-09-22,,In Progress,
EP001933,E02489,P010,2024-07-16,,Enrolled,
EP001934,E04990,P040,2024-09-04,,Enrolled,
EP001935,E02981,P002,2024-12-16,2024-12-22,Completed,86.89
EP001936,E00922,P017,2024-07-20,2024-07-20,Completed,87.99
EP001937,E04321,P027,2024-11-28,,Enrolled,
EP001938,E02575,P018,2026-05-29,2026-06-15,Completed,84.95
EP001939,E01855,P023,2025-06-26,2025-07-13,Completed,75.26
EP001940,E01836,P024,2025-04-22,,Enrolled,
EP001941,E02877,P028,2024-05-16,,Enrolled,
EP001942,E00169,P001,2025-12-11,2026-02-15,Completed,89.36
EP001943,E02693,P027,2025-02-02,2025-02-14,Completed,91.8
EP001944,E04075,P024,2025-01-16,2025-03-17,Completed,70.45
EP001945,E01468,P003,2025-11-08,2025-11-20,Completed,79.92
EP001946,E01474,P040,2024-10-20,2024-11-02,Completed,85.01
EP001947,E00845,P009,2024-10-18,,Enrolled,
EP001948,E00699,P009,2024-10-14,2024-10-16,Completed,90.86
EP001949,E04242,P031,2026-08-12,2026-08-18,Completed,86.29
EP001950,E02147,P006,2025-05-13,2025-07-25,Completed,82.17
EP001951,E04096,P004,2026-02-08,2026-02-17,Completed,77.11
EP001952,E01757,P036,2024-11-30,,Enrolled,
EP001953,E03421,P002,2024-09-06,2024-10-25,Completed,82.57
EP001954,E02840,P010,2024-07-28,,Withdrawn,
EP001955,E03964,P040,2025-02-23,,Enrolled,
EP001956,E02284,P011,2024-12-17,2025-02-01,Completed,82.39
EP001957,E02171,P032,2025-02-11,,Enrolled,
EP001958,E03428,P024,2024-12-24,2025-02-14,Completed,83.92
EP001959,E00559,P002,2024-12-24,2024-12-24,Completed,84.96
EP001960,E02286,P016,2024-10-04,,Enrolled,
EP001961,E00198,P010,2024-08-26,2024-08-28,Completed,83.67
EP001962,E01389,P010,2024-07-02,,Enrolled,
EP001963,E03899,P014,2026-10-07,2026-11-08,Completed,86.33
EP001964,E01235,P019,2026-04-12,,Enrolled,
EP001965,E04379,P040,2024-11-30,2024-12-23,Completed,88.33
EP001966,E00860,P014,2026-10-12,2026-11-06,Completed,88.82
EP001967,E04698,P003,2025-10-02,2025-10-06,Completed,72.53
EP001968,E02161,P021,2025-03-04,,Withdrawn,
EP001969,E00830,P004,2025-09-12,2026-02-13,Completed,93.15
EP001970,E02064,P017,2024-04-06,2024-07-12,Completed,88.85
EP001971,E04135,P001,2025-12-27,2026-01-16,Completed,70.9
EP001972,E01818,P013,2025-06-17,2025-07-21,Completed,80.01
EP001973,E03669,P027,2025-01-24,2025-02-01,Completed,70.38
EP001974,E01312,P031,2026-06-24,2026-08-10,Completed,86.32
EP001975,E01500,P031,2026-06-21,,Withdrawn,
EP001976,E00452,P036,2024-12-22,,Enrolled,
EP001977,E04089,P028,2024-07-08,2024-08-30,Completed,100.0
EP001978,E02815,P023,2025-07-03,2025-07-07,Completed,86.8
EP001979,E04419,P032,2025-05-03,2025-05-08,Completed,86.28
EP001980,E01824,P025,2024-09-19,,Enrolled,
EP001981,E00618,P006,2025-06-01,,Enrolled,
EP001982,E00665,P013,2025-06-06,2025-06-29,Completed,79.69
EP001983,E00905,P028,2024-06-08,,Enrolled,
EP001984,E03817,P002,2024-10-24,2024-10-31,Completed,79.23
EP001985,E02490,P025,2024-09-24,2024-11-12,Completed,74.12
EP001986,E00218,P017,2024-04-21,2024-06-28,Completed,82.52
EP001987,E00881,P008,2024-07-25,2024-09-25,Completed,79.61
EP001988,E02765,P017,2024-05-26,2024-06-05,Completed,73.58
EP001989,E00132,P016,2024-08-15,2024-12-09,Completed,75.75
EP001990,E04073,P002,2024-12-16,2024-12-23,Completed,81.49
EP001991,E01779,P029,2026-01-23,,Withdrawn,
EP001992,E03161,P008,2024-09-15,,Withdrawn,
EP001993,E00965,P015,2025-04-23,,Withdrawn,
EP001994,E03014,P037,2026-06-15,2026-06-19,Completed,100.0
EP001995,E04189,P025,2024-10-21,,Enrolled,
EP001996,E03496,P011,2024-12-08,,Enrolled,
EP001997,E00743,P028,2024-05-08,2024-06-25,Completed,76.63
EP001998,E04207,P035,2024-08-12,,Enrolled,
EP001999,E01466,P038,2025-06-23,,Withdrawn,
EP002000,E01438,P026,2026-10-12,2026-10-22,Completed,77.79
EP002001,E04367,P022,2024-12-08,,Enrolled,
EP002002,E00753,P026,2026-10-02,2026-10-13,Completed,78.41
EP002003,E00553,P037,2026-06-30,2026-07-23,Completed,100.0
EP002004,E02754,P020,2026-01-22,,Enrolled,
EP002005,E04466,P040,2024-10-04,,Enrolled,
EP002006,E01204,P029,2026-05-12,2026-05-25,Completed,71.82
EP002007,E04789,P028,2024-07-12,,Enrolled,
EP002008,E04753,P008,2024-09-12,2024-10-18,Completed,92.32
EP002009,E03436,P004,2025-11-19,2026-01-14,Completed,93.05
EP002010,E01506,P037,2026-05-21,2026-07-01,Completed,69.19
EP002011,E03235,P040,2024-12-19,2025-02-22,Completed,90.56
EP002012,E04670,P021,2025-02-26,2025-03-19,Completed,89.54
EP002013,E01229,P002,2024-08-25,,Enrolled,
EP002014,E04135,P005,2025-06-06,2025-07-21,Completed,85.71
EP002015,E01178,P039,2026-04-28,,Enrolled,
EP002016,E02279,P018,2026-04-06,,Enrolled,
EP002017,E00884,P016,2024-10-26,2024-11-20,Completed,91.23
EP002018,E04556,P027,2024-12-01,,Withdrawn,
EP002019,E01265,P021,2024-12-28,2025-03-11,Completed,75.63
EP002020,E02857,P001,2025-12-13,2026-01-04,Completed,87.56
EP002021,E02415,P012,2025-07-05,2025-07-05,Completed,81.83
EP002022,E01973,P033,2025-02-05,2025-03-08,Completed,100.0
EP002023,E03824,P009,2024-11-29,2025-01-01,Completed,99.92
EP002024,E00263,P017,2024-02-22,2024-04-15,Completed,87.04
EP002025,E03660,P024,2025-02-04,2025-04-20,Completed,85.81
EP002026,E04982,P021,2025-01-01,2025-03-27,Completed,89.11
EP002027,E03632,P010,2024-08-08,2024-08-23,Completed,85.5
EP002028,E03165,P039,2026-03-24,2026-05-21,Completed,85.12
EP002029,E00904,P021,2025-03-27,,Withdrawn,
EP002030,E04976,P009,2024-12-12,,Enrolled,
EP002031,E00211,P007,2024-09-02,2024-09-25,Completed,84.57
EP002032,E01805,P034,2025-07-17,2025-08-31,Completed,75.76
EP002033,E04435,P037,2026-07-21,2026-07-29,Completed,89.21
EP002034,E00004,P006,2025-06-20,2025-06-25,Completed,81.04
EP002035,E04855,P007,2024-09-03,2024-10-14,Completed,77.21
EP002036,E00432,P040,2025-02-23,,Enrolled,
EP002037,E02029,P006,2025-07-08,2025-07-24,Completed,73.53
EP002038,E04050,P028,2024-09-14,2024-09-15,Completed,70.28
EP002039,E03087,P028,2024-05-09,2024-09-20,Completed,75.15
EP002040,E04061,P014,2026-12-02,2026-12-25,Completed,64.61
EP002041,E03284,P036,2024-12-10,2025-01-31,Completed,83.43
EP002042,E00940,P003,2025-10-21,2025-11-17,Completed,89.37
EP002043,E02895,P040,2025-01-03,,Enrolled,
EP002044,E00355,P012,2025-06-18,,Enrolled,
EP002045,E00591,P038,2025-04-04,,Enrolled,
EP002046,E02207,P016,2024-10-07,,Withdrawn,
EP002047,E00286,P004,2026-01-30,,Enrolled,
EP002048,E01773,P035,2024-07-04,2024-07-14,Completed,77.28
EP002049,E00126,P028,2024-07-22,,Enrolled,
EP002050,E04727,P016,2024-11-29,2024-12-08,Completed,82.94
EP002051,E02028,P007,2024-10-15,,Enrolled,
EP002052,E00346,P003,2025-10-05,2025-11-14,Completed,98.62
EP002053,E02468,P016,2024-08-14,2024-12-07,Completed,77.2
EP002054,E00404,P001,2026-02-15,2026-02-15,Completed,79.22
EP002055,E03236,P027,2024-12-17,2025-01-25,Completed,81.69
EP002056,E04293,P035,2024-08-01,,Enrolled,
EP002057,E02891,P037,2026-05-20,,Enrolled,
EP002058,E03083,P024,2025-04-08,2025-04-27,Completed,85.26
EP002059,E00813,P017,2024-07-20,,Enrolled,
EP002060,E00739,P015,2025-03-24,2025-06-06,Completed,88.19
EP002061,E03093,P022,2024-12-27,,Enrolled,
EP002062,E03248,P035,2024-07-18,2024-08-12,Completed,79.91
EP002063,E00929,P019,2025-12-13,2026-04-03,Completed,86.97
EP002064,E02044,P015,2025-04-23,2025-04-27,Completed,71.92
EP002065,E02044,P029,2026-01-26,,Withdrawn,
EP002066,E04581,P039,2026-03-10,,Enrolled,
EP002067,E02801,P035,2024-09-09,2024-09-16,Completed,88.1
EP002068,E02903,P006,2025-05-13,,Enrolled,
EP002069,E04098,P024,2025-01-19,2025-01-20,Completed,82.2
EP002070,E00238,P002,2024-08-21,,Enrolled,
EP002071,E02193,P030,2026-06-25,2026-06-28,Completed,83.27
EP002072,E03923,P026,2026-07-28,2026-07-29,Completed,76.75
EP002073,E00983,P010,2024-07-15,,Enrolled,
EP002074,E02940,P027,2024-12-21,,Enrolled,
EP002075,E02830,P009,2024-08-05,2024-11-30,Completed,71.91
EP002076,E02057,P032,2025-02-10,,Enrolled,
EP002077,E02393,P032,2025-01-17,2025-04-11,Completed,72.33
EP002078,E03722,P026,2026-07-22,2026-08-15,Completed,81.13
EP002079,E00779,P005,2025-07-16,2025-07-26,Completed,97.51
EP002080,E02708,P009,2024-10-14,,Withdrawn,
EP002081,E03816,P007,2024-10-02,2024-10-10,Completed,84.03
EP002082,E02359,P013,2025-06-17,,Enrolled,
EP002083,E03448,P034,2025-07-19,2025-07-30,Completed,90.14
EP002084,E02970,P039,2026-04-06,,Enrolled,
EP002085,E03355,P021,2025-03-19,,Enrolled,
EP002086,E01635,P008,2024-08-26,2024-10-24,Completed,100.0
EP002087,E01663,P007,2024-09-25,2024-10-07,Completed,91.22
EP002088,E02107,P022,2024-11-21,,Enrolled,
EP002089,E00570,P039,2026-03-14,2026-05-14,Completed,78.89
EP002090,E02986,P031,2026-07-12,,Withdrawn,
EP002091,E04733,P008,2024-08-02,,Withdrawn,
EP002092,E02751,P011,2024-11-18,2025-01-31,Completed,91.24
EP002093,E00493,P007,2024-10-03,2024-10-14,Completed,86.8
EP002094,E04770,P006,2025-08-12,2025-08-16,Completed,85.34
EP002095,E03339,P009,2024-09-10,,Enrolled,
EP002096,E03010,P030,2026-06-28,2026-07-17,Completed,92.32
EP002097,E00100,P036,2025-01-24,2025-02-04,Completed,88.37
EP002098,E03797,P007,2024-10-01,2024-10-17,Completed,68.79
EP002099,E04203,P004,2025-11-24,2025-12-15,Completed,73.37
EP002100,E04184,P015,2025-03-05,,Enrolled,
EP002101,E00987,P012,2025-06-18,,Withdrawn,
EP002102,E00824,P016,2024-08-21,2024-09-29,Completed,93.26
EP002103,E03516,P010,2024-07-11,,Enrolled,
EP002104,E00017,P018,2026-05-18,2026-06-01,Completed,69.83
EP002105,E03200,P007,2024-10-12,2024-10-16,Completed,81.83
EP002106,E03773,P011,2024-12-06,2025-02-22,Completed,83.59
EP002107,E02030,P024,2025-03-19,2025-03-30,Completed,75.4
EP002108,E04526,P003,2025-11-19,2025-12-06,Completed,92.84
EP002109,E01947,P001,2026-01-29,,Enrolled,
EP002110,E03371,P010,2024-07-22,2024-07-25,Completed,77.91
EP002111,E00045,P013,2025-05-18,,Enrolled,
EP002112,E00129,P010,2024-06-19,2024-08-01,Completed,81.0
EP002113,E03750,P006,2025-08-17,2025-08-17,Completed,72.97
EP002114,E02020,P036,2025-01-16,2025-02-05,Completed,76.92
EP002115,E00828,P007,2024-09-13,,Enrolled,
EP002116,E03052,P026,2026-09-28,2026-10-10,Completed,82.68
EP002117,E04762,P030,2026-08-13,2026-08-13,Completed,99.35
EP002118,E04537,P020,2025-09-25,2025-11-30,Completed,79.43
EP002119,E00024,P021,2025-02-04,,Enrolled,
EP002120,E01498,P038,2025-03-28,,Enrolled,
EP002121,E02576,P020,2026-01-05,2026-01-17,Completed,79.18
EP002122,E02666,P004,2026-02-20,2026-02-20,Completed,83.83
EP002123,E02980,P011,2024-11-12,,Enrolled,
EP002124,E03019,P027,2025-01-27,,Enrolled,
EP002125,E04456,P005,2025-06-13,,Enrolled,
EP002126,E03198,P013,2025-06-10,,Enrolled,
EP002127,E04003,P009,2024-12-01,2024-12-31,Completed,80.06
EP002128,E03365,P025,2024-07-01,2024-12-06,Completed,100.0
EP002129,E02960,P035,2024-09-09,2024-09-20,Completed,90.68
EP002130,E04028,P020,2025-10-16,,Enrolled,
EP002131,E04208,P004,2025-11-28,2025-12-19,Completed,78.41
EP002132,E04978,P009,2024-06-30,2024-08-24,Completed,99.49
EP002133,E04058,P039,2026-05-20,2026-05-20,Completed,81.06
EP002134,E04993,P027,2024-12-17,,Enrolled,
EP002135,E01682,P008,2024-10-29,,Enrolled,
EP002136,E02210,P033,2025-02-24,,Enrolled,
EP002137,E01474,P038,2025-06-22,2025-06-29,Completed,87.54
EP002138,E01239,P027,2024-11-29,2025-01-14,Completed,89.51
EP002139,E02848,P025,2024-12-07,2024-12-07,Completed,82.19
EP002140,E03552,P007,2024-08-30,,Enrolled,
EP002141,E04365,P020,2025-11-11,,Withdrawn,
EP002142,E00624,P035,2024-06-18,,Enrolled,
EP002143,E01223,P036,2024-11-27,2024-12-19,Completed,85.37
EP002144,E00950,P037,2026-05-28,,Enrolled,
EP002145,E01394,P017,2024-06-23,2024-07-06,Completed,92.49
EP002146,E03045,P007,2024-08-28,2024-09-13,Completed,91.19
EP002147,E04529,P003,2025-11-26,2025-11-30,Completed,77.26
EP002148,E04193,P003,2025-11-10,2025-11-11,Completed,94.68
EP002149,E03035,P009,2024-11-06,,Withdrawn,
EP002150,E02333,P029,2026-05-23,2026-06-04,Completed,88.58
EP002151,E03280,P033,2025-01-16,,Enrolled,
EP002152,E00413,P023,2025-05-28,,Enrolled,
EP002153,E00262,P024,2025-04-19,2025-04-22,Completed,88.29
EP002154,E00409,P030,2026-06-13,2026-07-06,Completed,87.96
EP002155,E02969,P031,2026-07-13,2026-08-07,Completed,81.69
EP002156,E02275,P015,2025-05-22,,Enrolled,
EP002157,E02630,P023,2025-07-14,,Enrolled,
EP002158,E00808,P005,2025-07-13,2025-07-22,Completed,81.4
EP002159,E02966,P025,2024-11-11,2024-11-22,Completed,89.8
EP002160,E02516,P002,2024-08-01,,Enrolled,
EP002161,E00043,P031,2026-08-04,2026-08-14,Completed,77.57
EP002162,E00549,P003,2025-09-28,2025-09-28,Completed,86.63
EP002163,E03363,P003,2025-11-21,2025-11-27,Completed,79.03
EP002164,E01012,P038,2025-06-20,,Enrolled,
EP002165,E02171,P032,2025-01-29,2025-03-12,Completed,84.0
EP002166,E02040,P015,2025-03-20,2025-05-24,Completed,94.44
EP002167,E02542,P015,2025-04-23,2025-04-26,Completed,87.44
EP002168,E02952,P026,2026-08-07,2026-10-09,Completed,87.82
EP002169,E03169,P035,2024-08-24,2024-08-31,Completed,87.0
EP002170,E03838,P028,2024-07-18,2024-09-01,Completed,69.83
EP002171,E04693,P032,2024-12-06,,Enrolled,
EP002172,E00895,P017,2024-05-18,,Enrolled,
EP002173,E00392,P027,2024-12-25,,Enrolled,
EP002174,E01287,P034,2025-08-23,,Enrolled,
EP002175,E03627,P011,2025-03-20,2025-03-22,Completed,90.0
EP002176,E01909,P006,2025-04-22,,Withdrawn,
EP002177,E02882,P028,2024-07-05,,Enrolled,
EP002178,E03671,P014,2026-08-26,2026-10-27,Completed,81.99
EP002179,E02535,P004,2025-10-23,,Enrolled,
EP002180,E04674,P003,2025-11-05,,Enrolled,
EP002181,E00691,P033,2025-01-31,,Enrolled,
EP002182,E02780,P037,2026-07-20,2026-07-28,Completed,80.01
EP002183,E04867,P031,2026-07-15,2026-07-26,Completed,88.42
EP002184,E01149,P024,2025-03-03,2025-04-10,Completed,65.51
EP002185,E02693,P028,2024-06-03,,Enrolled,
EP002186,E02067,P029,2026-05-06,2026-05-30,Completed,81.05
EP002187,E01285,P020,2025-12-12,2026-01-10,Completed,80.52
EP002188,E02080,P004,2025-10-01,,Enrolled,
EP002189,E04101,P022,2024-11-28,,Enrolled,
EP002190,E04505,P027,2025-02-14,2025-02-16,Completed,70.24
EP002191,E02807,P040,2024-09-06,2024-09-17,Completed,81.46
EP002192,E00054,P032,2025-05-02,,Withdrawn,
EP002193,E04842,P034,2025-08-15,2025-09-20,Completed,79.87
EP002194,E01182,P007,2024-10-07,2024-10-09,Completed,77.79
EP002195,E01774,P040,2024-12-19,2025-01-09,Completed,85.39
EP002196,E01253,P014,2026-10-14,2026-10-17,Completed,100.0
EP002197,E04466,P009,2024-06-29,,Enrolled,
EP002198,E01683,P002,2024-11-21,,Enrolled,
EP002199,E01101,P033,2025-01-27,,Withdrawn,
EP002200,E00035,P032,2025-03-11,2025-04-22,Completed,85.97
EP002201,E00779,P025,2024-12-02,2024-12-03,Completed,85.55
EP002202,E01065,P023,2025-06-14,2025-09-10,Completed,82.53
EP002203,E03930,P001,2026-02-15,2026-02-20,Completed,78.61
EP002204,E02821,P029,2026-04-05,,Enrolled,
EP002205,E03566,P017,2024-03-22,2024-04-06,Completed,71.95
EP002206,E01877,P019,2026-05-19,,Withdrawn,
EP002207,E01603,P034,2025-05-29,,Enrolled,
EP002208,E01984,P017,2024-02-24,2024-06-03,Completed,84.39
EP002209,E04858,P021,2025-03-19,2025-03-26,Completed,80.66
EP002210,E00235,P013,2025-07-18,2025-07-21,Completed,89.06
EP002211,E01007,P002,2024-08-28,,Enrolled,
EP002212,E00046,P012,2025-05-19,2025-05-24,Completed,79.11
EP002213,E01774,P011,2025-03-19,,Enrolled,
EP002214,E02750,P033,2025-01-15,2025-03-02,Completed,85.65
EP002215,E03211,P017,2024-06-27,2024-07-07,Completed,83.38
EP002216,E02527,P036,2024-12-22,2024-12-29,Completed,81.29
EP002217,E00637,P020,2025-12-12,2026-01-02,Completed,85.04
EP002218,E04611,P019,2026-05-16,2026-05-19,Completed,82.92
EP002219,E03366,P005,2025-04-14,,Enrolled,
EP002220,E00761,P018,2026-06-19,,Enrolled,
EP002221,E00849,P038,2025-06-11,2025-06-14,Completed,88.63
EP002222,E01144,P021,2025-01-15,,Withdrawn,
EP002223,E00948,P017,2024-07-03,2024-07-18,Completed,72.33
EP002224,E04793,P035,2024-09-21,2024-09-21,Completed,87.63
EP002225,E01215,P026,2026-10-11,2026-10-18,Completed,79.86
EP002226,E02747,P005,2025-04-15,,Enrolled,
EP002227,E03946,P028,2024-08-02,,Enrolled,
EP002228,E00756,P013,2025-07-19,2025-07-25,Completed,79.78
EP002229,E00390,P011,2025-03-06,,Enrolled,
EP002230,E02574,P036,2024-12-01,2024-12-15,Completed,71.81
EP002231,E00486,P022,2025-01-07,2025-01-18,Completed,71.64
EP002232,E04640,P027,2025-02-06,2025-02-06,Completed,76.87
EP002233,E04898,P034,2025-05-24,,Enrolled,
EP002234,E04224,P020,2025-12-13,2026-01-10,Completed,91.23
EP002235,E01540,P010,2024-06-17,,Withdrawn,
EP002236,E01975,P006,2025-06-04,,Enrolled,
EP002237,E02466,P030,2026-08-18,,Withdrawn,
EP002238,E01278,P036,2024-12-05,,Enrolled,
EP002239,E00648,P008,2024-06-21,2024-07-17,Completed,79.76
EP002240,E01901,P033,2025-01-31,,Enrolled,
EP002241,E01198,P021,2025-03-23,2025-03-26,Completed,78.19
EP002242,E04644,P027,2025-01-26,,Enrolled,
EP002243,E02743,P019,2026-05-23,2026-05-23,Completed,77.85
EP002244,E04469,P031,2026-08-05,,In Progress,
EP002245,E04675,P006,2025-05-23,,Enrolled,
EP002246,E04337,P010,2024-08-01,,Enrolled,
EP002247,E03759,P024,2025-05-03,2025-05-04,Completed,86.01
EP002248,E01782,P004,2026-02-15,2026-02-17,Completed,85.39
EP002249,E01082,P028,2024-05-28,2024-07-05,Completed,88.33
EP002250,E04819,P002,2024-10-17,2024-10-24,Completed,71.96
EP002251,E03678,P021,2025-02-16,2025-03-18,Completed,84.21
EP002252,E01397,P001,2025-11-19,2026-02-23,Completed,84.26
EP002253,E04357,P030,2026-06-27,,In Progress,
EP002254,E02963,P001,2025-12-25,,Enrolled,
EP002255,E03356,P037,2026-07-22,,Enrolled,
EP002256,E04959,P029,2026-01-11,2026-05-15,Completed,81.2
EP002257,E04275,P018,2026-07-05,,Enrolled,
EP002258,E02249,P033,2025-01-24,2025-03-26,Completed,84.03
EP002259,E00109,P020,2025-12-08,2026-01-16,Completed,92.82
EP002260,E04169,P025,2024-12-08,2024-12-08,Completed,73.97
EP002261,E04355,P025,2024-07-22,2024-08-13,Completed,90.98
EP002262,E00244,P020,2025-10-30,2026-01-20,Completed,84.57
EP002263,E04676,P029,2026-01-19,2026-03-31,Completed,87.45
EP002264,E02464,P008,2024-07-08,2024-10-26,Completed,98.93
EP002265,E03826,P004,2025-11-17,,Enrolled,
EP002266,E01200,P038,2025-03-29,,Enrolled,
EP002267,E02902,P005,2025-05-28,2025-07-03,Completed,92.33
EP002268,E00420,P037,2026-06-19,2026-07-09,Completed,83.57
EP002269,E03943,P003,2025-10-26,,Enrolled,
EP002270,E04788,P023,2025-08-14,,Enrolled,
EP002271,E04906,P030,2026-06-20,,In Progress,
EP002272,E00845,P002,2024-10-30,,Enrolled,
EP002273,E04886,P023,2025-08-29,2025-09-04,Completed,90.37
EP002274,E01580,P036,2024-12-29,,Withdrawn,
EP002275,E01304,P028,2024-07-17,,Enrolled,
EP002276,E00909,P025,2024-10-20,,Enrolled,
EP002277,E00881,P012,2025-05-01,,Enrolled,
EP002278,E03602,P011,2025-01-09,2025-01-23,Completed,74.13
EP002279,E03840,P023,2025-08-22,2025-09-07,Completed,84.44
EP002280,E03319,P018,2026-05-23,2026-07-14,Completed,76.55
EP002281,E03028,P036,2024-12-12,2025-01-06,Completed,90.87
EP002282,E03518,P009,2024-10-08,2024-10-13,Completed,75.89
EP002283,E02006,P034,2025-05-23,2025-07-10,Completed,86.95
EP002284,E01131,P035,2024-07-27,,Enrolled,
EP002285,E03152,P032,2025-02-13,2025-02-20,Completed,85.64
EP002286,E03295,P019,2026-02-08,,Enrolled,
EP002287,E00239,P007,2024-09-15,2024-10-10,Completed,88.11
EP002288,E03870,P025,2024-08-11,2024-10-24,Completed,89.07
EP002289,E04991,P025,2024-10-20,,Enrolled,
EP002290,E03067,P038,2025-05-24,,Enrolled,
EP002291,E03081,P003,2025-12-03,,Enrolled,
EP002292,E01417,P009,2024-11-12,2025-01-01,Completed,86.39
EP002293,E00773,P038,2025-06-22,2025-06-22,Completed,82.44
EP002294,E04093,P029,2026-02-28,2026-05-24,Completed,77.0
EP002295,E03295,P032,2024-12-22,2025-03-13,Completed,83.49
EP002296,E01566,P017,2024-05-11,2024-06-23,Completed,85.6
EP002297,E04841,P031,2026-08-21,2026-08-21,Completed,82.44
EP002298,E00422,P029,2026-04-28,2026-05-28,Completed,91.38
EP002299,E03591,P032,2025-02-14,2025-02-17,Completed,83.04
EP002300,E00503,P009,2024-10-08,2024-12-27,Completed,81.5
EP002301,E00331,P016,2024-09-20,2024-12-09,Completed,98.0
EP002302,E01263,P007,2024-08-21,2024-08-21,Completed,76.17
EP002303,E03779,P040,2024-10-24,,Enrolled,
EP002304,E04203,P037,2026-07-18,2026-07-21,Completed,79.11
EP002305,E00217,P029,2026-02-20,2026-03-23,Completed,78.52
EP002306,E03536,P014,2026-09-21,,Withdrawn,
EP002307,E02014,P014,2026-10-19,,In Progress,
EP002308,E04479,P019,2026-04-11,,Withdrawn,
EP002309,E00092,P019,2025-12-04,,Enrolled,
EP002310,E01838,P013,2025-06-08,2025-06-12,Completed,87.54
EP002311,E03206,P007,2024-09-09,,Enrolled,
EP002312,E03010,P040,2025-02-04,2025-02-23,Completed,83.29
EP002313,E01357,P004,2025-12-22,2026-01-13,Completed,84.5
EP002314,E04638,P040,2024-10-29,,Enrolled,
EP002315,E04019,P025,2024-07-07,2024-10-18,Completed,92.32
EP002316,E00075,P002,2024-12-20,,Enrolled,
EP002317,E01113,P038,2025-06-02,,Enrolled,
EP002318,E03518,P008,2024-09-01,2024-10-24,Completed,71.83
EP002319,E04975,P014,2026-10-23,2026-11-07,Completed,100.0
EP002320,E04591,P018,2026-06-23,2026-07-01,Completed,82.26
EP002321,E01540,P028,2024-05-27,2024-06-06,Completed,80.48
EP002322,E01858,P031,2026-08-14,2026-08-20,Completed,75.58
EP002323,E02507,P013,2025-07-04,2025-07-06,Completed,71.73
EP002324,E03588,P010,2024-08-09,2024-08-11,Completed,76.72
EP002325,E02243,P021,2025-03-03,,Enrolled,
EP002326,E01897,P012,2025-05-03,2025-06-28,Completed,69.81
EP002327,E01996,P007,2024-09-27,,Enrolled,
EP002328,E03374,P031,2026-07-09,2026-08-02,Completed,86.3
EP002329,E01335,P016,2024-10-16,2024-10-26,Completed,94.68
EP002330,E01143,P013,2025-05-22,,Enrolled,
EP002331,E03763,P009,2024-12-31,2025-01-01,Completed,80.71
EP002332,E00831,P018,2026-04-23,2026-05-24,Completed,74.66
EP002333,E04792,P013,2025-07-11,2025-07-23,Completed,100.0
EP002334,E00498,P026,2026-10-20,2026-10-22,Completed,76.18
EP002335,E02319,P008,2024-09-27,2024-11-14,Completed,74.93
EP002336,E04719,P027,2024-12-29,2025-01-30,Completed,81.63
EP002337,E02692,P011,2024-12-24,,Enrolled,
EP002338,E01843,P009,2024-09-09,2024-11-27,Completed,80.64
EP002339,E04201,P034,2025-04-11,2025-06-12,Completed,86.33
EP002340,E03077,P011,2024-12-19,,Enrolled,
EP002341,E00528,P029,2026-01-12,2026-03-21,Completed,92.35
EP002342,E01024,P007,2024-09-30,2024-10-07,Completed,78.96
EP002343,E03970,P005,2025-04-29,2025-06-01,Completed,80.5
EP002344,E03365,P024,2025-04-07,2025-05-01,Completed,86.4
EP002345,E02046,P024,2025-04-18,2025-04-23,Completed,90.25
EP002346,E04467,P014,2026-11-11,,Withdrawn,
EP002347,E03823,P008,2024-08-09,2024-10-07,Completed,89.82
EP002348,E04019,P033,2025-01-03,2025-01-12,Completed,81.53
EP002349,E00642,P017,2024-05-05,2024-05-29,Completed,78.93
EP002350,E02938,P008,2024-10-11,2024-10-22,Completed,90.1
EP002351,E03425,P015,2025-05-27,2025-06-01,Completed,84.0
EP002352,E02100,P023,2025-08-18,2025-09-10,Completed,86.31
EP002353,E02065,P036,2024-11-30,2025-01-12,Completed,81.75
EP002354,E01259,P023,2025-07-23,2025-07-28,Completed,96.05
EP002355,E01234,P007,2024-09-09,2024-10-15,Completed,97.69
EP002356,E02193,P026,2026-10-03,,In Progress,
EP002357,E00143,P039,2026-03-26,2026-05-18,Completed,80.85
EP002358,E01476,P030,2026-07-05,,In Progress,
EP002359,E01490,P010,2024-08-11,,Enrolled,
EP002360,E01952,P040,2024-12-16,,Withdrawn,
EP002361,E00284,P034,2025-04-02,,Enrolled,
EP002362,E01963,P015,2025-05-21,2025-06-05,Completed,72.55
EP002363,E01888,P035,2024-09-18,2024-09-19,Completed,88.14
EP002364,E01972,P011,2025-03-02,2025-03-07,Completed,73.33
EP002365,E01991,P023,2025-05-04,2025-08-31,Completed,77.2
EP002366,E04509,P028,2024-06-07,,Enrolled,
EP002367,E02529,P033,2025-01-19,,Enrolled,
EP002368,E01362,P032,2025-03-19,2025-05-16,Completed,87.71
EP002369,E03677,P028,2024-05-23,2024-09-17,Completed,81.88
EP002370,E03566,P014,2026-11-18,,In Progress,
EP002371,E02884,P040,2024-10-11,,Withdrawn,
EP002372,E02973,P005,2025-08-07,2025-08-07,Completed,95.46
EP002373,E01089,P028,2024-09-17,,Enrolled,
EP002374,E03786,P006,2025-07-23,2025-08-13,Completed,79.81
EP002375,E04342,P025,2024-11-27,2024-12-04,Completed,89.72
EP002376,E04253,P029,2026-01-14,2026-03-04,Completed,86.38
EP002377,E03807,P013,2025-07-11,2025-08-02,Completed,84.68
EP002378,E02239,P014,2026-11-23,2026-11-27,Completed,83.66
EP002379,E03371,P022,2024-12-01,,Enrolled,
EP002380,E04914,P033,2025-03-30,,Enrolled,
EP002381,E03017,P009,2024-08-11,,Withdrawn,
EP002382,E02747,P038,2025-06-01,2025-06-12,Completed,80.83
EP002383,E00643,P036,2024-12-31,,Withdrawn,
EP002384,E03917,P015,2025-05-11,2025-06-15,Completed,72.7
EP002385,E02733,P009,2024-12-28,2024-12-28,Completed,70.95
EP002386,E03901,P028,2024-07-26,2024-08-16,Completed,78.41
EP002387,E00703,P010,2024-07-28,,Withdrawn,
EP002388,E02337,P025,2024-10-16,2024-11-01,Completed,80.91
EP002389,E02451,P024,2025-01-11,,Enrolled,
EP002390,E02368,P040,2025-01-07,,Enrolled,
EP002391,E01965,P025,2024-09-25,,Enrolled,
EP002392,E01002,P032,2025-03-01,2025-04-15,Completed,69.36
EP002393,E04189,P028,2024-07-25,,Withdrawn,
EP002394,E01452,P021,2025-01-11,2025-03-27,Completed,91.99
EP002395,E01316,P039,2026-04-28,2026-05-24,Completed,87.23
EP002396,E00488,P026,2026-09-11,,In Progress,
EP002397,E01671,P022,2025-01-04,2025-01-09,Completed,85.44
EP002398,E03162,P028,2024-07-29,,Enrolled,
EP002399,E01340,P031,2026-07-29,2026-08-10,Completed,80.29
EP002400,E02412,P033,2024-12-29,,Enrolled,
EP002401,E03479,P030,2026-07-16,2026-07-30,Completed,76.09
EP002402,E04219,P010,2024-07-07,2024-08-01,Completed,76.48
EP002403,E03198,P028,2024-05-23,2024-06-09,Completed,76.47
EP002404,E02857,P011,2024-10-25,,Enrolled,
EP002405,E04475,P009,2024-11-17,,Enrolled,
EP002406,E00309,P028,2024-05-27,,Enrolled,
EP002407,E04907,P001,2025-12-24,2026-02-03,Completed,90.29
EP002408,E01103,P029,2026-03-05,,Enrolled,
EP002409,E02382,P025,2024-08-17,2024-09-25,Completed,75.75
EP002410,E02147,P031,2026-07-28,2026-08-25,Completed,84.64
EP002411,E03786,P025,2024-10-22,2024-11-21,Completed,85.66
EP002412,E02642,P016,2024-10-03,2024-11-08,Completed,100.0
EP002413,E01271,P006,2025-06-28,2025-07-15,Completed,76.68
EP002414,E02093,P032,2025-03-23,2025-04-21,Completed,82.37
EP002415,E00671,P009,2024-07-01,,Enrolled,
EP002416,E00404,P002,2024-09-15,,Enrolled,
EP002417,E00273,P029,2026-02-24,2026-03-18,Completed,89.76
EP002418,E00051,P016,2024-09-27,,Withdrawn,
EP002419,E04752,P010,2024-07-23,,Enrolled,
EP002420,E00388,P009,2024-12-09,2024-12-26,Completed,82.28
EP002421,E01717,P020,2025-12-04,,Enrolled,
EP002422,E04183,P011,2024-10-08,2025-03-27,Completed,86.3
EP002423,E01619,P001,2025-11-28,,Enrolled,
EP002424,E00058,P005,2025-07-28,2025-08-02,Completed,78.49
EP002425,E03044,P016,2024-10-11,,Enrolled,
EP002426,E04663,P031,2026-07-21,2026-08-03,Completed,78.11
EP002427,E02150,P034,2025-09-17,,Enrolled,
EP002428,E01716,P037,2026-06-07,2026-07-26,Completed,94.43
EP002429,E03808,P018,2026-06-30,2026-07-09,Completed,79.64
EP002430,E02388,P027,2024-11-28,2025-01-27,Completed,81.52
EP002431,E04651,P023,2025-05-06,,Withdrawn,
EP002432,E01664,P033,2025-04-03,2025-04-04,Completed,73.43
EP002433,E01040,P029,2026-05-21,2026-05-28,Completed,89.86
EP002434,E00827,P011,2024-10-17,,Enrolled,
EP002435,E04141,P030,2026-05-29,2026-07-03,Completed,87.64
EP002436,E03636,P022,2025-01-18,,Withdrawn,
EP002437,E04317,P025,2024-09-14,2024-11-24,Completed,84.85
EP002438,E02300,P013,2025-06-22,,Withdrawn,
EP002439,E03908,P022,2024-11-30,2024-12-14,Completed,84.48
EP002440,E01657,P033,2025-01-28,,Enrolled,
EP002441,E03186,P022,2024-11-15,2024-12-24,Completed,79.18
EP002442,E00031,P022,2024-11-19,,Enrolled,
EP002443,E03339,P013,2025-07-04,,Enrolled,
EP002444,E00782,P036,2024-12-30,2025-01-26,Completed,100.0
EP002445,E04854,P018,2026-04-15,,Enrolled,
EP002446,E00286,P006,2025-05-09,,Enrolled,
EP002447,E00714,P003,2025-11-07,2025-12-01,Completed,74.43
EP002448,E04934,P011,2024-09-22,2025-02-24,Completed,81.02
EP002449,E01390,P027,2024-12-25,,Enrolled,
EP002450,E02039,P038,2025-05-28,2025-06-26,Completed,81.72
EP002451,E01240,P010,2024-07-08,2024-07-10,Completed,96.96
EP002452,E01226,P028,2024-09-18,2024-09-18,Completed,100.0
EP002453,E02245,P010,2024-08-13,,Enrolled,
EP002454,E00704,P040,2024-12-18,,Enrolled,
EP002455,E00593,P022,2024-12-20,2024-12-23,Completed,79.56
EP002456,E02113,P021,2025-01-02,2025-03-07,Completed,93.85
EP002457,E04162,P037,2026-07-16,,Enrolled,
EP002458,E04719,P023,2025-06-08,,Withdrawn,
EP002459,E03303,P020,2025-10-09,,Enrolled,
EP002460,E02727,P020,2025-11-20,2025-11-28,Completed,81.84
EP002461,E02153,P023,2025-08-06,,Enrolled,
EP002462,E01303,P027,2025-02-03,2025-02-09,Completed,89.53
EP002463,E00363,P033,2024-12-20,,Withdrawn,
EP002464,E00830,P024,2025-03-05,2025-04-11,Completed,75.13
EP002465,E00196,P013,2025-05-19,2025-06-06,Completed,86.12
EP002466,E04929,P012,2025-05-13,,Enrolled,
EP002467,E00364,P032,2025-05-11,,Enrolled,
EP002468,E04168,P017,2024-05-05,,Enrolled,
EP002469,E00787,P024,2025-02-15,2025-04-13,Completed,100.0
EP002470,E04466,P029,2026-05-29,,Enrolled,
EP002471,E01621,P029,2026-04-07,2026-04-21,Completed,79.23
EP002472,E01919,P024,2025-04-02,2025-04-10,Completed,92.85
EP002473,E04221,P023,2025-07-14,2025-07-16,Completed,73.61
EP002474,E02974,P014,2026-09-09,,In Progress,
EP002475,E03339,P005,2025-05-02,,Enrolled,
EP002476,E04647,P014,2026-12-27,2026-12-28,Completed,100.0
EP002477,E02284,P025,2024-08-27,,Withdrawn,
EP002478,E01477,P017,2024-05-10,2024-05-20,Completed,80.25
EP002479,E04766,P038,2025-04-21,2025-05-02,Completed,94.94
EP002480,E01315,P002,2024-09-27,2024-12-13,Completed,92.58
EP002481,E02834,P011,2024-10-25,2024-12-20,Completed,79.93
EP002482,E00121,P013,2025-06-07,,Withdrawn,
EP002483,E04044,P040,2024-09-01,,Enrolled,
EP002484,E04469,P022,2024-12-14,2025-01-07,Completed,92.26
EP002485,E03298,P009,2024-12-08,2024-12-22,Completed,92.91
EP002486,E03918,P003,2025-10-12,2025-10-21,Completed,95.17
EP002487,E03206,P033,2025-02-28,,Withdrawn,
EP002488,E03787,P027,2025-02-16,,Enrolled,
EP002489,E00964,P036,2025-01-26,2025-01-29,Completed,72.3
EP002490,E03450,P003,2025-10-15,,Enrolled,
EP002491,E02450,P033,2025-01-17,,Enrolled,
EP002492,E02320,P017,2024-07-04,2024-07-17,Completed,100.0
EP002493,E02966,P029,2026-02-14,2026-05-10,Completed,87.23
EP002494,E02176,P004,2025-11-23,,Enrolled,
EP002495,E03355,P008,2024-11-04,2024-11-10,Completed,87.65
EP002496,E00256,P035,2024-08-26,,Enrolled,
EP002497,E04248,P008,2024-07-23,2024-09-03,Completed,63.12
EP002498,E03153,P023,2025-05-22,,Enrolled,
EP002499,E02882,P029,2026-03-27,2026-05-19,Completed,91.04
EP002500,E03439,P015,2025-05-14,,Withdrawn,
EP002501,E01051,P028,2024-09-10,,Enrolled,
EP002502,E03113,P035,2024-08-19,,Withdrawn,
EP002503,E00730,P020,2025-11-18,2026-01-12,Completed,91.91
EP002504,E02867,P004,2026-02-11,2026-02-14,Completed,78.39
EP002505,E03302,P027,2025-01-21,,Enrolled,
EP002506,E03800,P007,2024-09-23,,Enrolled,
EP002507,E03789,P037,2026-05-15,2026-07-06,Completed,92.09
EP002508,E04327,P034,2025-07-07,,Withdrawn,
EP002509,E03700,P038,2025-05-24,2025-06-03,Completed,78.42
EP002510,E03170,P039,2026-05-21,2026-05-28,Completed,68.96
EP002511,E01973,P003,2025-11-15,,Enrolled,
EP002512,E03110,P029,2026-04-21,,Withdrawn,
EP002513,E04978,P004,2025-08-27,,Enrolled,
EP002514,E00008,P017,2024-06-09,,Enrolled,
EP002515,E04462,P024,2025-02-21,2025-03-16,Completed,70.6
EP002516,E04996,P026,2026-09-24,2026-09-25,Completed,82.85
EP002517,E04727,P004,2025-11-16,2025-12-04,Completed,79.06
EP002518,E01558,P017,2024-07-06,2024-07-21,Completed,94.47
EP002519,E02301,P033,2025-03-31,,Withdrawn,
EP002520,E00063,P037,2026-05-29,,Enrolled,
EP002521,E02462,P001,2026-01-06,2026-01-08,Completed,81.84
EP002522,E03214,P007,2024-08-30,,Enrolled,
EP002523,E00823,P027,2024-12-16,,Enrolled,
EP002524,E00707,P019,2026-01-24,2026-05-04,Completed,78.94
EP002525,E02019,P037,2026-05-14,2026-07-05,Completed,79.93
EP002526,E04851,P003,2025-10-30,2025-11-21,Completed,100.0
EP002527,E04794,P012,2025-05-02,,Enrolled,
EP002528,E01449,P013,2025-06-08,,Enrolled,
EP002529,E01111,P033,2025-03-29,2025-04-01,Completed,73.23
EP002530,E02366,P005,2025-06-23,2025-07-31,Completed,87.83
EP002531,E01751,P023,2025-06-28,2025-08-05,Completed,76.17
EP002532,E03944,P011,2024-12-17,,Withdrawn,
EP002533,E03134,P015,2025-06-05,,Withdrawn,
EP002534,E00726,P006,2025-06-18,2025-06-22,Completed,90.15
EP002535,E01165,P011,2024-09-12,2025-03-18,Completed,97.67
EP002536,E03062,P007,2024-08-28,2024-09-07,Completed,71.25
EP002537,E02310,P018,2026-07-09,,Enrolled,
EP002538,E04995,P040,2024-11-22,2024-12-09,Completed,71.22
EP002539,E03718,P017,2024-04-03,2024-06-25,Completed,100.0
EP002540,E01845,P030,2026-06-05,,In Progress,
EP002541,E04854,P001,2026-02-15,2026-02-16,Completed,99.67
EP002542,E02755,P038,2025-05-09,,Enrolled,
EP002543,E01324,P033,2025-03-08,2025-03-13,Completed,79.68
EP002544,E02247,P039,2026-03-22,,Enrolled,
EP002545,E02134,P019,2025-12-26,,Enrolled,
EP002546,E04917,P024,2025-01-16,,Enrolled,
EP002547,E04842,P002,2024-10-20,2024-10-29,Completed,93.28
EP002548,E01758,P036,2025-02-04,2025-02-04,Completed,88.28
EP002549,E03613,P016,2024-07-24,2024-07-27,Completed,70.99
EP002550,E04598,P030,2026-06-27,2026-08-07,Completed,100.0
EP002551,E01482,P008,2024-11-08,,Enrolled,
EP002552,E04577,P023,2025-08-09,2025-09-08,Completed,83.54
EP002553,E04062,P003,2025-10-20,,Enrolled,
EP002554,E01018,P028,2024-07-19,2024-09-01,Completed,82.17
EP002555,E01616,P026,2026-09-11,2026-10-25,Completed,86.72
EP002556,E01347,P013,2025-05-31,2025-07-29,Completed,86.66
EP002557,E00579,P015,2025-05-08,,Withdrawn,
EP002558,E01352,P010,2024-08-13,2024-08-26,Completed,83.04
EP002559,E02676,P034,2025-04-17,2025-08-21,Completed,82.21
EP002560,E00427,P008,2024-11-09,2024-11-11,Completed,89.0
EP002561,E00228,P036,2024-12-20,2025-01-04,Completed,86.39
EP002562,E01662,P002,2024-10-05,,Withdrawn,
EP002563,E03600,P019,2026-03-31,2026-04-01,Completed,82.34
EP002564,E00185,P022,2024-11-10,2024-12-28,Completed,81.12
EP002565,E04406,P004,2025-09-06,,Enrolled,
EP002566,E04020,P020,2025-09-18,2025-10-03,Completed,87.72
EP002567,E04777,P010,2024-07-26,2024-08-23,Completed,98.04
EP002568,E02906,P018,2026-06-15,,Withdrawn,
EP002569,E03799,P022,2024-12-17,,Enrolled,
EP002570,E04976,P007,2024-09-22,2024-10-11,Completed,90.31
EP002571,E01615,P008,2024-06-11,2024-10-19,Completed,85.47
EP002572,E04591,P018,2026-07-15,2026-07-17,Completed,83.29
EP002573,E01040,P029,2026-05-28,2026-05-31,Completed,99.28
EP002574,E04129,P013,2025-06-18,2025-07-23,Completed,78.28
EP002575,E02180,P020,2026-01-07,2026-01-18,Completed,95.38
EP002576,E02897,P040,2024-10-01,2025-02-22,Completed,92.18
EP002577,E02462,P039,2026-05-09,,Withdrawn,
EP002578,E00411,P040,2024-11-10,2025-02-15,Completed,82.83
EP002579,E04997,P028,2024-08-13,2024-08-24,Completed,95.98
EP002580,E00536,P010,2024-08-27,,Enrolled,
EP002581,E00637,P022,2024-11-29,2024-12-02,Completed,89.72
EP002582,E02706,P034,2025-04-26,2025-07-07,Completed,76.52
EP002583,E02969,P010,2024-07-21,2024-08-15,Completed,83.33
EP002584,E00677,P012,2025-05-08,,Enrolled,
EP002585,E02581,P005,2025-05-28,2025-07-08,Completed,77.85
EP002586,E00768,P032,2025-01-07,,Withdrawn,
EP002587,E01479,P034,2025-09-05,,Enrolled,
EP002588,E01930,P038,2025-04-13,,Withdrawn,
EP002589,E01539,P009,2024-12-04,2025-01-01,Completed,82.06
EP002590,E01773,P013,2025-06-14,,Enrolled,
EP002591,E02432,P008,2024-06-24,,Withdrawn,
EP002592,E03030,P033,2025-01-31,2025-03-25,Completed,85.58
EP002593,E01977,P032,2025-03-18,,Enrolled,
EP002594,E01155,P020,2025-10-26,2025-10-30,Completed,97.89
EP002595,E04406,P033,2024-12-29,2025-03-14,Completed,86.11
EP002596,E04521,P029,2026-02-08,2026-04-17,Completed,86.12
EP002597,E01803,P002,2024-12-23,,Enrolled,
EP002598,E04597,P030,2026-06-28,2026-08-06,Completed,100.0
EP002599,E02969,P036,2025-02-01,2025-02-01,Completed,85.48
EP002600,E01602,P022,2025-01-17,2025-01-17,Completed,83.53
EP002601,E03006,P040,2024-08-27,2024-12-17,Completed,90.01
EP002602,E01301,P005,2025-06-18,2025-06-21,Completed,78.14
EP002603,E01750,P035,2024-07-26,,Enrolled,
EP002604,E01414,P023,2025-07-25,,Enrolled,
EP002605,E00737,P033,2025-01-29,2025-03-03,Completed,89.46
EP002606,E02912,P027,2024-11-26,,Enrolled,
EP002607,E04590,P023,2025-05-16,,Enrolled,
EP002608,E03116,P009,2024-10-21,2024-12-24,Completed,85.12
EP002609,E03915,P026,2026-09-11,2026-10-22,Completed,92.3
EP002610,E03240,P020,2025-12-07,,Enrolled,
EP002611,E03213,P017,2024-03-22,,Enrolled,
EP002612,E03705,P022,2024-11-28,2024-12-31,Completed,85.83
EP002613,E00306,P031,2026-07-02,,In Progress,
EP002614,E03192,P016,2024-10-23,2024-11-13,Completed,98.5
EP002615,E02541,P007,2024-10-20,2024-10-20,Completed,87.54
EP002616,E00005,P011,2025-02-04,2025-02-09,Completed,84.9
EP002617,E02023,P032,2025-01-16,,Enrolled,
EP002618,E00700,P017,2024-03-12,,Withdrawn,
EP002619,E02422,P006,2025-06-12,2025-06-12,Completed,85.83
EP002620,E03071,P015,2025-03-02,2025-04-25,Completed,84.44
EP002621,E00948,P004,2025-09-12,2025-10-26,Completed,61.46
EP002622,E02394,P036,2024-12-30,2025-01-18,Completed,81.95
EP002623,E03287,P035,2024-07-26,,Enrolled,
EP002624,E03810,P013,2025-08-04,,Enrolled,
EP002625,E01489,P037,2026-07-10,2026-07-15,Completed,100.0
EP002626,E04586,P002,2024-12-24,,Enrolled,
EP002627,E03737,P036,2025-01-05,2025-01-21,Completed,97.69
EP002628,E02023,P020,2025-12-12,2026-01-14,Completed,94.61
EP002629,E00910,P012,2025-05-18,2025-05-26,Completed,85.73
EP002630,E02363,P008,2024-06-16,2024-07-02,Completed,77.45
EP002631,E00318,P020,2025-11-20,2025-12-19,Completed,85.58
EP002632,E02156,P020,2025-10-30,,Enrolled,
EP002633,E03528,P024,2025-02-18,2025-03-10,Completed,88.61
EP002634,E04338,P031,2026-07-25,,In Progress,
EP002635,E03979,P022,2025-01-18,2025-01-19,Completed,91.77
EP002636,E00717,P032,2025-03-13,2025-05-16,Completed,80.13
EP002637,E04325,P032,2025-02-21,,Enrolled,
EP002638,E03706,P011,2024-11-05,2024-11-28,Completed,77.76
EP002639,E00582,P007,2024-09-06,,Enrolled,
EP002640,E01680,P009,2024-08-12,2024-10-07,Completed,77.07
EP002641,E04207,P012,2025-05-10,,Enrolled,
EP002642,E02485,P021,2025-02-03,2025-03-10,Completed,84.72
EP002643,E03838,P032,2024-12-29,,Enrolled,
EP002644,E04982,P040,2025-02-22,,Withdrawn,
EP002645,E04276,P010,2024-08-23,2024-08-25,Completed,92.95
EP002646,E01748,P037,2026-06-15,,Enrolled,
EP002647,E01002,P031,2026-08-23,2026-08-25,Completed,99.87
EP002648,E03791,P020,2026-01-11,,Enrolled,
EP002649,E02169,P004,2026-01-03,,Withdrawn,
EP002650,E01268,P040,2024-12-30,,Enrolled,
EP002651,E01828,P033,2025-04-03,,Enrolled,
EP002652,E00773,P026,2026-08-02,,In Progress,
EP002653,E00804,P029,2026-05-08,,Withdrawn,
EP002654,E04205,P013,2025-07-29,2025-08-03,Completed,73.57
EP002655,E01325,P017,2024-03-23,,Enrolled,
EP002656,E01257,P033,2025-02-21,2025-03-29,Completed,72.98
EP002657,E03846,P001,2026-01-12,,Enrolled,
EP002658,E04311,P006,2025-04-27,2025-07-31,Completed,69.82
EP002659,E00136,P005,2025-05-14,2025-06-28,Completed,93.87
EP002660,E01410,P039,2026-03-16,,Enrolled,
EP002661,E02433,P025,2024-09-07,2024-10-26,Completed,91.26
EP002662,E00247,P011,2024-11-29,,Enrolled,
EP002663,E00806,P023,2025-07-17,,Enrolled,
EP002664,E02741,P022,2024-12-31,,Withdrawn,
EP002665,E01453,P030,2026-06-25,,In Progress,
EP002666,E03201,P018,2026-05-07,,Enrolled,
EP002667,E01194,P039,2026-03-21,,Enrolled,
EP002668,E03024,P029,2026-02-24,2026-04-14,Completed,91.66
EP002669,E04502,P014,2026-09-04,2026-09-11,Completed,80.89
EP002670,E00830,P028,2024-06-06,2024-07-10,Completed,72.59
EP002671,E01897,P031,2026-08-11,2026-08-16,Completed,83.2
EP002672,E04732,P007,2024-10-12,2024-10-20,Completed,80.92
EP002673,E02460,P036,2025-01-01,2025-01-08,Completed,69.14
EP002674,E00867,P010,2024-07-03,2024-07-22,Completed,92.41
EP002675,E02032,P005,2025-05-17,2025-07-06,Completed,72.52
EP002676,E04435,P035,2024-07-19,2024-08-14,Completed,71.05
EP002677,E01940,P039,2026-04-21,,Withdrawn,
EP002678,E02975,P033,2025-03-19,,Enrolled,
EP002679,E02599,P026,2026-10-02,,In Progress,
EP002680,E02103,P024,2025-04-09,2025-04-20,Completed,83.15
EP002681,E01530,P003,2025-11-26,2025-12-06,Completed,82.21
EP002682,E02222,P030,2026-08-04,,In Progress,
EP002683,E03650,P005,2025-05-23,,Enrolled,
EP002684,E02449,P010,2024-06-27,,Enrolled,
EP002685,E00361,P001,2026-01-25,,Withdrawn,
EP002686,E04837,P014,2026-11-28,2026-12-09,Completed,100.0
EP002687,E01083,P029,2026-05-19,2026-05-24,Completed,83.17
EP002688,E04324,P028,2024-06-17,,Enrolled,
EP002689,E03059,P018,2026-06-28,,Enrolled,
EP002690,E00549,P028,2024-09-03,,Enrolled,
EP002691,E00126,P005,2025-05-24,2025-05-28,Completed,96.29
EP002692,E03518,P008,2024-06-02,2024-09-28,Completed,81.06
EP002693,E01417,P008,2024-08-28,2024-11-13,Completed,79.83
EP002694,E02570,P024,2025-04-07,2025-04-19,Completed,86.11
EP002695,E00336,P027,2025-01-21,2025-02-15,Completed,82.12
EP002696,E00399,P008,2024-08-06,2024-10-04,Completed,83.89
EP002697,E02212,P009,2024-11-02,2024-12-19,Completed,100.0
EP002698,E00361,P015,2025-04-26,,Enrolled,
EP002699,E03356,P009,2024-11-21,,Withdrawn,
EP002700,E02549,P014,2026-09-05,2026-10-09,Completed,78.96
EP002701,E00827,P003,2025-11-05,2025-12-04,Completed,55.55
EP002702,E03957,P021,2025-02-20,2025-03-24,Completed,86.96
EP002703,E02587,P036,2024-12-19,,Enrolled,
EP002704,E01529,P007,2024-08-21,2024-10-01,Completed,72.85
EP002705,E00939,P036,2024-12-22,2025-01-09,Completed,85.23
EP002706,E04612,P007,2024-09-29,2024-10-02,Completed,78.92
EP002707,E04034,P026,2026-10-21,,Withdrawn,
EP002708,E03000,P002,2024-09-02,,Enrolled,
EP002709,E01556,P027,2025-01-07,2025-02-14,Completed,80.49
EP002710,E03464,P026,2026-10-22,2026-10-23,Completed,87.99
EP002711,E01176,P015,2025-05-26,,Enrolled,
EP002712,E01885,P003,2025-09-30,,Enrolled,
EP002713,E01579,P024,2025-02-05,,Enrolled,
EP002714,E01295,P037,2026-06-28,2026-07-08,Completed,92.67
EP002715,E04466,P009,2024-09-12,,Withdrawn,
EP002716,E02532,P040,2024-09-01,2025-01-01,Completed,63.72
EP002717,E01208,P006,2025-05-02,2025-07-12,Completed,85.03
EP002718,E00404,P038,2025-04-23,,Enrolled,
EP002719,E00950,P019,2026-01-16,,Enrolled,
EP002720,E04615,P034,2025-07-25,2025-07-25,Completed,71.32
EP002721,E00297,P002,2024-11-04,2024-11-22,Completed,100.0
EP002722,E01034,P011,2025-03-06,2025-03-20,Completed,88.11
EP002723,E00589,P034,2025-06-22,,Enrolled,
EP002724,E03988,P018,2026-04-15,2026-04-15,Completed,98.94
EP002725,E02542,P004,2025-11-21,,Enrolled,
EP002726,E00431,P037,2026-05-10,,Enrolled,
EP002727,E03385,P039,2026-04-23,2026-05-07,Completed,100.0
EP002728,E03063,P018,2026-05-08,,Enrolled,
EP002729,E03503,P026,2026-10-10,2026-10-25,Completed,88.7
EP002730,E01463,P006,2025-04-30,2025-05-07,Completed,96.99
EP002731,E01266,P039,2026-06-03,2026-06-03,Completed,89.93
EP002732,E02097,P029,2025-12-27,2026-01-16,Completed,99.69
EP002733,E04198,P028,2024-05-31,2024-08-02,Completed,88.13
EP002734,E00756,P027,2024-12-28,2025-01-09,Completed,78.18
EP002735,E02821,P004,2025-10-24,2026-01-19,Completed,77.86
EP002736,E00386,P008,2024-09-01,2024-10-18,Completed,99.97
EP002737,E04787,P011,2025-02-02,2025-03-05,Completed,74.39
EP002738,E01852,P013,2025-06-04,,Enrolled,
EP002739,E03018,P030,2026-07-15,2026-07-18,Completed,81.27
EP002740,E00504,P031,2026-07-20,,In Progress,
EP002741,E04094,P030,2026-06-26,2026-07-06,Completed,80.34
EP002742,E01045,P024,2025-03-06,2025-03-20,Completed,82.21
EP002743,E02242,P003,2025-10-15,,Enrolled,
EP002744,E02384,P022,2024-12-21,,Enrolled,
EP002745,E03943,P005,2025-05-12,2025-05-17,Completed,94.26
EP002746,E04064,P006,2025-07-15,,Withdrawn,
EP002747,E02004,P015,2025-06-09,2025-06-15,Completed,70.95
EP002748,E01789,P027,2025-01-11,2025-02-07,Completed,90.76
EP002749,E01749,P036,2025-01-13,2025-01-17,Completed,81.02
EP002750,E00616,P029,2026-01-03,2026-03-17,Completed,83.91
EP002751,E00684,P010,2024-07-16,2024-08-02,Completed,87.89
EP002752,E00752,P002,2024-09-20,2024-10-29,Completed,74.36
EP002753,E03143,P037,2026-06-14,,Enrolled,
EP002754,E03274,P010,2024-08-27,2024-08-27,Completed,88.82
EP002755,E01080,P034,2025-06-15,2025-09-02,Completed,79.19
EP002756,E03095,P020,2025-10-02,,Enrolled,
EP002757,E00341,P027,2025-01-23,,Withdrawn,
EP002758,E02865,P039,2026-03-13,,Enrolled,
EP002759,E04519,P017,2024-04-29,2024-05-09,Completed,89.69
EP002760,E01869,P036,2025-01-16,2025-02-01,Completed,80.95
EP002761,E01582,P031,2026-06-29,2026-07-02,Completed,85.28
EP002762,E04466,P007,2024-09-10,2024-09-13,Completed,82.86
EP002763,E03805,P016,2024-08-15,2024-12-17,Completed,77.56
EP002764,E03041,P020,2025-10-15,2025-11-18,Completed,87.22
EP002765,E04674,P034,2025-06-28,2025-07-19,Completed,92.78
EP002766,E01319,P010,2024-07-17,,Enrolled,
EP002767,E03598,P029,2026-04-21,2026-04-28,Completed,89.93
EP002768,E02837,P019,2026-02-11,,Withdrawn,
EP002769,E01412,P008,2024-11-11,2024-11-14,Completed,77.99
EP002770,E01335,P009,2024-12-25,,Enrolled,
EP002771,E00365,P004,2025-11-19,2025-12-09,Completed,94.35
EP002772,E01768,P040,2025-01-25,,Enrolled,
EP002773,E03052,P037,2026-05-19,,Enrolled,
EP002774,E02934,P023,2025-05-07,2025-06-26,Completed,85.67
EP002775,E04121,P037,2026-07-16,2026-07-27,Completed,81.44
EP002776,E02342,P013,2025-06-10,,Withdrawn,
EP002777,E04378,P013,2025-06-22,2025-08-03,Completed,70.4
EP002778,E04632,P020,2025-10-17,2025-11-07,Completed,74.19
EP002779,E02535,P022,2024-11-11,2024-12-10,Completed,88.17
EP002780,E03938,P033,2025-01-24,2025-04-03,Completed,97.0
EP002781,E02347,P021,2025-01-19,2025-02-07,Completed,80.7
EP002782,E03515,P011,2024-10-03,2025-03-23,Completed,91.24
EP002783,E02903,P040,2024-12-21,2025-01-21,Completed,85.1
EP002784,E04312,P036,2024-12-06,,Enrolled,
EP002785,E00505,P016,2024-08-07,2024-09-14,Completed,77.52
EP002786,E00891,P006,2025-07-24,2025-08-09,Completed,81.35
EP002787,E03824,P033,2025-02-10,,Withdrawn,
EP002788,E00529,P011,2024-11-17,2024-11-19,Completed,80.64
EP002789,E02670,P018,2026-04-06,2026-04-21,Completed,79.9
EP002790,E02485,P012,2025-04-27,2025-06-06,Completed,81.88
EP002791,E01791,P016,2024-10-08,,Enrolled,
EP002792,E04757,P010,2024-07-14,,Enrolled,
EP002793,E02030,P008,2024-07-17,,Withdrawn,
EP002794,E02936,P010,2024-07-02,,Enrolled,
EP002795,E04058,P020,2025-11-18,2026-01-01,Completed,77.75
EP002796,E04419,P005,2025-06-27,,Enrolled,
EP002797,E04808,P032,2025-02-03,,Enrolled,
EP002798,E01587,P024,2025-02-01,2025-02-07,Completed,92.73
EP002799,E00172,P007,2024-09-23,2024-10-17,Completed,82.41
EP002800,E03166,P004,2025-10-07,,Enrolled,
EP002801,E02993,P026,2026-08-12,2026-09-17,Completed,87.53
EP002802,E03429,P011,2024-10-01,2024-10-18,Completed,85.53
EP002803,E01789,P008,2024-11-14,,Enrolled,
EP002804,E03931,P021,2025-01-28,,Enrolled,
EP002805,E03084,P037,2026-05-19,,Withdrawn,
EP002806,E02987,P019,2026-04-23,2026-05-13,Completed,92.44
EP002807,E03180,P031,2026-08-13,2026-08-14,Completed,89.57
EP002808,E03842,P013,2025-07-08,,Enrolled,
EP002809,E03030,P011,2025-02-07,,Enrolled,
EP002810,E03835,P028,2024-06-02,,Withdrawn,
EP002811,E03652,P028,2024-06-29,,Enrolled,
EP002812,E02139,P013,2025-06-14,2025-07-03,Completed,89.76
EP002813,E02698,P002,2024-08-07,2024-09-24,Completed,91.86
EP002814,E00186,P012,2025-04-24,,Withdrawn,
EP002815,E01962,P032,2025-04-25,,Withdrawn,
EP002816,E01829,P021,2025-02-24,2025-03-18,Completed,84.82
EP002817,E04628,P034,2025-09-15,,Withdrawn,
EP002818,E01734,P014,2026-09-28,2026-12-17,Completed,79.61
EP002819,E00591,P039,2026-04-27,,Withdrawn,
EP002820,E03815,P006,2025-06-10,,Enrolled,
EP002821,E02629,P024,2025-04-15,2025-05-02,Completed,81.63
EP002822,E02200,P024,2025-04-20,,Enrolled,
EP002823,E04132,P001,2025-11-20,,Enrolled,
EP002824,E01463,P035,2024-08-03,,Enrolled,
EP002825,E01432,P036,2024-11-26,2024-12-16,Completed,78.31
EP002826,E03846,P030,2026-07-12,,Withdrawn,
EP002827,E03258,P001,2026-01-08,,Enrolled,
EP002828,E02086,P005,2025-04-28,2025-07-28,Completed,91.33
EP002829,E02098,P039,2026-05-26,,Enrolled,
EP002830,E04046,P014,2026-08-27,,In Progress,
EP002831,E00775,P033,2025-01-14,,Enrolled,
EP002832,E04912,P001,2025-12-02,2026-01-12,Completed,84.07
EP002833,E01598,P035,2024-06-17,2024-09-08,Completed,70.38
EP002834,E02716,P010,2024-07-10,2024-08-25,Completed,83.99
EP002835,E03854,P005,2025-06-09,2025-07-11,Completed,85.55
EP002836,E03605,P019,2026-02-22,2026-05-06,Completed,90.58
EP002837,E02259,P002,2024-07-27,2024-08-16,Completed,68.69
EP002838,E01854,P030,2026-08-15,,Withdrawn,
EP002839,E03976,P028,2024-07-05,,Withdrawn,
EP002840,E00954,P028,2024-06-13,,Enrolled,
EP002841,E02376,P038,2025-05-04,,Enrolled,
EP002842,E01004,P011,2025-03-23,,Enrolled,
EP002843,E01339,P038,2025-03-25,,Withdrawn,
EP002844,E01405,P018,2026-04-16,2026-07-06,Completed,83.0
EP002845,E02789,P003,2025-10-03,2025-11-15,Completed,77.24
EP002846,E04297,P012,2025-05-17,2025-06-22,Completed,83.89
EP002847,E01849,P031,2026-08-09,,Withdrawn,
EP002848,E04814,P017,2024-04-05,2024-07-12,Completed,66.2
EP002849,E02391,P033,2024-12-20,2025-01-14,Completed,68.44
EP002850,E04428,P039,2026-02-28,,Withdrawn,
EP002851,E04385,P010,2024-08-10,2024-08-16,Completed,87.59
EP002852,E04693,P016,2024-12-18,2024-12-18,Completed,68.15
EP002853,E03870,P004,2025-09-23,2026-01-01,Completed,75.77
EP002854,E00584,P009,2024-12-29,2024-12-30,Completed,82.07
EP002855,E04417,P036,2024-11-29,2025-01-03,Completed,100.0
EP002856,E00579,P018,2026-06-20,2026-07-10,Completed,80.66
EP002857,E00562,P027,2024-12-27,2025-01-26,Completed,62.68
EP002858,E03744,P027,2025-01-27,,Enrolled,
EP002859,E01124,P006,2025-05-06,,Withdrawn,
EP002860,E02725,P038,2025-06-16,2025-06-20,Completed,93.58
EP002861,E01390,P002,2024-08-20,2024-09-15,Completed,88.36
EP002862,E00364,P040,2024-08-28,2024-10-21,Completed,67.37
EP002863,E01260,P011,2024-09-15,2024-10-24,Completed,90.09
EP002864,E01831,P006,2025-04-19,,Withdrawn,
EP002865,E03040,P009,2024-08-20,,Withdrawn,
EP002866,E04019,P020,2025-10-24,2025-12-13,Completed,75.83
EP002867,E04355,P020,2025-10-25,,Enrolled,
EP002868,E04132,P002,2024-08-12,2024-10-12,Completed,88.75
EP002869,E00709,P030,2026-08-04,,Withdrawn,
EP002870,E00830,P033,2024-12-13,,Enrolled,
EP002871,E00674,P039,2026-05-27,,Withdrawn,
EP002872,E02888,P018,2026-06-17,2026-07-09,Completed,88.4
EP002873,E00551,P038,2025-04-08,2025-05-27,Completed,81.94
EP002874,E04275,P031,2026-08-18,2026-08-21,Completed,79.99
EP002875,E00305,P008,2024-07-28,2024-08-14,Completed,72.3
EP002876,E02056,P039,2026-04-05,,Enrolled,
EP002877,E04561,P009,2024-09-24,2024-12-27,Completed,84.45
EP002878,E04508,P017,2024-04-20,2024-07-06,Completed,87.58
EP002879,E00876,P029,2026-05-29,2026-05-30,Completed,93.09
EP002880,E04789,P029,2026-04-08,,Enrolled,
EP002881,E00228,P021,2025-01-25,,Withdrawn,
EP002882,E04445,P019,2026-02-25,,Enrolled,
EP002883,E02627,P033,2024-12-30,,Enrolled,
EP002884,E00890,P026,2026-09-27,2026-09-28,Completed,78.44
EP002885,E04537,P030,2026-06-11,2026-07-02,Completed,68.75
EP002886,E01854,P025,2024-11-20,,Enrolled,
EP002887,E00916,P025,2024-07-18,2024-10-10,Completed,85.62
EP002888,E01105,P040,2025-02-02,2025-02-27,Completed,94.43
EP002889,E01624,P039,2026-04-11,2026-05-20,Completed,85.45
EP002890,E03880,P026,2026-10-07,2026-10-13,Completed,85.73
EP002891,E00825,P001,2025-12-27,2026-01-23,Completed,80.77
EP002892,E02298,P014,2026-10-22,,Withdrawn,
EP002893,E01199,P003,2025-10-18,,Withdrawn,
EP002894,E03431,P026,2026-08-09,2026-10-08,Completed,100.0
EP002895,E00840,P027,2024-11-20,2024-11-21,Completed,88.59
EP002896,E04139,P032,2025-01-24,2025-05-13,Completed,68.95
EP002897,E01104,P023,2025-05-23,,Withdrawn,
EP002898,E03027,P026,2026-08-15,,Withdrawn,
EP002899,E00038,P008,2024-08-13,2024-09-10,Completed,85.5
EP002900,E04280,P016,2024-11-21,2024-11-24,Completed,75.99
EP002901,E01100,P029,2026-05-13,,Enrolled,
EP002902,E03864,P022,2024-12-13,2025-01-02,Completed,100.0
EP002903,E01069,P020,2025-11-21,,Enrolled,
EP002904,E01428,P037,2026-05-16,2026-07-13,Completed,90.5
EP002905,E01196,P017,2024-02-26,2024-04-19,Completed,77.3
EP002906,E03502,P031,2026-07-30,,In Progress,
EP002907,E01803,P032,2025-03-31,2025-04-17,Completed,79.86
EP002908,E00872,P001,2025-12-07,2025-12-19,Completed,79.13
EP002909,E03036,P002,2024-10-10,,Enrolled,
EP002910,E04333,P018,2026-07-23,2026-07-24,Completed,74.27
EP002911,E02457,P026,2026-08-07,2026-10-19,Completed,84.64
EP002912,E02942,P008,2024-10-25,2024-11-05,Completed,73.81
EP002913,E03594,P015,2025-04-26,2025-04-29,Completed,65.53
EP002914,E02429,P014,2026-10-03,,Withdrawn,
EP002915,E03420,P028,2024-07-20,,Enrolled,
EP002916,E02321,P040,2025-01-29,2025-02-16,Completed,100.0
EP002917,E00916,P035,2024-07-09,,Enrolled,
EP002918,E02964,P005,2025-04-24,2025-06-24,Completed,74.76
EP002919,E02121,P025,2024-09-29,2024-10-20,Completed,74.2
EP002920,E02619,P013,2025-08-01,,Enrolled,
EP002921,E03950,P031,2026-07-27,2026-08-24,Completed,86.2
EP002922,E02760,P019,2026-02-24,2026-03-04,Completed,79.62
EP002923,E02845,P013,2025-08-03,,Enrolled,
EP002924,E02096,P014,2026-08-21,2026-11-05,Completed,67.66
EP002925,E00111,P027,2025-01-12,,Enrolled,
EP002926,E03383,P004,2025-12-10,2025-12-15,Completed,77.37
EP002927,E02569,P024,2025-04-28,,Enrolled,
EP002928,E04644,P012,2025-04-16,2025-06-29,Completed,80.2
EP002929,E00810,P010,2024-07-03,,Withdrawn,
EP002930,E03014,P038,2025-06-20,2025-06-27,Completed,87.68
EP002931,E01703,P011,2024-10-17,2024-11-25,Completed,73.4
EP002932,E04199,P012,2025-06-23,,Withdrawn,
EP002933,E00178,P032,2025-03-03,2025-03-23,Completed,72.26
EP002934,E03649,P015,2025-04-26,,Withdrawn,
EP002935,E01786,P015,2025-03-02,2025-04-03,Completed,83.51
EP002936,E02372,P034,2025-06-25,,Withdrawn,
EP002937,E01757,P030,2026-07-09,2026-07-17,Completed,83.26
EP002938,E00464,P014,2026-10-22,,Withdrawn,
EP002939,E02202,P010,2024-08-10,,Enrolled,
EP002940,E03308,P035,2024-09-05,2024-09-17,Completed,88.35
EP002941,E01088,P025,2024-07-31,,Enrolled,
EP002942,E02086,P004,2025-12-02,,Withdrawn,
EP002943,E01691,P023,2025-05-18,,Enrolled,
EP002944,E00201,P012,2025-04-16,2025-07-04,Completed,92.81
EP002945,E04195,P033,2025-02-12,2025-03-31,Completed,78.01
EP002946,E02720,P022,2025-01-15,,Withdrawn,
EP002947,E04473,P025,2024-07-24,,Enrolled,
EP002948,E04012,P011,2024-12-27,2025-03-10,Completed,93.61
EP002949,E01617,P009,2024-11-28,2024-12-19,Completed,91.07
EP002950,E04736,P036,2024-12-07,2024-12-20,Completed,89.48
EP002951,E01842,P024,2025-04-05,2025-05-05,Completed,69.7
EP002952,E04996,P032,2025-05-02,2025-05-17,Completed,94.59
EP002953,E01708,P001,2025-12-27,2026-01-20,Completed,86.74
EP002954,E04965,P023,2025-05-20,2025-09-04,Completed,74.92
EP002955,E04753,P037,2026-07-11,2026-07-11,Completed,89.69
EP002956,E03728,P008,2024-07-11,,Enrolled,
EP002957,E04513,P015,2025-03-08,2025-04-30,Completed,92.79
EP002958,E02871,P002,2024-12-17,2024-12-25,Completed,88.83
EP002959,E02558,P015,2025-03-25,,Enrolled,
EP002960,E03294,P007,2024-08-13,,Enrolled,
EP002961,E03036,P014,2026-11-06,2026-11-24,Completed,74.7
EP002962,E00347,P005,2025-06-12,2025-06-17,Completed,79.17
EP002963,E04280,P004,2025-12-16,2026-01-02,Completed,93.67
EP002964,E03441,P033,2025-03-13,2025-03-20,Completed,94.96
EP002965,E01844,P007,2024-09-06,,Enrolled,
EP002966,E03538,P007,2024-10-09,,Enrolled,
EP002967,E01472,P011,2024-11-16,,Enrolled,
EP002968,E02599,P017,2024-07-12,2024-07-18,Completed,84.76
EP002969,E01751,P021,2025-03-27,2025-03-29,Completed,89.05
EP002970,E04554,P015,2025-03-08,,Enrolled,
EP002971,E02203,P002,2024-10-03,,Enrolled,
EP002972,E02845,P006,2025-07-25,,Enrolled,
EP002973,E00557,P017,2024-04-18,2024-06-20,Completed,81.52
EP002974,E01293,P001,2026-01-26,2026-02-06,Completed,74.07
EP002975,E02648,P001,2026-02-18,,Enrolled,
EP002976,E04473,P019,2026-05-14,,Enrolled,
EP002977,E02148,P009,2024-09-18,2024-10-15,Completed,83.5
EP002978,E03822,P011,2024-12-23,2025-03-22,Completed,81.77
EP002979,E00839,P013,2025-06-23,2025-06-27,Completed,77.54
EP002980,E00136,P030,2026-07-20,,In Progress,
EP002981,E02471,P020,2025-11-14,2025-12-20,Completed,72.46
EP002982,E00708,P033,2025-02-23,2025-02-26,Completed,90.03
EP002983,E03942,P006,2025-05-04,,Enrolled,
EP002984,E03861,P026,2026-08-18,2026-10-15,Completed,80.69
EP002985,E02320,P032,2025-04-17,,Enrolled,
EP002986,E01162,P013,2025-06-23,2025-06-23,Completed,77.72
EP002987,E02471,P023,2025-06-23,,Enrolled,
EP002988,E02072,P035,2024-07-18,2024-08-13,Completed,78.01
EP002989,E02576,P004,2025-11-19,,Enrolled,
EP002990,E01902,P029,2026-03-05,2026-05-20,Completed,84.12
EP002991,E04653,P015,2025-06-16,2025-06-19,Completed,87.5
EP002992,E01237,P007,2024-08-02,,Enrolled,
EP002993,E01322,P020,2025-12-13,2025-12-29,Completed,91.95
EP002994,E02347,P012,2025-06-28,2025-07-03,Completed,85.43
EP002995,E04972,P027,2025-01-27,2025-02-06,Completed,88.27
EP002996,E02193,P038,2025-06-25,2025-06-29,Completed,63.21
EP002997,E04243,P016,2024-11-18,2024-12-02,Completed,75.12
EP002998,E00629,P003,2025-10-30,,Enrolled,
EP002999,E02023,P015,2025-04-21,2025-06-08,Completed,95.32
EP003000,E01270,P019,2025-12-19,,Enrolled,
EP003001,E03754,P040,2024-09-08,,Enrolled,
EP003002,E04887,P033,2025-01-04,2025-02-10,Completed,76.97
EP003003,E02348,P016,2024-09-21,2024-11-23,Completed,77.91
EP003004,E04684,P026,2026-08-16,2026-10-10,Completed,75.06
EP003005,E00285,P024,2025-03-06,2025-03-10,Completed,83.7
EP003006,E02812,P040,2024-12-15,2025-01-13,Completed,100.0
EP003007,E01735,P014,2026-08-22,2026-09-10,Completed,83.97
EP003008,E00206,P002,2024-08-16,,Enrolled,
EP003009,E03806,P027,2025-01-15,2025-01-23,Completed,92.71
EP003010,E04484,P023,2025-06-14,,Enrolled,
EP003011,E03900,P028,2024-06-24,2024-06-29,Completed,93.48
EP003012,E01437,P031,2026-06-20,2026-08-04,Completed,86.42
EP003013,E02524,P022,2024-12-22,2025-01-03,Completed,92.4
EP003014,E03058,P003,2025-11-13,2025-11-22,Completed,88.76
EP003015,E00456,P019,2026-04-30,,Enrolled,
EP003016,E00267,P006,2025-07-15,2025-08-05,Completed,84.56
EP003017,E02895,P005,2025-04-26,2025-05-15,Completed,72.38
EP003018,E03804,P012,2025-04-19,2025-05-02,Completed,87.31
EP003019,E01226,P013,2025-06-26,,Enrolled,
EP003020,E04378,P027,2024-12-04,2024-12-23,Completed,84.48
EP003021,E00199,P018,2026-07-03,2026-07-13,Completed,78.71
EP003022,E04804,P004,2025-09-05,,Enrolled,
EP003023,E02406,P023,2025-05-19,2025-05-26,Completed,84.28
EP003024,E04602,P014,2026-09-16,2026-11-16,Completed,79.23
EP003025,E00302,P016,2024-10-02,2024-11-16,Completed,78.52
EP003026,E03747,P005,2025-08-01,2025-08-04,Completed,81.06
EP003027,E04559,P026,2026-07-25,,In Progress,
EP003028,E02852,P002,2024-12-09,2024-12-20,Completed,100.0
EP003029,E01363,P008,2024-06-10,2024-07-23,Completed,78.81
EP003030,E04336,P039,2026-03-03,2026-04-07,Completed,81.48
EP003031,E04002,P032,2025-02-08,2025-03-10,Completed,88.36
EP003032,E03778,P004,2025-11-15,2026-02-11,Completed,78.9
EP003033,E00063,P035,2024-09-02,2024-09-11,Completed,100.0
EP003034,E01341,P014,2026-12-06,2026-12-09,Completed,82.62
EP003035,E02147,P018,2026-04-09,2026-04-13,Completed,90.86
EP003036,E01067,P040,2025-02-07,2025-02-14,Completed,84.8
EP003037,E00323,P014,2026-09-26,2026-11-12,Completed,87.72
EP003038,E02581,P032,2025-01-17,2025-04-04,Completed,89.44
EP003039,E00638,P040,2024-10-02,2025-02-11,Completed,95.82
EP003040,E03761,P010,2024-07-16,,Enrolled,
EP003041,E01603,P005,2025-04-16,2025-07-13,Completed,73.47
EP003042,E01118,P010,2024-08-13,,Enrolled,
EP003043,E01978,P010,2024-07-28,,Enrolled,
EP003044,E04634,P008,2024-10-29,2024-11-03,Completed,86.9
EP003045,E00159,P034,2025-03-14,2025-06-26,Completed,58.71
EP003046,E02701,P002,2024-07-29,,Enrolled,
EP003047,E04959,P039,2026-04-11,,Enrolled,
EP003048,E00030,P009,2024-10-16,2024-12-10,Completed,92.8
EP003049,E02267,P005,2025-08-05,,Enrolled,
EP003050,E03987,P037,2026-06-29,2026-06-29,Completed,90.72
EP003051,E00854,P027,2025-02-01,2025-02-01,Completed,81.71
EP003052,E02241,P012,2025-04-25,2025-06-19,Completed,93.5
EP003053,E00543,P013,2025-06-28,,Enrolled,
EP003054,E04520,P017,2024-04-24,2024-05-02,Completed,65.13
EP003055,E00362,P024,2025-03-17,2025-04-23,Completed,86.31
EP003056,E02910,P006,2025-06-17,2025-06-27,Completed,77.7
EP003057,E03270,P035,2024-07-05,,Enrolled,
EP003058,E03198,P002,2024-09-07,2024-10-16,Completed,66.96
EP003059,E02655,P025,2024-09-22,,Withdrawn,
EP003060,E03757,P036,2025-01-09,,Enrolled,
EP003061,E04427,P011,2025-02-13,,Enrolled,
EP003062,E03988,P035,2024-07-07,,Enrolled,
EP003063,E04560,P019,2026-03-09,,Enrolled,
EP003064,E03934,P015,2025-03-21,2025-05-21,Completed,94.41
EP003065,E02884,P040,2024-12-21,2025-02-04,Completed,74.97
EP003066,E03503,P022,2025-01-17,,Withdrawn,
EP003067,E02265,P004,2025-10-09,2026-02-07,Completed,84.1
EP003068,E03029,P019,2026-02-08,2026-04-15,Completed,93.63
EP003069,E00740,P018,2026-06-02,2026-07-15,Completed,73.06
EP003070,E00568,P013,2025-07-31,,Withdrawn,
EP003071,E02839,P001,2026-01-17,2026-02-11,Completed,79.38
EP003072,E04705,P019,2026-05-17,2026-05-17,Completed,94.38
EP003073,E02297,P040,2025-02-06,,Enrolled,
EP003074,E03505,P022,2024-12-27,2025-01-08,Completed,82.62
EP003075,E04830,P017,2024-06-18,,Enrolled,
EP003076,E01195,P017,2024-03-14,2024-03-18,Completed,82.58
EP003077,E00249,P037,2026-07-26,,Withdrawn,
EP003078,E00243,P024,2025-03-06,2025-03-24,Completed,80.19
EP003079,E01384,P031,2026-06-24,2026-07-26,Completed,95.39
EP003080,E01671,P023,2025-05-25,,Enrolled,
EP003081,E01026,P035,2024-09-09,,Enrolled,
EP003082,E01797,P033,2025-01-09,2025-01-24,Completed,75.38
EP003083,E03401,P027,2025-01-25,,Withdrawn,
EP003084,E03623,P035,2024-08-20,2024-09-01,Completed,100.0
EP003085,E00389,P019,2025-12-06,,Withdrawn,
EP003086,E02741,P033,2024-12-30,,Withdrawn,
EP003087,E00085,P029,2026-03-12,2026-05-06,Completed,79.85
EP003088,E04281,P021,2025-01-10,2025-02-23,Completed,88.08
EP003089,E03957,P026,2026-10-17,,In Progress,
EP003090,E04114,P040,2024-12-01,2025-01-07,Completed,75.39
EP003091,E03030,P004,2025-09-24,2026-02-17,Completed,98.52
EP003092,E04066,P018,2026-06-13,,Enrolled,
EP003093,E04693,P012,2025-04-24,,Enrolled,
EP003094,E03585,P031,2026-08-04,,In Progress,
EP003095,E00222,P033,2025-01-18,2025-02-28,Completed,76.59
EP003096,E00313,P026,2026-08-18,2026-10-23,Completed,87.32
EP003097,E03552,P037,2026-07-06,2026-07-09,Completed,81.4
EP003098,E01940,P007,2024-08-09,,Enrolled,
EP003099,E02114,P025,2024-07-26,,Enrolled,
EP003100,E04534,P037,2026-07-22,,Enrolled,
EP003101,E04467,P002,2024-11-29,,Enrolled,
EP003102,E04766,P009,2024-12-02,2024-12-12,Completed,76.05
EP003103,E03252,P025,2024-11-11,,Withdrawn,
EP003104,E03424,P026,2026-09-13,2026-10-11,Completed,92.05
EP003105,E00900,P033,2025-01-23,,Enrolled,
EP003106,E00341,P003,2025-11-25,,Enrolled,
EP003107,E02758,P029,2026-03-06,,Enrolled,
EP003108,E01364,P003,2025-10-05,2025-10-22,Completed,78.25
EP003109,E02252,P005,2025-08-05,2025-08-09,Completed,78.31
EP003110,E00229,P004,2026-02-05,2026-02-16,Completed,75.04
EP003111,E00839,P007,2024-09-18,,Enrolled,
EP003112,E04306,P031,2026-08-18,,In Progress,
EP003113,E03747,P011,2024-11-04,2024-11-11,Completed,100.0
EP003114,E00672,P031,2026-08-25,2026-08-25,Completed,86.7
EP003115,E01603,P036,2025-01-23,2025-01-26,Completed,84.73
EP003116,E02260,P012,2025-05-16,,Enrolled,
EP003117,E02615,P032,2025-04-26,2025-04-30,Completed,92.39
EP003118,E04577,P027,2025-01-28,2025-02-11,Completed,73.97
EP003119,E02403,P018,2026-05-03,,Enrolled,
EP003120,E04861,P022,2024-12-30,,Withdrawn,
EP003121,E01063,P037,2026-05-20,2026-06-16,Completed,84.18
EP003122,E02760,P026,2026-08-22,,In Progress,
EP003123,E01152,P031,2026-07-20,2026-08-03,Completed,89.22
EP003124,E01343,P017,2024-03-10,2024-06-28,Completed,92.73
EP003125,E02717,P006,2025-07-23,2025-08-16,Completed,88.66
EP003126,E01129,P016,2024-10-08,2024-11-16,Completed,93.19
EP003127,E00026,P038,2025-04-12,2025-05-12,Completed,77.83
EP003128,E03485,P012,2025-06-23,2025-06-26,Completed,72.09
EP003129,E03323,P005,2025-07-20,,Enrolled,
EP003130,E01583,P007,2024-09-06,,Enrolled,
EP003131,E00277,P027,2024-12-31,2025-01-08,Completed,85.82
EP003132,E04294,P009,2024-07-11,2024-12-11,Completed,100.0
EP003133,E00516,P036,2025-01-24,2025-01-28,Completed,95.62
EP003134,E03650,P021,2025-02-22,2025-03-29,Completed,81.99
EP003135,E03011,P021,2024-12-26,2025-02-20,Completed,89.49
EP003136,E04548,P009,2024-09-07,2024-12-20,Completed,58.8
EP003137,E01462,P019,2026-05-07,2026-05-20,Completed,82.01
EP003138,E00918,P002,2024-12-14,2024-12-19,Completed,75.19
EP003139,E02283,P004,2025-08-31,2025-09-18,Completed,86.47
EP003140,E01739,P017,2024-04-28,,Withdrawn,
EP003141,E04243,P002,2024-08-28,,Enrolled,
EP003142,E02320,P002,2024-08-21,2024-11-26,Completed,81.28
EP003143,E00906,P010,2024-07-02,2024-07-25,Completed,77.46
EP003144,E03124,P010,2024-08-08,2024-08-18,Completed,73.2
EP003145,E02942,P004,2025-12-10,2026-02-07,Completed,95.87
EP003146,E00280,P037,2026-06-10,2026-07-26,Completed,55.0
EP003147,E00984,P016,2024-10-08,2024-11-28,Completed,85.92
EP003148,E01819,P008,2024-09-18,2024-10-24,Completed,86.43
EP003149,E00033,P012,2025-05-06,2025-05-30,Completed,95.44
EP003150,E00620,P036,2024-12-15,,Enrolled,
EP003151,E01874,P001,2025-12-05,2026-01-07,Completed,78.36
EP003152,E01161,P035,2024-09-09,2024-09-21,Completed,75.64
EP003153,E03405,P037,2026-06-13,,Enrolled,
EP003154,E02519,P013,2025-05-28,,Enrolled,
EP003155,E01803,P027,2025-01-14,2025-02-04,Completed,88.56
EP003156,E02253,P029,2025-12-30,2026-01-26,Completed,91.08
EP003157,E01831,P017,2024-04-27,2024-05-07,Completed,61.41
EP003158,E04502,P005,2025-05-14,,Enrolled,
EP003159,E02463,P037,2026-07-21,2026-07-29,Completed,66.95
EP003160,E04276,P016,2024-09-29,2024-10-15,Completed,88.1
EP003161,E00832,P040,2025-01-31,,Withdrawn,
EP003162,E02278,P012,2025-06-02,,Enrolled,
EP003163,E03172,P030,2026-06-30,2026-08-13,Completed,85.93
EP003164,E00961,P021,2025-02-01,2025-03-24,Completed,86.03
EP003165,E00302,P020,2026-01-18,,Enrolled,
EP003166,E04545,P015,2025-05-17,,Enrolled,
EP003167,E01953,P035,2024-08-26,,Enrolled,
EP003168,E03054,P037,2026-05-21,2026-07-13,Completed,93.06
EP003169,E02091,P001,2025-12-10,2026-02-04,Completed,98.26
EP003170,E03425,P011,2024-11-28,,Enrolled,
EP003171,E00202,P029,2026-05-17,2026-06-01,Completed,75.69
EP003172,E02542,P025,2024-08-07,2024-08-19,Completed,95.1
EP003173,E01784,P034,2025-08-16,2025-08-22,Completed,100.0
EP003174,E02411,P028,2024-08-25,2024-09-17,Completed,78.85
EP003175,E04202,P022,2024-11-21,2024-11-30,Completed,72.76
EP003176,E01423,P021,2025-02-21,2025-03-07,Completed,82.96
EP003177,E03197,P008,2024-08-25,2024-10-12,Completed,87.66
EP003178,E00278,P031,2026-08-21,2026-08-25,Completed,76.93
EP003179,E00546,P004,2025-11-16,2026-02-13,Completed,80.88
EP003180,E04495,P026,2026-07-21,2026-10-14,Completed,91.96
EP003181,E02439,P021,2025-03-14,,Enrolled,
EP003182,E00428,P007,2024-09-16,,Enrolled,
EP003183,E00277,P023,2025-08-18,2025-08-22,Completed,82.49
EP003184,E00489,P027,2024-12-11,2025-01-27,Completed,81.02
EP003185,E04963,P003,2025-11-19,,Enrolled,
EP003186,E04060,P029,2026-01-16,2026-03-16,Completed,66.2
EP003187,E01518,P038,2025-05-15,2025-06-02,Completed,97.68
EP003188,E03874,P007,2024-09-20,,Enrolled,
EP003189,E01541,P006,2025-04-21,2025-07-27,Completed,76.08
EP003190,E00665,P032,2025-03-08,2025-04-17,Completed,73.68
EP003191,E00384,P017,2024-03-18,2024-06-21,Completed,81.81
EP003192,E00611,P023,2025-05-12,,Enrolled,
EP003193,E02374,P004,2025-09-28,2025-09-30,Completed,72.56
EP003194,E00129,P026,2026-08-23,2026-10-13,Completed,76.99
EP003195,E01357,P039,2026-05-19,2026-05-23,Completed,93.4
EP003196,E04074,P036,2024-12-06,,Enrolled,
EP003197,E00010,P020,2025-11-20,2025-12-27,Completed,71.34
EP003198,E00605,P024,2025-01-18,2025-04-18,Completed,78.32
EP003199,E04910,P028,2024-06-03,2024-07-10,Completed,75.06
EP003200,E02478,P008,2024-08-09,2024-10-09,Completed,90.98
EP003201,E03603,P004,2026-01-23,,Enrolled,
EP003202,E02595,P023,2025-06-28,,Withdrawn,
EP003203,E00356,P009,2024-08-22,,Enrolled,
EP003204,E04337,P003,2025-12-02,,Withdrawn,
EP003205,E02637,P022,2024-11-22,2025-01-12,Completed,92.04
EP003206,E02330,P011,2024-10-06,,Enrolled,
EP003207,E01118,P012,2025-06-16,2025-06-18,Completed,73.55
EP003208,E02508,P005,2025-04-05,2025-04-20,Completed,77.07
EP003209,E04374,P031,2026-07-20,2026-08-06,Completed,71.17
EP003210,E04625,P037,2026-05-16,2026-05-31,Completed,70.58
EP003211,E02417,P018,2026-07-24,2026-07-24,Completed,79.05
EP003212,E02052,P038,2025-06-18,2025-06-26,Completed,94.13
EP003213,E00038,P016,2024-09-18,2024-12-12,Completed,64.75
EP003214,E02256,P005,2025-05-18,,Withdrawn,
EP003215,E00688,P038,2025-04-03,2025-04-14,Completed,84.05
EP003216,E03671,P019,2026-04-09,2026-05-16,Completed,80.76
EP003217,E00249,P017,2024-05-31,2024-06-21,Completed,73.65
EP003218,E04197,P015,2025-06-18,,Enrolled,
EP003219,E04442,P012,2025-06-16,,Withdrawn,
EP003220,E01803,P040,2024-12-04,,Enrolled,
EP003221,E02781,P017,2024-04-10,,Enrolled,
EP003222,E04486,P016,2024-09-24,2024-10-05,Completed,100.0
EP003223,E02079,P039,2026-05-06,2026-05-24,Completed,67.55
EP003224,E04019,P001,2025-12-05,2025-12-05,Completed,95.53
EP003225,E02541,P020,2025-09-23,,Enrolled,
EP003226,E02369,P008,2024-06-07,,Withdrawn,
EP003227,E04157,P009,2024-12-31,2024-12-31,Completed,85.8
EP003228,E04352,P027,2025-01-04,,Withdrawn,
EP003229,E04372,P019,2026-01-24,,Withdrawn,
EP003230,E02239,P025,2024-06-24,2024-11-02,Completed,96.62
EP003231,E01792,P018,2026-07-05,2026-07-06,Completed,74.2
EP003232,E04566,P026,2026-07-23,,Withdrawn,
EP003233,E04719,P023,2025-07-04,,Enrolled,
EP003234,E00874,P030,2026-07-03,2026-07-05,Completed,80.91
EP003235,E01502,P023,2025-06-13,2025-07-04,Completed,95.88
EP003236,E04372,P003,2025-10-10,2025-11-26,Completed,86.07
EP003237,E00477,P007,2024-09-26,2024-10-17,Completed,77.09
EP003238,E04193,P038,2025-05-26,,Enrolled,
EP003239,E03874,P034,2025-04-04,2025-09-15,Completed,79.32
EP003240,E01498,P018,2026-04-20,2026-05-25,Completed,78.55
EP003241,E02764,P039,2026-03-11,,Enrolled,
EP003242,E01250,P033,2024-12-15,2025-03-10,Completed,92.25
EP003243,E04134,P001,2026-02-19,2026-02-21,Completed,100.0
EP003244,E03434,P036,2025-01-10,2025-02-04,Completed,100.0
EP003245,E00521,P005,2025-06-03,,Withdrawn,
EP003246,E01411,P028,2024-06-06,,Enrolled,
EP003247,E01381,P011,2024-10-24,,Enrolled,
EP003248,E00646,P015,2025-04-06,,Enrolled,
EP003249,E03390,P020,2025-11-04,,Enrolled,
EP003250,E04082,P013,2025-08-03,2025-08-04,Completed,80.75
EP003251,E00602,P016,2024-10-11,2024-10-11,Completed,78.17
EP003252,E04652,P025,2024-09-07,,Enrolled,
EP003253,E02101,P032,2025-03-17,2025-05-08,Completed,88.9
EP003254,E03588,P004,2026-02-02,2026-02-04,Completed,84.82
EP003255,E04263,P037,2026-06-21,,Enrolled,
EP003256,E04768,P028,2024-05-31,,Enrolled,
EP003257,E02244,P024,2025-04-12,,Enrolled,
EP003258,E03586,P034,2025-08-09,,Enrolled,
EP003259,E01205,P007,2024-08-19,2024-10-03,Completed,69.26
EP003260,E02595,P002,2024-10-15,,Enrolled,
EP003261,E04738,P034,2025-04-02,,Enrolled,
EP003262,E03091,P018,2026-04-25,2026-07-04,Completed,98.77
EP003263,E04571,P034,2025-08-09,,Enrolled,
EP003264,E04330,P036,2025-01-03,,Withdrawn,
EP003265,E01927,P001,2025-11-16,,Enrolled,
EP003266,E04602,P024,2025-04-20,2025-04-23,Completed,80.98
EP003267,E01869,P012,2025-05-24,2025-06-15,Completed,92.75
EP003268,E04484,P002,2024-10-31,,Enrolled,
EP003269,E03395,P017,2024-04-10,2024-05-20,Completed,86.37
EP003270,E02486,P007,2024-10-15,2024-10-17,Completed,85.69
EP003271,E04416,P027,2025-01-15,2025-02-11,Completed,78.28
EP003272,E00218,P013,2025-06-30,,Enrolled,
EP003273,E03320,P028,2024-05-20,,Enrolled,
EP003274,E04864,P020,2026-01-18,,Enrolled,
EP003275,E02496,P020,2025-10-19,,Enrolled,
EP003276,E01924,P033,2025-03-27,2025-03-30,Completed,74.54
EP003277,E04229,P020,2025-11-24,2025-12-05,Completed,86.11
EP003278,E01934,P008,2024-10-28,2024-11-09,Completed,81.16
EP003279,E03933,P005,2025-06-16,,Enrolled,
EP003280,E04710,P006,2025-06-05,2025-07-11,Completed,82.45
EP003281,E03264,P010,2024-06-29,,Enrolled,
EP003282,E01887,P011,2024-10-16,2025-01-22,Completed,90.09
EP003283,E02705,P006,2025-07-26,2025-07-27,Completed,93.5
EP003284,E02789,P038,2025-06-26,,Enrolled,
EP003285,E02398,P006,2025-08-11,2025-08-16,Completed,83.51
EP003286,E02891,P034,2025-08-17,2025-09-24,Completed,81.98
EP003287,E04059,P033,2025-02-10,,Enrolled,
EP003288,E03590,P017,2024-06-17,2024-06-26,Completed,95.4
EP003289,E00092,P021,2024-12-31,2025-03-24,Completed,85.64
EP003290,E01725,P010,2024-07-05,,Enrolled,
EP003291,E04563,P024,2025-02-20,2025-04-10,Completed,89.87
EP003292,E01939,P019,2026-01-26,,Enrolled,
EP003293,E00456,P008,2024-08-02,2024-08-21,Completed,87.91
EP003294,E04215,P004,2025-10-27,,Withdrawn,
EP003295,E01794,P007,2024-10-14,,Enrolled,
EP003296,E03975,P015,2025-06-09,2025-06-19,Completed,80.0
EP003297,E03919,P033,2025-02-07,2025-02-24,Completed,75.61
EP003298,E03067,P027,2024-12-13,2025-01-23,Completed,95.36
EP003299,E01120,P006,2025-07-22,2025-08-13,Completed,100.0
EP003300,E03269,P038,2025-04-21,,Enrolled,
EP003301,E01202,P003,2025-10-10,,Enrolled,
EP003302,E00363,P002,2024-11-01,2024-12-10,Completed,76.74
EP003303,E00405,P023,2025-06-08,2025-08-15,Completed,78.01
EP003304,E01302,P030,2026-07-28,2026-08-16,Completed,78.14
EP003305,E00862,P014,2026-09-14,,In Progress,
EP003306,E03841,P038,2025-05-05,2025-05-05,Completed,98.9
EP003307,E03558,P033,2025-02-25,2025-03-02,Completed,88.83
EP003308,E00263,P022,2024-11-23,,Withdrawn,
EP003309,E00161,P031,2026-07-31,2026-08-04,Completed,78.54
EP003310,E04050,P019,2026-04-15,,Enrolled,
EP003311,E04030,P028,2024-09-08,,Enrolled,
EP003312,E01450,P024,2025-01-23,,Withdrawn,
EP003313,E02057,P034,2025-07-12,2025-09-19,Completed,84.84
EP003314,E04270,P009,2024-09-15,2024-11-12,Completed,81.3
EP003315,E00147,P024,2025-01-27,2025-03-28,Completed,88.46
EP003316,E03885,P006,2025-06-28,2025-08-13,Completed,94.77
EP003317,E04219,P034,2025-09-12,,Withdrawn,
EP003318,E02931,P022,2025-01-11,,Enrolled,
EP003319,E03472,P037,2026-06-29,2026-07-09,Completed,90.97
EP003320,E01639,P010,2024-07-12,,Enrolled,
EP003321,E02457,P029,2026-04-09,,Enrolled,
EP003322,E04621,P023,2025-08-30,2025-09-04,Completed,84.57
EP003323,E04564,P010,2024-06-20,2024-08-20,Completed,84.82
EP003324,E01419,P015,2025-05-08,,Withdrawn,
EP003325,E02230,P034,2025-06-20,,Enrolled,
EP003326,E03053,P026,2026-09-19,,Withdrawn,
EP003327,E02893,P016,2024-12-09,2024-12-16,Completed,72.27
EP003328,E03198,P010,2024-06-30,2024-07-26,Completed,78.4
EP003329,E03389,P036,2024-12-03,,Enrolled,
EP003330,E03086,P034,2025-07-26,,Enrolled,
EP003331,E00405,P026,2026-09-23,2026-10-08,Completed,75.35
EP003332,E02801,P005,2025-05-31,,Enrolled,
EP003333,E04268,P009,2024-10-02,2024-10-04,Completed,81.7
EP003334,E02976,P027,2024-12-02,,Enrolled,
EP003335,E02436,P014,2026-10-18,2026-11-11,Completed,85.99
EP003336,E02899,P013,2025-07-11,2025-07-18,Completed,83.76
EP003337,E02132,P005,2025-07-02,2025-08-06,Completed,72.13
EP003338,E01084,P011,2024-09-28,2024-12-22,Completed,74.73
EP003339,E04274,P034,2025-07-29,2025-08-16,Completed,92.13
EP003340,E02068,P002,2024-07-29,,Enrolled,
EP003341,E04041,P014,2026-10-02,,In Progress,
EP003342,E03233,P040,2025-02-08,2025-02-22,Completed,83.45
EP003343,E03418,P003,2025-11-09,,Withdrawn,
EP003344,E04726,P002,2024-08-10,2024-08-12,Completed,86.75
EP003345,E04705,P014,2026-11-20,2026-11-30,Completed,98.6
EP003346,E01487,P039,2026-03-24,2026-04-02,Completed,87.81
EP003347,E04621,P037,2026-07-07,,Withdrawn,
EP003348,E01703,P036,2025-01-22,2025-02-04,Completed,74.48
EP003349,E00095,P016,2024-08-01,,Withdrawn,
EP003350,E03168,P013,2025-07-10,2025-08-03,Completed,70.8
EP003351,E04566,P039,2026-03-01,2026-03-03,Completed,88.32
EP003352,E00556,P035,2024-06-27,2024-07-26,Completed,86.91
EP003353,E01071,P006,2025-07-28,2025-08-12,Completed,86.71
EP003354,E02557,P003,2025-10-27,2025-11-14,Completed,85.58
EP003355,E04125,P015,2025-03-29,2025-05-05,Completed,82.41
EP003356,E03924,P021,2025-02-02,2025-03-26,Completed,100.0
EP003357,E00596,P007,2024-09-29,2024-10-18,Completed,88.5
EP003358,E04110,P031,2026-07-02,,In Progress,
EP003359,E01449,P004,2025-12-05,2025-12-17,Completed,71.43
EP003360,E03408,P027,2024-11-24,,Enrolled,
EP003361,E02307,P012,2025-06-18,,Enrolled,
EP003362,E02403,P007,2024-09-30,,Enrolled,
EP003363,E00343,P015,2025-03-20,,Withdrawn,
EP003364,E00341,P018,2026-04-08,,Withdrawn,
EP003365,E01690,P018,2026-06-15,,Withdrawn,
EP003366,E00916,P024,2025-01-04,2025-01-17,Completed,82.22
EP003367,E03769,P024,2025-03-03,,Enrolled,
EP003368,E04412,P017,2024-07-21,,Enrolled,
EP003369,E02624,P025,2024-10-28,,Enrolled,
EP003370,E03189,P035,2024-07-22,,Enrolled,
EP003371,E04918,P027,2025-02-13,2025-02-14,Completed,81.17
EP003372,E00743,P039,2026-05-31,,Withdrawn,
EP003373,E04825,P023,2025-06-08,,Withdrawn,
EP003374,E00905,P013,2025-07-13,,Withdrawn,
EP003375,E02197,P017,2024-07-18,,Enrolled,
EP003376,E04977,P011,2024-12-05,2025-02-04,Completed,88.22
EP003377,E00530,P025,2024-12-02,2024-12-03,Completed,77.56
EP003378,E02284,P040,2024-11-30,,Enrolled,
EP003379,E02590,P019,2026-02-01,,Enrolled,
EP003380,E03710,P032,2025-01-28,2025-05-01,Completed,75.27
EP003381,E02960,P003,2025-10-31,,Enrolled,
EP003382,E02601,P012,2025-06-21,2025-06-28,Completed,68.89
EP003383,E04245,P006,2025-07-03,2025-08-15,Completed,80.46
EP003384,E03154,P003,2025-10-16,,Withdrawn,
EP003385,E02463,P039,2026-05-09,2026-06-01,Completed,84.37
EP003386,E04056,P032,2025-03-13,,Enrolled,
EP003387,E00463,P008,2024-09-10,2024-09-30,Completed,86.25
EP003388,E01308,P023,2025-09-09,2025-09-09,Completed,71.24
EP003389,E02429,P022,2024-12-15,2025-01-18,Completed,80.85
EP003390,E01414,P025,2024-08-15,2024-11-09,Completed,78.03
EP003391,E04571,P022,2024-12-23,2025-01-07,Completed,86.26
EP003392,E04209,P027,2025-02-09,2025-02-14,Completed,83.96
EP003393,E03666,P007,2024-08-25,,Enrolled,
EP003394,E03637,P039,2026-06-03,2026-06-03,Completed,66.09
EP003395,E01840,P001,2026-02-16,,Enrolled,
EP003396,E04681,P008,2024-08-02,,Withdrawn,
EP003397,E01941,P015,2025-05-10,2025-05-30,Completed,87.8
EP003398,E02994,P017,2024-05-10,2024-07-17,Completed,92.59
EP003399,E03335,P015,2025-04-13,,Enrolled,
EP003400,E02452,P019,2025-12-25,,Enrolled,
EP003401,E04260,P027,2025-02-12,,Enrolled,
EP003402,E04483,P008,2024-07-25,2024-10-17,Completed,84.8
EP003403,E04856,P037,2026-05-29,,Enrolled,
EP003404,E04628,P010,2024-08-10,,Enrolled,
EP003405,E02419,P016,2024-11-25,2024-12-03,Completed,82.07
EP003406,E02338,P023,2025-06-05,2025-08-03,Completed,91.18
EP003407,E04722,P014,2026-10-07,,In Progress,
EP003408,E00329,P005,2025-06-24,,Enrolled,
EP003409,E03757,P006,2025-06-28,2025-07-20,Completed,85.01
EP003410,E02343,P029,2026-04-01,,Enrolled,
EP003411,E03329,P039,2026-04-14,2026-05-10,Completed,67.7
EP003412,E01917,P035,2024-09-07,2024-09-19,Completed,82.04
EP003413,E01719,P031,2026-07-16,2026-08-05,Completed,98.06
EP003414,E02225,P018,2026-04-25,,Enrolled,
EP003415,E02428,P039,2026-05-18,,Enrolled,
EP003416,E04485,P027,2025-02-04,,Enrolled,
EP003417,E03808,P003,2025-11-09,,Withdrawn,
EP003418,E00879,P038,2025-04-14,,Enrolled,
EP003419,E04046,P002,2024-12-23,2024-12-23,Completed,98.04
EP003420,E03492,P005,2025-05-20,,Enrolled,
EP003421,E01387,P003,2025-09-29,,Enrolled,
EP003422,E03499,P008,2024-10-27,,Enrolled,
EP003423,E03659,P020,2025-09-20,2025-10-11,Completed,76.69
EP003424,E02053,P006,2025-04-30,,Enrolled,
EP003425,E02523,P023,2025-08-08,,Enrolled,
EP003426,E00852,P038,2025-03-29,,Enrolled,
EP003427,E01608,P039,2026-05-31,2026-05-31,Completed,93.2
EP003428,E04177,P011,2024-10-02,,Enrolled,
EP003429,E00040,P014,2026-09-12,,In Progress,
EP003430,E01698,P021,2025-01-02,2025-03-11,Completed,84.39
EP003431,E00363,P012,2025-05-11,,Enrolled,
EP003432,E03806,P028,2024-04-24,2024-08-12,Completed,87.93
EP003433,E01092,P038,2025-05-02,2025-06-09,Completed,90.5
EP003434,E02797,P029,2026-02-04,,Enrolled,
EP003435,E03174,P026,2026-08-02,2026-09-27,Completed,78.24
EP003436,E00478,P040,2024-11-26,,Enrolled,
EP003437,E00390,P029,2026-01-14,,Enrolled,
EP003438,E00453,P035,2024-08-08,,Enrolled,
EP003439,E01378,P023,2025-09-07,2025-09-10,Completed,58.77
EP003440,E04808,P023,2025-06-18,,Withdrawn,
EP003441,E03160,P022,2025-01-08,2025-01-17,Completed,81.08
EP003442,E03933,P020,2026-01-15,2026-01-18,Completed,84.41
EP003443,E04966,P007,2024-09-05,2024-10-14,Completed,79.86
EP003444,E04108,P006,2025-08-16,,Enrolled,
EP003445,E04574,P012,2025-06-16,2025-06-18,Completed,81.8
EP003446,E02622,P006,2025-05-25,,Enrolled,
EP003447,E01410,P014,2026-11-06,,In Progress,
EP003448,E04837,P018,2026-06-20,2026-07-03,Completed,94.62
EP003449,E02676,P035,2024-08-09,2024-08-11,Completed,84.72
EP003450,E00887,P021,2025-02-10,2025-03-11,Completed,94.03
EP003451,E03100,P025,2024-10-18,2024-11-09,Completed,71.76
EP003452,E00837,P036,2025-02-04,,Enrolled,
EP003453,E02222,P025,2024-09-25,,Enrolled,
EP003454,E01852,P016,2024-09-17,2024-10-27,Completed,82.98
EP003455,E03918,P001,2026-01-29,2026-02-12,Completed,80.33
EP003456,E04084,P010,2024-06-23,2024-07-17,Completed,88.98
EP003457,E03335,P013,2025-06-16,2025-07-22,Completed,91.89
EP003458,E01258,P034,2025-05-28,2025-09-24,Completed,95.4
EP003459,E00524,P031,2026-06-30,2026-07-30,Completed,75.95
EP003460,E00195,P017,2024-03-17,,Enrolled,
EP003461,E03531,P036,2025-01-04,2025-01-18,Completed,92.8
EP003462,E02706,P005,2025-05-28,2025-06-21,Completed,79.52
EP003463,E01244,P015,2025-06-13,,Enrolled,
EP003464,E00749,P011,2024-11-10,,Enrolled,
EP003465,E04902,P038,2025-06-26,2025-06-28,Completed,85.71
EP003466,E00867,P025,2024-09-06,2024-09-15,Completed,75.34
EP003467,E03082,P012,2025-06-21,,Enrolled,
EP003468,E03941,P014,2026-10-02,2026-12-30,Completed,80.12
EP003469,E04843,P013,2025-07-12,2025-07-29,Completed,56.04
EP003470,E01363,P027,2025-01-06,,Enrolled,
EP003471,E00291,P027,2025-01-17,2025-02-10,Completed,87.73
EP003472,E00039,P038,2025-05-13,,Withdrawn,
EP003473,E00037,P010,2024-07-02,2024-07-29,Completed,86.46
EP003474,E00418,P019,2026-03-07,,Enrolled,
EP003475,E00066,P011,2024-11-14,2025-02-20,Completed,72.57
EP003476,E01407,P017,2024-06-14,,Enrolled,
EP003477,E04278,P037,2026-05-12,,Enrolled,
EP003478,E02483,P019,2026-01-05,,Withdrawn,
EP003479,E00397,P016,2024-11-25,2024-12-03,Completed,89.69
EP003480,E02889,P032,2025-03-04,,Enrolled,
EP003481,E00691,P034,2025-09-09,2025-09-11,Completed,86.89
EP003482,E04275,P011,2024-10-12,,Enrolled,
EP003483,E03576,P007,2024-10-09,2024-10-15,Completed,73.0
EP003484,E01954,P003,2025-11-13,2025-11-26,Completed,100.0
EP003485,E03141,P023,2025-05-17,2025-07-16,Completed,85.46
EP003486,E02915,P040,2025-02-10,,Enrolled,
EP003487,E00943,P002,2024-09-13,,Enrolled,
EP003488,E03812,P008,2024-09-02,,Enrolled,
EP003489,E04030,P004,2026-01-16,2026-02-08,Completed,91.5
EP003490,E00797,P011,2024-10-11,,Enrolled,
EP003491,E04800,P014,2026-11-03,2026-11-10,Completed,79.51
EP003492,E02575,P031,2026-08-09,2026-08-24,Completed,87.85
EP003493,E02122,P019,2026-02-08,2026-04-09,Completed,83.67
EP003494,E00327,P030,2026-06-17,2026-06-30,Completed,100.0
EP003495,E00260,P029,2026-02-16,,Enrolled,
EP003496,E03174,P002,2024-11-10,,Enrolled,
EP003497,E01632,P002,2024-07-25,,Enrolled,
EP003498,E04107,P038,2025-04-28,2025-05-03,Completed,87.33
EP003499,E02878,P026,2026-08-23,2026-08-31,Completed,86.17
EP003500,E00582,P036,2025-02-02,2025-02-03,Completed,77.99
EP003501,E02026,P031,2026-07-27,,In Progress,
EP003502,E01495,P039,2026-03-27,2026-05-01,Completed,79.5
EP003503,E03421,P001,2026-02-05,2026-02-22,Completed,92.87
EP003504,E03542,P013,2025-05-24,,Enrolled,
EP003505,E02719,P011,2025-03-06,,Enrolled,
EP003506,E03425,P009,2024-09-17,,Enrolled,
EP003507,E02485,P023,2025-08-28,,Enrolled,
EP003508,E02619,P029,2026-04-14,,Enrolled,
EP003509,E00181,P006,2025-07-23,2025-08-03,Completed,77.21
EP003510,E00003,P022,2024-12-10,,Enrolled,
EP003511,E03365,P038,2025-05-10,2025-06-23,Completed,79.2
EP003512,E02935,P002,2024-10-21,2024-12-18,Completed,88.24
EP003513,E01339,P036,2025-01-06,2025-01-31,Completed,94.86
EP003514,E02486,P019,2025-12-07,2026-04-09,Completed,79.02
EP003515,E04220,P003,2025-12-01,,Enrolled,
EP003516,E01019,P001,2026-01-19,2026-02-10,Completed,88.75
EP003517,E03359,P006,2025-08-12,2025-08-18,Completed,82.87
EP003518,E00836,P015,2025-04-27,2025-05-31,Completed,88.15
EP003519,E00427,P008,2024-10-20,2024-10-28,Completed,67.51
EP003520,E04585,P037,2026-06-07,2026-07-24,Completed,86.06
EP003521,E00142,P002,2024-11-22,,Enrolled,
EP003522,E04458,P037,2026-06-19,2026-07-21,Completed,91.88
EP003523,E04872,P026,2026-08-30,2026-10-22,Completed,92.98
EP003524,E02946,P039,2026-05-08,2026-05-08,Completed,73.09
EP003525,E00187,P030,2026-07-30,,In Progress,
EP003526,E04816,P032,2024-12-19,,Enrolled,
EP003527,E02894,P006,2025-06-24,2025-08-12,Completed,83.84
EP003528,E04112,P024,2025-03-05,2025-04-29,Completed,88.87
EP003529,E00377,P018,2026-05-20,2026-07-08,Completed,84.72
EP003530,E03418,P022,2024-11-21,2024-11-24,Completed,73.92
EP003531,E03784,P011,2024-10-19,2024-10-30,Completed,71.55
EP003532,E01259,P009,2024-12-05,2024-12-11,Completed,75.37
EP003533,E02805,P027,2024-12-17,2025-02-04,Completed,89.52
EP003534,E04488,P032,2025-01-08,,Enrolled,
EP003535,E01541,P003,2025-11-21,2025-11-27,Completed,100.0
EP003536,E04998,P011,2025-02-05,,Enrolled,
EP003537,E02840,P029,2026-02-26,,Enrolled,
EP003538,E01906,P021,2025-01-16,2025-01-25,Completed,87.28
EP003539,E02845,P026,2026-07-21,2026-08-02,Completed,77.64
EP003540,E03407,P001,2026-01-01,,Withdrawn,
EP003541,E04470,P010,2024-06-25,,Enrolled,
EP003542,E03006,P010,2024-08-09,2024-08-24,Completed,83.94
EP003543,E04448,P016,2024-09-22,,Enrolled,
EP003544,E00744,P004,2025-09-18,,Enrolled,
EP003545,E04701,P005,2025-06-28,,Enrolled,
EP003546,E02849,P005,2025-08-06,,Enrolled,
EP003547,E01080,P037,2026-06-11,2026-07-28,Completed,82.05
EP003548,E01719,P040,2024-10-27,,Enrolled,
EP003549,E00771,P008,2024-05-27,2024-10-24,Completed,72.21
EP003550,E04754,P025,2024-07-15,2024-10-13,Completed,80.9
EP003551,E03076,P020,2025-12-06,,Withdrawn,
EP003552,E00725,P009,2024-09-07,2024-10-29,Completed,100.0
EP003553,E03547,P026,2026-09-01,,Withdrawn,
EP003554,E03936,P032,2025-03-09,2025-03-19,Completed,96.2
EP003555,E03607,P030,2026-08-07,2026-08-19,Completed,92.99
EP003556,E03565,P012,2025-05-02,2025-06-30,Completed,82.98
EP003557,E00655,P007,2024-10-02,2024-10-14,Completed,71.29
EP003558,E01288,P004,2026-01-30,,Enrolled,
EP003559,E01919,P040,2024-10-09,2025-01-15,Completed,100.0
EP003560,E04431,P002,2024-07-23,,Withdrawn,
EP003561,E01886,P006,2025-05-15,2025-06-23,Completed,73.47
EP003562,E03150,P029,2026-05-20,2026-05-24,Completed,82.77
EP003563,E00869,P011,2025-02-19,,Withdrawn,
EP003564,E01157,P038,2025-04-19,,Withdrawn,
EP003565,E00072,P027,2024-12-05,2024-12-10,Completed,86.71
EP003566,E02206,P029,2026-03-17,2026-05-26,Completed,74.77
EP003567,E04922,P034,2025-06-30,2025-07-27,Completed,94.86
EP003568,E04943,P021,2025-01-24,,Enrolled,
EP003569,E03640,P009,2024-09-18,,Enrolled,
EP003570,E01024,P021,2025-03-20,2025-03-26,Completed,71.62
EP003571,E03962,P003,2025-10-09,2025-11-09,Completed,87.91
EP003572,E01663,P033,2025-04-06,2025-04-06,Completed,85.15
EP003573,E03032,P008,2024-11-08,2024-11-12,Completed,85.63
EP003574,E04595,P038,2025-05-19,,Enrolled,
EP003575,E03331,P008,2024-10-19,,Enrolled,
EP003576,E04173,P015,2025-03-24,2025-04-11,Completed,93.13
EP003577,E03780,P008,2024-08-05,2024-09-18,Completed,89.84
EP003578,E04885,P012,2025-04-19,,Enrolled,
EP003579,E00551,P009,2024-09-16,2024-09-20,Completed,87.88
EP003580,E03900,P001,2025-12-21,2026-02-15,Completed,55.08
EP003581,E03455,P008,2024-09-09,,Enrolled,
EP003582,E04058,P001,2026-02-08,,Enrolled,
EP003583,E00520,P024,2025-01-12,,Withdrawn,
EP003584,E03851,P012,2025-06-27,,Enrolled,
EP003585,E03168,P024,2025-01-10,2025-02-23,Completed,85.68
EP003586,E04752,P024,2025-01-16,,Withdrawn,
EP003587,E02095,P023,2025-08-23,2025-09-10,Completed,97.06
EP003588,E01837,P032,2025-02-14,2025-05-07,Completed,76.85
EP003589,E01441,P003,2025-10-12,2025-11-27,Completed,83.89
EP003590,E04278,P037,2026-07-07,2026-07-24,Completed,83.04
EP003591,E00491,P019,2026-03-28,,Enrolled,
EP003592,E04883,P004,2025-09-18,,Enrolled,
EP003593,E00256,P006,2025-05-27,2025-06-20,Completed,82.49
EP003594,E04207,P005,2025-05-30,,Enrolled,
EP003595,E04032,P026,2026-08-31,2026-09-10,Completed,80.61
EP003596,E03523,P038,2025-05-24,2025-06-11,Completed,96.73
EP003597,E01355,P022,2024-12-23,,Enrolled,
EP003598,E03307,P034,2025-06-17,,Enrolled,
EP003599,E04823,P031,2026-08-06,2026-08-19,Completed,69.75
EP003600,E01568,P013,2025-06-22,,Enrolled,
EP003601,E03248,P026,2026-07-18,2026-08-04,Completed,80.41
EP003602,E04650,P012,2025-05-23,,Enrolled,
EP003603,E03554,P039,2026-05-17,,Enrolled,
EP003604,E02012,P030,2026-05-29,2026-06-06,Completed,88.76
EP003605,E03907,P013,2025-06-22,2025-06-24,Completed,85.74
EP003606,E04957,P018,2026-06-29,2026-07-15,Completed,82.79
EP003607,E00533,P026,2026-08-25,,In Progress,
EP003608,E02519,P018,2026-05-01,2026-05-18,Completed,87.17
EP003609,E04187,P004,2025-12-04,,Enrolled,
EP003610,E03570,P025,2024-09-23,,Enrolled,
EP003611,E01858,P029,2026-06-01,,Enrolled,
EP003612,E02158,P040,2024-09-11,,Enrolled,
EP003613,E02135,P037,2026-05-28,2026-06-09,Completed,99.64
EP003614,E03027,P025,2024-09-11,2024-09-25,Completed,71.79
EP003615,E04465,P015,2025-02-22,,Enrolled,
EP003616,E03785,P005,2025-07-30,,Enrolled,
EP003617,E04295,P004,2026-02-03,2026-02-13,Completed,85.29
EP003618,E04509,P030,2026-05-30,,In Progress,
EP003619,E03916,P036,2024-12-17,,Enrolled,
EP003620,E03977,P012,2025-06-10,2025-06-20,Completed,96.81
EP003621,E02993,P013,2025-08-01,,Withdrawn,
EP003622,E00086,P039,2026-04-16,2026-05-14,Completed,83.24
EP003623,E04505,P017,2024-03-31,2024-04-18,Completed,80.46
EP003624,E04383,P001,2025-12-14,2026-02-02,Completed,91.26
EP003625,E04485,P001,2026-02-14,,Enrolled,
EP003626,E04210,P010,2024-07-15,2024-08-06,Completed,75.32
EP003627,E00491,P017,2024-05-21,,Enrolled,
EP003628,E00925,P038,2025-06-02,,Enrolled,
EP003629,E02120,P031,2026-07-18,2026-07-24,Completed,81.68
EP003630,E02346,P037,2026-07-24,2026-07-26,Completed,89.24
EP003631,E01646,P008,2024-10-30,2024-11-15,Completed,84.51
EP003632,E04516,P025,2024-07-08,2024-10-29,Completed,92.98
EP003633,E01382,P003,2025-10-26,2025-11-03,Completed,84.01
EP003634,E01141,P025,2024-11-23,2024-11-23,Completed,84.85
EP003635,E02540,P032,2025-05-17,2025-05-17,Completed,92.21
EP003636,E04114,P038,2025-06-01,,Enrolled,
EP003637,E03202,P027,2024-12-02,2024-12-27,Completed,84.98
EP003638,E01371,P010,2024-07-24,2024-08-02,Completed,76.83
EP003639,E01858,P023,2025-07-16,2025-09-07,Completed,91.4
EP003640,E01878,P003,2025-11-13,2025-11-26,Completed,93.57
EP003641,E00938,P006,2025-06-19,,Enrolled,
EP003642,E04762,P028,2024-07-25,2024-09-06,Completed,74.57
EP003643,E00676,P034,2025-03-26,2025-05-26,Completed,81.69
EP003644,E02797,P016,2024-11-04,2024-11-22,Completed,88.95
EP003645,E02761,P033,2025-01-26,2025-03-01,Completed,91.26
EP003646,E00763,P020,2025-11-19,2025-12-16,Completed,73.48
EP003647,E00497,P026,2026-10-07,2026-10-15,Completed,89.52
EP003648,E03307,P024,2025-01-03,2025-04-05,Completed,86.31
EP003649,E01333,P015,2025-03-26,,Enrolled,
EP003650,E00530,P002,2024-10-22,2024-10-23,Completed,93.45
EP003651,E04801,P004,2025-09-02,,Enrolled,
EP003652,E04178,P001,2026-02-08,2026-02-20,Completed,93.79
EP003653,E01546,P021,2024-12-25,2025-03-23,Completed,62.47
EP003654,E00346,P025,2024-08-12,,Enrolled,
EP003655,E03863,P016,2024-07-21,2024-12-08,Completed,83.7
EP003656,E00036,P017,2024-03-15,2024-05-16,Completed,78.66
EP003657,E01834,P023,2025-05-04,,Withdrawn,
EP003658,E01456,P035,2024-07-08,2024-09-15,Completed,87.66
EP003659,E01987,P014,2026-10-27,2026-11-19,Completed,91.15
EP003660,E04422,P025,2024-09-24,2024-11-24,Completed,78.46
EP003661,E02537,P032,2025-02-12,,Enrolled,
EP003662,E04866,P021,2025-01-29,,Enrolled,
EP003663,E03316,P029,2026-02-21,,Enrolled,
EP003664,E00313,P025,2024-11-04,2024-11-25,Completed,79.02
EP003665,E04252,P032,2025-04-16,2025-05-01,Completed,78.17
EP003666,E02540,P021,2025-02-28,2025-03-03,Completed,79.43
EP003667,E02506,P001,2026-01-07,2026-01-24,Completed,82.11
EP003668,E02920,P034,2025-09-15,2025-09-24,Completed,80.22
EP003669,E01424,P011,2025-01-01,,Enrolled,
EP003670,E03361,P035,2024-09-23,2024-09-23,Completed,77.67
EP003671,E03695,P012,2025-06-05,,Enrolled,
EP003672,E03569,P011,2025-01-11,2025-03-18,Completed,76.93
EP003673,E01098,P017,2024-06-08,2024-06-11,Completed,68.66
EP003674,E02097,P034,2025-09-22,2025-09-24,Completed,85.89
EP003675,E02111,P031,2026-07-07,2026-07-09,Completed,63.61
EP003676,E03081,P025,2024-10-26,2024-10-31,Completed,79.05
EP003677,E03618,P015,2025-05-28,,Enrolled,
EP003678,E03510,P032,2025-02-08,,Withdrawn,
EP003679,E04746,P023,2025-06-26,,Enrolled,
EP003680,E01335,P012,2025-05-31,,Enrolled,
EP003681,E04074,P013,2025-06-06,,Withdrawn,
EP003682,E01385,P020,2025-11-02,2026-01-04,Completed,76.7
EP003683,E02082,P010,2024-08-15,,Enrolled,
EP003684,E00778,P010,2024-08-18,,Enrolled,
EP003685,E03720,P004,2025-12-07,,Enrolled,
EP003686,E01013,P019,2026-04-06,2026-05-11,Completed,87.95
EP003687,E04901,P033,2025-02-28,,Enrolled,
EP003688,E00114,P013,2025-06-16,2025-06-26,Completed,70.91
EP003689,E01037,P020,2025-11-24,,Enrolled,
EP003690,E02357,P022,2024-11-19,,Enrolled,
EP003691,E02182,P024,2025-04-08,2025-04-12,Completed,87.0
EP003692,E03745,P014,2026-12-30,,In Progress,
EP003693,E00960,P026,2026-09-09,2026-10-06,Completed,78.92
EP003694,E04808,P033,2025-01-10,2025-02-05,Completed,91.22
EP003695,E00085,P040,2025-01-01,,Withdrawn,
EP003696,E03318,P017,2024-05-05,2024-06-12,Completed,80.74
EP003697,E02427,P039,2026-03-25,,Withdrawn,
EP003698,E03948,P001,2026-01-03,2026-01-09,Completed,81.5
EP003699,E04797,P003,2025-11-11,2025-11-20,Completed,85.5
EP003700,E04527,P033,2025-02-11,2025-03-15,Completed,85.32
EP003701,E00728,P039,2026-05-28,2026-05-31,Completed,100.0
EP003702,E02599,P030,2026-07-15,2026-08-04,Completed,93.33
EP003703,E00806,P015,2025-04-22,,Enrolled,
EP003704,E01756,P028,2024-06-27,2024-07-02,Completed,88.18
EP003705,E01340,P008,2024-08-22,,Withdrawn,
EP003706,E02542,P011,2024-10-13,2024-10-20,Completed,89.51
EP003707,E04213,P009,2024-10-04,,Enrolled,
EP003708,E04621,P019,2026-01-16,2026-02-17,Completed,95.7
EP003709,E02995,P037,2026-06-18,2026-07-11,Completed,88.09
EP003710,E03201,P002,2024-12-09,,Enrolled,
EP003711,E00307,P003,2025-11-11,,Enrolled,
EP003712,E01579,P007,2024-08-22,,Enrolled,
EP003713,E01866,P015,2025-06-09,2025-06-16,Completed,88.8
EP003714,E01149,P040,2024-10-28,2024-12-08,Completed,79.81
EP003715,E01537,P019,2026-02-09,2026-03-29,Completed,84.96
EP003716,E02875,P021,2025-01-26,2025-03-20,Completed,85.25
EP003717,E04479,P013,2025-07-05,2025-07-09,Completed,84.41
EP003718,E02216,P031,2026-06-23,2026-07-20,Completed,85.76
EP003719,E04331,P017,2024-07-02,,Withdrawn,
EP003720,E03873,P002,2024-12-20,2024-12-24,Completed,100.0
EP003721,E04836,P019,2025-12-20,2026-03-07,Completed,80.29
EP003722,E04417,P028,2024-06-23,,Enrolled,
EP003723,E00623,P028,2024-07-01,2024-08-12,Completed,87.07
EP003724,E01039,P035,2024-07-28,,Enrolled,
EP003725,E02715,P018,2026-04-26,,Withdrawn,
EP003726,E01367,P005,2025-05-31,,Enrolled,
EP003727,E01328,P020,2025-11-27,,Enrolled,
EP003728,E04727,P020,2025-12-03,,Enrolled,
EP003729,E01872,P032,2025-03-07,2025-03-10,Completed,83.57
EP003730,E01548,P039,2026-05-12,,Enrolled,
EP003731,E02666,P002,2024-12-22,,Enrolled,
EP003732,E00089,P031,2026-07-24,2026-08-20,Completed,80.71
EP003733,E00131,P040,2025-02-26,,Enrolled,
EP003734,E03561,P007,2024-10-15,,Enrolled,
EP003735,E02573,P021,2025-01-23,2025-02-06,Completed,81.36
EP003736,E02062,P021,2025-02-18,2025-02-18,Completed,80.98
EP003737,E02340,P022,2025-01-16,2025-01-19,Completed,82.08
EP003738,E00812,P023,2025-06-08,,Enrolled,
EP003739,E01763,P011,2025-02-10,2025-03-12,Completed,74.01
EP003740,E04540,P024,2025-02-09,,Enrolled,
EP003741,E01619,P007,2024-10-16,,Enrolled,
EP003742,E04734,P019,2026-05-01,2026-05-09,Completed,93.87
EP003743,E00596,P008,2024-06-25,,Enrolled,
EP003744,E02769,P039,2026-05-15,,Enrolled,
EP003745,E04231,P003,2025-09-27,,Enrolled,
EP003746,E04012,P029,2025-12-30,2026-05-31,Completed,94.73
EP003747,E00368,P029,2026-01-25,,Withdrawn,
EP003748,E04526,P031,2026-07-08,,Withdrawn,
EP003749,E00176,P011,2025-01-17,2025-03-04,Completed,88.56
EP003750,E00699,P032,2025-01-12,,Enrolled,
EP003751,E00199,P021,2025-03-28,2025-03-28,Completed,87.19
EP003752,E00148,P016,2024-09-27,2024-10-16,Completed,78.21
EP003753,E04966,P017,2024-05-25,2024-07-20,Completed,82.38
EP003754,E04435,P028,2024-08-17,,Enrolled,
EP003755,E04754,P027,2024-11-18,,Enrolled,
EP003756,E00110,P006,2025-06-14,2025-08-04,Completed,87.05
EP003757,E03206,P032,2025-03-29,2025-04-21,Completed,81.04
EP003758,E04056,P004,2025-09-05,,Withdrawn,
EP003759,E04676,P004,2026-01-13,,Enrolled,
EP003760,E04839,P030,2026-06-30,,In Progress,
EP003761,E01582,P036,2025-01-21,,Enrolled,
EP003762,E03694,P025,2024-09-14,2024-09-22,Completed,96.73
EP003763,E03219,P038,2025-06-11,2025-06-29,Completed,95.8
EP003764,E00108,P013,2025-07-07,2025-07-07,Completed,80.76
EP003765,E03026,P013,2025-07-17,,Enrolled,
EP003766,E00246,P040,2025-01-29,,Enrolled,
EP003767,E03004,P022,2024-12-28,2025-01-01,Completed,87.31
EP003768,E02090,P009,2024-12-13,2024-12-26,Completed,61.8
EP003769,E04638,P021,2025-02-13,2025-03-21,Completed,78.45
EP003770,E00220,P008,2024-08-24,2024-11-10,Completed,88.77
EP003771,E04021,P012,2025-06-11,2025-06-15,Completed,88.08
EP003772,E04429,P030,2026-07-07,,In Progress,
EP003773,E03330,P029,2026-01-03,,Withdrawn,
EP003774,E01393,P010,2024-06-20,2024-08-03,Completed,82.79
EP003775,E00905,P034,2025-08-11,,Enrolled,
EP003776,E04028,P024,2025-02-06,,Withdrawn,
EP003777,E02353,P016,2024-12-02,2024-12-10,Completed,71.44
EP003778,E01167,P009,2024-07-09,2024-07-31,Completed,75.0
EP003779,E03211,P032,2025-01-15,,Enrolled,
EP003780,E01397,P011,2024-11-08,,Withdrawn,
EP003781,E03161,P030,2026-07-17,2026-07-24,Completed,83.0
EP003782,E00879,P029,2026-04-19,,Withdrawn,
EP003783,E01475,P009,2024-08-22,,Enrolled,
EP003784,E04405,P021,2025-03-04,2025-03-12,Completed,84.32
EP003785,E01099,P038,2025-06-16,2025-06-29,Completed,86.73
EP003786,E04616,P031,2026-08-14,,In Progress,
EP003787,E00852,P012,2025-07-04,2025-07-05,Completed,85.96
EP003788,E00267,P006,2025-04-14,2025-05-15,Completed,74.03
EP003789,E00843,P029,2026-05-09,2026-05-12,Completed,96.4
EP003790,E02819,P020,2025-11-13,2025-12-06,Completed,80.0
EP003791,E03538,P023,2025-07-03,,Withdrawn,
EP003792,E02576,P011,2024-11-18,2025-03-12,Completed,87.43
EP003793,E04193,P013,2025-06-11,2025-08-04,Completed,87.37
EP003794,E04959,P038,2025-03-24,,Enrolled,
EP003795,E01230,P013,2025-05-28,,Withdrawn,
EP003796,E03965,P006,2025-07-04,2025-08-11,Completed,84.34
EP003797,E04530,P038,2025-05-09,2025-06-14,Completed,79.92
EP003798,E00216,P007,2024-08-07,2024-10-02,Completed,100.0
EP003799,E00201,P018,2026-07-14,2026-07-23,Completed,80.69
EP003800,E00074,P033,2025-02-05,,Enrolled,
EP003801,E03190,P004,2026-01-13,,Enrolled,
EP003802,E00520,P013,2025-06-15,,Enrolled,
EP003803,E03540,P036,2024-12-12,2025-01-18,Completed,87.48
EP003804,E03089,P038,2025-06-21,,Enrolled,
EP003805,E03032,P023,2025-05-23,,Enrolled,
EP003806,E01045,P014,2026-08-22,2026-09-27,Completed,80.39
EP003807,E04589,P028,2024-06-10,2024-08-22,Completed,90.42
EP003808,E04934,P019,2026-01-02,,Enrolled,
EP003809,E00555,P022,2024-11-16,2025-01-17,Completed,99.95
EP003810,E01478,P024,2025-04-07,,Withdrawn,
EP003811,E00119,P009,2024-12-05,2024-12-29,Completed,89.84
EP003812,E02983,P002,2024-10-14,2024-12-21,Completed,75.73
EP003813,E02077,P005,2025-08-05,2025-08-06,Completed,82.48
EP003814,E00645,P029,2026-01-10,2026-02-13,Completed,96.58
EP003815,E01501,P017,2024-03-13,2024-06-13,Completed,82.45
EP003816,E04323,P012,2025-06-01,2025-06-06,Completed,85.11
EP003817,E00513,P034,2025-06-19,,Enrolled,
EP003818,E00646,P011,2024-12-24,2025-01-23,Completed,79.52
EP003819,E03706,P022,2024-11-30,2025-01-07,Completed,96.64
EP003820,E04483,P031,2026-08-09,2026-08-22,Completed,87.9
EP003821,E01876,P012,2025-04-30,,Enrolled,
EP003822,E00259,P028,2024-07-27,2024-09-04,Completed,96.88
EP003823,E02495,P022,2024-12-14,,Enrolled,
EP003824,E01900,P015,2025-03-03,2025-04-23,Completed,89.29
EP003825,E02310,P029,2026-03-11,,Enrolled,
EP003826,E03039,P034,2025-06-13,2025-09-02,Completed,80.46
EP003827,E01633,P004,2025-11-03,,Enrolled,
EP003828,E00308,P022,2024-11-12,2025-01-03,Completed,68.87
EP003829,E03071,P030,2026-07-06,2026-08-10,Completed,79.99
EP003830,E03145,P034,2025-09-18,,Enrolled,
EP003831,E00981,P002,2024-07-31,,Enrolled,
EP003832,E01597,P014,2026-10-24,2026-12-09,Completed,86.95
EP003833,E03413,P037,2026-06-12,,Enrolled,
EP003834,E02702,P038,2025-06-20,2025-06-24,Completed,72.77
EP003835,E01179,P015,2025-06-19,,Enrolled,
EP003836,E04337,P037,2026-05-14,,Enrolled,
EP003837,E02736,P013,2025-07-02,2025-07-15,Completed,84.04
EP003838,E04062,P007,2024-09-10,2024-09-12,Completed,79.22
EP003839,E03254,P028,2024-08-27,2024-09-15,Completed,100.0
EP003840,E04364,P039,2026-04-10,2026-05-21,Completed,87.2
EP003841,E04293,P010,2024-07-29,2024-07-30,Completed,100.0
EP003842,E02886,P009,2024-09-24,2024-10-05,Completed,79.49
EP003843,E02665,P040,2025-02-26,2025-02-27,Completed,99.68
EP003844,E04562,P006,2025-06-05,2025-08-08,Completed,92.63
EP003845,E00688,P039,2026-03-21,,Enrolled,
EP003846,E04639,P033,2025-01-20,,Enrolled,
EP003847,E00979,P024,2025-01-28,2025-03-16,Completed,94.68
EP003848,E03449,P023,2025-06-11,,Withdrawn,
EP003849,E04927,P040,2024-10-27,2024-11-22,Completed,80.7
EP003850,E04230,P040,2024-09-14,,Enrolled,
EP003851,E01584,P024,2025-05-02,2025-05-02,Completed,75.71
EP003852,E03369,P024,2025-01-17,2025-04-25,Completed,96.94
EP003853,E00434,P037,2026-07-10,2026-07-22,Completed,67.54
EP003854,E02102,P020,2026-01-07,,Enrolled,
EP003855,E00557,P038,2025-04-06,,Enrolled,
EP003856,E04105,P015,2025-06-17,,Withdrawn,
EP003857,E01414,P038,2025-04-26,2025-04-30,Completed,72.44
EP003858,E00176,P009,2024-09-20,2024-12-21,Completed,80.6
EP003859,E04695,P024,2024-12-23,2025-04-15,Completed,75.49
EP003860,E00896,P023,2025-07-09,,Enrolled,
EP003861,E01733,P020,2025-12-27,,Enrolled,
EP003862,E00896,P008,2024-07-16,2024-08-04,Completed,100.0
EP003863,E04657,P009,2024-10-07,,Enrolled,
EP003864,E00044,P008,2024-06-27,2024-10-13,Completed,63.67
EP003865,E02983,P029,2026-03-07,2026-04-22,Completed,93.4
EP003866,E00113,P038,2025-06-21,,Enrolled,
EP003867,E01568,P038,2025-04-24,2025-06-09,Completed,81.35
EP003868,E01687,P029,2026-06-02,2026-06-05,Completed,95.52
EP003869,E01385,P027,2024-12-23,2025-02-04,Completed,83.44
EP003870,E04318,P029,2026-05-01,2026-05-08,Completed,93.85
EP003871,E01293,P022,2024-11-27,2024-12-07,Completed,69.06
EP003872,E00153,P008,2024-09-04,2024-10-11,Completed,80.4
EP003873,E01794,P025,2024-11-08,,Enrolled,
EP003874,E04246,P011,2024-12-24,2024-12-31,Completed,96.16
EP003875,E00558,P030,2026-06-24,2026-07-04,Completed,79.85
EP003876,E02148,P004,2025-09-14,,Withdrawn,
EP003877,E02555,P031,2026-07-06,2026-08-10,Completed,74.08
EP003878,E00507,P018,2026-05-16,,Enrolled,
EP003879,E03223,P026,2026-09-25,2026-10-17,Completed,80.85
EP003880,E01137,P011,2025-01-03,2025-01-03,Completed,63.46
EP003881,E02900,P036,2024-12-19,,Withdrawn,
EP003882,E00464,P018,2026-07-21,2026-07-23,Completed,91.97
EP003883,E04847,P016,2024-11-25,2024-12-14,Completed,75.0
EP003884,E01222,P033,2024-12-29,,Enrolled,
EP003885,E03013,P024,2025-03-04,2025-04-19,Completed,69.94
EP003886,E03040,P006,2025-07-31,2025-08-10,Completed,79.39
EP003887,E02810,P021,2025-03-13,2025-03-28,Completed,84.22
EP003888,E02450,P039,2026-03-01,2026-03-05,Completed,92.78
EP003889,E00070,P021,2025-03-03,2025-03-05,Completed,80.34
EP003890,E01906,P011,2025-02-16,,Enrolled,
EP003891,E03200,P021,2025-01-18,2025-02-14,Completed,72.09
EP003892,E02365,P007,2024-08-22,,Enrolled,
EP003893,E04081,P036,2025-01-24,2025-01-29,Completed,88.25
EP003894,E02736,P008,2024-08-30,2024-09-08,Completed,72.57
EP003895,E00198,P007,2024-10-14,,Enrolled,
EP003896,E04861,P012,2025-05-20,,Enrolled,
EP003897,E01645,P034,2025-08-14,,Enrolled,
EP003898,E04028,P007,2024-09-07,,Enrolled,
EP003899,E00796,P013,2025-08-03,,Enrolled,
EP003900,E03829,P016,2024-08-11,2024-11-30,Completed,89.98
EP003901,E02676,P007,2024-10-19,2024-10-19,Completed,95.75
EP003902,E04440,P033,2025-01-20,2025-03-23,Completed,89.92
EP003903,E03425,P011,2024-09-15,,Enrolled,
EP003904,E00493,P010,2024-08-07,,Enrolled,
EP003905,E02298,P009,2024-09-11,2024-11-25,Completed,79.27
EP003906,E01087,P003,2025-10-05,2025-11-26,Completed,79.82
EP003907,E00873,P012,2025-04-24,,Enrolled,
EP003908,E03598,P031,2026-07-03,,In Progress,
EP003909,E02515,P039,2026-05-06,2026-05-30,Completed,73.23
EP003910,E04848,P031,2026-06-25,,In Progress,
EP003911,E01648,P013,2025-07-03,2025-07-20,Completed,92.01
EP003912,E00498,P023,2025-09-09,,Enrolled,
EP003913,E03625,P038,2025-04-20,,Enrolled,
EP003914,E00332,P002,2024-07-21,2024-07-21,Completed,78.29
EP003915,E02363,P025,2024-10-18,2024-10-28,Completed,88.79
EP003916,E01938,P011,2024-10-21,2024-12-14,Completed,83.67
EP003917,E00263,P016,2024-09-14,2024-11-07,Completed,78.7
EP003918,E04463,P015,2025-06-07,2025-06-18,Completed,80.33
EP003919,E02909,P003,2025-12-05,2025-12-06,Completed,73.9
EP003920,E04362,P024,2025-02-08,,Enrolled,
EP003921,E01330,P001,2026-01-08,2026-01-11,Completed,84.11
EP003922,E00896,P029,2026-05-12,2026-05-23,Completed,95.46
EP003923,E04026,P012,2025-07-02,,Enrolled,
EP003924,E02988,P004,2025-10-15,,Enrolled,
EP003925,E00939,P029,2026-04-21,,Enrolled,
EP003926,E00338,P013,2025-05-16,2025-06-06,Completed,74.31
EP003927,E02643,P013,2025-06-25,2025-06-28,Completed,73.01
EP003928,E04755,P026,2026-07-11,,In Progress,
EP003929,E00063,P008,2024-07-12,2024-11-14,Completed,74.37
EP003930,E02667,P022,2025-01-15,,Withdrawn,
EP003931,E02745,P029,2026-03-26,,Enrolled,
EP003932,E04727,P009,2024-07-19,,Enrolled,
EP003933,E00708,P013,2025-07-26,2025-07-31,Completed,73.06
EP003934,E02629,P024,2025-01-11,,Enrolled,
EP003935,E00677,P018,2026-06-23,,Enrolled,
EP003936,E02668,P007,2024-10-18,2024-10-19,Completed,76.5
EP003937,E01879,P024,2025-02-11,,Enrolled,
EP003938,E01035,P026,2026-10-02,,In Progress,
EP003939,E04096,P011,2024-09-26,2025-01-24,Completed,88.86
EP003940,E03592,P019,2026-05-16,2026-05-22,Completed,87.37
EP003941,E02980,P025,2024-11-10,,Enrolled,
EP003942,E00325,P003,2025-10-24,,Enrolled,
EP003943,E03683,P020,2025-12-29,2026-01-16,Completed,96.65
EP003944,E01151,P023,2025-05-16,2025-08-07,Completed,97.16
EP003945,E04330,P018,2026-06-04,,Enrolled,
EP003946,E02158,P017,2024-04-17,,Withdrawn,
EP003947,E04348,P033,2025-02-19,,Enrolled,
EP003948,E01488,P018,2026-06-21,2026-06-24,Completed,85.13
EP003949,E04452,P011,2025-03-22,2025-03-25,Completed,99.67
EP003950,E01468,P014,2026-11-01,,In Progress,
EP003951,E02318,P005,2025-05-02,,Enrolled,
EP003952,E04864,P008,2024-08-17,2024-09-10,Completed,82.44
EP003953,E04977,P032,2025-01-06,2025-01-13,Completed,83.94
EP003954,E03365,P039,2026-05-04,2026-05-20,Completed,90.05
EP003955,E01296,P010,2024-07-09,2024-08-17,Completed,92.4
EP003956,E01487,P040,2024-11-02,,Enrolled,
EP003957,E00259,P036,2024-12-18,2025-02-01,Completed,90.61
EP003958,E03919,P004,2026-02-17,,Withdrawn,
EP003959,E02937,P006,2025-04-29,2025-07-21,Completed,80.92
EP003960,E00046,P038,2025-04-09,2025-04-09,Completed,76.69
EP003961,E00573,P011,2024-09-21,2025-01-02,Completed,88.41
EP003962,E03887,P028,2024-05-29,,Enrolled,
EP003963,E01717,P012,2025-05-03,,Withdrawn,
EP003964,E04850,P002,2024-10-29,2024-11-26,Completed,100.0
EP003965,E04464,P018,2026-05-09,2026-05-19,Completed,73.83
EP003966,E04037,P027,2024-12-11,,Enrolled,
EP003967,E00220,P029,2026-03-22,2026-04-22,Completed,83.51
EP003968,E00515,P025,2024-11-24,2024-12-03,Completed,85.63
EP003969,E02384,P027,2024-12-23,2025-02-01,Completed,85.1
EP003970,E00370,P040,2024-09-29,2025-01-18,Completed,90.34
EP003971,E01421,P010,2024-06-26,2024-08-21,Completed,88.09
EP003972,E03170,P033,2025-01-05,2025-03-29,Completed,80.93
EP003973,E00378,P004,2026-01-03,,Enrolled,
EP003974,E02165,P007,2024-09-02,,Withdrawn,
EP003975,E03825,P029,2026-02-14,,Enrolled,
EP003976,E04899,P014,2026-10-13,,In Progress,
EP003977,E01237,P033,2025-01-11,2025-03-17,Completed,77.84
EP003978,E01981,P033,2025-01-12,2025-02-17,Completed,77.33
EP003979,E03343,P031,2026-07-20,2026-08-10,Completed,66.23
EP003980,E01634,P034,2025-05-02,,Enrolled,
EP003981,E02884,P037,2026-06-25,2026-06-26,Completed,84.66
EP003982,E00491,P019,2026-05-17,,Enrolled,
EP003983,E00388,P009,2024-09-07,2024-10-23,Completed,88.43
EP003984,E01268,P036,2025-01-13,,Enrolled,
EP003985,E03805,P015,2025-06-03,,Enrolled,
EP003986,E00415,P022,2024-11-09,2024-11-23,Completed,81.83
EP003987,E02603,P024,2025-03-05,2025-03-08,Completed,81.3
EP003988,E02137,P002,2024-11-22,2024-12-21,Completed,78.6
EP003989,E03765,P016,2024-11-25,2024-12-04,Completed,71.13
EP003990,E01851,P036,2025-01-21,,Enrolled,
EP003991,E03973,P035,2024-08-05,2024-08-26,Completed,82.72
EP003992,E03189,P039,2026-04-18,,Enrolled,
EP003993,E00677,P025,2024-07-22,,Enrolled,
EP003994,E03786,P020,2025-12-11,2025-12-23,Completed,100.0
EP003995,E00297,P026,2026-08-24,2026-08-26,Completed,90.05
EP003996,E01939,P029,2026-05-10,2026-05-11,Completed,91.23
EP003997,E03450,P007,2024-10-11,2024-10-17,Completed,81.52
EP003998,E04512,P038,2025-06-11,,Enrolled,
EP003999,E03629,P011,2025-01-16,2025-02-20,Completed,91.09
EP004000,E01937,P007,2024-10-01,2024-10-04,Completed,75.92
EP004001,E04290,P028,2024-06-18,2024-07-11,Completed,99.02
EP004002,E02682,P010,2024-08-28,2024-08-28,Completed,83.68
EP004003,E00754,P008,2024-08-22,,Enrolled,
EP004004,E04355,P030,2026-06-13,,In Progress,
EP004005,E03705,P026,2026-10-09,2026-10-09,Completed,73.25
EP004006,E04032,P026,2026-09-06,2026-10-05,Completed,93.58
EP004007,E04027,P036,2024-12-25,,Withdrawn,
EP004008,E02350,P020,2026-01-12,,Enrolled,
EP004009,E02009,P024,2025-02-24,2025-03-15,Completed,83.78
EP004010,E02087,P005,2025-06-21,,Withdrawn,
EP004011,E03099,P036,2024-12-24,,Enrolled,
EP004012,E01479,P003,2025-11-15,2025-11-25,Completed,78.74
EP004013,E04372,P026,2026-09-19,2026-09-24,Completed,87.85
EP004014,E03945,P024,2025-05-03,2025-05-05,Completed,86.48
EP004015,E02442,P013,2025-07-18,2025-07-25,Completed,79.28
EP004016,E02741,P028,2024-08-21,2024-09-04,Completed,80.97
EP004017,E01967,P014,2026-10-26,,In Progress,
EP004018,E04511,P005,2025-06-23,2025-06-28,Completed,86.94
EP004019,E04081,P038,2025-03-26,,Withdrawn,
EP004020,E00895,P020,2025-12-21,,Enrolled,
EP004021,E02518,P003,2025-11-04,,Enrolled,
EP004022,E01920,P001,2026-01-15,2026-01-23,Completed,68.73
EP004023,E01122,P004,2025-12-04,2026-01-30,Completed,75.24
EP004024,E02876,P027,2025-01-17,,Withdrawn,
EP004025,E00922,P010,2024-06-15,2024-08-20,Completed,74.47
EP004026,E03179,P002,2024-09-12,,Enrolled,
EP004027,E03778,P005,2025-08-09,2025-08-09,Completed,74.55
EP004028,E02243,P027,2025-02-04,2025-02-15,Completed,91.75
EP004029,E04491,P034,2025-03-28,2025-04-20,Completed,82.72
EP004030,E01639,P001,2026-01-04,,Enrolled,
EP004031,E01567,P028,2024-05-09,2024-07-07,Completed,83.36
EP004032,E01410,P009,2024-09-09,2024-09-14,Completed,86.72
EP004033,E00957,P035,2024-08-31,,Withdrawn,
EP004034,E00818,P027,2024-11-15,2025-02-07,Completed,86.52
EP004035,E04118,P004,2025-09-01,2025-10-28,Completed,91.87
EP004036,E02628,P022,2024-12-04,,Withdrawn,
EP004037,E01086,P026,2026-09-02,2026-10-02,Completed,74.99
EP004038,E02581,P009,2024-10-05,2024-12-29,Completed,76.1
EP004039,E00090,P025,2024-10-08,2024-11-15,Completed,85.05
EP004040,E04346,P029,2026-04-11,2026-04-27,Completed,74.91
EP004041,E04342,P026,2026-09-07,2026-09-19,Completed,81.02
EP004042,E00177,P031,2026-06-24,2026-08-17,Completed,93.33
EP004043,E00810,P024,2025-01-28,,Withdrawn,
EP004044,E01640,P014,2026-10-16,2026-12-12,Completed,94.86
EP004045,E00087,P007,2024-08-10,2024-08-15,Completed,79.53
EP004046,E04947,P029,2026-01-31,,Enrolled,
EP004047,E03044,P040,2024-10-24,2025-01-29,Completed,81.39
EP004048,E03280,P040,2024-12-10,2025-02-12,Completed,87.26
EP004049,E03456,P018,2026-04-19,,Withdrawn,
EP004050,E00857,P015,2025-05-25,,Enrolled,
EP004051,E04806,P035,2024-08-05,2024-08-27,Completed,84.8
EP004052,E04806,P026,2026-07-07,2026-08-14,Completed,79.4
EP004053,E04442,P002,2024-07-24,,Enrolled,
EP004054,E03707,P021,2024-12-28,2025-01-04,Completed,83.97
EP004055,E00733,P018,2026-07-03,,Enrolled,
EP004056,E02529,P025,2024-10-14,,Enrolled,
EP004057,E01787,P038,2025-05-12,,Enrolled,
EP004058,E03936,P011,2025-03-19,,Withdrawn,
EP004059,E03795,P013,2025-07-27,2025-07-27,Completed,81.05
EP004060,E02894,P008,2024-05-31,2024-07-11,Completed,81.69
EP004061,E03380,P028,2024-06-20,,Enrolled,
EP004062,E01187,P013,2025-06-05,2025-06-06,Completed,87.61
EP004063,E02666,P036,2025-01-30,,Withdrawn,
EP004064,E02824,P034,2025-08-27,,Enrolled,
EP004065,E00851,P005,2025-07-08,2025-07-23,Completed,93.08
EP004066,E03398,P017,2024-03-19,,Enrolled,
EP004067,E00792,P018,2026-06-15,,Enrolled,
EP004068,E01986,P038,2025-05-12,,Enrolled,
EP004069,E02044,P010,2024-07-16,2024-08-03,Completed,94.88
EP004070,E04890,P017,2024-05-08,,Enrolled,
EP004071,E04833,P031,2026-08-13,2026-08-25,Completed,75.06
EP004072,E02371,P040,2024-12-16,,Enrolled,
EP004073,E03468,P019,2026-02-26,2026-04-28,Completed,78.12
EP004074,E02710,P005,2025-07-16,2025-08-06,Completed,82.48
EP004075,E01891,P003,2025-11-03,2025-11-22,Completed,73.73
EP004076,E00634,P017,2024-04-03,,Enrolled,
EP004077,E03304,P014,2026-12-06,2026-12-19,Completed,82.18
EP004078,E03260,P028,2024-08-25,,Enrolled,
EP004079,E01844,P027,2025-02-14,2025-02-15,Completed,84.93
EP004080,E02099,P016,2024-08-24,2024-10-16,Completed,87.32
EP004081,E03438,P038,2025-04-30,,Enrolled,
EP004082,E02412,P017,2024-02-28,2024-03-24,Completed,100.0
EP004083,E02242,P029,2026-02-27,2026-03-27,Completed,93.18
EP004084,E04204,P012,2025-05-29,,Withdrawn,
EP004085,E03051,P039,2026-05-14,2026-05-16,Completed,81.88
EP004086,E02017,P006,2025-06-18,2025-06-18,Completed,95.51
EP004087,E04289,P001,2025-12-03,2026-01-10,Completed,80.36
EP004088,E01444,P016,2024-09-19,,Withdrawn,
EP004089,E03754,P008,2024-05-26,2024-06-14,Completed,80.48
EP004090,E01117,P024,2024-12-26,2025-01-27,Completed,73.41
EP004091,E04042,P028,2024-06-08,,Withdrawn,
EP004092,E02401,P037,2026-06-23,,Enrolled,
EP004093,E02217,P002,2024-09-28,2024-10-18,Completed,93.17
EP004094,E00106,P026,2026-09-23,2026-10-22,Completed,86.01
EP004095,E00756,P012,2025-06-21,2025-06-22,Completed,84.23
EP004096,E03805,P033,2025-03-12,,Enrolled,
EP004097,E00957,P016,2024-11-13,2024-11-14,Completed,90.41
EP004098,E01842,P026,2026-08-22,2026-09-04,Completed,83.88
EP004099,E04217,P031,2026-08-09,2026-08-12,Completed,85.66
EP004100,E01388,P006,2025-06-20,2025-07-21,Completed,81.03
EP004101,E03822,P036,2024-12-08,2025-01-24,Completed,82.27
EP004102,E00813,P017,2024-05-27,,Enrolled,
EP004103,E00761,P021,2025-01-03,2025-01-11,Completed,79.67
EP004104,E00922,P015,2025-06-06,,Enrolled,
EP004105,E01343,P035,2024-07-11,2024-08-17,Completed,80.86
EP004106,E01482,P008,2024-08-01,,Withdrawn,
EP004107,E04756,P001,2025-12-21,,Withdrawn,
EP004108,E03520,P034,2025-09-24,,Enrolled,
EP004109,E00094,P010,2024-07-06,2024-08-06,Completed,74.55
EP004110,E01660,P035,2024-08-25,,Enrolled,
EP004111,E02164,P010,2024-08-10,2024-08-22,Completed,70.05
EP004112,E02163,P002,2024-07-23,,Withdrawn,
EP004113,E02961,P036,2025-01-04,,Enrolled,
EP004114,E04696,P005,2025-07-25,,Enrolled,
EP004115,E00997,P027,2024-12-12,2024-12-17,Completed,71.07
EP004116,E01985,P002,2024-08-11,2024-09-15,Completed,82.66
EP004117,E03204,P024,2025-02-10,2025-04-19,Completed,82.98
EP004118,E01352,P022,2025-01-02,,Withdrawn,
EP004119,E00071,P031,2026-07-22,2026-08-14,Completed,94.32
EP004120,E04302,P008,2024-11-03,2024-11-08,Completed,82.79
EP004121,E01267,P010,2024-08-25,,Enrolled,
EP004122,E04034,P025,2024-08-04,2024-08-14,Completed,88.6
EP004123,E01705,P040,2024-10-25,2024-10-26,Completed,88.54
EP004124,E00228,P035,2024-09-03,2024-09-10,Completed,86.17
EP004125,E03779,P030,2026-06-17,2026-06-21,Completed,96.83
EP004126,E04287,P003,2025-11-30,,Enrolled,
EP004127,E01111,P031,2026-08-19,2026-08-21,Completed,85.44
EP004128,E04157,P014,2026-10-26,,In Progress,
EP004129,E02164,P006,2025-05-01,,Enrolled,
EP004130,E04449,P017,2024-04-30,,Enrolled,
EP004131,E02356,P014,2026-12-15,2026-12-29,Completed,78.74
EP004132,E04470,P029,2026-03-02,2026-05-03,Completed,62.81
EP004133,E03049,P037,2026-07-22,2026-07-29,Completed,77.98
EP004134,E04644,P009,2024-07-27,2024-10-30,Completed,79.6
EP004135,E00651,P031,2026-07-11,2026-08-25,Completed,81.99
EP004136,E02075,P040,2024-11-28,,Enrolled,
EP004137,E00870,P006,2025-07-23,2025-08-04,Completed,76.37
EP004138,E00706,P022,2024-12-25,2025-01-07,Completed,100.0
EP004139,E02892,P001,2026-01-01,2026-01-15,Completed,91.43
EP004140,E02441,P038,2025-06-13,,Enrolled,
EP004141,E02501,P016,2024-12-17,2024-12-17,Completed,86.3
EP004142,E01365,P005,2025-05-09,2025-06-13,Completed,79.11
EP004143,E02084,P007,2024-09-13,2024-10-12,Completed,74.98
EP004144,E01071,P013,2025-07-28,2025-07-30,Completed,70.2
EP004145,E02336,P022,2024-12-26,,Enrolled,
EP004146,E03569,P019,2025-12-25,2026-03-06,Completed,80.31
EP004147,E03572,P023,2025-07-13,2025-09-02,Completed,68.72
EP004148,E02979,P023,2025-09-07,2025-09-09,Completed,95.66
EP004149,E03456,P001,2025-12-21,2026-01-05,Completed,88.53
EP004150,E01472,P027,2025-01-17,2025-02-14,Completed,73.39
EP004151,E02628,P040,2024-09-14,2025-02-25,Completed,78.44
EP004152,E04189,P022,2024-11-10,,Enrolled,
EP004153,E01805,P008,2024-07-26,,Withdrawn,
EP004154,E01382,P028,2024-05-22,2024-09-13,Completed,85.53
EP004155,E04223,P024,2025-01-16,2025-03-09,Completed,84.77
EP004156,E03401,P019,2026-05-13,2026-05-20,Completed,81.61
EP004157,E04417,P009,2024-08-30,,Enrolled,
EP004158,E01429,P040,2024-10-28,,Withdrawn,
EP004159,E03800,P022,2025-01-04,,Enrolled,
EP004160,E00538,P040,2024-10-27,2025-01-19,Completed,68.4
EP004161,E04499,P039,2026-03-20,2026-05-31,Completed,83.45
EP004162,E03745,P037,2026-06-26,2026-07-10,Completed,75.87
EP004163,E03703,P033,2025-01-18,,Withdrawn,
EP004164,E03987,P028,2024-05-11,2024-05-15,Completed,88.06
EP004165,E01647,P026,2026-08-19,,In Progress,
EP004166,E04211,P003,2025-11-16,2025-11-24,Completed,81.73
EP004167,E00894,P012,2025-05-18,,Enrolled,
EP004168,E04727,P029,2026-06-01,,Enrolled,
EP004169,E04140,P032,2025-05-02,2025-05-11,Completed,74.68
EP004170,E03759,P017,2024-05-08,,Enrolled,
EP004171,E02472,P028,2024-08-03,2024-09-14,Completed,91.67
EP004172,E00103,P036,2025-01-30,2025-02-02,Completed,77.85
EP004173,E03052,P014,2026-09-12,,In Progress,
EP004174,E02115,P012,2025-05-15,2025-06-04,Completed,81.14
EP004175,E02929,P040,2024-10-08,2025-02-19,Completed,90.4
EP004176,E02465,P036,2024-12-28,2025-01-10,Completed,87.78
EP004177,E00138,P020,2025-10-13,2025-12-11,Completed,78.43
EP004178,E01941,P007,2024-09-29,2024-09-29,Completed,79.79
EP004179,E03045,P014,2026-10-02,,In Progress,
EP004180,E03295,P033,2024-12-16,2025-02-28,Completed,98.24
EP004181,E03917,P012,2025-05-14,2025-06-29,Completed,74.81
EP004182,E04676,P004,2025-10-22,2025-12-22,Completed,76.76
EP004183,E03872,P034,2025-07-06,,Enrolled,
EP004184,E01245,P040,2025-01-13,2025-01-13,Completed,88.4
EP004185,E04946,P004,2025-11-25,,Enrolled,
EP004186,E02147,P013,2025-08-03,2025-08-04,Completed,87.55
EP004187,E04610,P039,2026-05-20,2026-05-23,Completed,94.48
EP004188,E01834,P018,2026-04-22,2026-06-18,Completed,78.74
EP004189,E02249,P036,2024-12-24,2025-02-06,Completed,79.89
EP004190,E00635,P011,2025-03-20,2025-03-24,Completed,93.83
EP004191,E02931,P010,2024-08-22,2024-08-25,Completed,85.0
EP004192,E01895,P005,2025-05-29,,Enrolled,
EP004193,E00013,P036,2025-01-10,2025-02-01,Completed,85.41
EP004194,E03475,P003,2025-11-14,,Enrolled,
EP004195,E00403,P028,2024-08-26,,Enrolled,
EP004196,E02055,P006,2025-07-30,2025-08-10,Completed,79.44
EP004197,E03436,P031,2026-06-28,2026-07-25,Completed,81.68
EP004198,E04235,P018,2026-07-17,2026-07-20,Completed,88.61
EP004199,E00028,P019,2025-11-26,2026-04-26,Completed,86.32
EP004200,E00029,P022,2024-12-02,2024-12-19,Completed,62.76
EP004201,E04128,P014,2026-08-14,2026-11-30,Completed,68.85
EP004202,E03921,P004,2025-12-08,2026-01-26,Completed,75.09
EP004203,E01612,P013,2025-06-04,2025-06-18,Completed,89.64
EP004204,E01687,P031,2026-06-24,2026-08-07,Completed,81.64
EP004205,E00074,P035,2024-09-22,2024-09-22,Completed,79.32
EP004206,E04833,P005,2025-05-27,2025-07-24,Completed,89.03
EP004207,E03077,P034,2025-03-27,2025-08-06,Completed,66.45
EP004208,E04484,P030,2026-06-05,2026-06-10,Completed,86.57
EP004209,E03706,P039,2026-04-02,2026-05-27,Completed,77.84
EP004210,E02819,P019,2026-04-26,2026-05-13,Completed,85.0
EP004211,E01848,P015,2025-05-16,2025-05-28,Completed,68.13
EP004212,E02117,P018,2026-04-19,2026-04-25,Completed,88.84
EP004213,E00443,P006,2025-06-04,2025-08-03,Completed,100.0
EP004214,E03482,P018,2026-06-05,,Enrolled,
EP004215,E01999,P004,2025-12-14,2026-01-30,Completed,83.67
EP004216,E00584,P038,2025-05-28,2025-06-27,Completed,79.67
EP004217,E00109,P014,2026-11-20,,In Progress,
EP004218,E02032,P016,2024-07-23,2024-10-26,Completed,75.0
EP004219,E01564,P021,2025-01-23,2025-02-13,Completed,81.19
EP004220,E02576,P020,2025-12-29,,Enrolled,
EP004221,E03627,P015,2025-06-17,2025-06-17,Completed,88.41
EP004222,E03625,P039,2026-04-05,,Enrolled,
EP004223,E04949,P014,2026-12-17,2026-12-30,Completed,74.9
EP004224,E04464,P017,2024-06-03,,Enrolled,
EP004225,E00114,P002,2024-11-13,2024-12-03,Completed,85.52
EP004226,E04004,P016,2024-07-27,2024-12-14,Completed,88.44
EP004227,E02830,P023,2025-08-16,2025-08-20,Completed,82.19
EP004228,E01352,P035,2024-09-23,,Enrolled,
EP004229,E04449,P004,2026-02-09,2026-02-13,Completed,92.88
EP004230,E02807,P035,2024-07-04,,Enrolled,
EP004231,E00468,P024,2025-01-16,2025-02-26,Completed,78.06
EP004232,E03432,P013,2025-07-18,2025-07-18,Completed,88.13
EP004233,E04912,P006,2025-05-21,2025-07-29,Completed,82.95
EP004234,E00419,P003,2025-11-05,2025-11-27,Completed,70.85
EP004235,E03665,P003,2025-11-17,,Enrolled,
EP004236,E02674,P031,2026-07-05,,In Progress,
EP004237,E04386,P040,2024-09-11,2024-12-02,Completed,74.32
EP004238,E01204,P028,2024-09-18,2024-09-20,Completed,75.76
EP004239,E04575,P035,2024-07-25,2024-09-12,Completed,83.62
EP004240,E00272,P028,2024-06-21,,Enrolled,
EP004241,E02124,P031,2026-07-19,,In Progress,
EP004242,E04273,P023,2025-07-29,2025-09-09,Completed,87.03
EP004243,E02692,P009,2024-08-10,2024-12-12,Completed,72.81
EP004244,E01726,P004,2025-12-29,2026-01-23,Completed,80.7
EP004245,E02421,P016,2024-11-26,,Enrolled,
EP004246,E02008,P023,2025-07-12,,Withdrawn,
EP004247,E03562,P029,2026-01-31,2026-02-04,Completed,78.32
EP004248,E01230,P037,2026-06-19,2026-07-15,Completed,97.84
EP004249,E02244,P035,2024-08-30,2024-09-22,Completed,100.0
EP004250,E04098,P009,2024-10-05,2024-11-03,Completed,100.0
EP004251,E01993,P002,2024-09-08,2024-10-16,Completed,86.44
EP004252,E02323,P019,2025-12-11,,Enrolled,
EP004253,E03508,P019,2026-02-12,2026-04-06,Completed,75.1
EP004254,E00149,P015,2025-03-26,2025-04-30,Completed,85.33
EP004255,E04943,P011,2025-01-23,2025-03-18,Completed,91.09
EP004256,E02720,P007,2024-09-02,2024-09-11,Completed,82.39
EP004257,E03362,P013,2025-05-24,2025-06-22,Completed,90.01
EP004258,E02864,P034,2025-04-23,,Enrolled,
EP004259,E01830,P008,2024-11-14,,Enrolled,
EP004260,E00748,P030,2026-06-16,2026-08-10,Completed,84.43
EP004261,E00808,P025,2024-09-17,2024-10-18,Completed,75.29
EP004262,E04273,P002,2024-09-23,,Enrolled,
EP004263,E01916,P004,2025-08-27,,Enrolled,
EP004264,E04618,P015,2025-05-12,2025-05-13,Completed,98.8
EP004265,E03631,P026,2026-07-09,2026-10-01,Completed,86.4
EP004266,E01320,P040,2024-12-16,,Enrolled,
EP004267,E01097,P032,2025-03-26,,Enrolled,
EP004268,E01264,P011,2025-02-08,2025-03-19,Completed,82.39
EP004269,E04212,P002,2024-10-12,,Enrolled,
EP004270,E01183,P002,2024-11-21,,Enrolled,
EP004271,E00114,P008,2024-06-29,,Enrolled,
EP004272,E04911,P011,2024-12-27,2025-03-17,Completed,85.17
EP004273,E00492,P034,2025-04-23,,Enrolled,
EP004274,E00494,P020,2025-10-20,,Enrolled,
EP004275,E01687,P019,2026-01-15,2026-03-10,Completed,96.74
EP004276,E04010,P015,2025-05-25,,Withdrawn,
EP004277,E04383,P009,2024-07-27,,Enrolled,
EP004278,E00816,P005,2025-06-04,2025-07-10,Completed,74.94
EP004279,E03182,P002,2024-11-06,2024-11-28,Completed,85.86
EP004280,E00640,P005,2025-04-24,2025-07-08,Completed,77.28
EP004281,E03238,P022,2025-01-19,,Withdrawn,
EP004282,E03647,P038,2025-06-26,2025-06-28,Completed,69.81
EP004283,E01914,P035,2024-08-03,,Withdrawn,
EP004284,E00699,P026,2026-10-10,,In Progress,
EP004285,E02899,P028,2024-06-13,,Enrolled,
EP004286,E03570,P013,2025-07-25,,Enrolled,
EP004287,E04856,P038,2025-05-03,2025-06-02,Completed,80.26
EP004288,E02796,P031,2026-08-19,,In Progress,
EP004289,E01114,P040,2024-09-20,2025-02-19,Completed,79.38
EP004290,E02336,P015,2025-05-27,,Enrolled,
EP004291,E04408,P040,2024-11-09,2025-02-19,Completed,84.22
EP004292,E01762,P018,2026-07-20,,Withdrawn,
EP004293,E02720,P023,2025-08-08,,Enrolled,
EP004294,E00596,P019,2026-03-04,,Enrolled,
EP004295,E03567,P029,2026-04-05,2026-04-29,Completed,73.66
EP004296,E03434,P025,2024-08-20,2024-11-16,Completed,81.09
EP004297,E04050,P021,2025-01-13,2025-01-23,Completed,88.71
EP004298,E02250,P012,2025-05-12,2025-05-18,Completed,78.91
EP004299,E03569,P036,2024-12-22,2025-01-21,Completed,92.55
EP004300,E01047,P013,2025-07-24,,Withdrawn,
EP004301,E04359,P017,2024-04-07,2024-06-29,Completed,72.67
EP004302,E03075,P005,2025-07-28,,Enrolled,
EP004303,E02241,P033,2024-12-13,2025-01-29,Completed,99.71
EP004304,E00601,P019,2026-05-08,2026-05-13,Completed,72.52
EP004305,E03647,P026,2026-10-13,2026-10-19,Completed,77.46
EP004306,E00855,P021,2025-01-08,2025-02-22,Completed,73.25
EP004307,E01032,P007,2024-10-04,2024-10-20,Completed,89.83
EP004308,E01618,P039,2026-05-05,,Enrolled,
EP004309,E03613,P039,2026-05-29,2026-05-30,Completed,77.84
EP004310,E00330,P031,2026-08-07,2026-08-15,Completed,97.27
EP004311,E02795,P020,2025-10-05,2026-01-21,Completed,86.79
EP004312,E04442,P008,2024-06-09,2024-08-05,Completed,79.47
EP004313,E03330,P004,2025-11-19,,Enrolled,
EP004314,E01082,P005,2025-07-09,2025-07-27,Completed,96.41
EP004315,E01245,P022,2024-11-23,,Enrolled,
EP004316,E02824,P022,2024-11-19,,Enrolled,
EP004317,E04671,P037,2026-07-27,2026-07-29,Completed,96.28
EP004318,E00329,P009,2024-11-23,,Withdrawn,
EP004319,E02766,P040,2025-02-25,2025-02-25,Completed,84.8
EP004320,E02632,P024,2025-02-11,2025-03-13,Completed,77.39
EP004321,E02122,P001,2026-01-25,,Withdrawn,
EP004322,E00988,P031,2026-08-18,2026-08-20,Completed,91.05
EP004323,E00143,P004,2025-10-18,2025-10-30,Completed,92.91
EP004324,E02073,P003,2025-09-26,2025-11-03,Completed,87.78
EP004325,E04243,P030,2026-07-05,,In Progress,
EP004326,E02985,P022,2025-01-12,2025-01-17,Completed,84.13
EP004327,E03630,P029,2026-01-01,,Enrolled,
EP004328,E00508,P014,2026-10-29,2026-12-30,Completed,89.55
EP004329,E00471,P005,2025-04-22,,Enrolled,
EP004330,E02097,P019,2026-03-13,2026-04-06,Completed,72.89
EP004331,E04037,P032,2025-01-29,2025-05-15,Completed,90.2
EP004332,E04469,P011,2024-10-10,2025-03-20,Completed,89.21
EP004333,E02710,P036,2024-12-17,,Enrolled,
EP004334,E00271,P006,2025-06-21,2025-08-15,Completed,99.51
EP004335,E02461,P015,2025-05-25,2025-05-30,Completed,94.83
EP004336,E01515,P026,2026-09-14,2026-09-15,Completed,68.75
EP004337,E00840,P015,2025-06-03,2025-06-06,Completed,91.27
EP004338,E03437,P032,2025-05-07,2025-05-10,Completed,85.26
EP004339,E03091,P017,2024-04-22,2024-05-01,Completed,70.41
EP004340,E00754,P026,2026-08-11,,In Progress,
EP004341,E00898,P001,2026-02-15,2026-02-15,Completed,89.02
EP004342,E00755,P023,2025-08-11,2025-08-20,Completed,99.54
EP004343,E03352,P007,2024-08-14,2024-10-14,Completed,87.23
EP004344,E03344,P032,2025-01-24,2025-04-05,Completed,95.95
EP004345,E03697,P014,2026-11-09,2026-11-26,Completed,80.79
EP004346,E01269,P035,2024-07-07,2024-07-07,Completed,87.47
EP004347,E00030,P027,2025-01-24,,Enrolled,
EP004348,E00840,P029,2026-03-14,,Enrolled,
EP004349,E02923,P022,2024-11-19,,Withdrawn,
EP004350,E04427,P011,2025-03-24,,Withdrawn,
EP004351,E01622,P033,2025-03-09,,Withdrawn,
EP004352,E02330,P005,2025-07-31,2025-08-07,Completed,84.33
EP004353,E02690,P027,2025-01-13,2025-01-26,Completed,100.0
EP004354,E04077,P020,2025-09-19,2026-01-15,Completed,88.61
EP004355,E02280,P029,2026-04-16,2026-05-04,Completed,79.68
EP004356,E01559,P034,2025-05-19,,Enrolled,
EP004357,E03651,P035,2024-09-11,,Enrolled,
EP004358,E04474,P017,2024-07-16,2024-07-22,Completed,75.77
EP004359,E02729,P016,2024-11-09,,Enrolled,
EP004360,E03141,P019,2025-12-07,2026-02-06,Completed,88.42
EP004361,E04324,P034,2025-05-06,2025-07-23,Completed,87.5
EP004362,E00100,P020,2025-10-19,,Enrolled,
EP004363,E04383,P002,2024-10-23,,Enrolled,
EP004364,E02386,P038,2025-04-03,,Enrolled,
EP004365,E04123,P014,2026-10-19,2026-11-02,Completed,90.9
EP004366,E02557,P025,2024-08-06,2024-11-01,Completed,91.14
EP004367,E02373,P001,2026-01-27,2026-01-30,Completed,88.88
EP004368,E01284,P024,2025-04-06,2025-04-10,Completed,67.27
EP004369,E00106,P013,2025-07-06,2025-07-29,Completed,75.02
EP004370,E04685,P014,2026-12-15,,In Progress,
EP004371,E01932,P011,2025-03-19,,Withdrawn,
EP004372,E04716,P031,2026-07-20,,In Progress,
EP004373,E00555,P033,2025-03-07,2025-03-07,Completed,68.07
EP004374,E01223,P006,2025-04-14,,Withdrawn,
EP004375,E01469,P032,2025-04-15,2025-04-26,Completed,76.12
EP004376,E01247,P012,2025-05-15,,Enrolled,
EP004377,E03239,P032,2025-05-02,,Enrolled,
EP004378,E03338,P026,2026-08-02,2026-09-24,Completed,81.3
EP004379,E00436,P001,2026-01-16,,Enrolled,
EP004380,E01394,P002,2024-11-25,2024-12-19,Completed,75.27
EP004381,E03119,P006,2025-06-06,,Enrolled,
EP004382,E02010,P040,2025-02-23,,Enrolled,
EP004383,E04189,P022,2024-11-29,2024-12-18,Completed,76.23
EP004384,E01685,P004,2025-11-04,2025-11-04,Completed,68.35
EP004385,E00943,P037,2026-06-02,,Withdrawn,
EP004386,E00115,P039,2026-03-04,2026-04-11,Completed,93.53
EP004387,E02128,P024,2025-03-25,2025-03-26,Completed,90.09
EP004388,E01471,P002,2024-08-10,,Enrolled,
EP004389,E04441,P039,2026-03-18,2026-04-16,Completed,97.92
EP004390,E03447,P004,2025-11-07,,Enrolled,
EP004391,E00172,P022,2024-12-13,2024-12-31,Completed,75.87
EP004392,E00899,P039,2026-04-26,2026-05-05,Completed,72.84
EP004393,E04128,P033,2025-02-15,2025-03-28,Completed,78.32
EP004394,E01413,P018,2026-05-30,,Enrolled,
EP004395,E02986,P040,2025-02-12,,Enrolled,
EP004396,E04324,P011,2024-10-03,2024-12-05,Completed,76.13
EP004397,E02393,P005,2025-07-13,2025-08-04,Completed,88.43
EP004398,E03808,P009,2024-08-24,2024-10-27,Completed,95.39
EP004399,E02908,P004,2025-10-18,2025-11-01,Completed,76.52
EP004400,E03536,P019,2026-02-18,2026-03-05,Completed,86.16
EP004401,E01200,P011,2025-01-03,2025-02-05,Completed,92.29
EP004402,E04335,P032,2025-01-20,2025-04-19,Completed,88.98
EP004403,E02826,P012,2025-06-04,2025-06-06,Completed,81.27
EP004404,E04455,P024,2025-03-04,2025-03-12,Completed,76.56
EP004405,E01575,P007,2024-09-07,2024-10-07,Completed,89.17
EP004406,E03237,P022,2024-12-20,,Enrolled,
EP004407,E01979,P031,2026-07-25,,In Progress,
EP004408,E01033,P014,2026-09-18,,In Progress,
EP004409,E02014,P038,2025-04-27,2025-05-11,Completed,75.34
EP004410,E00675,P012,2025-06-06,2025-06-17,Completed,76.86
EP004411,E03251,P037,2026-07-11,,Enrolled,
EP004412,E02338,P021,2025-03-15,2025-03-15,Completed,89.57
EP004413,E02094,P005,2025-04-28,,Enrolled,
EP004414,E04191,P038,2025-06-24,,Enrolled,
EP004415,E00182,P012,2025-04-24,2025-04-26,Completed,68.23
EP004416,E04055,P024,2025-03-11,2025-03-24,Completed,90.37
EP004417,E00321,P026,2026-10-26,2026-10-26,Completed,100.0
EP004418,E00797,P021,2025-01-02,2025-01-02,Completed,94.14
EP004419,E04181,P038,2025-05-01,2025-06-29,Completed,80.84
EP004420,E04453,P020,2025-12-18,2025-12-19,Completed,88.76
EP004421,E03901,P027,2025-02-03,,Enrolled,
EP004422,E04551,P021,2025-01-19,2025-01-25,Completed,88.5
EP004423,E01093,P029,2026-02-04,2026-04-13,Completed,76.98
EP004424,E02011,P003,2025-09-29,,Enrolled,
EP004425,E04058,P023,2025-06-11,,Enrolled,
EP004426,E04660,P015,2025-02-27,,Enrolled,
EP004427,E04435,P008,2024-09-25,,Enrolled,
EP004428,E04338,P001,2025-11-17,2026-01-08,Completed,79.68
EP004429,E02484,P012,2025-06-26,2025-07-05,Completed,80.15
EP004430,E03298,P019,2025-11-26,2026-04-11,Completed,89.83
EP004431,E02953,P008,2024-08-03,2024-10-04,Completed,88.53
EP004432,E04041,P010,2024-07-23,2024-08-04,Completed,82.9
EP004433,E01771,P007,2024-09-02,2024-10-06,Completed,85.94
EP004434,E04582,P007,2024-09-04,2024-09-11,Completed,83.46
EP004435,E00595,P010,2024-07-22,2024-08-01,Completed,71.81
EP004436,E00124,P018,2026-06-11,2026-06-22,Completed,93.73
EP004437,E03939,P031,2026-07-21,,In Progress,
EP004438,E02355,P014,2026-10-07,,In Progress,
EP004439,E01735,P040,2025-02-28,,Enrolled,
EP004440,E01595,P003,2025-11-06,,Withdrawn,
EP004441,E02585,P009,2024-08-24,,Enrolled,
EP004442,E01345,P018,2026-04-05,2026-06-19,Completed,82.8
EP004443,E01471,P013,2025-06-20,,Enrolled,
EP004444,E03511,P025,2024-09-24,2024-09-27,Completed,77.11
EP004445,E03760,P016,2024-07-27,,Enrolled,
EP004446,E02688,P035,2024-08-11,2024-09-01,Completed,100.0
EP004447,E00205,P033,2025-01-30,2025-02-21,Completed,91.37
EP004448,E01168,P013,2025-06-30,2025-07-26,Completed,79.6
EP004449,E03144,P040,2024-11-19,2025-01-11,Completed,84.93
EP004450,E02371,P011,2024-11-07,,Enrolled,
EP004451,E02660,P036,2024-12-07,2024-12-30,Completed,82.59
EP004452,E02147,P017,2024-03-24,2024-05-26,Completed,80.94
EP004453,E01496,P017,2024-05-12,2024-07-21,Completed,83.75
EP004454,E01089,P016,2024-09-19,2024-10-02,Completed,84.19
EP004455,E02806,P018,2026-05-28,2026-07-18,Completed,83.73
EP004456,E03937,P003,2025-10-09,2025-11-13,Completed,63.88
EP004457,E04490,P003,2025-11-17,2025-11-23,Completed,62.78
EP004458,E01209,P012,2025-06-19,,Enrolled,
EP004459,E01568,P026,2026-07-18,2026-07-30,Completed,65.38
EP004460,E00616,P015,2025-03-12,,Enrolled,
EP004461,E00063,P030,2026-07-15,2026-08-06,Completed,100.0
EP004462,E03100,P034,2025-07-18,,Enrolled,
EP004463,E00405,P019,2026-03-18,2026-05-02,Completed,85.89
EP004464,E03417,P034,2025-07-16,2025-07-24,Completed,83.29
EP004465,E00435,P040,2024-11-01,,Enrolled,
EP004466,E00830,P023,2025-05-25,,Enrolled,
EP004467,E03805,P027,2024-12-15,2025-02-08,Completed,94.12
EP004468,E03800,P031,2026-07-17,2026-08-25,Completed,83.31
EP004469,E03714,P036,2025-02-06,,Enrolled,
EP004470,E01349,P011,2024-12-02,2025-03-11,Completed,73.16
EP004471,E02196,P030,2026-06-14,,Withdrawn,
EP004472,E02496,P005,2025-06-06,2025-06-10,Completed,69.91
EP004473,E04372,P027,2024-11-24,,Withdrawn,
EP004474,E04850,P029,2026-02-14,2026-04-01,Completed,87.87
EP004475,E02155,P023,2025-08-12,2025-08-29,Completed,80.75
EP004476,E00910,P008,2024-09-23,,Enrolled,
EP004477,E02202,P001,2025-12-10,2026-01-18,Completed,99.73
EP004478,E04831,P010,2024-06-21,2024-07-03,Completed,90.91
EP004479,E00575,P035,2024-08-18,2024-09-03,Completed,94.79
EP004480,E01133,P020,2025-11-01,2025-12-19,Completed,75.89
EP004481,E02316,P012,2025-05-22,,Withdrawn,
EP004482,E04993,P006,2025-08-02,2025-08-11,Completed,82.16
EP004483,E04820,P031,2026-07-24,,In Progress,
EP004484,E04188,P014,2026-12-20,,Withdrawn,
EP004485,E03692,P009,2024-08-21,2024-11-22,Completed,97.61
EP004486,E01122,P040,2025-01-07,2025-01-16,Completed,97.31
EP004487,E02288,P037,2026-06-23,2026-07-19,Completed,86.8
EP004488,E01548,P027,2024-12-29,2025-01-27,Completed,72.58
EP004489,E01786,P029,2026-04-09,2026-05-12,Completed,82.53
EP004490,E01128,P026,2026-08-07,2026-09-03,Completed,90.41
EP004491,E00924,P002,2024-08-31,2024-10-30,Completed,82.91
EP004492,E00517,P029,2026-05-19,,Enrolled,
EP004493,E00245,P018,2026-05-10,2026-06-20,Completed,89.1
EP004494,E03184,P025,2024-09-14,2024-10-24,Completed,96.65
EP004495,E01878,P037,2026-06-02,2026-06-19,Completed,97.84
EP004496,E02926,P012,2025-05-11,,Enrolled,
EP004497,E00528,P039,2026-04-28,2026-05-20,Completed,84.98
EP004498,E04027,P016,2024-09-29,2024-11-28,Completed,90.74
EP004499,E01443,P040,2024-12-30,,Enrolled,
EP004500,E01234,P021,2025-01-05,2025-03-04,Completed,76.69
EP004501,E04660,P014,2026-10-21,,In Progress,
EP004502,E02496,P015,2025-03-02,2025-05-09,Completed,94.01
EP004503,E00252,P006,2025-05-05,2025-07-28,Completed,89.74
EP004504,E03341,P039,2026-03-18,,Enrolled,
EP004505,E04044,P013,2025-06-20,2025-06-26,Completed,73.98
EP004506,E03861,P012,2025-05-13,,Withdrawn,
EP004507,E01619,P003,2025-12-04,,Withdrawn,
EP004508,E03049,P033,2024-12-16,2025-01-26,Completed,79.49
EP004509,E03094,P039,2026-03-19,,Enrolled,
EP004510,E01810,P026,2026-09-21,2026-10-01,Completed,85.02
EP004511,E03632,P023,2025-08-27,2025-08-28,Completed,79.66
EP004512,E01053,P037,2026-06-23,2026-06-23,Completed,77.78
EP004513,E02337,P017,2024-06-05,2024-06-21,Completed,90.96
EP004514,E03175,P019,2026-01-11,2026-04-24,Completed,84.27
EP004515,E00880,P009,2024-10-04,,Enrolled,
EP004516,E01163,P039,2026-03-27,,Enrolled,
EP004517,E00055,P036,2024-12-28,2025-01-14,Completed,89.64
EP004518,E02734,P036,2025-01-24,,Enrolled,
EP004519,E02600,P016,2024-09-01,2024-09-26,Completed,91.48
EP004520,E03480,P023,2025-05-16,2025-05-31,Completed,81.5
EP004521,E04836,P028,2024-06-16,,Enrolled,
EP004522,E02781,P014,2026-09-14,,In Progress,
EP004523,E00176,P026,2026-08-16,,In Progress,
EP004524,E02996,P026,2026-08-11,,In Progress,
EP004525,E00073,P015,2025-03-17,2025-05-03,Completed,81.6
EP004526,E03319,P034,2025-05-07,,Enrolled,
EP004527,E04278,P027,2025-02-15,,Enrolled,
EP004528,E04352,P036,2024-12-30,,Enrolled,
EP004529,E00328,P031,2026-06-18,,In Progress,
EP004530,E04227,P003,2025-10-08,2025-11-10,Completed,73.27
EP004531,E04507,P007,2024-08-16,2024-10-20,Completed,86.45
EP004532,E00438,P031,2026-08-09,2026-08-20,Completed,87.18
EP004533,E04986,P011,2025-01-08,2025-02-19,Completed,79.6
EP004534,E00619,P015,2025-05-28,,Enrolled,
EP004535,E02836,P025,2024-09-25,2024-11-16,Completed,94.05
EP004536,E03013,P007,2024-10-19,,Withdrawn,
EP004537,E02742,P037,2026-05-09,2026-05-17,Completed,83.49
EP004538,E02517,P004,2025-10-12,2025-10-14,Completed,79.29
EP004539,E01771,P018,2026-04-09,2026-07-21,Completed,76.17
EP004540,E03519,P021,2025-02-25,,Withdrawn,
EP004541,E00760,P025,2024-11-05,2024-11-14,Completed,78.38
EP004542,E01405,P033,2025-03-18,2025-03-24,Completed,85.14
EP004543,E03014,P036,2024-12-21,2025-01-23,Completed,74.65
EP004544,E04548,P005,2025-07-25,2025-07-28,Completed,77.53
EP004545,E01209,P011,2024-10-03,2024-10-27,Completed,73.06
EP004546,E02274,P036,2024-12-30,2025-02-04,Completed,98.54
EP004547,E03061,P011,2024-09-20,2024-10-26,Completed,87.81
EP004548,E01822,P034,2025-04-17,,Enrolled,
EP004549,E04896,P012,2025-05-09,2025-06-29,Completed,100.0
EP004550,E02987,P031,2026-06-30,,In Progress,
EP004551,E00833,P027,2024-12-10,2025-02-14,Completed,85.6
EP004552,E00126,P003,2025-11-13,2025-11-17,Completed,66.76
EP004553,E00643,P014,2026-10-08,2026-10-20,Completed,64.37
EP004554,E04205,P012,2025-06-19,,Enrolled,
EP004555,E04461,P025,2024-08-10,2024-10-06,Completed,79.81
EP004556,E00206,P038,2025-04-29,2025-06-28,Completed,84.89
EP004557,E03467,P024,2025-02-26,,Enrolled,
EP004558,E03846,P009,2024-11-03,,Enrolled,
EP004559,E01176,P016,2024-12-05,2024-12-09,Completed,96.58
EP004560,E02980,P007,2024-08-24,2024-10-03,Completed,83.43
EP004561,E01314,P036,2025-01-06,2025-01-20,Completed,73.98
EP004562,E03805,P014,2026-11-26,2026-12-02,Completed,82.29
EP004563,E03705,P038,2025-06-04,2025-06-22,Completed,81.51
EP004564,E01473,P033,2025-02-25,2025-04-01,Completed,77.0
EP004565,E02641,P001,2026-01-13,2026-01-22,Completed,75.0
EP004566,E03932,P026,2026-10-18,,In Progress,
EP004567,E03438,P007,2024-08-18,,Enrolled,
EP004568,E04337,P034,2025-07-02,2025-08-22,Completed,88.61
EP004569,E01820,P037,2026-05-18,,Enrolled,
EP004570,E04289,P025,2024-07-27,,Enrolled,
EP004571,E04341,P004,2026-02-01,,Withdrawn,
EP004572,E04675,P038,2025-04-28,2025-05-18,Completed,92.25
EP004573,E01554,P038,2025-04-19,2025-06-26,Completed,84.27
EP004574,E00035,P010,2024-07-09,2024-08-01,Completed,100.0
EP004575,E03282,P024,2025-03-02,,Enrolled,
EP004576,E04376,P029,2026-02-20,2026-05-22,Completed,79.21
EP004577,E02204,P020,2025-10-07,,Enrolled,
EP004578,E00011,P034,2025-03-10,,Enrolled,
EP004579,E01610,P001,2025-11-25,2026-01-11,Completed,79.64
EP004580,E01260,P006,2025-05-15,2025-08-18,Completed,73.28
EP004581,E02772,P004,2025-12-11,2026-01-03,Completed,79.35
EP004582,E04189,P016,2024-11-10,,Enrolled,
EP004583,E02727,P011,2025-02-20,2025-03-27,Completed,75.23
EP004584,E02434,P003,2025-10-31,,Enrolled,
EP004585,E04371,P024,2025-02-17,2025-03-01,Completed,77.51
EP004586,E00867,P016,2024-08-04,2024-10-07,Completed,82.54
EP004587,E02492,P022,2024-12-12,,Enrolled,
EP004588,E04167,P038,2025-04-28,,Enrolled,
EP004589,E01686,P002,2024-09-28,2024-11-19,Completed,82.77
EP004590,E01759,P025,2024-11-17,,Enrolled,
EP004591,E00673,P027,2025-02-16,2025-02-16,Completed,68.8
EP004592,E04052,P040,2025-01-06,,Enrolled,
EP004593,E01804,P005,2025-04-26,2025-05-18,Completed,84.41
EP004594,E00935,P026,2026-08-01,,In Progress,
EP004595,E04960,P024,2025-01-28,2025-04-28,Completed,83.67
EP004596,E01186,P012,2025-05-17,,Enrolled,
EP004597,E04039,P031,2026-07-26,2026-08-16,Completed,80.04
EP004598,E01495,P029,2026-01-13,,Enrolled,
EP004599,E04719,P021,2025-02-04,2025-02-10,Completed,87.5
EP004600,E00352,P031,2026-08-25,2026-08-25,Completed,81.3
EP004601,E02179,P004,2026-01-19,2026-02-01,Completed,95.9
EP004602,E00298,P030,2026-06-07,2026-07-09,Completed,79.37
EP004603,E04526,P025,2024-10-11,2024-11-26,Completed,88.34
EP004604,E00370,P016,2024-09-13,2024-10-25,Completed,77.13
EP004605,E02986,P031,2026-07-01,,In Progress,
EP004606,E04260,P026,2026-09-22,,In Progress,
EP004607,E02627,P001,2025-12-25,,Withdrawn,
EP004608,E03338,P027,2025-01-01,2025-01-05,Completed,84.72
EP004609,E04717,P007,2024-09-05,,Enrolled,
EP004610,E04644,P016,2024-12-10,,Enrolled,
EP004611,E03736,P004,2026-01-28,,Enrolled,
EP004612,E04833,P009,2024-06-29,,Enrolled,
EP004613,E03366,P007,2024-08-10,2024-10-11,Completed,75.59
EP004614,E00819,P002,2024-10-13,,Withdrawn,
EP004615,E02868,P012,2025-06-24,,Withdrawn,
EP004616,E02273,P035,2024-08-15,2024-09-23,Completed,86.78
EP004617,E00497,P021,2025-01-20,,Enrolled,
EP004618,E04781,P016,2024-09-21,2024-11-12,Completed,89.26
EP004619,E01231,P002,2024-12-20,,Withdrawn,
EP004620,E02217,P011,2025-03-03,,Enrolled,
EP004621,E00871,P021,2025-02-13,,Enrolled,
EP004622,E01059,P003,2025-10-06,2025-10-21,Completed,79.92
EP004623,E01271,P040,2024-12-25,2025-01-09,Completed,90.23
EP004624,E03077,P025,2024-10-15,2024-11-28,Completed,82.89
EP004625,E03560,P005,2025-05-06,2025-07-22,Completed,98.51
EP004626,E03258,P021,2025-01-08,2025-03-05,Completed,86.17
EP004627,E01771,P015,2025-05-22,2025-05-29,Completed,90.25
EP004628,E02682,P033,2025-01-17,2025-03-25,Completed,86.62
EP004629,E04932,P029,2026-06-03,,Enrolled,
EP004630,E00556,P032,2025-04-03,2025-04-20,Completed,81.95
EP004631,E02308,P039,2026-05-08,2026-05-08,Completed,66.91
EP004632,E02982,P019,2026-01-16,2026-04-06,Completed,83.58
EP004633,E00096,P002,2024-08-24,,Enrolled,
EP004634,E03663,P025,2024-07-17,2024-09-29,Completed,72.81
EP004635,E00595,P035,2024-09-18,2024-09-23,Completed,91.89
EP004636,E03874,P034,2025-04-15,2025-06-07,Completed,89.79
EP004637,E00574,P012,2025-07-04,,Enrolled,
EP004638,E01551,P034,2025-04-16,2025-06-11,Completed,75.38
EP004639,E00468,P031,2026-07-10,2026-07-29,Completed,85.49
EP004640,E02109,P021,2025-01-02,,Enrolled,
EP004641,E04433,P032,2025-04-24,2025-04-30,Completed,88.68
EP004642,E00132,P004,2025-11-03,,Enrolled,
EP004643,E04232,P029,2026-01-13,,Enrolled,
EP004644,E03456,P005,2025-07-12,2025-07-21,Completed,96.33
EP004645,E00325,P011,2025-03-06,2025-03-16,Completed,96.1
EP004646,E02972,P020,2025-11-09,,Enrolled,
EP004647,E00801,P003,2025-11-12,2025-11-22,Completed,84.89
EP004648,E02916,P037,2026-06-28,2026-07-13,Completed,69.55
EP004649,E02348,P021,2025-02-23,,Enrolled,
EP004650,E04728,P009,2024-08-18,2024-10-16,Completed,94.69
EP004651,E02840,P011,2025-02-10,2025-03-12,Completed,98.24
EP004652,E00566,P013,2025-07-08,2025-08-03,Completed,72.66
EP004653,E01798,P028,2024-05-07,,Enrolled,
EP004654,E02560,P021,2025-02-20,,Withdrawn,
EP004655,E01617,P032,2025-02-12,2025-04-26,Completed,81.72
EP004656,E02459,P016,2024-08-27,,Enrolled,
EP004657,E00124,P009,2024-07-05,2024-10-24,Completed,73.77
EP004658,E03525,P029,2026-05-02,2026-05-25,Completed,84.55
EP004659,E01656,P012,2025-06-12,,Enrolled,
EP004660,E04321,P025,2024-10-01,2024-10-17,Completed,89.23
EP004661,E00707,P028,2024-05-10,2024-09-09,Completed,88.74
EP004662,E02082,P012,2025-06-06,2025-06-19,Completed,74.83
EP004663,E00160,P028,2024-08-08,,Enrolled,
EP004664,E01123,P013,2025-05-23,2025-06-27,Completed,82.21
EP004665,E03949,P037,2026-05-24,2026-07-13,Completed,84.71
EP004666,E01922,P040,2024-09-20,2024-10-08,Completed,80.78
EP004667,E02900,P012,2025-06-22,,Enrolled,
EP004668,E01454,P023,2025-07-17,2025-08-02,Completed,73.69
EP004669,E02369,P031,2026-07-13,,In Progress,
EP004670,E01189,P008,2024-08-07,2024-08-13,Completed,88.76
EP004671,E00653,P009,2024-10-05,,Enrolled,
EP004672,E04899,P033,2025-03-12,,Enrolled,
EP004673,E03878,P025,2024-11-22,,Withdrawn,
EP004674,E04383,P037,2026-05-13,,Enrolled,
EP004675,E04446,P021,2025-03-19,2025-03-24,Completed,73.99
EP004676,E00507,P026,2026-10-09,2026-10-25,Completed,73.64
EP004677,E03729,P028,2024-05-16,2024-09-18,Completed,90.85
EP004678,E01026,P010,2024-07-07,2024-08-06,Completed,87.61
EP004679,E03234,P007,2024-10-15,,Enrolled,
EP004680,E02769,P027,2025-02-16,,Enrolled,
EP004681,E00654,P020,2025-12-17,2025-12-23,Completed,86.42
EP004682,E02640,P007,2024-09-17,,Enrolled,
EP004683,E01883,P016,2024-10-02,2024-11-19,Completed,82.2
EP004684,E03988,P009,2024-11-11,,Enrolled,
EP004685,E04827,P006,2025-05-26,,Enrolled,
EP004686,E02465,P006,2025-05-26,2025-07-30,Completed,72.24
EP004687,E01084,P010,2024-08-01,2024-08-06,Completed,84.44
EP004688,E02713,P003,2025-11-09,,Enrolled,
EP004689,E04601,P032,2025-02-18,2025-04-06,Completed,100.0
EP004690,E01015,P001,2026-01-03,2026-02-14,Completed,77.09
EP004691,E01550,P020,2025-11-30,,Withdrawn,
EP004692,E02040,P023,2025-08-27,,Enrolled,
EP004693,E02348,P033,2025-02-15,2025-04-06,Completed,90.84
EP004694,E01265,P023,2025-05-24,,Enrolled,
EP004695,E02548,P023,2025-05-08,,Enrolled,
EP004696,E02623,P002,2024-09-29,,Withdrawn,
EP004697,E03147,P019,2026-01-04,,Enrolled,
EP004698,E02481,P030,2026-06-22,2026-08-11,Completed,85.05
EP004699,E04817,P030,2026-08-10,2026-08-12,Completed,80.73
EP004700,E01794,P023,2025-07-08,2025-08-14,Completed,74.32
EP004701,E00789,P033,2025-01-21,,Withdrawn,
EP004702,E02920,P022,2024-11-10,2024-12-22,Completed,85.23
EP004703,E03782,P011,2024-10-01,,Enrolled,
EP004704,E02219,P008,2024-07-13,2024-07-14,Completed,78.06
EP004705,E03987,P003,2025-11-21,,Enrolled,
EP004706,E03124,P030,2026-07-30,,Withdrawn,
EP004707,E00161,P013,2025-07-22,,Enrolled,
EP004708,E00084,P001,2026-01-15,2026-02-17,Completed,81.77
EP004709,E04601,P027,2024-12-15,,Enrolled,
EP004710,E02680,P026,2026-08-04,2026-09-15,Completed,85.81
EP004711,E02347,P021,2025-03-26,2025-03-28,Completed,72.55
EP004712,E01848,P022,2024-12-21,2025-01-10,Completed,82.41
EP004713,E02081,P036,2025-02-02,2025-02-05,Completed,78.82
EP004714,E02199,P016,2024-08-12,2024-09-25,Completed,88.88
EP004715,E03019,P014,2026-08-20,2026-09-05,Completed,85.78
EP004716,E00077,P033,2025-02-18,2025-03-30,Completed,74.46
EP004717,E01033,P010,2024-08-14,2024-08-16,Completed,91.45
EP004718,E04532,P010,2024-07-22,,Enrolled,
EP004719,E03985,P030,2026-06-22,,In Progress,
EP004720,E02106,P037,2026-06-22,,Enrolled,
EP004721,E04654,P028,2024-09-14,,Enrolled,
EP004722,E03059,P025,2024-08-12,2024-08-15,Completed,81.61
EP004723,E01957,P033,2025-02-25,2025-03-31,Completed,69.13
EP004724,E01546,P015,2025-02-28,,Enrolled,
EP004725,E04733,P021,2025-03-13,,Enrolled,
EP004726,E02804,P036,2024-11-25,2024-12-18,Completed,79.85
EP004727,E04141,P002,2024-07-22,,Enrolled,
EP004728,E04383,P027,2024-12-13,,Withdrawn,
EP004729,E04563,P038,2025-03-23,2025-06-10,Completed,63.74
EP004730,E02303,P013,2025-07-11,,Withdrawn,
EP004731,E02112,P020,2025-12-07,,Withdrawn,
EP004732,E00027,P014,2026-11-13,2026-12-07,Completed,88.08
EP004733,E00100,P001,2025-12-22,2026-01-15,Completed,90.51
EP004734,E02354,P022,2024-12-21,,Enrolled,
EP004735,E02412,P021,2025-01-04,2025-03-29,Completed,86.33
EP004736,E03359,P018,2026-07-01,,Enrolled,
EP004737,E02966,P003,2025-11-12,2025-12-01,Completed,95.99
EP004738,E03572,P011,2025-02-14,2025-02-14,Completed,80.66
EP004739,E02814,P012,2025-06-22,2025-07-04,Completed,75.56
EP004740,E00042,P025,2024-06-24,2024-07-29,Completed,75.54
EP004741,E04239,P005,2025-08-03,,Enrolled,
EP004742,E04887,P039,2026-05-01,2026-05-26,Completed,73.56
EP004743,E02617,P001,2026-01-10,2026-02-21,Completed,78.04
EP004744,E01138,P008,2024-08-12,,Enrolled,
EP004745,E04828,P010,2024-07-05,,Withdrawn,
EP004746,E04670,P021,2025-03-02,2025-03-26,Completed,89.44
EP004747,E03205,P021,2024-12-30,,Enrolled,
EP004748,E02085,P036,2025-02-06,2025-02-06,Completed,100.0
EP004749,E01229,P012,2025-06-06,2025-06-29,Completed,81.9
EP004750,E01904,P009,2024-08-12,,Enrolled,
EP004751,E04976,P005,2025-07-13,,Enrolled,
EP004752,E04113,P033,2025-02-09,2025-03-23,Completed,73.79
EP004753,E04863,P023,2025-06-07,2025-06-19,Completed,95.21
EP004754,E04515,P011,2024-11-03,2025-02-05,Completed,85.86
EP004755,E02452,P035,2024-08-18,2024-08-25,Completed,80.02
EP004756,E02330,P004,2025-11-03,2025-12-22,Completed,87.69
EP004757,E02896,P009,2024-07-02,,Withdrawn,
EP004758,E03616,P035,2024-09-23,2024-09-23,Completed,84.19
EP004759,E03030,P001,2026-01-14,2026-02-23,Completed,90.94
EP004760,E00284,P037,2026-07-09,,Withdrawn,
EP004761,E04346,P028,2024-05-15,,Enrolled,
EP004762,E02855,P015,2025-06-06,,Enrolled,
EP004763,E03318,P011,2025-01-19,,Enrolled,
EP004764,E02413,P034,2025-04-19,,Enrolled,
EP004765,E04220,P001,2025-11-20,2025-12-14,Completed,72.24
EP004766,E00675,P003,2025-11-15,2025-11-19,Completed,87.2
EP004767,E03050,P006,2025-04-13,2025-05-20,Completed,96.05
EP004768,E01491,P015,2025-02-26,2025-06-03,Completed,77.26
EP004769,E02954,P009,2024-11-29,,Enrolled,
EP004770,E04329,P001,2026-02-21,,Enrolled,
EP004771,E02737,P009,2024-12-12,2024-12-31,Completed,82.71
EP004772,E04439,P010,2024-08-11,,Withdrawn,
EP004773,E02688,P036,2025-01-08,2025-01-25,Completed,98.0
EP004774,E00866,P007,2024-09-28,2024-09-30,Completed,91.68
EP004775,E02063,P009,2024-09-23,2024-10-16,Completed,77.81
EP004776,E01135,P001,2025-11-19,2025-12-04,Completed,76.69
EP004777,E02945,P016,2024-10-15,2024-10-28,Completed,85.05
EP004778,E02557,P013,2025-06-13,,Enrolled,
EP004779,E02079,P033,2025-01-23,2025-03-04,Completed,85.45
EP004780,E03853,P020,2025-09-27,2025-10-31,Completed,87.65
EP004781,E03500,P011,2024-09-16,2024-10-22,Completed,82.01
EP004782,E04085,P010,2024-08-06,2024-08-14,Completed,85.67
EP004783,E02298,P036,2024-11-28,2025-01-19,Completed,90.19
EP004784,E00898,P032,2024-12-12,2025-03-24,Completed,78.82
EP004785,E04369,P006,2025-06-03,,Withdrawn,
EP004786,E02230,P012,2025-06-27,2025-07-03,Completed,90.51
EP004787,E01335,P015,2025-04-19,2025-05-08,Completed,78.5
EP004788,E00632,P035,2024-08-02,2024-08-10,Completed,66.32
EP004789,E02657,P006,2025-05-27,2025-06-04,Completed,91.73
EP004790,E01983,P033,2025-02-23,2025-03-18,Completed,80.36
EP004791,E00006,P004,2025-10-27,,Enrolled,
EP004792,E03601,P033,2025-01-16,,Enrolled,
EP004793,E02563,P018,2026-05-09,,Enrolled,
EP004794,E03958,P001,2025-11-28,,Enrolled,
EP004795,E00396,P003,2025-11-29,2025-12-05,Completed,85.82
EP004796,E02257,P031,2026-07-11,2026-08-01,Completed,82.36
EP004797,E03198,P011,2024-12-02,2025-01-13,Completed,80.01
EP004798,E04921,P001,2025-12-22,2026-01-17,Completed,70.19
EP004799,E02591,P001,2025-11-15,2026-01-24,Completed,80.26
EP004800,E02609,P011,2024-09-13,,Enrolled,
EP004801,E00549,P039,2026-04-14,2026-05-04,Completed,74.39
EP004802,E00996,P013,2025-07-06,,Withdrawn,
EP004803,E02681,P002,2024-10-31,,Enrolled,
EP004804,E02784,P009,2024-12-10,2024-12-28,Completed,71.23
EP004805,E02065,P023,2025-07-23,2025-07-24,Completed,82.45
EP004806,E02062,P032,2025-04-10,2025-05-16,Completed,84.38
EP004807,E04093,P036,2025-01-30,2025-02-04,Completed,76.44
EP004808,E01116,P007,2024-08-19,2024-09-17,Completed,91.45
EP004809,E00733,P012,2025-06-10,2025-06-19,Completed,86.28
EP004810,E00450,P014,2026-12-06,2026-12-09,Completed,82.58
EP004811,E03435,P034,2025-08-20,2025-09-14,Completed,85.98
EP004812,E04382,P017,2024-06-14,2024-06-24,Completed,67.29
EP004813,E02520,P025,2024-10-07,,Enrolled,
EP004814,E00547,P016,2024-09-05,,Enrolled,
EP004815,E01720,P020,2025-12-27,,Enrolled,
EP004816,E00773,P016,2024-09-21,2024-09-27,Completed,86.75
EP004817,E04723,P013,2025-05-30,,Enrolled,
EP004818,E03092,P011,2025-02-25,,Enrolled,
EP004819,E01476,P015,2025-04-29,,Enrolled,
EP004820,E04456,P009,2024-08-20,2024-09-17,Completed,100.0
EP004821,E03025,P017,2024-06-16,,Withdrawn,
EP004822,E03338,P008,2024-08-31,,Withdrawn,
EP004823,E02097,P022,2024-12-13,2024-12-23,Completed,72.74
EP004824,E02326,P030,2026-07-25,,In Progress,
EP004825,E04684,P015,2025-04-14,2025-06-16,Completed,89.01
EP004826,E02300,P005,2025-07-19,,Enrolled,
EP004827,E00251,P017,2024-06-23,,Enrolled,
EP004828,E03343,P036,2024-11-27,2024-12-03,Completed,85.32
EP004829,E03109,P018,2026-04-04,,Enrolled,
EP004830,E00782,P030,2026-07-05,,Withdrawn,
EP004831,E00402,P014,2026-10-18,,In Progress,
EP004832,E00047,P009,2024-08-11,,Enrolled,
EP004833,E03066,P036,2025-02-02,,Enrolled,
EP004834,E03738,P038,2025-04-17,2025-06-12,Completed,100.0
EP004835,E00592,P032,2025-03-01,2025-03-19,Completed,96.3
EP004836,E03832,P015,2025-04-06,,Enrolled,
EP004837,E01524,P022,2025-01-12,2025-01-12,Completed,70.07
EP004838,E02376,P016,2024-11-26,,Withdrawn,
EP004839,E04120,P036,2025-01-23,,Enrolled,
EP004840,E00915,P025,2024-07-07,,Withdrawn,
EP004841,E00477,P014,2026-12-25,2026-12-27,Completed,81.24
EP004842,E00437,P021,2025-03-12,2025-03-19,Completed,78.66
EP004843,E00431,P002,2024-11-23,2024-12-16,Completed,89.25
EP004844,E01648,P023,2025-06-16,,Enrolled,
EP004845,E03051,P030,2026-06-15,2026-08-12,Completed,60.47
EP004846,E02866,P020,2025-11-27,2026-01-17,Completed,74.14
EP004847,E04548,P012,2025-04-22,,Enrolled,
EP004848,E04465,P016,2024-11-22,2024-12-02,Completed,74.87
EP004849,E03801,P037,2026-05-22,2026-07-26,Completed,73.13
EP004850,E02054,P028,2024-07-14,,Withdrawn,
EP004851,E01123,P029,2026-01-02,2026-02-08,Completed,79.24
EP004852,E02712,P016,2024-12-07,,Enrolled,
EP004853,E01762,P029,2026-04-11,,Withdrawn,
EP004854,E01850,P021,2025-02-13,2025-03-03,Completed,93.03
EP004855,E03752,P022,2024-12-29,,Enrolled,
EP004856,E02521,P005,2025-06-06,2025-07-14,Completed,76.6
EP004857,E02933,P013,2025-07-01,2025-08-01,Completed,75.95
EP004858,E02399,P021,2025-03-29,2025-03-29,Completed,76.23
EP004859,E04185,P036,2025-01-22,2025-01-30,Completed,95.22
EP004860,E00095,P018,2026-07-19,2026-07-19,Completed,94.12
EP004861,E00906,P038,2025-06-19,2025-06-26,Completed,89.79
EP004862,E02523,P031,2026-06-30,,In Progress,
EP004863,E02613,P001,2025-11-21,2026-02-10,Completed,80.2
EP004864,E00295,P012,2025-05-03,2025-05-25,Completed,90.5
EP004865,E02913,P009,2024-10-15,2024-11-24,Completed,60.13
EP004866,E04635,P017,2024-04-04,2024-05-10,Completed,92.55
EP004867,E00737,P009,2024-08-15,,Withdrawn,
EP004868,E01165,P015,2025-03-19,,Withdrawn,
EP004869,E04878,P026,2026-10-23,,In Progress,
EP004870,E00428,P024,2025-02-18,2025-03-21,Completed,87.24
EP004871,E03608,P006,2025-08-18,2025-08-18,Completed,73.7
EP004872,E00273,P008,2024-08-11,2024-08-28,Completed,75.55
EP004873,E04030,P039,2026-05-15,2026-06-02,Completed,66.18
EP004874,E04952,P009,2024-09-08,2024-12-08,Completed,71.62
EP004875,E04814,P025,2024-09-06,2024-09-20,Completed,76.08
EP004876,E03227,P037,2026-06-23,2026-07-24,Completed,73.26
EP004877,E00714,P012,2025-05-29,2025-07-05,Completed,71.71
EP004878,E04922,P008,2024-08-08,2024-08-10,Completed,60.86
EP004879,E01620,P002,2024-11-05,2024-12-12,Completed,91.26
EP004880,E03884,P040,2025-01-07,2025-01-28,Completed,91.85
EP004881,E03293,P032,2025-03-25,,Enrolled,
EP004882,E03391,P007,2024-08-24,2024-10-16,Completed,95.29
EP004883,E04336,P012,2025-05-18,2025-06-25,Completed,92.41
EP004884,E00930,P030,2026-07-21,,In Progress,
EP004885,E02391,P038,2025-06-08,2025-06-09,Completed,83.86
EP004886,E01067,P024,2025-02-25,,Enrolled,
EP004887,E01028,P001,2025-11-26,,Withdrawn,
EP004888,E04469,P004,2025-10-17,,Enrolled,
EP004889,E00730,P034,2025-05-16,,Withdrawn,
EP004890,E04681,P038,2025-06-18,2025-06-21,Completed,93.66
EP004891,E01635,P001,2025-12-02,2026-01-19,Completed,100.0
EP004892,E01064,P017,2024-03-01,2024-03-30,Completed,89.64
EP004893,E03656,P027,2025-01-26,2025-02-10,Completed,82.46
EP004894,E03549,P012,2025-07-02,,Enrolled,
EP004895,E00167,P026,2026-07-25,,In Progress,
EP004896,E01215,P019,2026-03-22,,Enrolled,
EP004897,E04333,P011,2025-03-12,2025-03-25,Completed,73.24
EP004898,E04452,P003,2025-10-18,,Enrolled,
EP004899,E00349,P024,2025-03-21,2025-03-21,Completed,90.73
EP004900,E01609,P033,2025-03-25,2025-04-02,Completed,93.18
EP004901,E04453,P023,2025-08-30,2025-09-03,Completed,77.6
EP004902,E03544,P026,2026-10-16,,In Progress,
EP004903,E03872,P008,2024-10-12,2024-10-21,Completed,98.21
EP004904,E02394,P009,2024-07-14,2024-12-07,Completed,82.28
EP004905,E03386,P019,2026-04-13,,Enrolled,
EP004906,E01591,P018,2026-04-18,2026-05-16,Completed,95.69
EP004907,E03217,P009,2024-08-21,2024-11-07,Completed,96.37
EP004908,E01410,P006,2025-04-14,,Enrolled,
EP004909,E02616,P028,2024-09-09,2024-09-16,Completed,87.31
EP004910,E04660,P030,2026-08-13,,Withdrawn,
EP004911,E01756,P028,2024-09-01,,Enrolled,
EP004912,E03669,P022,2024-12-12,2025-01-04,Completed,89.84
EP004913,E00374,P022,2024-11-13,2024-12-22,Completed,86.51
EP004914,E00901,P034,2025-06-08,,Withdrawn,
EP004915,E04156,P007,2024-08-31,2024-08-31,Completed,86.95
EP004916,E04785,P008,2024-09-05,2024-10-06,Completed,89.25
EP004917,E01119,P034,2025-04-02,2025-09-04,Completed,77.72
EP004918,E02339,P003,2025-11-21,,Enrolled,
EP004919,E04503,P029,2026-02-26,2026-04-10,Completed,92.17
EP004920,E02885,P040,2025-02-21,2025-02-28,Completed,78.47
EP004921,E00034,P012,2025-05-06,2025-06-26,Completed,76.77
EP004922,E04244,P011,2025-02-26,,Enrolled,
EP004923,E00182,P018,2026-05-26,,Enrolled,
EP004924,E00409,P022,2024-11-19,,Enrolled,
EP004925,E01547,P009,2024-07-08,,Enrolled,
EP004926,E01436,P018,2026-04-26,2026-06-08,Completed,82.96
EP004927,E00876,P025,2024-09-24,2024-09-26,Completed,71.39
EP004928,E02445,P031,2026-07-14,2026-08-17,Completed,63.3
EP004929,E00134,P003,2025-09-28,,Enrolled,
EP004930,E03177,P029,2026-01-10,,Enrolled,
EP004931,E02979,P015,2025-04-11,,Enrolled,
EP004932,E01935,P016,2024-10-11,,Enrolled,
EP004933,E02965,P037,2026-06-23,2026-07-28,Completed,73.74
EP004934,E02628,P008,2024-06-11,2024-08-23,Completed,88.58
EP004935,E00323,P015,2025-03-20,2025-03-27,Completed,84.01
EP004936,E02456,P015,2025-06-06,2025-06-12,Completed,86.98
EP004937,E02283,P018,2026-04-24,,Withdrawn,
EP004938,E04286,P038,2025-06-10,2025-06-26,Completed,91.06
EP004939,E02604,P016,2024-10-31,2024-11-24,Completed,88.01
EP004940,E01128,P016,2024-11-23,2024-12-01,Completed,80.88
EP004941,E00674,P008,2024-09-27,,Enrolled,
EP004942,E04820,P017,2024-03-01,,Enrolled,
EP004943,E01210,P020,2025-11-15,2025-12-18,Completed,75.84
EP004944,E03569,P037,2026-07-21,,Withdrawn,
EP004945,E03774,P008,2024-09-05,,Enrolled,
EP004946,E01086,P013,2025-06-28,2025-07-16,Completed,81.22
EP004947,E02438,P025,2024-09-13,2024-09-27,Completed,66.29
EP004948,E01682,P036,2024-12-25,2025-01-15,Completed,81.25
EP004949,E04230,P023,2025-05-13,2025-06-22,Completed,83.83
EP004950,E01202,P017,2024-03-23,,Enrolled,
EP004951,E00884,P023,2025-05-05,2025-06-20,Completed,92.12
EP004952,E04010,P028,2024-08-25,2024-09-14,Completed,100.0
EP004953,E03977,P013,2025-07-09,2025-07-19,Completed,72.14
EP004954,E00041,P006,2025-05-30,,Enrolled,
EP004955,E00680,P032,2025-02-28,2025-03-07,Completed,80.07
EP004956,E04886,P008,2024-11-05,2024-11-08,Completed,87.29
EP004957,E01915,P029,2026-04-09,,Withdrawn,
EP004958,E02732,P037,2026-07-25,2026-07-28,Completed,86.58
EP004959,E04679,P004,2025-11-27,2026-02-02,Completed,97.3
EP004960,E04967,P040,2024-12-20,2025-02-07,Completed,89.05
EP004961,E00041,P021,2025-03-29,,Enrolled,
EP004962,E00582,P018,2026-05-12,2026-06-17,Completed,79.83
EP004963,E00422,P017,2024-03-26,2024-07-06,Completed,81.74
EP004964,E03146,P025,2024-08-06,,Enrolled,
EP004965,E01075,P020,2025-12-04,2025-12-18,Completed,88.76
EP004966,E00727,P035,2024-08-24,2024-09-15,Completed,75.29
EP004967,E01242,P020,2026-01-05,2026-01-22,Completed,87.67
EP004968,E00486,P020,2025-12-09,,Enrolled,
EP004969,E01482,P033,2025-01-13,2025-04-05,Completed,77.42
EP004970,E04708,P023,2025-07-04,2025-07-07,Completed,94.45
EP004971,E02222,P026,2026-08-02,2026-10-25,Completed,87.9
EP004972,E01091,P033,2025-02-23,2025-03-20,Completed,74.08
EP004973,E00573,P030,2026-06-19,,In Progress,
EP004974,E03120,P009,2024-08-14,2024-10-09,Completed,78.48
EP004975,E03403,P004,2025-11-11,,Enrolled,
EP004976,E04212,P024,2025-02-13,2025-03-17,Completed,73.61
EP004977,E03421,P021,2025-03-30,2025-03-30,Completed,80.7
EP004978,E04841,P037,2026-07-07,,Enrolled,
EP004979,E02115,P040,2024-09-18,,Withdrawn,
EP004980,E03578,P023,2025-06-28,2025-07-20,Completed,88.12
EP004981,E03333,P040,2024-10-01,2025-01-16,Completed,84.54
EP004982,E00391,P031,2026-08-16,2026-08-19,Completed,79.4
EP004983,E00306,P013,2025-05-21,2025-05-28,Completed,77.94
EP004984,E03763,P030,2026-05-30,2026-08-16,Completed,76.15
EP004985,E01447,P033,2025-02-17,,Enrolled,
EP004986,E01276,P032,2025-02-12,2025-03-23,Completed,87.92
EP004987,E02255,P039,2026-05-20,,Withdrawn,
EP004988,E00895,P025,2024-07-11,,Enrolled,
EP004989,E02132,P007,2024-08-29,,Withdrawn,
EP004990,E02988,P022,2025-01-15,2025-01-19,Completed,83.54
EP004991,E03741,P013,2025-06-08,2025-06-13,Completed,65.88
EP004992,E02574,P021,2025-01-10,,Withdrawn,
EP004993,E01313,P008,2024-07-12,2024-10-03,Completed,66.33
EP004994,E00723,P001,2026-02-10,2026-02-13,Completed,83.74
EP004995,E01891,P001,2025-11-27,2026-02-19,Completed,78.84
EP004996,E02004,P010,2024-07-09,2024-07-09,Completed,95.87
EP004997,E02820,P027,2025-01-17,,Enrolled,
EP004998,E04994,P028,2024-06-28,,Enrolled,
EP004999,E01684,P025,2024-11-12,2024-12-04,Completed,75.87
EP005000,E03552,P029,2026-05-03,,Withdrawn,
EP005001,E02323,P039,2026-03-18,2026-04-12,Completed,85.79
EP005002,E04500,P029,2026-03-11,2026-04-02,Completed,79.15
EP005003,E02437,P030,2026-06-15,2026-08-13,Completed,77.9
EP005004,E03181,P033,2025-01-25,2025-03-02,Completed,80.58
EP005005,E00909,P038,2025-05-01,,Enrolled,
EP005006,E01896,P012,2025-06-21,2025-07-01,Completed,88.9
EP005007,E01578,P031,2026-08-16,2026-08-23,Completed,90.2
EP005008,E02682,P020,2025-12-29,,Enrolled,
EP005009,E04716,P015,2025-05-26,,Enrolled,
EP005010,E02083,P039,2026-05-23,2026-05-23,Completed,76.18
EP005011,E00927,P038,2025-06-29,,Enrolled,
EP005012,E02851,P007,2024-08-11,2024-09-06,Completed,96.53
EP005013,E00985,P010,2024-07-28,,Enrolled,
EP005014,E03563,P024,2025-03-29,,Enrolled,
EP005015,E02879,P005,2025-04-27,2025-06-28,Completed,93.37
EP005016,E01982,P035,2024-08-03,2024-09-17,Completed,96.79
EP005017,E04045,P018,2026-05-23,2026-07-15,Completed,85.58
EP005018,E01656,P036,2025-01-07,,Enrolled,
EP005019,E04879,P001,2026-02-05,,Enrolled,
EP005020,E01173,P024,2025-01-20,,Enrolled,
EP005021,E02109,P037,2026-07-21,2026-07-24,Completed,91.32
EP005022,E00474,P019,2025-11-24,,Enrolled,
EP005023,E02813,P040,2024-09-14,,Enrolled,
EP005024,E01909,P029,2026-05-16,2026-06-02,Completed,89.28
EP005025,E01714,P012,2025-05-05,2025-05-27,Completed,91.59
EP005026,E00645,P015,2025-04-24,,Enrolled,
EP005027,E01953,P038,2025-05-12,2025-06-13,Completed,88.0
EP005028,E01357,P037,2026-06-21,2026-06-30,Completed,75.12
EP005029,E02408,P013,2025-06-13,2025-07-16,Completed,90.65
EP005030,E02875,P027,2024-11-25,,Enrolled,
EP005031,E00517,P023,2025-05-11,2025-05-12,Completed,95.58
EP005032,E02744,P031,2026-07-14,,In Progress,
EP005033,E03339,P035,2024-09-19,2024-09-19,Completed,91.76
EP005034,E04002,P033,2025-01-28,2025-03-12,Completed,68.12
EP005035,E04601,P021,2025-03-06,2025-03-26,Completed,100.0
EP005036,E04482,P012,2025-07-05,2025-07-05,Completed,78.86
EP005037,E03005,P017,2024-05-28,2024-06-20,Completed,97.89
EP005038,E00361,P006,2025-05-06,,Enrolled,
EP005039,E04196,P010,2024-07-03,2024-07-21,Completed,87.67
EP005040,E04437,P017,2024-06-15,2024-07-07,Completed,83.12
EP005041,E04313,P029,2026-03-16,2026-03-19,Completed,97.89
EP005042,E01347,P015,2025-03-07,,Enrolled,
EP005043,E01333,P022,2024-11-13,2024-12-07,Completed,100.0
EP005044,E02592,P032,2024-12-26,2025-02-07,Completed,79.24
EP005045,E04931,P014,2026-12-22,2026-12-29,Completed,72.48
EP005046,E01507,P036,2025-01-16,2025-02-04,Completed,84.45
EP005047,E04132,P026,2026-07-20,2026-09-01,Completed,100.0
EP005048,E04891,P025,2024-11-26,2024-12-05,Completed,69.6
EP005049,E02869,P036,2024-12-06,2025-01-16,Completed,93.54
EP005050,E00051,P036,2025-01-21,,Withdrawn,
EP005051,E03672,P022,2024-12-12,2025-01-06,Completed,89.81
EP005052,E01270,P035,2024-08-10,2024-08-11,Completed,90.52
EP005053,E03403,P016,2024-09-18,2024-10-05,Completed,83.13
EP005054,E04349,P009,2024-10-12,,Enrolled,
EP005055,E01915,P015,2025-05-20,2025-05-21,Completed,73.06
EP005056,E00026,P011,2025-02-20,,Enrolled,
EP005057,E03252,P025,2024-11-14,,Enrolled,
EP005058,E04447,P020,2025-10-13,2025-11-03,Completed,93.4
EP005059,E00066,P015,2025-03-18,,Withdrawn,
EP005060,E02833,P040,2025-02-11,,Enrolled,
EP005061,E03883,P006,2025-08-13,2025-08-15,Completed,70.79
EP005062,E01408,P004,2025-12-11,,Enrolled,
EP005063,E00261,P022,2025-01-15,2025-01-19,Completed,79.97
EP005064,E00468,P030,2026-07-01,2026-08-19,Completed,100.0
EP005065,E04565,P037,2026-06-26,2026-07-09,Completed,92.66
EP005066,E02702,P035,2024-07-07,2024-08-05,Completed,77.73
EP005067,E01367,P004,2025-12-22,,Enrolled,
EP005068,E00544,P037,2026-05-19,,Enrolled,
EP005069,E04173,P001,2025-12-26,2026-02-18,Completed,100.0
EP005070,E03823,P031,2026-07-31,2026-08-02,Completed,78.73
EP005071,E00423,P030,2026-08-13,2026-08-18,Completed,78.94
EP005072,E02447,P023,2025-06-01,,Enrolled,
EP005073,E03848,P029,2026-03-08,,Withdrawn,
EP005074,E02588,P016,2024-09-09,2024-12-18,Completed,85.89
EP005075,E00676,P028,2024-04-17,,Enrolled,
EP005076,E01296,P024,2025-02-12,,Enrolled,
EP005077,E03308,P035,2024-07-07,,Withdrawn,
EP005078,E03575,P005,2025-06-06,2025-07-05,Completed,85.27
EP005079,E03206,P038,2025-04-20,2025-06-27,Completed,91.12
EP005080,E03800,P012,2025-07-03,2025-07-03,Completed,70.69
EP005081,E03299,P023,2025-06-02,,Enrolled,
EP005082,E02315,P029,2026-04-26,2026-05-07,Completed,85.83
EP005083,E02626,P039,2026-04-23,,Enrolled,
EP005084,E00343,P007,2024-08-27,,Enrolled,
EP005085,E04149,P020,2025-12-15,2025-12-28,Completed,78.06
EP005086,E01597,P033,2025-02-18,2025-04-01,Completed,80.89
EP005087,E03558,P012,2025-04-20,2025-05-14,Completed,98.16
EP005088,E03029,P005,2025-06-13,2025-06-17,Completed,81.53
EP005089,E03857,P037,2026-07-02,,Enrolled,
EP005090,E00972,P026,2026-09-16,2026-10-12,Completed,72.96
EP005091,E02801,P018,2026-05-29,2026-07-04,Completed,72.23
EP005092,E02910,P014,2026-12-02,,In Progress,
EP005093,E02714,P025,2024-10-19,,Enrolled,
EP005094,E01054,P009,2024-10-11,2024-12-20,Completed,75.23
EP005095,E04490,P024,2025-02-06,2025-04-26,Completed,74.86
EP005096,E01922,P027,2024-12-07,2025-02-08,Completed,74.7
EP005097,E03631,P021,2025-03-05,2025-03-22,Completed,78.96
EP005098,E00765,P017,2024-03-14,2024-03-30,Completed,85.42
EP005099,E01361,P013,2025-08-03,2025-08-04,Completed,90.07
EP005100,E01177,P025,2024-07-31,2024-09-15,Completed,87.11
EP005101,E01081,P025,2024-07-21,2024-09-19,Completed,80.21
EP005102,E03984,P003,2025-11-24,2025-11-27,Completed,95.18
EP005103,E03200,P024,2025-01-07,2025-01-22,Completed,83.73
EP005104,E01948,P027,2024-11-12,,Enrolled,
EP005105,E01596,P022,2024-12-04,,Enrolled,
EP005106,E04594,P015,2025-04-09,,Enrolled,
EP005107,E03266,P028,2024-09-07,,Enrolled,
EP005108,E01496,P024,2025-02-23,2025-03-19,Completed,66.81
EP005109,E04779,P012,2025-05-23,2025-06-02,Completed,79.29
EP005110,E03610,P027,2025-02-11,2025-02-14,Completed,91.0
EP005111,E03259,P025,2024-07-25,,Enrolled,
EP005112,E04487,P029,2026-02-21,,Enrolled,
EP005113,E03999,P012,2025-06-17,,Enrolled,
EP005114,E02090,P025,2024-07-05,,Enrolled,
EP005115,E04239,P023,2025-08-10,2025-08-29,Completed,92.35
EP005116,E00454,P033,2025-03-18,,Enrolled,
EP005117,E00755,P009,2024-11-26,2024-12-31,Completed,75.38
EP005118,E04378,P005,2025-05-13,2025-07-25,Completed,82.66
EP005119,E03857,P002,2024-07-28,2024-10-26,Completed,89.71
EP005120,E01029,P002,2024-12-08,,Enrolled,
EP005121,E01553,P016,2024-10-17,2024-12-12,Completed,72.17
EP005122,E01756,P039,2026-04-16,2026-04-27,Completed,95.71
EP005123,E01777,P027,2024-12-02,2024-12-17,Completed,74.01
EP005124,E01176,P031,2026-06-27,2026-07-31,Completed,85.66
EP005125,E04226,P017,2024-07-16,2024-07-19,Completed,81.7
EP005126,E04378,P037,2026-07-01,,Enrolled,
EP005127,E02661,P024,2025-01-17,,Enrolled,
EP005128,E03287,P009,2024-08-08,2024-10-24,Completed,96.3
EP005129,E00245,P031,2026-07-31,2026-08-07,Completed,72.83
EP005130,E00874,P024,2025-03-03,2025-04-14,Completed,95.19
EP005131,E02743,P011,2024-12-10,2025-02-23,Completed,90.26
EP005132,E00243,P022,2024-12-09,2025-01-09,Completed,83.09
EP005133,E01201,P031,2026-08-11,,Withdrawn,
EP005134,E04701,P010,2024-08-27,2024-08-28,Completed,89.51
EP005135,E02411,P025,2024-09-16,2024-10-08,Completed,59.76
EP005136,E03667,P020,2025-10-18,2025-12-27,Completed,68.87
EP005137,E04731,P030,2026-08-06,2026-08-09,Completed,79.55
EP005138,E00955,P010,2024-07-17,,Enrolled,
EP005139,E01661,P020,2025-10-29,2025-11-19,Completed,77.18
EP005140,E00553,P024,2025-03-08,,Enrolled,
EP005141,E02091,P002,2024-10-30,2024-12-12,Completed,92.19
EP005142,E00301,P029,2025-12-29,2026-02-27,Completed,85.84
EP005143,E01428,P036,2024-12-05,,Enrolled,
EP005144,E03928,P037,2026-06-01,2026-06-09,Completed,77.63
EP005145,E02499,P020,2025-09-26,2026-01-09,Completed,86.34
EP005146,E00876,P024,2025-03-27,2025-05-05,Completed,82.04
EP005147,E00062,P009,2024-12-25,,Enrolled,
EP005148,E01384,P037,2026-06-14,,Withdrawn,
EP005149,E03443,P016,2024-11-02,2024-12-03,Completed,98.02
EP005150,E01391,P005,2025-06-21,2025-07-15,Completed,81.83
EP005151,E02598,P004,2025-12-01,2026-01-11,Completed,86.5
EP005152,E02768,P011,2025-03-14,2025-03-19,Completed,95.09
EP005153,E03077,P018,2026-05-24,,Enrolled,
EP005154,E04010,P019,2026-01-27,2026-03-10,Completed,86.69
EP005155,E04108,P021,2025-01-13,2025-02-24,Completed,96.9
EP005156,E00253,P021,2025-01-03,2025-01-09,Completed,99.7
EP005157,E04053,P022,2024-11-08,2024-12-22,Completed,87.01
EP005158,E01744,P020,2026-01-18,,Enrolled,
EP005159,E00491,P024,2025-05-02,2025-05-05,Completed,77.99
EP005160,E01749,P014,2026-12-21,2026-12-26,Completed,78.41
EP005161,E01607,P040,2024-10-11,,Enrolled,
EP005162,E03395,P017,2024-04-15,2024-04-16,Completed,81.21
EP005163,E03759,P034,2025-05-25,2025-08-31,Completed,82.28
EP005164,E00230,P010,2024-08-03,2024-08-06,Completed,86.69
EP005165,E02507,P004,2026-01-24,2026-01-31,Completed,77.86
EP005166,E00038,P034,2025-08-13,2025-09-15,Completed,82.68
EP005167,E00325,P036,2024-12-12,,Withdrawn,
EP005168,E01548,P023,2025-06-12,,Enrolled,
EP005169,E02452,P033,2025-03-31,2025-04-02,Completed,86.28
EP005170,E01622,P028,2024-05-06,2024-08-17,Completed,80.81
EP005171,E02973,P036,2025-01-02,2025-01-25,Completed,100.0
EP005172,E03269,P019,2026-02-12,2026-03-31,Completed,66.88
EP005173,E01897,P023,2025-06-27,,Enrolled,
EP005174,E01297,P037,2026-07-08,2026-07-25,Completed,90.84
EP005175,E00296,P039,2026-04-04,,Enrolled,
EP005176,E03474,P014,2026-08-14,2026-11-15,Completed,68.15
EP005177,E02114,P011,2025-02-27,,Enrolled,
EP005178,E01485,P029,2026-05-08,2026-05-09,Completed,86.27
EP005179,E03597,P031,2026-06-29,2026-08-22,Completed,70.42
EP005180,E01202,P034,2025-05-26,,Enrolled,
EP005181,E01214,P038,2025-06-26,,Withdrawn,
EP005182,E02901,P015,2025-03-01,2025-04-08,Completed,96.78
EP005183,E01509,P024,2025-02-02,,Enrolled,
EP005184,E02447,P024,2025-03-26,2025-04-11,Completed,86.24
EP005185,E03872,P036,2024-12-17,2025-01-03,Completed,67.05
EP005186,E01699,P024,2025-04-19,,Enrolled,
EP005187,E02778,P018,2026-06-28,,Enrolled,
EP005188,E03600,P013,2025-07-05,,Enrolled,
EP005189,E04022,P014,2026-08-27,,In Progress,
EP005190,E04770,P014,2026-11-09,2026-12-11,Completed,94.03
EP005191,E02959,P006,2025-05-03,,Enrolled,
EP005192,E02016,P027,2025-02-16,2025-02-16,Completed,83.13
EP005193,E02343,P016,2024-09-25,,Withdrawn,
EP005194,E01386,P040,2024-10-07,2025-01-16,Completed,100.0
EP005195,E00230,P003,2025-12-06,2025-12-06,Completed,81.48
EP005196,E03447,P018,2026-04-23,,Enrolled,
EP005197,E01619,P017,2024-06-15,2024-07-22,Completed,90.14
EP005198,E04613,P036,2024-12-26,2025-01-07,Completed,82.19
EP005199,E04984,P038,2025-06-12,2025-06-29,Completed,82.5
EP005200,E03348,P012,2025-05-11,2025-06-27,Completed,87.27
EP005201,E04784,P033,2025-02-25,2025-03-10,Completed,88.95
EP005202,E01203,P035,2024-08-28,2024-09-13,Completed,70.57
EP005203,E00352,P015,2025-04-27,2025-05-10,Completed,84.48
EP005204,E01785,P013,2025-08-04,2025-08-04,Completed,86.9
EP005205,E04498,P012,2025-06-02,2025-06-22,Completed,75.68
EP005206,E01694,P013,2025-06-12,,Enrolled,
EP005207,E02312,P036,2024-12-31,2025-01-13,Completed,91.97
EP005208,E04457,P020,2025-11-15,,Enrolled,
EP005209,E01037,P035,2024-08-30,2024-09-10,Completed,76.68
EP005210,E00965,P023,2025-05-13,,Enrolled,
EP005211,E01765,P023,2025-06-02,2025-08-02,Completed,79.78
EP005212,E03311,P001,2026-01-31,2026-02-19,Completed,93.94
EP005213,E00731,P039,2026-03-26,2026-03-31,Completed,100.0
EP005214,E03777,P019,2026-01-11,,Enrolled,
EP005215,E04052,P035,2024-07-23,2024-09-22,Completed,87.75
EP005216,E04922,P040,2024-10-21,,Enrolled,
EP005217,E03251,P001,2026-01-06,2026-01-11,Completed,89.13
EP005218,E00987,P019,2025-12-25,2026-04-18,Completed,88.96
EP005219,E03981,P025,2024-09-12,,Enrolled,
EP005220,E04665,P004,2025-12-10,2026-01-04,Completed,83.16
EP005221,E02218,P006,2025-08-11,2025-08-16,Completed,76.21
EP005222,E00488,P001,2026-01-26,,Withdrawn,
EP005223,E04601,P002,2024-09-10,2024-09-25,Completed,84.4
EP005224,E01765,P003,2025-11-19,2025-11-19,Completed,85.33
EP005225,E02659,P038,2025-06-15,2025-06-21,Completed,95.63
EP005226,E01941,P040,2024-12-07,,Withdrawn,
EP005227,E02377,P005,2025-06-16,2025-06-23,Completed,83.93
EP005228,E03701,P012,2025-06-29,,Enrolled,
EP005229,E04723,P032,2025-05-09,2025-05-14,Completed,81.77
EP005230,E00800,P023,2025-07-04,2025-07-24,Completed,65.72
EP005231,E04553,P036,2024-12-04,2025-01-18,Completed,86.89
EP005232,E04816,P029,2026-02-21,2026-03-15,Completed,79.97
EP005233,E00913,P006,2025-05-10,2025-08-18,Completed,84.39
EP005234,E00327,P019,2026-04-07,,Enrolled,
EP005235,E00461,P025,2024-09-14,2024-10-15,Completed,81.71
EP005236,E04018,P038,2025-05-13,2025-06-12,Completed,93.41
EP005237,E03216,P009,2024-12-31,2024-12-31,Completed,83.81
EP005238,E02540,P005,2025-05-20,,Enrolled,
EP005239,E04071,P019,2026-01-14,,Enrolled,
EP005240,E04233,P022,2024-11-29,2024-12-28,Completed,95.62
EP005241,E01134,P039,2026-05-13,2026-05-13,Completed,89.44
EP005242,E02026,P040,2024-10-13,,Enrolled,
EP005243,E00315,P014,2026-09-25,2026-10-16,Completed,81.63
EP005244,E04887,P030,2026-08-15,2026-08-17,Completed,77.25
EP005245,E03920,P004,2026-01-09,,Enrolled,
EP005246,E01816,P006,2025-06-04,2025-06-13,Completed,86.44
EP005247,E02279,P004,2026-01-05,2026-02-12,Completed,75.98
EP005248,E03395,P003,2025-09-25,,Withdrawn,
EP005249,E03521,P036,2024-12-06,2024-12-30,Completed,81.74
EP005250,E03617,P033,2025-01-29,,Withdrawn,
EP005251,E01901,P001,2026-02-22,2026-02-22,Completed,100.0
EP005252,E01454,P037,2026-05-17,2026-06-02,Completed,87.06
EP005253,E04763,P013,2025-05-15,,Enrolled,
EP005254,E02894,P023,2025-06-19,2025-06-21,Completed,81.16
EP005255,E00238,P037,2026-06-23,2026-07-15,Completed,90.12
EP005256,E02037,P008,2024-08-13,2024-10-25,Completed,76.63
EP005257,E03030,P011,2025-01-15,2025-01-17,Completed,100.0
EP005258,E04470,P040,2024-11-14,,Withdrawn,
EP005259,E03845,P010,2024-07-28,,Enrolled,
EP005260,E00598,P021,2025-01-12,2025-02-09,Completed,83.86
EP005261,E01605,P001,2025-12-04,2026-01-19,Completed,81.66
EP005262,E00511,P030,2026-07-11,2026-07-15,Completed,86.95
EP005263,E01491,P027,2024-12-09,2024-12-25,Completed,79.15
EP005264,E04431,P035,2024-07-30,2024-09-02,Completed,92.61
EP005265,E01749,P034,2025-03-23,,Enrolled,
EP005266,E04680,P016,2024-10-29,,Enrolled,
EP005267,E01250,P022,2024-11-18,,Enrolled,
EP005268,E03228,P027,2025-01-15,,Enrolled,
EP005269,E03801,P012,2025-06-28,2025-07-02,Completed,90.16
EP005270,E00492,P011,2024-10-12,2025-02-06,Completed,84.3
EP005271,E04229,P026,2026-10-17,,In Progress,
EP005272,E04133,P003,2025-10-16,2025-12-02,Completed,100.0
EP005273,E02807,P033,2025-01-26,,Enrolled,
EP005274,E02819,P034,2025-08-06,2025-09-03,Completed,70.07
EP005275,E00728,P023,2025-06-07,2025-08-05,Completed,75.67
EP005276,E04524,P037,2026-05-30,,Enrolled,
EP005277,E04121,P032,2025-04-22,2025-04-23,Completed,91.85
EP005278,E04965,P029,2026-02-11,2026-04-26,Completed,100.0
EP005279,E01274,P010,2024-07-26,,Enrolled,
EP005280,E01068,P038,2025-06-17,2025-06-23,Completed,85.03
EP005281,E02359,P015,2025-05-13,,Enrolled,
EP005282,E00400,P017,2024-03-07,2024-05-18,Completed,83.82
EP005283,E03025,P037,2026-05-25,,Enrolled,
EP005284,E03608,P038,2025-06-20,,Enrolled,
EP005285,E04644,P032,2025-04-15,2025-05-14,Completed,84.16
EP005286,E04996,P020,2025-12-19,2026-01-05,Completed,70.45
EP005287,E01373,P022,2024-11-30,2024-12-22,Completed,83.23
EP005288,E02775,P006,2025-04-15,2025-05-11,Completed,70.83
EP005289,E00160,P032,2025-02-14,,Enrolled,
EP005290,E00222,P006,2025-08-12,2025-08-15,Completed,84.14
EP005291,E03924,P028,2024-05-16,2024-08-12,Completed,73.65
EP005292,E00457,P001,2025-11-27,2026-02-10,Completed,87.8
EP005293,E03768,P033,2025-03-17,2025-04-02,Completed,89.12
EP005294,E01008,P016,2024-10-07,2024-10-17,Completed,93.6
EP005295,E04294,P021,2025-02-17,2025-03-18,Completed,90.55
EP005296,E04252,P013,2025-05-22,2025-07-06,Completed,94.41
EP005297,E03028,P007,2024-10-02,2024-10-17,Completed,80.86
EP005298,E03788,P010,2024-08-04,,Enrolled,
EP005299,E02176,P038,2025-05-07,,Enrolled,
EP005300,E02548,P026,2026-09-29,2026-10-11,Completed,95.04
EP005301,E03611,P013,2025-06-22,,Enrolled,
EP005302,E01325,P014,2026-10-08,,In Progress,
EP005303,E04457,P037,2026-05-19,2026-07-15,Completed,76.5
EP005304,E00772,P008,2024-06-20,2024-11-12,Completed,83.63
EP005305,E01792,P002,2024-08-21,2024-11-15,Completed,83.3
EP005306,E02236,P005,2025-04-10,2025-07-28,Completed,79.46
EP005307,E00107,P002,2024-08-04,2024-11-04,Completed,86.19
EP005308,E01381,P025,2024-09-20,2024-10-25,Completed,78.67
EP005309,E02256,P025,2024-06-21,,Enrolled,
EP005310,E03317,P033,2025-04-04,2025-04-04,Completed,74.32
EP005311,E01370,P037,2026-07-21,,Withdrawn,
EP005312,E00821,P027,2024-11-19,2025-01-11,Completed,73.02
EP005313,E01428,P015,2025-05-24,2025-05-30,Completed,80.98
EP005314,E00318,P016,2024-10-04,,Enrolled,
EP005315,E01610,P029,2026-01-31,2026-03-21,Completed,91.51
EP005316,E01569,P008,2024-06-30,,Enrolled,
EP005317,E04382,P016,2024-08-06,2024-08-31,Completed,80.35
EP005318,E01300,P029,2026-05-28,2026-06-02,Completed,78.39
EP005319,E00545,P001,2025-12-12,,Withdrawn,
EP005320,E04642,P020,2025-12-10,2026-01-14,Completed,78.1
EP005321,E03449,P014,2026-12-22,2026-12-29,Completed,74.47
EP005322,E01843,P018,2026-05-12,2026-05-31,Completed,89.4
EP005323,E00053,P009,2024-08-11,2024-08-13,Completed,75.09
EP005324,E00144,P019,2026-05-08,2026-05-19,Completed,94.92
EP005325,E00754,P038,2025-06-23,2025-06-25,Completed,63.89
EP005326,E01303,P039,2026-04-23,2026-04-26,Completed,76.88
EP005327,E00378,P019,2025-12-10,2025-12-27,Completed,79.03
EP005328,E00540,P030,2026-07-18,,Withdrawn,
EP005329,E04311,P026,2026-08-24,2026-08-27,Completed,88.95
EP005330,E03910,P011,2024-12-25,2025-02-08,Completed,68.97
EP005331,E03126,P023,2025-07-19,,Enrolled,
EP005332,E02495,P005,2025-06-03,2025-08-04,Completed,95.98
EP005333,E00407,P040,2025-01-10,,Enrolled,
EP005334,E03960,P026,2026-09-20,,In Progress,
EP005335,E04462,P018,2026-05-27,2026-05-29,Completed,94.55
EP005336,E03270,P039,2026-04-03,,Enrolled,
EP005337,E04131,P029,2026-04-26,2026-05-31,Completed,86.87
EP005338,E01996,P002,2024-09-09,2024-09-25,Completed,92.25
EP005339,E01514,P021,2025-03-16,2025-03-28,Completed,69.23
EP005340,E01311,P022,2024-12-07,2024-12-23,Completed,92.94
EP005341,E01672,P005,2025-07-04,,Enrolled,
EP005342,E01722,P008,2024-11-07,,Enrolled,
EP005343,E00015,P016,2024-10-08,2024-12-03,Completed,86.58
EP005344,E03224,P014,2026-08-13,,In Progress,
EP005345,E04197,P032,2025-05-17,2025-05-17,Completed,83.75
EP005346,E04028,P013,2025-05-28,,Enrolled,
EP005347,E00626,P033,2025-03-24,2025-03-29,Completed,79.72
EP005348,E01448,P024,2025-01-04,,Enrolled,
EP005349,E00739,P021,2025-01-14,2025-02-28,Completed,92.86
EP005350,E01312,P010,2024-07-01,2024-07-20,Completed,81.27
EP005351,E04937,P022,2024-11-09,,Enrolled,
EP005352,E00309,P005,2025-07-13,2025-08-08,Completed,75.77
EP005353,E00624,P037,2026-05-19,,Enrolled,
EP005354,E03093,P017,2024-05-09,2024-06-15,Completed,90.57
EP005355,E04074,P001,2026-02-22,2026-02-22,Completed,80.4
EP005356,E00343,P007,2024-09-20,2024-10-10,Completed,84.14
EP005357,E01544,P040,2025-02-07,,Enrolled,
EP005358,E00193,P037,2026-05-21,2026-06-06,Completed,72.04
EP005359,E03324,P005,2025-06-08,2025-06-18,Completed,77.55
EP005360,E00139,P039,2026-05-08,2026-05-13,Completed,95.19
EP005361,E00845,P013,2025-08-04,,Withdrawn,
EP005362,E00813,P016,2024-09-17,,Enrolled,
EP005363,E03213,P008,2024-06-08,2024-06-26,Completed,78.47
EP005364,E03883,P024,2025-01-17,2025-02-04,Completed,80.3
EP005365,E01166,P040,2024-12-05,2025-01-09,Completed,78.89
EP005366,E00467,P011,2025-01-18,2025-02-26,Completed,63.99
EP005367,E00069,P028,2024-08-14,2024-09-05,Completed,89.52
EP005368,E00011,P037,2026-06-25,2026-07-06,Completed,84.12
EP005369,E02194,P034,2025-07-17,,Enrolled,
EP005370,E01072,P006,2025-08-08,2025-08-08,Completed,64.77
EP005371,E01736,P038,2025-04-09,,Enrolled,
EP005372,E01318,P001,2026-01-27,,Enrolled,
EP005373,E03072,P034,2025-06-25,,Enrolled,
EP005374,E01542,P027,2025-02-08,,Enrolled,
EP005375,E04348,P012,2025-06-10,2025-06-15,Completed,88.36
EP005376,E04629,P003,2025-10-23,2025-11-04,Completed,95.49
EP005377,E02554,P014,2026-12-12,,In Progress,
EP005378,E03864,P001,2026-02-05,,Withdrawn,
EP005379,E03489,P034,2025-05-04,2025-08-26,Completed,85.97
EP005380,E01373,P015,2025-06-06,,Enrolled,
EP005381,E02585,P034,2025-06-19,,Withdrawn,
EP005382,E00540,P034,2025-05-09,2025-08-25,Completed,83.52
EP005383,E01443,P033,2025-01-25,2025-04-01,Completed,92.56
EP005384,E02242,P035,2024-08-11,2024-09-21,Completed,91.28
EP005385,E01516,P001,2026-02-11,2026-02-16,Completed,100.0
EP005386,E01632,P031,2026-08-11,2026-08-12,Completed,68.42
EP005387,E01770,P019,2026-02-23,2026-03-20,Completed,79.73
EP005388,E00771,P039,2026-05-18,,Enrolled,
EP005389,E02322,P022,2024-11-12,2024-11-14,Completed,85.91
EP005390,E02445,P021,2025-03-15,2025-03-28,Completed,74.39
EP005391,E04427,P002,2024-10-05,,Enrolled,
EP005392,E00063,P032,2025-03-20,,Withdrawn,
EP005393,E02266,P023,2025-05-27,,Enrolled,
EP005394,E00439,P006,2025-05-19,2025-08-17,Completed,92.52
EP005395,E02504,P006,2025-07-04,,Withdrawn,
EP005396,E02142,P036,2024-12-27,2025-01-04,Completed,78.26
EP005397,E00984,P010,2024-06-15,2024-08-07,Completed,72.04
EP005398,E04486,P006,2025-08-12,2025-08-16,Completed,95.3
EP005399,E02793,P033,2025-03-29,2025-04-05,Completed,75.38
EP005400,E03809,P013,2025-06-10,,Withdrawn,
EP005401,E00254,P029,2026-05-29,,Enrolled,
EP005402,E00165,P006,2025-05-05,,Withdrawn,
EP005403,E01781,P006,2025-08-09,2025-08-16,Completed,100.0
EP005404,E01245,P031,2026-06-23,2026-06-28,Completed,84.9
EP005405,E04005,P016,2024-11-26,,Withdrawn,
EP005406,E04790,P007,2024-08-27,2024-08-30,Completed,82.4
EP005407,E00038,P020,2026-01-07,,Enrolled,
EP005408,E03426,P035,2024-07-20,2024-09-01,Completed,100.0
EP005409,E02562,P019,2026-05-06,,Enrolled,
EP005410,E01656,P018,2026-05-29,,Enrolled,
EP005411,E02785,P022,2024-11-27,2025-01-16,Completed,70.38
EP005412,E02445,P025,2024-11-11,2024-12-04,Completed,94.9
EP005413,E03148,P012,2025-04-18,,Enrolled,
EP005414,E00470,P039,2026-03-23,2026-05-21,Completed,82.24
EP005415,E00217,P025,2024-08-23,2024-11-11,Completed,86.62
EP005416,E03565,P035,2024-07-25,,Enrolled,
EP005417,E01507,P036,2025-01-06,,Enrolled,
EP005418,E04760,P017,2024-07-09,2024-07-09,Completed,85.31
EP005419,E03882,P036,2024-12-31,2025-01-16,Completed,78.43
EP005420,E03135,P009,2024-09-08,,Enrolled,
EP005421,E01289,P004,2025-09-10,,Enrolled,
EP005422,E04038,P029,2026-01-13,2026-02-06,Completed,68.71
EP005423,E04680,P012,2025-06-30,2025-07-04,Completed,100.0
EP005424,E04614,P002,2024-11-25,2024-12-02,Completed,82.87
EP005425,E04995,P003,2025-11-30,,Enrolled,
EP005426,E04148,P005,2025-08-09,,Enrolled,
EP005427,E02672,P002,2024-10-23,2024-12-20,Completed,72.01
EP005428,E04658,P034,2025-05-16,2025-09-05,Completed,82.84
EP005429,E00775,P002,2024-09-26,,Enrolled,
EP005430,E01782,P039,2026-05-27,2026-05-27,Completed,73.42
EP005431,E03583,P039,2026-03-25,2026-04-16,Completed,87.58
EP005432,E04974,P009,2024-07-27,,Enrolled,
EP005433,E01490,P037,2026-07-18,2026-07-18,Completed,72.58
EP005434,E00477,P011,2024-10-22,2025-02-06,Completed,71.79
EP005435,E02439,P009,2024-07-03,2024-12-21,Completed,88.37
EP005436,E04317,P039,2026-05-02,2026-05-23,Completed,73.57
EP005437,E00069,P013,2025-06-10,2025-06-29,Completed,87.25
EP005438,E01953,P007,2024-08-22,2024-09-03,Completed,81.31
EP005439,E02813,P034,2025-05-05,,Enrolled,
EP005440,E03951,P012,2025-06-27,2025-07-03,Completed,84.05
EP005441,E01653,P001,2025-12-05,,Withdrawn,
EP005442,E04657,P019,2026-02-25,,Enrolled,
EP005443,E04364,P001,2025-11-27,2026-02-11,Completed,85.39
EP005444,E04838,P016,2024-10-07,2024-11-14,Completed,82.53
EP005445,E00610,P018,2026-07-12,2026-07-17,Completed,77.52
EP005446,E04909,P030,2026-07-07,,In Progress,
EP005447,E04519,P025,2024-10-02,,Enrolled,
EP005448,E03659,P034,2025-07-06,,Enrolled,
EP005449,E02956,P031,2026-06-23,2026-07-24,Completed,72.57
EP005450,E04109,P004,2026-01-30,2026-02-14,Completed,81.17
EP005451,E00993,P023,2025-08-30,,Enrolled,
EP005452,E03888,P008,2024-11-09,,Enrolled,
EP005453,E03418,P027,2025-01-07,2025-02-14,Completed,85.05
EP005454,E03284,P009,2024-07-19,2024-12-21,Completed,64.97
EP005455,E03735,P013,2025-05-14,,Enrolled,
EP005456,E04412,P035,2024-09-16,,Withdrawn,
EP005457,E02240,P025,2024-06-23,2024-10-07,Completed,89.58
EP005458,E03854,P022,2025-01-08,,Enrolled,
EP005459,E01254,P012,2025-04-24,,Enrolled,
EP005460,E01016,P003,2025-10-31,2025-11-29,Completed,81.73
EP005461,E01587,P014,2026-08-23,2026-12-03,Completed,82.41
EP005462,E02083,P019,2025-12-22,2026-03-07,Completed,94.25
EP005463,E03810,P025,2024-07-21,2024-09-06,Completed,100.0
EP005464,E02531,P018,2026-07-18,,Enrolled,
EP005465,E01339,P003,2025-12-06,,Enrolled,
EP005466,E00440,P032,2025-05-04,2025-05-13,Completed,89.32
EP005467,E00532,P012,2025-06-29,2025-06-30,Completed,78.77
EP005468,E00902,P032,2025-04-05,2025-04-23,Completed,83.54
EP005469,E00896,P008,2024-10-09,2024-11-09,Completed,69.41
EP005470,E03112,P018,2026-07-23,2026-07-24,Completed,95.98
EP005471,E03235,P039,2026-03-08,2026-05-02,Completed,91.68
EP005472,E03360,P012,2025-05-23,2025-05-30,Completed,81.92
EP005473,E02408,P024,2025-01-04,,Enrolled,
EP005474,E04346,P006,2025-05-30,2025-07-04,Completed,75.51
EP005475,E04393,P028,2024-05-01,2024-07-30,Completed,81.24
EP005476,E01987,P012,2025-07-04,,Enrolled,
EP005477,E01704,P001,2026-01-17,,Enrolled,
EP005478,E04844,P006,2025-08-16,,Enrolled,
EP005479,E02997,P036,2025-01-30,,Enrolled,
EP005480,E00321,P011,2025-03-25,2025-03-26,Completed,89.11
EP005481,E02875,P023,2025-06-22,2025-07-29,Completed,76.87
EP005482,E02745,P029,2026-04-13,2026-04-17,Completed,77.87
EP005483,E00216,P002,2024-10-15,2024-12-13,Completed,73.4
EP005484,E00312,P014,2026-09-19,2026-12-03,Completed,80.22
EP005485,E04425,P009,2024-09-08,,Enrolled,
EP005486,E00962,P014,2026-08-21,,In Progress,
EP005487,E01080,P013,2025-07-07,2025-07-16,Completed,84.58
EP005488,E03077,P004,2025-12-02,,Enrolled,
EP005489,E03089,P009,2024-09-05,2024-11-10,Completed,89.87
EP005490,E03562,P003,2025-10-19,2025-12-06,Completed,68.89
EP005491,E04577,P021,2025-01-26,2025-02-03,Completed,73.98
EP005492,E00322,P001,2025-12-02,,Withdrawn,
EP005493,E03658,P038,2025-03-26,,Enrolled,
EP005494,E04744,P002,2024-08-25,,Withdrawn,
EP005495,E04727,P024,2024-12-28,,Withdrawn,
EP005496,E04895,P005,2025-06-18,2025-07-16,Completed,87.67
EP005497,E00465,P035,2024-08-30,,Enrolled,
EP005498,E04209,P027,2024-12-09,,Enrolled,
EP005499,E04845,P009,2024-11-03,2024-12-08,Completed,100.0
EP005500,E04407,P017,2024-03-03,,Withdrawn,
EP005501,E01669,P018,2026-07-09,,Enrolled,
EP005502,E00988,P029,2026-01-04,2026-05-04,Completed,79.76
EP005503,E01290,P039,2026-05-08,,Enrolled,
EP005504,E03326,P028,2024-08-25,,Enrolled,
EP005505,E01918,P039,2026-03-26,,Enrolled,
EP005506,E04697,P015,2025-04-11,2025-06-04,Completed,79.35
EP005507,E02797,P016,2024-10-13,2024-11-16,Completed,93.47
EP005508,E01075,P010,2024-06-28,2024-08-02,Completed,85.22
EP005509,E02197,P035,2024-06-22,,Enrolled,
EP005510,E04222,P005,2025-05-18,2025-06-05,Completed,93.18
EP005511,E03627,P005,2025-04-17,2025-07-02,Completed,81.37
EP005512,E00913,P001,2026-02-08,2026-02-13,Completed,87.35
EP005513,E02834,P034,2025-03-30,2025-05-03,Completed,83.5
EP005514,E04839,P008,2024-11-08,,Enrolled,
EP005515,E01278,P004,2025-11-09,2026-01-20,Completed,71.94
EP005516,E04286,P025,2024-09-18,2024-11-04,Completed,87.06
EP005517,E00221,P007,2024-09-18,2024-09-27,Completed,75.29
EP005518,E03636,P040,2024-09-30,,Enrolled,
EP005519,E00826,P022,2024-12-21,2024-12-22,Completed,67.72
EP005520,E02320,P024,2025-01-28,2025-04-05,Completed,100.0
EP005521,E00166,P014,2026-08-21,,In Progress,
EP005522,E01453,P025,2024-09-04,2024-11-11,Completed,88.61
EP005523,E00165,P013,2025-07-24,2025-08-01,Completed,88.81
EP005524,E01610,P022,2024-12-12,2025-01-09,Completed,83.63
EP005525,E01031,P016,2024-09-04,2024-10-19,Completed,77.58
EP005526,E03957,P018,2026-04-23,,Enrolled,
EP005527,E04090,P029,2026-05-20,2026-05-30,Completed,85.87
EP005528,E04232,P005,2025-04-14,,Enrolled,
EP005529,E00302,P028,2024-08-23,,Enrolled,
EP005530,E01089,P032,2025-05-11,,Enrolled,
EP005531,E02742,P020,2025-12-01,,Enrolled,
EP005532,E00981,P012,2025-06-20,2025-07-04,Completed,80.2
EP005533,E02104,P017,2024-05-30,,Enrolled,
EP005534,E00154,P037,2026-05-17,2026-07-10,Completed,78.93
EP005535,E04198,P008,2024-10-04,,Enrolled,
EP005536,E04633,P010,2024-06-28,2024-07-18,Completed,62.52
EP005537,E02955,P005,2025-07-03,,Enrolled,
EP005538,E02961,P007,2024-09-13,2024-10-11,Completed,78.65
EP005539,E03698,P030,2026-07-06,,In Progress,
EP005540,E00618,P014,2026-12-02,,In Progress,
EP005541,E03548,P034,2025-08-13,2025-09-13,Completed,76.33
EP005542,E00132,P025,2024-07-10,,Withdrawn,
EP005543,E01418,P033,2025-01-24,2025-04-04,Completed,57.67
EP005544,E02612,P021,2025-03-07,2025-03-20,Completed,86.8
EP005545,E00388,P024,2025-01-28,,Enrolled,
EP005546,E04302,P014,2026-11-23,2026-12-27,Completed,78.23
EP005547,E00148,P021,2025-01-12,2025-03-21,Completed,91.32
EP005548,E03375,P014,2026-12-09,2026-12-27,Completed,84.09
EP005549,E00150,P028,2024-08-28,2024-08-31,Completed,74.61
EP005550,E03461,P033,2024-12-23,2025-03-21,Completed,91.76
EP005551,E04427,P038,2025-03-29,2025-06-16,Completed,83.51
EP005552,E02233,P023,2025-07-24,,Enrolled,
EP005553,E04278,P037,2026-07-07,2026-07-11,Completed,77.18
EP005554,E02357,P005,2025-06-11,2025-07-15,Completed,80.25
EP005555,E00556,P032,2025-03-13,,Enrolled,
EP005556,E01592,P027,2024-12-14,2024-12-16,Completed,76.57
EP005557,E04180,P024,2025-01-31,2025-03-28,Completed,92.02
EP005558,E02897,P028,2024-06-08,2024-08-15,Completed,84.46
EP005559,E01231,P031,2026-08-20,,In Progress,
EP005560,E04655,P034,2025-06-01,2025-08-03,Completed,95.1
EP005561,E02587,P008,2024-06-23,,Enrolled,
EP005562,E03528,P027,2024-12-30,2025-01-07,Completed,86.31
EP005563,E03093,P037,2026-06-03,2026-06-29,Completed,88.08
EP005564,E00258,P004,2026-02-01,,Enrolled,
EP005565,E03810,P031,2026-07-17,2026-08-21,Completed,84.88
EP005566,E00710,P020,2025-09-27,2026-01-08,Completed,96.76
EP005567,E04390,P006,2025-07-21,,Withdrawn,
EP005568,E03013,P012,2025-05-26,,Enrolled,
EP005569,E01570,P033,2025-01-22,2025-03-01,Completed,86.43
EP005570,E04516,P029,2026-01-17,,Withdrawn,
EP005571,E02570,P028,2024-06-21,2024-09-07,Completed,99.76
EP005572,E04491,P038,2025-05-28,2025-06-18,Completed,93.73
EP005573,E02174,P016,2024-08-16,2024-10-12,Completed,91.6
EP005574,E00811,P031,2026-07-14,2026-08-14,Completed,89.49
EP005575,E02616,P015,2025-03-02,,Enrolled,
EP005576,E01618,P030,2026-07-06,,In Progress,
EP005577,E02145,P004,2025-12-17,,Enrolled,
EP005578,E00706,P009,2024-09-22,2024-12-19,Completed,81.55
EP005579,E04009,P033,2025-01-13,,Enrolled,
EP005580,E00656,P001,2026-01-21,2026-02-02,Completed,74.59
EP005581,E00446,P016,2024-10-15,,Enrolled,
EP005582,E02795,P006,2025-07-09,2025-07-11,Completed,92.28
EP005583,E04376,P008,2024-09-04,2024-10-19,Completed,81.34
EP005584,E00593,P035,2024-06-17,,Enrolled,
EP005585,E04048,P003,2025-11-02,,Enrolled,
EP005586,E01800,P024,2025-03-10,,Enrolled,
EP005587,E03755,P009,2024-10-11,2024-11-29,Completed,76.39
EP005588,E01394,P024,2025-03-31,2025-04-21,Completed,100.0
EP005589,E01853,P037,2026-07-15,2026-07-28,Completed,71.61
EP005590,E04214,P018,2026-05-25,2026-05-26,Completed,91.1
EP005591,E04623,P006,2025-06-23,2025-07-15,Completed,92.84
EP005592,E01087,P011,2025-02-15,,Enrolled,
EP005593,E02060,P040,2024-11-10,2024-11-30,Completed,83.86
EP005594,E00501,P004,2025-08-29,2025-11-03,Completed,83.0
EP005595,E03874,P032,2025-05-11,,Withdrawn,
EP005596,E03349,P005,2025-04-22,2025-06-22,Completed,83.43
EP005597,E01312,P012,2025-05-27,2025-06-13,Completed,68.51
EP005598,E03744,P035,2024-08-04,,Withdrawn,
EP005599,E04244,P003,2025-10-06,2025-12-06,Completed,80.49
EP005600,E01399,P031,2026-08-07,2026-08-15,Completed,88.54
EP005601,E03266,P035,2024-07-13,,Enrolled,
EP005602,E04546,P025,2024-11-21,2024-12-04,Completed,80.78
EP005603,E04018,P006,2025-06-24,2025-07-18,Completed,81.04
EP005604,E01001,P031,2026-08-18,2026-08-20,Completed,83.79
EP005605,E01772,P012,2025-06-06,2025-06-17,Completed,72.43
EP005606,E02155,P014,2026-10-31,2026-11-30,Completed,87.34
EP005607,E04184,P030,2026-08-14,,Withdrawn,
EP005608,E04817,P036,2025-01-22,2025-01-30,Completed,100.0
EP005609,E01873,P026,2026-09-25,,In Progress,
EP005610,E03524,P004,2025-10-03,,Enrolled,
EP005611,E02182,P023,2025-05-09,,Withdrawn,
EP005612,E02090,P030,2026-08-01,2026-08-12,Completed,79.55
EP005613,E01733,P040,2025-01-04,,Enrolled,
EP005614,E01604,P034,2025-03-21,,Enrolled,
EP005615,E00292,P029,2026-05-20,,Withdrawn,
EP005616,E02250,P025,2024-10-24,,Enrolled,
EP005617,E00568,P003,2025-10-14,,Enrolled,
EP005618,E02025,P010,2024-08-28,2024-08-28,Completed,79.3
EP005619,E03117,P015,2025-05-26,2025-05-29,Completed,85.85
EP005620,E00389,P035,2024-08-22,,Enrolled,
EP005621,E03735,P017,2024-06-10,2024-07-14,Completed,85.73
EP005622,E00868,P012,2025-05-09,2025-06-21,Completed,75.88
EP005623,E02317,P014,2026-12-12,2026-12-27,Completed,71.8
EP005624,E00173,P034,2025-09-04,,Enrolled,
EP005625,E02106,P002,2024-12-20,2024-12-21,Completed,81.2
EP005626,E00018,P029,2025-12-27,,Enrolled,
EP005627,E01906,P019,2026-03-15,,Enrolled,
EP005628,E01418,P023,2025-05-17,2025-06-11,Completed,95.95
EP005629,E02031,P035,2024-08-26,2024-09-19,Completed,85.02
EP005630,E00711,P031,2026-06-22,,Withdrawn,
EP005631,E00898,P034,2025-05-08,,Enrolled,
EP005632,E03806,P038,2025-04-16,,Enrolled,
EP005633,E02156,P035,2024-07-24,,Enrolled,
EP005634,E03862,P033,2024-12-15,2025-02-11,Completed,92.68
EP005635,E02251,P028,2024-05-12,2024-05-29,Completed,81.11
EP005636,E01606,P007,2024-08-27,,Enrolled,
EP005637,E02800,P008,2024-09-07,2024-10-19,Completed,96.94
EP005638,E02452,P020,2025-09-30,2025-11-24,Completed,90.58
EP005639,E03437,P037,2026-05-15,2026-07-15,Completed,79.12
EP005640,E02108,P015,2025-05-19,,Enrolled,
EP005641,E02170,P011,2024-10-27,2024-12-02,Completed,78.36
EP005642,E02563,P014,2026-10-24,2026-12-24,Completed,83.51
EP005643,E04848,P034,2025-08-27,2025-09-08,Completed,77.93
EP005644,E00434,P027,2025-01-27,2025-02-16,Completed,76.84
EP005645,E02224,P036,2024-12-06,2025-01-02,Completed,96.14
EP005646,E01699,P029,2026-04-04,,Enrolled,
EP005647,E01093,P019,2026-04-25,2026-05-08,Completed,81.62
EP005648,E02220,P037,2026-06-05,2026-06-19,Completed,84.57
EP005649,E03639,P020,2025-11-27,2026-01-07,Completed,74.0
EP005650,E00850,P017,2024-04-07,2024-06-13,Completed,92.25
EP005651,E03811,P024,2025-01-18,2025-02-01,Completed,75.95
EP005652,E04690,P005,2025-07-02,,Withdrawn,
EP005653,E00768,P036,2025-01-07,,Enrolled,
EP005654,E00876,P012,2025-06-10,2025-06-15,Completed,82.89
EP005655,E00268,P028,2024-06-30,2024-08-05,Completed,93.91
EP005656,E02937,P028,2024-07-20,2024-08-07,Completed,71.88
EP005657,E02396,P008,2024-11-11,2024-11-15,Completed,85.67
EP005658,E02962,P012,2025-05-27,2025-05-29,Completed,73.6
EP005659,E02321,P007,2024-08-30,,Enrolled,
EP005660,E01605,P021,2024-12-24,2025-02-07,Completed,75.84
EP005661,E00887,P025,2024-10-24,2024-10-30,Completed,87.49
EP005662,E00176,P004,2026-01-06,2026-02-02,Completed,80.77
EP005663,E03550,P027,2024-12-05,2025-01-05,Completed,90.72
EP005664,E00214,P037,2026-07-18,2026-07-28,Completed,94.95
EP005665,E03178,P006,2025-08-17,2025-08-18,Completed,76.3
EP005666,E00284,P028,2024-05-11,,Enrolled,
EP005667,E02087,P003,2025-11-25,2025-11-29,Completed,99.93
EP005668,E00325,P039,2026-05-25,,Enrolled,
EP005669,E01048,P009,2024-07-07,2024-07-17,Completed,76.58
EP005670,E01693,P039,2026-04-09,2026-05-09,Completed,100.0
EP005671,E02418,P029,2026-06-04,,Enrolled,
EP005672,E04558,P004,2026-01-20,2026-01-28,Completed,96.58
EP005673,E01471,P014,2026-09-10,2026-12-09,Completed,88.88
EP005674,E03864,P003,2025-09-29,,Withdrawn,
EP005675,E00289,P034,2025-08-10,2025-09-16,Completed,88.1
EP005676,E04491,P004,2025-10-02,2025-12-15,Completed,89.07
EP005677,E01256,P013,2025-07-13,2025-07-23,Completed,89.21
EP005678,E02629,P006,2025-07-10,,Enrolled,
EP005679,E02661,P023,2025-08-05,,Enrolled,
EP005680,E04308,P004,2025-11-01,2025-11-30,Completed,82.09
EP005681,E04676,P038,2025-06-12,2025-06-22,Completed,91.98
EP005682,E03198,P004,2025-10-13,2025-12-28,Completed,80.06
EP005683,E01955,P008,2024-10-15,2024-10-21,Completed,61.97
EP005684,E04485,P027,2024-12-26,,Enrolled,
EP005685,E00842,P024,2025-04-16,2025-04-19,Completed,100.0
EP005686,E03850,P018,2026-05-17,2026-06-28,Completed,93.4
EP005687,E04931,P023,2025-08-14,2025-09-05,Completed,83.32
EP005688,E04690,P017,2024-03-20,2024-03-27,Completed,80.81
EP005689,E01558,P027,2024-12-04,,Withdrawn,
EP005690,E04352,P002,2024-08-17,2024-09-10,Completed,66.39
EP005691,E00632,P012,2025-06-09,,Withdrawn,
EP005692,E01567,P012,2025-05-01,2025-05-16,Completed,89.33
EP005693,E00399,P027,2025-02-08,2025-02-11,Completed,96.81
EP005694,E04560,P026,2026-07-21,,In Progress,
EP005695,E02615,P019,2026-04-28,,Enrolled,
EP005696,E03525,P038,2025-04-26,2025-05-20,Completed,81.66
EP005697,E02592,P027,2025-01-20,2025-01-29,Completed,90.04
EP005698,E01219,P009,2024-10-22,,Enrolled,
EP005699,E04444,P015,2025-04-16,2025-05-13,Completed,80.1
EP005700,E02197,P002,2024-11-03,,Withdrawn,
EP005701,E03313,P031,2026-07-18,,In Progress,
EP005702,E04804,P011,2025-02-28,2025-03-21,Completed,89.39
EP005703,E04004,P036,2024-12-13,,Withdrawn,
EP005704,E02229,P032,2025-04-07,2025-04-27,Completed,95.01
EP005705,E04124,P038,2025-06-03,2025-06-13,Completed,85.63
EP005706,E00746,P011,2024-12-27,2025-01-05,Completed,97.22
EP005707,E04545,P033,2025-03-09,2025-03-21,Completed,77.83
EP005708,E03723,P009,2024-09-25,2024-11-23,Completed,86.53
EP005709,E00899,P026,2026-07-20,,Withdrawn,
EP005710,E00531,P038,2025-06-11,,Withdrawn,
EP005711,E03422,P004,2026-02-15,2026-02-17,Completed,90.05
EP005712,E01006,P037,2026-07-07,,Enrolled,
EP005713,E00062,P025,2024-08-29,2024-09-28,Completed,89.8
EP005714,E03248,P009,2024-12-30,,Enrolled,
EP005715,E03096,P031,2026-06-29,2026-08-23,Completed,76.57
EP005716,E01749,P015,2025-05-24,,Enrolled,
EP005717,E03969,P013,2025-07-06,2025-07-22,Completed,94.47
EP005718,E03886,P005,2025-07-10,,Enrolled,
EP005719,E03083,P036,2025-01-20,2025-01-25,Completed,87.76
EP005720,E01322,P025,2024-07-26,2024-09-17,Completed,72.93
EP005721,E01202,P023,2025-05-16,,Enrolled,
EP005722,E03845,P030,2026-08-08,2026-08-08,Completed,89.4
EP005723,E04683,P010,2024-08-03,2024-08-07,Completed,75.02
EP005724,E04201,P029,2025-12-29,2026-01-04,Completed,74.43
EP005725,E01527,P018,2026-04-10,,Enrolled,
EP005726,E00059,P029,2026-01-08,2026-05-20,Completed,90.72
EP005727,E00318,P019,2026-01-01,,Enrolled,
EP005728,E02640,P008,2024-09-08,,Enrolled,
EP005729,E03420,P010,2024-06-25,2024-07-10,Completed,94.22
EP005730,E00260,P010,2024-07-20,2024-08-08,Completed,86.41
EP005731,E00949,P009,2024-07-05,2024-12-24,Completed,80.01
EP005732,E00120,P016,2024-10-30,,Enrolled,
EP005733,E00439,P025,2024-07-22,,Enrolled,
EP005734,E04922,P039,2026-03-17,2026-04-24,Completed,86.2
EP005735,E02980,P038,2025-06-15,,Enrolled,
EP005736,E03877,P006,2025-04-15,2025-07-31,Completed,78.75
EP005737,E00712,P024,2025-01-07,,Enrolled,
EP005738,E03216,P037,2026-07-16,,Withdrawn,
EP005739,E01044,P021,2025-03-19,2025-03-19,Completed,97.0
EP005740,E03197,P019,2026-02-22,,Enrolled,
EP005741,E00012,P008,2024-06-21,,Enrolled,
EP005742,E03937,P013,2025-07-02,,Enrolled,
EP005743,E00674,P032,2025-02-17,,Withdrawn,
EP005744,E00868,P003,2025-09-27,,Enrolled,
EP005745,E01252,P017,2024-07-07,2024-07-11,Completed,89.13
EP005746,E03706,P019,2025-12-03,2026-03-26,Completed,100.0
EP005747,E03614,P014,2026-09-22,,Withdrawn,
EP005748,E00019,P021,2025-03-28,,Enrolled,
EP005749,E02766,P030,2026-08-13,,In Progress,
EP005750,E00332,P027,2025-01-16,2025-01-23,Completed,100.0
EP005751,E04530,P014,2026-10-29,2026-12-13,Completed,78.54
EP005752,E04231,P027,2024-12-28,2025-01-17,Completed,80.48
EP005753,E01449,P030,2026-06-17,,In Progress,
EP005754,E02514,P032,2025-03-06,2025-04-01,Completed,83.97
EP005755,E03550,P015,2025-02-24,,Enrolled,
EP005756,E03001,P015,2025-03-30,2025-05-28,Completed,90.75
EP005757,E02937,P028,2024-08-05,2024-08-12,Completed,79.22
EP005758,E03948,P027,2025-01-20,2025-02-08,Completed,81.91
EP005759,E03835,P008,2024-09-01,2024-09-03,Completed,62.08
EP005760,E00344,P023,2025-08-05,,Enrolled,
EP005761,E02542,P010,2024-07-21,2024-08-14,Completed,86.04
EP005762,E04702,P027,2024-11-30,2024-12-17,Completed,89.65
EP005763,E02463,P031,2026-07-16,,In Progress,
EP005764,E03257,P031,2026-08-14,2026-08-21,Completed,74.98
EP005765,E04666,P001,2025-12-05,,Enrolled,
EP005766,E01036,P021,2025-01-30,2025-03-13,Completed,87.88
EP005767,E02883,P027,2024-11-30,,Enrolled,
EP005768,E00111,P040,2024-09-18,2025-02-11,Completed,64.87
EP005769,E03804,P030,2026-07-01,2026-07-10,Completed,93.53
EP005770,E01585,P016,2024-12-09,2024-12-17,Completed,91.77
EP005771,E03115,P028,2024-06-12,2024-08-14,Completed,89.0
EP005772,E00867,P010,2024-07-16,2024-08-23,Completed,76.15
EP005773,E03802,P030,2026-07-06,2026-08-02,Completed,90.49
EP005774,E01745,P026,2026-08-14,2026-10-25,Completed,84.28
EP005775,E00311,P005,2025-07-06,,Enrolled,
EP005776,E03344,P036,2024-12-11,2025-01-19,Completed,76.02
EP005777,E03422,P009,2024-09-12,,Enrolled,
EP005778,E01590,P034,2025-03-18,2025-04-08,Completed,82.49
EP005779,E03066,P040,2024-12-13,2024-12-16,Completed,66.39
EP005780,E04420,P003,2025-10-26,2025-10-31,Completed,90.24
EP005781,E04343,P011,2025-02-04,,Enrolled,
EP005782,E04223,P008,2024-09-02,,Enrolled,
EP005783,E04825,P005,2025-06-05,,Enrolled,
EP005784,E01785,P036,2024-12-26,,Enrolled,
EP005785,E01110,P013,2025-06-12,2025-06-24,Completed,76.36
EP005786,E01700,P002,2024-08-06,2024-12-15,Completed,94.83
EP005787,E03316,P028,2024-08-17,,Withdrawn,
EP005788,E00914,P011,2024-12-20,2025-03-27,Completed,92.66
EP005789,E02640,P005,2025-06-28,,Enrolled,
EP005790,E00196,P034,2025-05-22,,Enrolled,
EP005791,E00858,P015,2025-04-27,2025-05-13,Completed,80.16
EP005792,E04953,P006,2025-06-29,2025-07-24,Completed,92.85
EP005793,E04801,P006,2025-07-01,,Enrolled,
EP005794,E00731,P035,2024-08-17,2024-09-21,Completed,83.21
EP005795,E00272,P013,2025-06-29,2025-07-17,Completed,87.15
EP005796,E04370,P019,2026-05-11,2026-05-18,Completed,87.69
EP005797,E01262,P015,2025-05-09,,Enrolled,
EP005798,E03154,P004,2025-12-15,2026-01-27,Completed,79.57
EP005799,E04487,P001,2026-02-03,2026-02-22,Completed,66.28
EP005800,E01463,P007,2024-09-23,2024-10-06,Completed,89.18
EP005801,E02588,P022,2024-11-14,,Enrolled,
EP005802,E01727,P013,2025-06-24,,Withdrawn,
EP005803,E04896,P037,2026-06-03,,Enrolled,
EP005804,E04785,P030,2026-08-04,,In Progress,
EP005805,E02858,P031,2026-07-22,2026-08-20,Completed,84.14
EP005806,E03806,P012,2025-06-21,2025-06-23,Completed,79.3
EP005807,E03868,P028,2024-07-20,,Enrolled,
EP005808,E01963,P031,2026-07-08,,In Progress,
EP005809,E02970,P036,2025-01-22,2025-02-03,Completed,72.85
EP005810,E04544,P013,2025-07-14,,Enrolled,
EP005811,E04302,P022,2025-01-06,2025-01-09,Completed,82.06
EP005812,E02586,P010,2024-08-11,2024-08-17,Completed,96.85
EP005813,E02002,P023,2025-08-08,,Enrolled,
EP005814,E00528,P035,2024-08-05,,Withdrawn,
EP005815,E02591,P033,2025-02-19,,Withdrawn,
EP005816,E01912,P035,2024-08-03,2024-08-09,Completed,92.37
EP005817,E02216,P018,2026-05-01,,Enrolled,
EP005818,E01290,P010,2024-08-17,,Enrolled,
EP005819,E00843,P006,2025-07-16,2025-07-20,Completed,90.03
EP005820,E02805,P008,2024-07-22,2024-08-27,Completed,71.51
EP005821,E01476,P014,2026-12-27,2026-12-30,Completed,76.98
EP005822,E02158,P001,2026-02-07,2026-02-15,Completed,86.33
EP005823,E03612,P029,2026-02-21,,Enrolled,
EP005824,E04845,P028,2024-05-14,2024-07-02,Completed,100.0
EP005825,E01235,P025,2024-10-04,2024-11-14,Completed,84.37
EP005826,E00262,P025,2024-11-13,2024-11-19,Completed,81.98
EP005827,E00351,P032,2025-02-22,2025-04-14,Completed,87.32
EP005828,E04030,P019,2026-01-29,,Enrolled,
EP005829,E03916,P031,2026-08-22,2026-08-22,Completed,89.88
EP005830,E01920,P018,2026-06-17,2026-07-15,Completed,80.84
EP005831,E03490,P038,2025-06-26,2025-06-28,Completed,70.26
EP005832,E00872,P031,2026-07-20,,In Progress,
EP005833,E03337,P028,2024-09-15,2024-09-15,Completed,79.42
EP005834,E02193,P020,2026-01-04,2026-01-10,Completed,89.69
EP005835,E02375,P003,2025-11-04,2025-11-30,Completed,99.38
EP005836,E01541,P004,2026-02-01,2026-02-16,Completed,99.77
EP005837,E00232,P020,2025-10-04,,Enrolled,
EP005838,E03266,P031,2026-08-05,,In Progress,
EP005839,E02175,P003,2025-11-10,2025-11-21,Completed,78.62
EP005840,E00483,P030,2026-07-31,2026-08-02,Completed,72.23
EP005841,E03578,P024,2025-01-10,2025-04-02,Completed,68.71
EP005842,E00470,P033,2025-02-13,2025-03-03,Completed,89.29
EP005843,E04016,P022,2025-01-12,2025-01-19,Completed,86.25
EP005844,E01745,P002,2024-07-29,2024-09-23,Completed,95.78
EP005845,E02895,P038,2025-05-06,2025-05-18,Completed,75.93
EP005846,E04276,P020,2025-11-20,2025-12-25,Completed,79.49
EP005847,E00415,P020,2026-01-15,,Withdrawn,
EP005848,E01492,P009,2024-12-21,,Enrolled,
EP005849,E00590,P018,2026-07-21,,Enrolled,
EP005850,E00824,P009,2024-11-23,2024-12-16,Completed,85.12
EP005851,E02865,P017,2024-05-27,,Enrolled,
EP005852,E02715,P040,2024-09-21,2024-12-25,Completed,84.91
EP005853,E02610,P033,2025-03-12,,Enrolled,
EP005854,E03000,P018,2026-06-23,2026-07-23,Completed,87.77
EP005855,E03092,P023,2025-08-08,2025-08-25,Completed,86.25
EP005856,E03881,P004,2025-11-07,2026-01-29,Completed,82.5
EP005857,E00763,P012,2025-06-10,,Enrolled,
EP005858,E01927,P014,2026-08-24,,Withdrawn,
EP005859,E04742,P031,2026-07-08,,Withdrawn,
EP005860,E02617,P004,2025-12-21,2026-01-07,Completed,84.51
EP005861,E00592,P028,2024-04-17,2024-04-25,Completed,83.92
EP005862,E04864,P022,2025-01-19,2025-01-19,Completed,80.74
EP005863,E01997,P031,2026-07-28,2026-08-07,Completed,89.36
EP005864,E01837,P023,2025-09-05,,Enrolled,
EP005865,E00652,P019,2026-02-16,2026-04-22,Completed,72.13
EP005866,E00572,P007,2024-10-05,,Enrolled,
EP005867,E02338,P030,2026-08-05,,In Progress,
EP005868,E04407,P040,2024-09-08,2024-10-28,Completed,73.32
EP005869,E03957,P030,2026-08-18,,Withdrawn,
EP005870,E00289,P036,2024-11-28,2025-01-07,Completed,73.83
EP005871,E02796,P006,2025-04-16,,Withdrawn,
EP005872,E01856,P015,2025-02-23,2025-04-24,Completed,88.62
EP005873,E04503,P030,2026-08-05,2026-08-09,Completed,92.19
EP005874,E03180,P016,2024-12-02,2024-12-12,Completed,85.79
EP005875,E00188,P001,2025-12-03,2026-02-01,Completed,91.58
EP005876,E01505,P014,2026-08-21,,In Progress,
EP005877,E02237,P038,2025-05-08,2025-05-17,Completed,82.52
EP005878,E02701,P011,2024-11-19,2025-03-02,Completed,69.74
EP005879,E00199,P028,2024-08-02,,Enrolled,
EP005880,E00112,P034,2025-03-27,,Enrolled,
EP005881,E03630,P017,2024-04-25,2024-05-26,Completed,93.38
EP005882,E04346,P032,2025-01-11,,Withdrawn,
EP005883,E04876,P011,2025-01-26,2025-03-25,Completed,87.89
EP005884,E02463,P025,2024-11-16,2024-11-24,Completed,80.94
EP005885,E03334,P031,2026-07-09,2026-07-15,Completed,97.51
EP005886,E01829,P024,2025-01-03,2025-01-29,Completed,75.63
EP005887,E02510,P011,2025-02-21,2025-03-16,Completed,79.85
EP005888,E03870,P030,2026-08-16,,In Progress,
EP005889,E00590,P013,2025-07-13,2025-07-14,Completed,58.13
EP005890,E03897,P031,2026-06-21,,In Progress,
EP005891,E04280,P029,2026-04-13,2026-05-21,Completed,92.82
EP005892,E03570,P009,2024-07-03,,Enrolled,
EP005893,E04371,P002,2024-09-05,,Withdrawn,
EP005894,E01973,P018,2026-04-15,2026-06-24,Completed,80.46
EP005895,E00454,P002,2024-09-18,2024-09-27,Completed,77.38
EP005896,E02297,P004,2025-10-07,2026-01-19,Completed,76.42
EP005897,E00236,P013,2025-07-30,2025-07-31,Completed,89.44
EP005898,E04570,P019,2026-04-19,2026-05-19,Completed,81.33
EP005899,E03956,P030,2026-08-19,2026-08-19,Completed,84.34
EP005900,E03365,P028,2024-04-27,2024-05-28,Completed,84.78
EP005901,E02399,P030,2026-08-16,,In Progress,
EP005902,E04043,P010,2024-06-12,2024-07-17,Completed,91.97
EP005903,E04495,P030,2026-07-22,2026-08-16,Completed,80.99
EP005904,E02518,P008,2024-07-20,2024-09-16,Completed,91.8
EP005905,E01128,P010,2024-07-01,,Withdrawn,
EP005906,E04071,P026,2026-08-19,,In Progress,
EP005907,E00378,P033,2025-03-28,2025-03-30,Completed,68.34
EP005908,E01002,P017,2024-04-30,2024-05-04,Completed,67.77
EP005909,E00556,P006,2025-04-14,2025-07-13,Completed,81.24
EP005910,E02371,P022,2024-12-10,,Enrolled,
EP005911,E01567,P038,2025-04-04,,Withdrawn,
EP005912,E03091,P029,2025-12-29,2026-02-19,Completed,88.24
EP005913,E04134,P018,2026-05-02,2026-05-03,Completed,84.39
EP005914,E01049,P033,2025-01-24,2025-02-26,Completed,85.14
EP005915,E01404,P011,2024-09-11,,Enrolled,
EP005916,E04057,P018,2026-04-18,2026-05-02,Completed,68.29
EP005917,E00278,P005,2025-06-24,,Enrolled,
EP005918,E01451,P012,2025-06-05,2025-06-30,Completed,79.82
EP005919,E02417,P011,2024-09-13,2024-11-26,Completed,85.5
EP005920,E02083,P038,2025-04-21,,Enrolled,
EP005921,E00128,P013,2025-07-22,,Enrolled,
EP005922,E00637,P038,2025-06-15,,Enrolled,
EP005923,E02985,P007,2024-09-16,2024-10-10,Completed,96.8
EP005924,E04752,P005,2025-07-01,2025-07-03,Completed,79.61
EP005925,E01352,P015,2025-03-09,,Enrolled,
EP005926,E03127,P025,2024-09-06,2024-11-24,Completed,72.96
EP005927,E02012,P031,2026-08-16,,Withdrawn,
EP005928,E03845,P015,2025-06-19,2025-06-19,Completed,65.38
EP005929,E02384,P033,2025-02-04,2025-02-18,Completed,100.0
EP005930,E03782,P024,2025-04-16,,Enrolled,
EP005931,E03516,P022,2024-11-29,,Enrolled,
EP005932,E02912,P017,2024-05-25,2024-06-11,Completed,71.07
EP005933,E04819,P002,2024-10-10,2024-11-08,Completed,91.25
EP005934,E03334,P009,2024-08-16,,Enrolled,
EP005935,E04089,P011,2025-01-14,2025-02-05,Completed,87.33
EP005936,E01603,P024,2025-01-28,,Enrolled,
EP005937,E00120,P019,2026-03-04,,Enrolled,
EP005938,E04079,P008,2024-09-21,,Enrolled,
EP005939,E02463,P004,2026-01-26,2026-02-15,Completed,75.01
EP005940,E02996,P002,2024-09-03,2024-09-21,Completed,80.59
EP005941,E01686,P006,2025-08-01,2025-08-05,Completed,68.89
EP005942,E02369,P032,2025-04-13,,Enrolled,
EP005943,E00470,P002,2024-11-29,2024-12-02,Completed,78.4
EP005944,E00589,P037,2026-06-18,,Enrolled,
EP005945,E03808,P034,2025-05-12,2025-06-10,Completed,82.69
EP005946,E01599,P019,2025-12-22,,Enrolled,
EP005947,E03603,P030,2026-06-21,,In Progress,
EP005948,E01430,P025,2024-11-01,2024-12-05,Completed,97.25
EP005949,E00083,P024,2025-01-31,2025-02-26,Completed,93.29
EP005950,E04347,P026,2026-08-22,,In Progress,
EP005951,E00289,P024,2024-12-29,2025-03-26,Completed,68.79
EP005952,E03702,P035,2024-09-16,2024-09-22,Completed,87.88
EP005953,E00179,P019,2026-05-11,,Enrolled,
EP005954,E02188,P014,2026-09-30,,In Progress,
EP005955,E03346,P040,2024-08-24,,Enrolled,
EP005956,E01122,P003,2025-10-12,2025-11-13,Completed,80.49
EP005957,E02768,P024,2025-03-06,,Enrolled,
EP005958,E03602,P016,2024-11-13,2024-12-07,Completed,63.54
EP005959,E02832,P018,2026-06-18,,Withdrawn,
EP005960,E00580,P002,2024-11-13,2024-12-18,Completed,85.67
EP005961,E02112,P039,2026-05-17,,Enrolled,
EP005962,E02808,P037,2026-05-17,2026-07-28,Completed,90.35
EP005963,E04620,P029,2026-04-18,2026-05-29,Completed,78.96
EP005964,E03382,P029,2026-05-01,2026-05-15,Completed,94.98
EP005965,E00327,P024,2025-01-05,2025-03-15,Completed,89.39
EP005966,E04997,P039,2026-04-23,2026-04-26,Completed,72.57
EP005967,E01871,P018,2026-04-04,2026-05-12,Completed,76.82
EP005968,E02825,P034,2025-07-18,,Enrolled,
EP005969,E04494,P016,2024-08-10,,Enrolled,
EP005970,E04776,P036,2025-01-16,,Enrolled,
EP005971,E02770,P029,2026-01-17,,Enrolled,
EP005972,E01132,P034,2025-08-17,2025-08-24,Completed,72.41
EP005973,E04797,P035,2024-08-28,,Enrolled,
EP005974,E03594,P006,2025-06-10,,Enrolled,
EP005975,E03070,P037,2026-07-17,,Enrolled,
EP005976,E01557,P008,2024-07-21,,Enrolled,
EP005977,E04450,P027,2024-12-24,,Withdrawn,
EP005978,E00017,P033,2024-12-30,2025-03-04,Completed,95.4
EP005979,E02212,P035,2024-08-11,,Enrolled,
EP005980,E01570,P026,2026-09-03,,In Progress,
EP005981,E00908,P006,2025-04-23,2025-04-23,Completed,100.0
EP005982,E02960,P006,2025-07-14,,Enrolled,
EP005983,E02524,P017,2024-04-21,,Withdrawn,
EP005984,E03478,P029,2026-01-26,2026-03-30,Completed,88.29
EP005985,E03387,P019,2026-03-15,,Enrolled,
EP005986,E02236,P004,2025-08-30,2025-12-17,Completed,86.34
EP005987,E01703,P023,2025-08-17,,Enrolled,
EP005988,E00747,P014,2026-09-01,,Withdrawn,
EP005989,E00127,P014,2026-10-11,2026-11-11,Completed,77.17
EP005990,E04374,P008,2024-07-30,2024-10-16,Completed,94.83
EP005991,E02525,P034,2025-06-22,2025-09-02,Completed,79.89
EP005992,E00813,P028,2024-09-01,,Enrolled,
EP005993,E02301,P003,2025-11-22,2025-11-27,Completed,87.51
EP005994,E01283,P025,2024-10-16,2024-12-06,Completed,79.38
EP005995,E04332,P015,2025-04-28,2025-06-18,Completed,75.77
EP005996,E00364,P022,2024-11-24,2024-11-29,Completed,86.65
EP005997,E01228,P010,2024-08-04,2024-08-14,Completed,84.8
EP005998,E03649,P036,2025-01-20,2025-01-22,Completed,73.88
EP005999,E02484,P040,2024-12-24,,Enrolled,
EP006000,E01400,P009,2024-10-14,2024-11-24,Completed,75.52
EP006001,E04227,P015,2025-05-12,2025-05-26,Completed,81.78
EP006002,E02413,P025,2024-10-08,,Withdrawn,
EP006003,E02480,P018,2026-05-22,2026-07-01,Completed,93.11
EP006004,E02542,P030,2026-08-14,2026-08-15,Completed,91.08
EP006005,E00470,P033,2025-03-15,2025-03-24,Completed,88.56
EP006006,E02162,P033,2025-01-04,2025-04-01,Completed,92.57
EP006007,E03394,P024,2025-02-09,,Enrolled,
EP006008,E02911,P008,2024-05-29,2024-06-09,Completed,85.87
EP006009,E01223,P037,2026-07-15,,Enrolled,
EP006010,E02540,P035,2024-07-26,2024-09-02,Completed,93.09
EP006011,E00717,P008,2024-11-03,2024-11-13,Completed,83.73
EP006012,E01788,P039,2026-05-27,2026-06-01,Completed,80.13
EP006013,E00545,P026,2026-07-30,2026-10-12,Completed,93.64
EP006014,E04597,P030,2026-08-05,,Withdrawn,
EP006015,E01675,P027,2024-12-06,2025-01-06,Completed,86.6
EP006016,E00516,P037,2026-07-07,2026-07-17,Completed,78.41
EP006017,E03002,P018,2026-06-10,,Enrolled,
EP006018,E02281,P032,2024-12-04,,Withdrawn,
EP006019,E03408,P012,2025-05-19,,Enrolled,
EP006020,E02159,P018,2026-06-16,2026-07-23,Completed,95.31
EP006021,E03183,P024,2025-04-11,2025-04-22,Completed,77.63
EP006022,E00367,P013,2025-05-26,2025-06-14,Completed,76.25
EP006023,E00542,P009,2024-11-06,,Enrolled,
EP006024,E02356,P002,2024-08-28,2024-10-22,Completed,91.44
EP006025,E03511,P026,2026-08-06,2026-08-22,Completed,86.12
EP006026,E01286,P021,2025-03-10,2025-03-10,Completed,90.29
EP006027,E00508,P009,2024-11-19,,Enrolled,
EP006028,E02026,P012,2025-06-03,2025-06-27,Completed,90.19
EP006029,E03419,P018,2026-06-02,,Enrolled,
EP006030,E03750,P007,2024-08-28,2024-10-18,Completed,81.42
EP006031,E01844,P004,2025-09-17,2025-11-24,Completed,92.21
EP006032,E00861,P016,2024-12-01,2024-12-07,Completed,85.2
EP006033,E03069,P035,2024-06-29,,Enrolled,
EP006034,E04928,P023,2025-07-08,,Enrolled,
EP006035,E02079,P037,2026-05-29,2026-07-08,Completed,76.76
EP006036,E02646,P001,2025-12-29,2026-02-15,Completed,89.07
EP006037,E02742,P018,2026-06-09,2026-07-17,Completed,81.12
EP006038,E01938,P038,2025-05-19,,Enrolled,
EP006039,E00351,P023,2025-07-14,,Enrolled,
EP006040,E02051,P038,2025-06-24,2025-06-24,Completed,83.02
EP006041,E01709,P022,2024-12-02,,Enrolled,
EP006042,E04176,P037,2026-07-23,2026-07-27,Completed,93.22
EP006043,E00753,P008,2024-07-03,,Enrolled,
EP006044,E03246,P027,2025-01-24,,Enrolled,
EP006045,E02285,P016,2024-12-03,,Enrolled,
EP006046,E04110,P032,2025-04-29,2025-05-16,Completed,81.09
EP006047,E03580,P039,2026-06-01,2026-06-01,Completed,78.12
EP006048,E03921,P033,2025-02-12,,Enrolled,
EP006049,E03194,P001,2026-01-19,,Enrolled,
EP006050,E01740,P017,2024-03-24,2024-05-21,Completed,82.9
EP006051,E01760,P010,2024-07-05,2024-08-19,Completed,75.29
EP006052,E00801,P029,2026-03-14,2026-05-20,Completed,85.63
EP006053,E03133,P011,2025-02-20,2025-03-17,Completed,81.4
EP006054,E01231,P033,2025-01-04,2025-02-14,Completed,71.67
EP006055,E00112,P023,2025-07-09,,Enrolled,
EP006056,E03151,P019,2026-04-17,2026-04-21,Completed,89.32
EP006057,E03944,P016,2024-10-06,2024-11-18,Completed,79.25
EP006058,E03909,P026,2026-09-04,,In Progress,
EP006059,E00490,P026,2026-08-14,2026-09-15,Completed,85.7
EP006060,E00040,P013,2025-07-23,,Enrolled,
EP006061,E01632,P006,2025-06-22,2025-06-24,Completed,86.51
EP006062,E04287,P002,2024-10-14,2024-12-02,Completed,94.69
EP006063,E02728,P017,2024-06-23,2024-07-12,Completed,80.79
EP006064,E04410,P002,2024-11-29,2024-12-07,Completed,77.54
EP006065,E00981,P003,2025-11-03,,Enrolled,
EP006066,E02742,P009,2024-10-29,,Enrolled,
EP006067,E00595,P032,2025-04-10,,Enrolled,
EP006068,E01548,P028,2024-05-19,2024-07-11,Completed,92.8
EP006069,E00945,P016,2024-09-05,2024-10-27,Completed,91.26
EP006070,E01146,P010,2024-08-05,,Enrolled,
EP006071,E00863,P007,2024-09-11,,Enrolled,
EP006072,E04166,P034,2025-07-30,2025-09-20,Completed,70.91
EP006073,E01448,P012,2025-06-03,,Enrolled,
EP006074,E02287,P009,2024-09-15,,Withdrawn,
EP006075,E02087,P016,2024-11-04,2024-11-11,Completed,90.54
EP006076,E00401,P022,2024-12-02,2025-01-16,Completed,87.46
EP006077,E00830,P038,2025-04-06,2025-06-14,Completed,81.05
EP006078,E04360,P012,2025-06-17,,Enrolled,
EP006079,E04822,P035,2024-08-04,2024-08-26,Completed,91.32
EP006080,E04289,P003,2025-10-22,,Enrolled,
EP006081,E04246,P023,2025-08-27,2025-09-04,Completed,80.42
EP006082,E03840,P038,2025-04-24,,Enrolled,
EP006083,E00534,P007,2024-08-08,,Enrolled,
EP006084,E01274,P008,2024-06-23,2024-10-26,Completed,80.91
EP006085,E03924,P033,2024-12-18,,Enrolled,
EP006086,E00067,P021,2024-12-30,2025-01-05,Completed,83.76
EP006087,E03775,P021,2025-03-10,2025-03-15,Completed,100.0
EP006088,E01895,P011,2024-12-23,2024-12-28,Completed,80.02
EP006089,E00200,P010,2024-08-22,2024-08-22,Completed,81.85
EP006090,E00718,P001,2025-12-12,2025-12-27,Completed,83.36
EP006091,E04220,P020,2025-09-18,,Enrolled,
EP006092,E03497,P024,2025-04-20,2025-04-22,Completed,81.65
EP006093,E04507,P031,2026-08-12,2026-08-17,Completed,88.92
EP006094,E01377,P001,2025-12-20,,Withdrawn,
EP006095,E03701,P009,2024-10-09,,Enrolled,
EP006096,E01753,P027,2025-01-04,2025-02-12,Completed,81.35
EP006097,E02252,P021,2025-02-14,,Enrolled,
EP006098,E02955,P030,2026-06-19,,In Progress,
EP006099,E00036,P001,2025-12-14,2026-02-13,Completed,89.3
EP006100,E01433,P017,2024-04-20,,Enrolled,
EP006101,E00926,P006,2025-06-01,,Enrolled,
EP006102,E03019,P038,2025-06-29,2025-06-29,Completed,73.6
EP006103,E01854,P014,2026-11-26,2026-12-14,Completed,86.39
EP006104,E04808,P011,2024-10-21,2024-10-25,Completed,96.39
EP006105,E00033,P039,2026-05-07,2026-05-14,Completed,98.36
EP006106,E04412,P021,2025-02-27,2025-03-04,Completed,71.78
EP006107,E00992,P021,2025-01-23,,Enrolled,
EP006108,E04992,P023,2025-08-18,2025-09-04,Completed,65.45
EP006109,E02777,P003,2025-11-24,2025-11-25,Completed,100.0
EP006110,E04189,P014,2026-09-28,,In Progress,
EP006111,E00192,P038,2025-05-24,2025-06-10,Completed,84.7
EP006112,E04416,P022,2025-01-11,,Withdrawn,
EP006113,E02032,P033,2025-03-23,,Enrolled,
EP006114,E04385,P039,2026-05-24,2026-05-26,Completed,81.71
EP006115,E00472,P028,2024-08-18,,Enrolled,
EP006116,E00361,P034,2025-05-24,2025-06-28,Completed,70.85
EP006117,E03622,P024,2025-02-14,2025-03-06,Completed,87.87
EP006118,E00771,P002,2024-12-21,,Enrolled,
EP006119,E03282,P026,2026-08-25,,In Progress,
EP006120,E04633,P018,2026-05-27,,Enrolled,
EP006121,E03947,P010,2024-08-01,2024-08-24,Completed,71.38
EP006122,E03106,P022,2024-11-10,,Withdrawn,
EP006123,E04625,P031,2026-07-22,2026-07-27,Completed,84.92
EP006124,E04889,P035,2024-07-25,,Enrolled,
EP006125,E00932,P017,2024-07-09,,Enrolled,
EP006126,E01340,P019,2026-05-03,2026-05-11,Completed,71.25
EP006127,E02346,P026,2026-07-08,2026-08-28,Completed,96.74
EP006128,E02664,P020,2025-12-09,2025-12-14,Completed,76.64
EP006129,E03670,P021,2024-12-31,,Enrolled,
EP006130,E01223,P011,2024-09-25,2024-12-14,Completed,82.59
EP006131,E00485,P026,2026-07-07,2026-09-08,Completed,89.28
EP006132,E03119,P030,2026-07-31,2026-08-06,Completed,82.29
EP006133,E01696,P011,2025-03-11,,Enrolled,
EP006134,E04757,P029,2026-04-25,2026-05-07,Completed,98.98
EP006135,E01008,P037,2026-07-25,,Enrolled,
EP006136,E01671,P019,2025-12-19,2026-02-12,Completed,92.81
EP006137,E01004,P037,2026-07-14,2026-07-26,Completed,82.05
EP006138,E02596,P005,2025-07-01,,Withdrawn,
EP006139,E00699,P003,2025-10-24,,Withdrawn,
EP006140,E02874,P033,2025-02-12,2025-02-17,Completed,78.64
EP006141,E02186,P032,2025-05-10,,Enrolled,
EP006142,E02900,P008,2024-09-17,2024-11-01,Completed,89.8
EP006143,E01558,P022,2025-01-02,2025-01-15,Completed,88.71
EP006144,E00558,P025,2024-07-25,2024-10-01,Completed,83.89
EP006145,E01036,P008,2024-09-20,2024-10-29,Completed,62.96
EP006146,E01840,P025,2024-09-01,2024-11-12,Completed,83.5
EP006147,E01000,P019,2025-12-17,2026-04-06,Completed,76.72
EP006148,E04684,P030,2026-08-02,2026-08-16,Completed,95.32
EP006149,E04852,P030,2026-07-23,,In Progress,
EP006150,E00959,P016,2024-11-23,,Enrolled,
EP006151,E00231,P004,2025-12-29,,Enrolled,
EP006152,E00817,P018,2026-04-10,2026-07-22,Completed,69.96
EP006153,E02132,P013,2025-06-14,2025-07-21,Completed,60.99
EP006154,E00820,P029,2026-04-14,2026-05-09,Completed,85.66
EP006155,E00569,P010,2024-07-11,,Enrolled,
EP006156,E00632,P002,2024-12-18,2024-12-20,Completed,76.1
EP006157,E03191,P016,2024-12-06,,Enrolled,
EP006158,E02134,P012,2025-04-29,2025-06-03,Completed,84.49
EP006159,E00904,P040,2025-01-30,2025-02-06,Completed,91.48
EP006160,E04751,P021,2025-03-28,,Enrolled,
EP006161,E00146,P011,2025-02-09,2025-03-14,Completed,99.94
EP006162,E00501,P037,2026-07-15,,Withdrawn,
EP006163,E02016,P033,2025-01-21,,Withdrawn,
EP006164,E01282,P008,2024-08-20,2024-11-14,Completed,82.4
EP006165,E02072,P034,2025-07-16,,Withdrawn,
EP006166,E04222,P016,2024-10-19,2024-10-28,Completed,94.15
EP006167,E01196,P007,2024-08-15,2024-09-04,Completed,84.79
EP006168,E03841,P018,2026-04-18,2026-05-13,Completed,100.0
EP006169,E04302,P002,2024-11-25,,Enrolled,
EP006170,E03581,P001,2025-12-22,2026-02-05,Completed,84.21
EP006171,E00294,P027,2025-02-11,,Enrolled,
EP006172,E03661,P019,2026-01-06,2026-05-11,Completed,87.01
EP006173,E04896,P017,2024-06-01,2024-06-10,Completed,80.63
EP006174,E02446,P034,2025-07-05,2025-07-13,Completed,87.31
EP006175,E01358,P007,2024-09-18,2024-10-07,Completed,94.52
EP006176,E02726,P010,2024-08-03,,Enrolled,
EP006177,E04292,P021,2025-01-14,2025-03-14,Completed,71.84
EP006178,E01045,P009,2024-09-09,2024-11-18,Completed,94.57
EP006179,E02390,P008,2024-08-28,2024-11-10,Completed,77.04
EP006180,E02740,P040,2025-01-11,,Enrolled,
EP006181,E02319,P030,2026-08-10,2026-08-17,Completed,74.56
EP006182,E01385,P004,2026-01-30,,Enrolled,
EP006183,E03827,P022,2024-12-14,2025-01-13,Completed,99.87
EP006184,E00747,P031,2026-07-30,2026-08-20,Completed,93.64
EP006185,E02799,P023,2025-06-29,2025-07-09,Completed,76.3
EP006186,E00979,P015,2025-03-22,2025-04-03,Completed,100.0
EP006187,E01670,P015,2025-02-22,2025-04-29,Completed,82.9
EP006188,E04188,P025,2024-08-31,,Withdrawn,
EP006189,E04640,P020,2025-10-16,2025-10-31,Completed,89.4
EP006190,E01117,P020,2025-09-30,,Enrolled,
EP006191,E01057,P019,2026-03-04,,Withdrawn,
EP006192,E01823,P034,2025-03-16,2025-09-08,Completed,87.16
EP006193,E03063,P026,2026-09-08,2026-10-20,Completed,100.0
EP006194,E02158,P035,2024-09-19,2024-09-19,Completed,78.92
EP006195,E00515,P023,2025-06-26,,Enrolled,
EP006196,E01954,P010,2024-08-16,2024-08-22,Completed,85.96
EP006197,E04149,P014,2026-09-17,2026-10-18,Completed,83.56
EP006198,E02785,P039,2026-03-29,2026-04-11,Completed,75.1
EP006199,E02742,P038,2025-04-29,2025-06-10,Completed,96.78
EP006200,E03741,P022,2024-12-24,,Enrolled,
EP006201,E04567,P020,2025-09-30,,Withdrawn,
EP006202,E04351,P021,2025-03-12,2025-03-28,Completed,68.74
EP006203,E01043,P027,2025-01-19,2025-02-03,Completed,76.24
EP006204,E04887,P007,2024-09-12,2024-09-12,Completed,96.01
EP006205,E00845,P037,2026-06-09,2026-06-18,Completed,93.99
EP006206,E00815,P035,2024-08-10,2024-08-10,Completed,79.01
EP006207,E02385,P024,2025-04-14,2025-04-19,Completed,81.99
EP006208,E00369,P033,2025-01-06,,Enrolled,
EP006209,E04161,P027,2025-02-11,,Enrolled,
EP006210,E00819,P027,2025-02-04,,Enrolled,
EP006211,E04095,P021,2025-03-22,2025-03-26,Completed,80.03
EP006212,E03208,P009,2024-12-27,2024-12-29,Completed,88.18
EP006213,E03194,P005,2025-07-12,,Enrolled,
EP006214,E00127,P001,2025-11-17,2025-11-21,Completed,87.61
EP006215,E00465,P031,2026-07-26,2026-07-27,Completed,90.73
EP006216,E00920,P002,2024-10-18,2024-11-20,Completed,76.29
EP006217,E02263,P029,2026-05-25,2026-06-04,Completed,75.57
EP006218,E04690,P031,2026-07-13,2026-08-22,Completed,85.67
EP006219,E01932,P008,2024-10-09,2024-10-14,Completed,76.17
EP006220,E02056,P005,2025-07-08,2025-08-06,Completed,76.6
EP006221,E02677,P026,2026-10-15,2026-10-24,Completed,75.4
EP006222,E01322,P037,2026-06-02,2026-06-07,Completed,95.56
EP006223,E03966,P004,2025-12-24,,Enrolled,
EP006224,E02520,P024,2025-03-27,2025-04-03,Completed,99.56
EP006225,E02119,P026,2026-07-13,2026-07-24,Completed,97.46
EP006226,E00182,P025,2024-10-10,,Withdrawn,
EP006227,E01932,P008,2024-11-12,2024-11-15,Completed,77.33
EP006228,E02044,P004,2026-01-07,,Withdrawn,
EP006229,E02173,P017,2024-04-30,2024-05-03,Completed,90.45
EP006230,E00573,P010,2024-08-08,2024-08-24,Completed,98.66
EP006231,E01459,P015,2025-03-31,,Enrolled,
EP006232,E00438,P035,2024-08-24,2024-09-03,Completed,82.61
EP006233,E02064,P020,2025-12-20,2026-01-01,Completed,96.28
EP006234,E03002,P017,2024-06-28,,Withdrawn,
EP006235,E03673,P023,2025-08-21,2025-09-01,Completed,77.73
EP006236,E00673,P012,2025-06-18,,Enrolled,
EP006237,E04303,P016,2024-11-10,,Withdrawn,
EP006238,E00298,P010,2024-07-17,,Enrolled,
EP006239,E02496,P005,2025-05-21,2025-08-02,Completed,82.94
EP006240,E03740,P027,2024-12-23,,Withdrawn,
EP006241,E04191,P004,2026-01-12,2026-02-07,Completed,96.4
EP006242,E00185,P034,2025-09-22,,Enrolled,
EP006243,E00244,P033,2024-12-25,2025-03-10,Completed,85.72
EP006244,E00082,P025,2024-09-13,,Enrolled,
EP006245,E02669,P040,2024-11-06,,Enrolled,
EP006246,E04612,P004,2025-12-15,2026-02-19,Completed,84.76
EP006247,E03047,P005,2025-07-19,2025-08-05,Completed,84.27
EP006248,E00441,P040,2024-11-20,,Enrolled,
EP006249,E01950,P020,2025-10-02,2026-01-18,Completed,80.37
EP006250,E03880,P028,2024-05-03,2024-06-14,Completed,89.67
EP006251,E03856,P014,2026-09-21,,In Progress,
EP006252,E01023,P027,2024-11-22,,Enrolled,
EP006253,E02066,P039,2026-03-22,2026-04-24,Completed,87.77
EP006254,E03326,P001,2026-01-23,2026-01-30,Completed,99.4
EP006255,E01883,P026,2026-07-13,,In Progress,
EP006256,E00478,P003,2025-11-22,2025-11-25,Completed,73.54
EP006257,E01433,P037,2026-05-21,,Enrolled,
EP006258,E02137,P030,2026-06-12,,In Progress,
EP006259,E01559,P024,2025-03-25,2025-04-11,Completed,57.63
EP006260,E03464,P034,2025-06-12,2025-06-12,Completed,89.49
EP006261,E02897,P032,2024-12-06,2025-04-18,Completed,80.5
EP006262,E02896,P021,2025-01-13,,Enrolled,
EP006263,E03773,P003,2025-10-09,2025-12-05,Completed,87.63
EP006264,E01993,P030,2026-07-17,,In Progress,
EP006265,E00453,P017,2024-07-17,2024-07-17,Completed,88.21
EP006266,E02287,P028,2024-04-23,,Withdrawn,
EP006267,E01278,P011,2025-03-18,,Enrolled,
EP006268,E01450,P017,2024-03-16,2024-06-04,Completed,87.78
EP006269,E00866,P008,2024-10-04,,Enrolled,
EP006270,E04589,P028,2024-05-07,,Enrolled,
EP006271,E03875,P036,2025-02-01,2025-02-04,Completed,96.96
EP006272,E04412,P002,2024-08-01,2024-09-10,Completed,79.88
EP006273,E04856,P035,2024-09-16,2024-09-19,Completed,75.29
EP006274,E04961,P037,2026-06-01,,Enrolled,
EP006275,E03230,P007,2024-09-02,2024-10-20,Completed,82.03
EP006276,E00567,P025,2024-11-10,2024-11-27,Completed,84.51
EP006277,E03697,P004,2025-11-15,,Enrolled,
EP006278,E03366,P026,2026-09-12,,In Progress,
EP006279,E03181,P005,2025-07-01,2025-07-11,Completed,72.64
EP006280,E03955,P034,2025-08-28,2025-09-16,Completed,80.78
EP006281,E01902,P015,2025-04-27,,Enrolled,
EP006282,E02183,P027,2025-02-16,2025-02-16,Completed,87.16
EP006283,E04081,P032,2025-03-18,2025-04-30,Completed,89.62
EP006284,E04506,P032,2024-12-13,2025-03-10,Completed,86.72
EP006285,E02501,P031,2026-07-18,,In Progress,
EP006286,E01695,P024,2025-01-16,2025-02-08,Completed,82.81
EP006287,E03123,P029,2026-02-22,2026-04-27,Completed,79.81
EP006288,E04836,P040,2024-11-28,,Enrolled,
EP006289,E02838,P034,2025-09-11,,Withdrawn,
EP006290,E02015,P019,2026-02-22,2026-05-23,Completed,90.06
EP006291,E03443,P022,2024-12-23,2025-01-12,Completed,85.85
EP006292,E04008,P033,2024-12-31,,Withdrawn,
EP006293,E00290,P007,2024-09-27,,Enrolled,
EP006294,E04558,P012,2025-06-26,2025-06-27,Completed,82.2
EP006295,E00777,P021,2025-02-07,2025-03-02,Completed,74.41
EP006296,E00129,P037,2026-06-22,2026-07-20,Completed,71.86
EP006297,E03065,P031,2026-08-04,2026-08-21,Completed,82.74
EP006298,E03988,P006,2025-04-30,2025-05-21,Completed,80.64
EP006299,E02052,P039,2026-04-27,,Withdrawn,
EP006300,E00859,P001,2025-11-21,,Enrolled,
EP006301,E04219,P017,2024-07-07,2024-07-20,Completed,85.23
EP006302,E02382,P038,2025-06-22,2025-06-23,Completed,80.8
EP006303,E02902,P018,2026-06-16,2026-06-24,Completed,90.47
EP006304,E02001,P014,2026-10-27,,In Progress,
EP006305,E01323,P026,2026-07-17,2026-07-27,Completed,93.63
EP006306,E00127,P020,2025-12-29,2026-01-03,Completed,81.58
EP006307,E00617,P037,2026-07-02,,Enrolled,
EP006308,E04696,P024,2025-05-03,2025-05-04,Completed,77.36
EP006309,E03893,P004,2026-02-19,,Withdrawn,
EP006310,E04146,P024,2025-04-17,,Withdrawn,
EP006311,E01547,P026,2026-07-19,,Withdrawn,
EP006312,E03191,P016,2024-12-10,2024-12-12,Completed,86.11
EP006313,E03149,P010,2024-07-24,,Withdrawn,
EP006314,E03194,P032,2024-12-10,,Enrolled,
EP006315,E00315,P002,2024-11-27,2024-11-27,Completed,100.0
EP006316,E02367,P011,2024-09-25,2024-11-08,Completed,76.37
EP006317,E00343,P040,2024-08-23,,Withdrawn,
EP006318,E01256,P018,2026-05-22,2026-06-04,Completed,86.43
EP006319,E00331,P019,2026-03-20,,Withdrawn,
EP006320,E01854,P015,2025-04-30,2025-05-28,Completed,90.09
EP006321,E02301,P026,2026-10-05,,In Progress,
EP006322,E01301,P010,2024-08-19,,Enrolled,
EP006323,E01995,P021,2025-03-04,2025-03-10,Completed,73.93
EP006324,E00203,P015,2025-03-19,2025-06-07,Completed,90.4
EP006325,E00559,P003,2025-11-12,2025-11-16,Completed,86.91
EP006326,E04540,P016,2024-11-04,2024-12-10,Completed,70.01
EP006327,E01877,P039,2026-05-22,2026-06-01,Completed,72.08
EP006328,E02061,P002,2024-08-08,,Enrolled,
EP006329,E00407,P037,2026-05-24,,Enrolled,
EP006330,E02427,P036,2024-12-02,2024-12-31,Completed,69.61
EP006331,E00261,P019,2026-02-14,,Enrolled,
EP006332,E04156,P019,2026-05-10,2026-05-22,Completed,75.58
EP006333,E01356,P027,2025-01-14,,Withdrawn,
EP006334,E03202,P018,2026-05-03,2026-05-18,Completed,100.0
EP006335,E03806,P004,2025-10-26,2026-01-08,Completed,76.61
EP006336,E01759,P032,2025-01-02,2025-03-06,Completed,85.09
EP006337,E00406,P038,2025-06-26,2025-06-29,Completed,90.36
EP006338,E02221,P007,2024-09-25,,Enrolled,
EP006339,E02863,P021,2025-01-14,2025-02-21,Completed,77.87
EP006340,E04381,P023,2025-07-24,,Enrolled,
EP006341,E01340,P023,2025-06-15,2025-08-04,Completed,78.57
EP006342,E00900,P005,2025-05-08,,Enrolled,
EP006343,E04436,P033,2025-02-01,2025-02-06,Completed,86.16
EP006344,E00405,P025,2024-11-19,2024-11-20,Completed,88.83
EP006345,E00038,P018,2026-07-20,,Enrolled,
EP006346,E03543,P036,2025-01-13,,Enrolled,
EP006347,E04200,P026,2026-10-15,,In Progress,
EP006348,E03983,P027,2025-01-05,,Withdrawn,
EP006349,E04427,P008,2024-10-22,2024-11-01,Completed,93.01
EP006350,E03193,P018,2026-04-07,,Enrolled,
EP006351,E00010,P003,2025-11-29,,Enrolled,
EP006352,E03276,P031,2026-07-06,,In Progress,
EP006353,E04760,P038,2025-04-27,,Enrolled,
EP006354,E01292,P017,2024-04-15,2024-07-13,Completed,61.96
EP006355,E03937,P001,2026-01-23,,Enrolled,
EP006356,E01105,P029,2026-03-26,2026-04-30,Completed,88.86
EP006357,E03455,P025,2024-09-09,2024-09-10,Completed,85.16
EP006358,E03528,P015,2025-03-02,2025-05-07,Completed,90.72
EP006359,E02662,P020,2025-09-19,2026-01-05,Completed,84.07
EP006360,E03876,P028,2024-07-14,,Enrolled,
EP006361,E03607,P032,2025-04-26,2025-04-27,Completed,71.28
EP006362,E02756,P028,2024-08-29,2024-09-09,Completed,70.89
EP006363,E02674,P027,2024-11-28,2025-01-29,Completed,96.05
EP006364,E04310,P022,2024-12-04,,Enrolled,
EP006365,E04148,P009,2024-12-18,,Withdrawn,
EP006366,E00218,P008,2024-11-09,,Withdrawn,
EP006367,E02542,P011,2025-03-19,2025-03-27,Completed,64.61
EP006368,E00330,P016,2024-09-22,,Enrolled,
EP006369,E00057,P036,2025-01-25,2025-02-02,Completed,95.94
EP006370,E04497,P007,2024-09-23,2024-09-29,Completed,79.92
EP006371,E04850,P029,2026-01-15,,Enrolled,
EP006372,E00692,P011,2025-01-15,2025-02-05,Completed,74.24
EP006373,E04425,P038,2025-04-14,,Enrolled,
EP006374,E02231,P024,2025-02-25,,Enrolled,
EP006375,E00728,P019,2026-04-01,,Enrolled,
EP006376,E04949,P037,2026-05-23,,Enrolled,
EP006377,E01248,P006,2025-08-14,,Enrolled,
EP006378,E01220,P034,2025-06-17,2025-07-25,Completed,67.26
EP006379,E04479,P012,2025-06-20,2025-06-28,Completed,99.05
EP006380,E04863,P021,2025-03-06,,Enrolled,
EP006381,E02667,P021,2025-02-20,2025-02-21,Completed,79.91
EP006382,E01287,P037,2026-07-09,,Enrolled,
EP006383,E03213,P017,2024-03-11,,Enrolled,
EP006384,E02903,P012,2025-04-18,,Enrolled,
EP006385,E01857,P011,2025-01-14,2025-02-25,Completed,82.55
EP006386,E04311,P014,2026-10-19,2026-10-19,Completed,85.78
EP006387,E04098,P020,2026-01-08,,Enrolled,
EP006388,E01308,P023,2025-09-10,,Enrolled,
EP006389,E04459,P007,2024-09-14,2024-09-26,Completed,80.97
EP006390,E03195,P033,2025-03-30,2025-03-31,Completed,92.43
EP006391,E03486,P012,2025-04-23,,Enrolled,
EP006392,E04004,P033,2025-03-03,,Withdrawn,
EP006393,E00956,P006,2025-08-01,2025-08-10,Completed,68.4
EP006394,E00510,P038,2025-04-20,,Enrolled,
EP006395,E03372,P030,2026-07-26,,In Progress,
EP006396,E02123,P013,2025-07-14,,Enrolled,
EP006397,E02147,P030,2026-06-03,,In Progress,
EP006398,E01573,P034,2025-04-07,,Enrolled,
EP006399,E03527,P038,2025-06-08,2025-06-10,Completed,79.09
EP006400,E02325,P034,2025-08-04,2025-08-28,Completed,80.94
EP006401,E00930,P031,2026-08-17,,Withdrawn,
EP006402,E01958,P031,2026-07-16,2026-07-20,Completed,96.68
EP006403,E04557,P038,2025-06-18,2025-06-27,Completed,87.06
EP006404,E02434,P018,2026-06-26,2026-06-28,Completed,75.84
EP006405,E03505,P002,2024-09-02,,Enrolled,
EP006406,E00190,P039,2026-03-04,2026-03-29,Completed,93.54
EP006407,E04374,P019,2026-03-29,,Enrolled,
EP006408,E00711,P017,2024-03-14,,Withdrawn,
EP006409,E03695,P027,2025-01-16,,Withdrawn,
EP006410,E01862,P040,2025-02-15,,Enrolled,
EP006411,E01804,P012,2025-06-15,,Enrolled,
EP006412,E01390,P014,2026-08-16,2026-10-19,Completed,86.83
EP006413,E04995,P039,2026-03-04,,Enrolled,
EP006414,E00948,P011,2024-09-27,,Enrolled,
EP006415,E00784,P018,2026-05-28,2026-06-23,Completed,86.44
EP006416,E03111,P004,2026-01-07,2026-02-16,Completed,63.15
EP006417,E02429,P011,2024-10-10,,Enrolled,
EP006418,E03853,P027,2024-12-22,,Enrolled,
EP006419,E04400,P001,2026-01-28,2026-01-30,Completed,100.0
EP006420,E03236,P029,2026-05-23,2026-05-29,Completed,70.62
EP006421,E04891,P024,2025-03-10,,Withdrawn,
EP006422,E04412,P024,2025-03-14,2025-05-02,Completed,78.91
EP006423,E04354,P018,2026-05-28,2026-07-21,Completed,87.45
EP006424,E02819,P010,2024-07-24,,Enrolled,
EP006425,E04680,P011,2024-10-20,,Enrolled,
EP006426,E03876,P028,2024-07-27,2024-09-09,Completed,100.0
EP006427,E04302,P004,2025-12-07,2026-01-23,Completed,88.15
EP006428,E03938,P024,2025-02-18,,Enrolled,
EP006429,E00686,P036,2025-01-19,2025-02-03,Completed,77.3
EP006430,E02011,P021,2025-02-07,2025-02-25,Completed,83.83
EP006431,E01692,P006,2025-05-26,2025-07-12,Completed,85.23
EP006432,E02640,P032,2025-02-21,2025-04-02,Completed,89.03
EP006433,E04006,P018,2026-06-12,2026-07-17,Completed,72.13
EP006434,E00571,P027,2024-12-30,2025-01-26,Completed,80.63
EP006435,E00266,P024,2025-03-04,2025-04-18,Completed,91.14
EP006436,E01519,P010,2024-08-13,2024-08-14,Completed,87.58
EP006437,E04803,P040,2024-10-17,2025-01-19,Completed,95.23
EP006438,E03953,P001,2026-01-26,2026-02-03,Completed,84.37
EP006439,E00306,P038,2025-04-09,,Enrolled,
EP006440,E01061,P025,2024-11-26,2024-12-07,Completed,78.62
EP006441,E04220,P009,2024-11-21,2024-12-21,Completed,94.78
EP006442,E01557,P035,2024-08-05,2024-08-23,Completed,85.51
EP006443,E00642,P020,2026-01-19,,Withdrawn,
EP006444,E00920,P032,2024-12-10,2025-03-13,Completed,89.96
EP006445,E04507,P031,2026-07-19,2026-08-18,Completed,84.24
EP006446,E01123,P032,2025-02-19,2025-02-23,Completed,88.81
EP006447,E03094,P010,2024-06-25,,Enrolled,
EP006448,E03259,P038,2025-05-02,,Withdrawn,
EP006449,E04204,P004,2025-10-21,2026-02-08,Completed,88.11
EP006450,E02276,P018,2026-05-05,,Enrolled,
EP006451,E01710,P036,2025-02-04,,Enrolled,
EP006452,E02150,P036,2025-01-12,2025-01-25,Completed,91.84
EP006453,E02036,P004,2025-12-23,2025-12-28,Completed,87.13
EP006454,E03269,P005,2025-04-26,2025-05-20,Completed,86.24
EP006455,E00755,P003,2025-10-04,,Enrolled,
EP006456,E01312,P003,2025-11-22,2025-11-27,Completed,83.14
EP006457,E00204,P008,2024-08-21,2024-08-25,Completed,90.19
EP006458,E04703,P002,2024-08-11,2024-10-07,Completed,84.43
EP006459,E02461,P028,2024-07-27,,Enrolled,
EP006460,E01551,P002,2024-11-01,,Enrolled,
EP006461,E01117,P017,2024-06-05,,Withdrawn,
EP006462,E02170,P022,2025-01-17,2025-01-19,Completed,63.59
EP006463,E03701,P001,2026-02-06,2026-02-23,Completed,92.24
EP006464,E02647,P035,2024-07-21,2024-08-25,Completed,89.29
EP006465,E01014,P038,2025-04-28,2025-05-19,Completed,62.48
EP006466,E00529,P020,2025-10-13,,Enrolled,
EP006467,E04554,P017,2024-07-02,,Withdrawn,
EP006468,E01382,P028,2024-08-21,2024-08-29,Completed,85.55
EP006469,E03434,P015,2025-05-31,2025-06-05,Completed,99.52
EP006470,E04369,P027,2025-02-15,2025-02-16,Completed,94.15
EP006471,E01407,P038,2025-05-26,2025-06-29,Completed,89.49
EP006472,E02397,P036,2024-12-24,2025-01-02,Completed,89.32
EP006473,E00343,P005,2025-04-27,,Enrolled,
EP006474,E02632,P033,2025-01-07,2025-02-22,Completed,86.92
EP006475,E02933,P015,2025-03-23,,Enrolled,
EP006476,E01133,P019,2026-02-28,2026-05-16,Completed,84.7
EP006477,E03468,P016,2024-11-23,,Enrolled,
EP006478,E02004,P037,2026-07-20,2026-07-25,Completed,60.14
EP006479,E00198,P030,2026-07-05,2026-07-09,Completed,74.47
EP006480,E01830,P034,2025-07-04,2025-08-08,Completed,84.54
EP006481,E03429,P006,2025-06-07,,Enrolled,
EP006482,E00594,P001,2025-12-09,,Enrolled,
EP006483,E00818,P019,2026-04-14,2026-05-02,Completed,85.52
EP006484,E04924,P016,2024-10-07,2024-12-06,Completed,71.33
EP006485,E02195,P002,2024-08-27,,Enrolled,
EP006486,E03040,P019,2026-04-23,,Enrolled,
EP006487,E04535,P040,2024-10-09,,Enrolled,
EP006488,E01986,P027,2025-01-15,2025-02-12,Completed,78.18
EP006489,E01860,P009,2024-08-01,2024-09-02,Completed,95.52
EP006490,E01868,P002,2024-12-04,2024-12-08,Completed,86.98
EP006491,E00290,P038,2025-06-04,,Enrolled,
EP006492,E04240,P026,2026-10-01,,Withdrawn,
EP006493,E03802,P027,2024-12-18,2024-12-28,Completed,85.5
EP006494,E04381,P038,2025-06-28,,Withdrawn,
EP006495,E00074,P017,2024-06-01,,Enrolled,
EP006496,E03650,P016,2024-10-28,2024-11-05,Completed,74.15
EP006497,E03271,P009,2024-11-03,2024-12-04,Completed,83.0
EP006498,E04714,P012,2025-05-13,,Enrolled,
EP006499,E01727,P002,2024-11-21,,Enrolled,
EP006500,E00908,P020,2025-10-27,2025-12-09,Completed,82.78
EP006501,E04758,P022,2024-12-31,2025-01-07,Completed,74.55
EP006502,E00717,P001,2025-12-11,2026-01-23,Completed,81.25
EP006503,E03147,P036,2024-12-17,2025-01-28,Completed,84.16
EP006504,E01393,P025,2024-07-23,,Enrolled,
EP006505,E03316,P009,2024-09-19,2024-12-17,Completed,84.16
EP006506,E04294,P035,2024-08-25,2024-09-05,Completed,88.38
EP006507,E04711,P028,2024-08-20,2024-09-12,Completed,78.63
EP006508,E00369,P007,2024-10-08,,Withdrawn,
EP006509,E04395,P025,2024-08-16,,Enrolled,
EP006510,E03300,P025,2024-10-04,,Withdrawn,
EP006511,E00850,P025,2024-07-18,,Enrolled,
EP006512,E04417,P034,2025-06-11,,Enrolled,
EP006513,E03647,P017,2024-04-02,,Withdrawn,
EP006514,E03977,P029,2026-02-04,,Withdrawn,
EP006515,E04831,P007,2024-09-15,,Enrolled,
EP006516,E04126,P007,2024-10-02,2024-10-10,Completed,77.19
EP006517,E00716,P028,2024-08-21,2024-09-06,Completed,100.0
EP006518,E02486,P011,2024-12-03,2024-12-16,Completed,73.79
EP006519,E00859,P021,2025-02-04,2025-02-24,Completed,80.86
EP006520,E03999,P039,2026-03-31,,Enrolled,
EP006521,E01434,P019,2026-01-15,2026-03-16,Completed,70.89
EP006522,E02995,P011,2024-11-18,2024-11-30,Completed,99.0
EP006523,E00202,P040,2024-11-01,,Enrolled,
EP006524,E00023,P022,2024-12-24,2025-01-08,Completed,85.85
EP006525,E03368,P022,2024-12-16,2025-01-07,Completed,89.77
EP006526,E02589,P029,2026-05-15,2026-05-28,Completed,87.5
EP006527,E00658,P007,2024-10-06,,Enrolled,
EP006528,E02772,P022,2024-12-17,,Withdrawn,
EP006529,E00133,P040,2025-02-05,2025-02-14,Completed,78.62
EP006530,E03283,P001,2026-01-01,2026-01-18,Completed,90.06
EP006531,E01011,P002,2024-11-19,2024-12-22,Completed,73.99
EP006532,E04514,P015,2025-02-24,2025-06-16,Completed,74.54
EP006533,E03133,P030,2026-07-29,2026-08-18,Completed,91.45
EP006534,E02324,P009,2024-10-17,,Withdrawn,
EP006535,E02832,P018,2026-06-11,2026-07-03,Completed,86.77
EP006536,E03092,P037,2026-05-10,,Enrolled,
EP006537,E04727,P039,2026-04-23,,Withdrawn,
EP006538,E02903,P022,2025-01-06,,Enrolled,
EP006539,E04806,P009,2024-09-25,2024-10-12,Completed,99.06
EP006540,E00298,P005,2025-04-21,2025-05-05,Completed,84.73
EP006541,E01384,P023,2025-06-09,,Enrolled,
EP006542,E02302,P011,2024-10-28,,Enrolled,
EP006543,E01314,P018,2026-05-24,2026-06-21,Completed,73.04
EP006544,E03861,P006,2025-08-09,2025-08-12,Completed,92.15
EP006545,E00505,P001,2026-01-28,2026-02-19,Completed,93.3
EP006546,E02619,P023,2025-08-08,2025-08-30,Completed,81.62
EP006547,E03501,P015,2025-03-27,,Withdrawn,
EP006548,E00640,P015,2025-05-22,,Enrolled,
EP006549,E04926,P012,2025-06-25,,Enrolled,
EP006550,E02502,P035,2024-07-13,2024-09-15,Completed,74.4
EP006551,E04302,P033,2025-03-29,2025-04-04,Completed,62.62
EP006552,E02481,P003,2025-10-29,2025-11-26,Completed,86.81
EP006553,E02795,P017,2024-07-14,2024-07-17,Completed,78.92
EP006554,E04722,P021,2025-02-22,2025-03-29,Completed,77.67
EP006555,E02076,P021,2025-03-28,,Enrolled,
EP006556,E03778,P019,2026-03-25,,Enrolled,
EP006557,E03207,P038,2025-04-05,2025-06-11,Completed,95.26
EP006558,E02655,P030,2026-05-29,2026-05-29,Completed,74.86
EP006559,E03897,P002,2024-08-20,,Enrolled,
EP006560,E02550,P020,2026-01-05,,Enrolled,
EP006561,E03020,P020,2025-12-30,2026-01-08,Completed,88.61
EP006562,E02451,P031,2026-08-23,2026-08-23,Completed,79.04
EP006563,E04380,P034,2025-05-25,2025-07-30,Completed,78.62
EP006564,E01576,P010,2024-07-26,2024-08-27,Completed,78.88
EP006565,E03134,P028,2024-06-02,2024-08-25,Completed,86.05
EP006566,E00012,P023,2025-08-28,2025-09-05,Completed,67.61
EP006567,E04317,P022,2025-01-02,2025-01-15,Completed,82.08
EP006568,E03967,P022,2024-12-27,,Enrolled,
EP006569,E00213,P039,2026-05-11,,Enrolled,
EP006570,E04217,P020,2026-01-13,,Enrolled,
EP006571,E03506,P035,2024-08-20,2024-09-06,Completed,93.14
EP006572,E02182,P024,2025-01-31,2025-03-03,Completed,86.93
EP006573,E04927,P006,2025-05-16,,Enrolled,
EP006574,E04343,P010,2024-08-19,2024-08-24,Completed,74.28
EP006575,E04869,P040,2025-02-05,2025-02-22,Completed,90.52
EP006576,E01633,P027,2025-01-05,2025-01-16,Completed,82.04
EP006577,E04099,P006,2025-05-12,2025-08-01,Completed,89.49
EP006578,E04636,P038,2025-04-06,2025-04-23,Completed,93.13
EP006579,E03520,P004,2025-09-08,2025-12-20,Completed,86.71
EP006580,E03070,P018,2026-06-29,,Enrolled,
EP006581,E03668,P010,2024-07-29,,Enrolled,
EP006582,E03258,P006,2025-07-31,2025-08-04,Completed,78.82
EP006583,E00363,P028,2024-06-20,,Enrolled,
EP006584,E03183,P012,2025-06-16,2025-06-21,Completed,62.97
EP006585,E00623,P008,2024-06-08,,Enrolled,
EP006586,E03946,P015,2025-03-11,,Withdrawn,
EP006587,E01674,P032,2025-01-03,2025-04-29,Completed,79.5
EP006588,E01390,P027,2025-01-02,2025-01-28,Completed,98.94
EP006589,E04205,P008,2024-06-19,2024-06-25,Completed,100.0
EP006590,E00042,P033,2024-12-29,2025-03-04,Completed,80.64
EP006591,E03062,P002,2024-09-23,2024-09-27,Completed,91.03
EP006592,E04905,P021,2025-01-24,,Withdrawn,
EP006593,E04056,P012,2025-04-23,2025-06-30,Completed,89.78
EP006594,E04461,P021,2025-02-17,,Enrolled,
EP006595,E00264,P030,2026-06-11,,Withdrawn,
EP006596,E04378,P027,2025-01-25,,Enrolled,
EP006597,E04685,P020,2025-09-18,2025-11-01,Completed,82.89
EP006598,E00284,P006,2025-08-02,2025-08-08,Completed,73.81
EP006599,E04573,P011,2024-10-26,2025-01-14,Completed,72.48
EP006600,E03075,P021,2025-01-13,,Enrolled,
EP006601,E03854,P040,2024-08-23,2024-09-30,Completed,100.0
EP006602,E01799,P008,2024-11-01,,Enrolled,
EP006603,E02678,P009,2024-11-26,2024-12-18,Completed,89.37
EP006604,E02738,P017,2024-07-08,,Enrolled,
EP006605,E00443,P018,2026-04-04,2026-05-29,Completed,91.89
EP006606,E00931,P033,2024-12-15,2025-03-12,Completed,75.47
EP006607,E03645,P017,2024-03-12,,Enrolled,
EP006608,E02245,P017,2024-05-14,,Enrolled,
EP006609,E03019,P016,2024-12-03,2024-12-09,Completed,65.97
EP006610,E03653,P032,2025-02-22,,Enrolled,
EP006611,E00439,P004,2025-10-13,2025-12-15,Completed,91.61
EP006612,E03354,P014,2026-08-31,2026-11-09,Completed,92.81
EP006613,E03893,P015,2025-06-17,2025-06-19,Completed,90.41
EP006614,E02360,P030,2026-07-22,2026-08-02,Completed,95.85
EP006615,E01876,P034,2025-07-20,2025-08-17,Completed,95.06
EP006616,E03410,P017,2024-03-24,,Enrolled,
EP006617,E00863,P028,2024-08-21,,Withdrawn,
EP006618,E00326,P028,2024-07-22,,Enrolled,
EP006619,E03723,P012,2025-05-25,2025-06-25,Completed,81.46
EP006620,E00935,P037,2026-05-13,2026-05-17,Completed,67.15
EP006621,E03560,P027,2025-01-12,2025-02-10,Completed,74.16
EP006622,E03485,P012,2025-06-17,,Enrolled,
EP006623,E04074,P026,2026-07-31,2026-08-13,Completed,75.11
EP006624,E03211,P016,2024-10-18,2024-11-19,Completed,80.73
EP006625,E00378,P011,2025-03-20,,Withdrawn,
EP006626,E00713,P008,2024-06-14,,Withdrawn,
EP006627,E04161,P035,2024-09-05,2024-09-08,Completed,75.63
EP006628,E03416,P017,2024-06-25,2024-06-30,Completed,86.24
EP006629,E03587,P016,2024-11-05,,Withdrawn,
EP006630,E04507,P038,2025-06-01,2025-06-10,Completed,100.0
EP006631,E04502,P015,2025-05-23,,Enrolled,
EP006632,E00512,P014,2026-10-04,2026-11-02,Completed,97.06
EP006633,E03082,P017,2024-06-28,2024-07-05,Completed,88.12
EP006634,E01738,P025,2024-11-13,2024-11-28,Completed,69.71
EP006635,E02645,P011,2024-09-20,2025-01-11,Completed,81.15
EP006636,E02010,P027,2024-12-08,,Enrolled,
EP006637,E02755,P003,2025-11-14,,Enrolled,
EP006638,E02581,P003,2025-11-11,2025-11-17,Completed,88.53
EP006639,E02494,P025,2024-11-30,,Withdrawn,
EP006640,E00323,P023,2025-07-29,2025-08-31,Completed,89.88
EP006641,E04425,P004,2025-12-03,,Enrolled,
EP006642,E03380,P011,2025-02-10,,Enrolled,
EP006643,E04481,P002,2024-12-22,2024-12-25,Completed,80.74
EP006644,E01196,P029,2026-02-05,2026-03-15,Completed,72.92
EP006645,E02390,P003,2025-10-16,2025-11-20,Completed,82.77
EP006646,E02902,P029,2026-02-18,,Withdrawn,
EP006647,E04465,P017,2024-05-25,,Enrolled,
EP006648,E00537,P038,2025-06-03,2025-06-08,Completed,100.0
EP006649,E03323,P023,2025-07-05,,Enrolled,
EP006650,E04594,P037,2026-06-19,,Enrolled,
EP006651,E04798,P037,2026-05-10,,Enrolled,
EP006652,E03253,P030,2026-07-04,2026-07-12,Completed,82.31
EP006653,E03378,P028,2024-09-14,,Enrolled,
EP006654,E03045,P039,2026-03-10,,Enrolled,
EP006655,E02718,P025,2024-12-05,2024-12-07,Completed,80.86
EP006656,E03795,P006,2025-06-16,,Enrolled,
EP006657,E00585,P015,2025-02-23,,Withdrawn,
EP006658,E04885,P024,2025-03-16,2025-04-15,Completed,83.64
EP006659,E04131,P024,2024-12-24,2025-01-13,Completed,87.89
EP006660,E00401,P028,2024-06-21,,Enrolled,
EP006661,E01699,P039,2026-04-14,2026-05-29,Completed,81.64
EP006662,E03010,P022,2024-12-07,,Enrolled,
EP006663,E00228,P007,2024-10-20,2024-10-20,Completed,81.18
EP006664,E01309,P013,2025-06-03,2025-06-04,Completed,69.33
EP006665,E00806,P030,2026-08-19,2026-08-19,Completed,82.46
EP006666,E00442,P001,2025-12-31,2026-02-21,Completed,86.74
EP006667,E03341,P026,2026-09-11,2026-10-06,Completed,89.78
EP006668,E00853,P029,2026-01-14,2026-03-05,Completed,78.18
EP006669,E00697,P025,2024-07-02,,Enrolled,
EP006670,E03222,P003,2025-10-20,,Enrolled,
EP006671,E03566,P002,2024-10-07,2024-11-03,Completed,80.27
EP006672,E04542,P031,2026-07-30,2026-08-22,Completed,72.14
EP006673,E04691,P001,2025-11-30,2026-02-23,Completed,85.0
EP006674,E00690,P008,2024-11-13,,Enrolled,
EP006675,E03207,P013,2025-06-22,2025-07-17,Completed,97.23
EP006676,E02757,P034,2025-04-18,,Withdrawn,
EP006677,E02605,P019,2026-02-19,2026-05-15,Completed,62.53
EP006678,E04425,P037,2026-06-04,,Enrolled,
EP006679,E03753,P020,2025-10-05,,Enrolled,
EP006680,E01532,P038,2025-04-19,,Enrolled,
EP006681,E03807,P040,2024-10-17,,Enrolled,
EP006682,E02743,P040,2024-08-28,2025-01-29,Completed,94.23
EP006683,E03932,P002,2024-10-12,2024-10-16,Completed,74.86
EP006684,E01481,P015,2025-05-22,,Enrolled,
EP006685,E01096,P007,2024-10-08,2024-10-17,Completed,74.92
EP006686,E04297,P006,2025-05-02,2025-07-09,Completed,86.58
EP006687,E01148,P005,2025-06-21,2025-06-25,Completed,85.67
EP006688,E00282,P008,2024-09-05,,Enrolled,
EP006689,E04164,P011,2024-11-23,2024-11-28,Completed,68.07
EP006690,E01720,P020,2025-11-17,2025-12-27,Completed,86.3
EP006691,E03411,P032,2024-12-04,,Enrolled,
EP006692,E03985,P026,2026-09-08,,In Progress,
EP006693,E00101,P040,2024-09-20,,Enrolled,
EP006694,E03865,P023,2025-05-20,,Enrolled,
EP006695,E04108,P025,2024-10-27,,Enrolled,
EP006696,E04684,P036,2025-01-03,2025-01-06,Completed,90.96
EP006697,E01883,P022,2025-01-07,,Enrolled,
EP006698,E03839,P025,2024-07-12,,Enrolled,
EP006699,E04259,P008,2024-06-26,,Enrolled,
EP006700,E00786,P037,2026-07-10,2026-07-10,Completed,83.02
EP006701,E01724,P009,2024-11-24,,Enrolled,
EP006702,E01846,P005,2025-05-03,2025-06-19,Completed,99.36
EP006703,E04065,P017,2024-06-16,,Withdrawn,
EP006704,E03247,P028,2024-09-13,2024-09-14,Completed,74.42
EP006705,E04265,P031,2026-07-12,2026-07-20,Completed,95.74
EP006706,E03507,P007,2024-09-05,2024-09-13,Completed,92.32
EP006707,E01483,P031,2026-08-24,,Withdrawn,
EP006708,E01201,P029,2026-03-21,,Withdrawn,
EP006709,E04148,P035,2024-08-30,2024-09-06,Completed,88.21
EP006710,E01488,P019,2025-12-02,2026-04-15,Completed,79.34
EP006711,E02593,P020,2025-09-26,,Enrolled,
EP006712,E03403,P031,2026-08-19,,In Progress,
EP006713,E04062,P015,2025-03-03,2025-05-21,Completed,80.6
EP006714,E02430,P013,2025-05-21,2025-06-23,Completed,80.13
EP006715,E03604,P037,2026-07-22,2026-07-26,Completed,82.99
EP006716,E00766,P028,2024-06-24,,Enrolled,
EP006717,E03899,P019,2026-03-01,,Enrolled,
EP006718,E01405,P018,2026-04-26,,Withdrawn,
EP006719,E03529,P006,2025-04-18,2025-06-03,Completed,89.94
EP006720,E01722,P032,2025-04-10,2025-05-16,Completed,87.93
EP006721,E03872,P002,2024-09-11,2024-12-12,Completed,82.38
EP006722,E03501,P020,2025-11-06,2025-12-12,Completed,77.75
EP006723,E02548,P029,2025-12-28,,Enrolled,
EP006724,E02032,P020,2025-09-23,2025-12-12,Completed,89.57
EP006725,E02628,P028,2024-08-15,2024-08-15,Completed,86.1
EP006726,E01695,P028,2024-09-02,2024-09-05,Completed,88.44
EP006727,E00156,P003,2025-11-11,,Enrolled,
EP006728,E04580,P005,2025-06-28,,Enrolled,
EP006729,E03957,P038,2025-06-23,,Enrolled,
EP006730,E04526,P021,2025-02-05,2025-03-24,Completed,66.49
EP006731,E01836,P022,2024-11-22,,Enrolled,
EP006732,E04546,P039,2026-03-19,2026-05-14,Completed,65.53
EP006733,E02896,P039,2026-06-02,2026-06-03,Completed,84.84
EP006734,E01738,P025,2024-11-09,2024-11-21,Completed,99.24
EP006735,E01564,P027,2024-12-26,,Withdrawn,
EP006736,E03607,P038,2025-06-16,,Enrolled,
EP006737,E04853,P017,2024-04-18,,Enrolled,
EP006738,E02882,P026,2026-09-28,2026-10-18,Completed,90.46
EP006739,E01339,P035,2024-06-21,,Enrolled,
EP006740,E01573,P040,2025-02-28,2025-02-28,Completed,79.87
EP006741,E04369,P013,2025-05-29,2025-07-10,Completed,65.24
EP006742,E00968,P008,2024-05-30,2024-10-30,Completed,74.6
EP006743,E00406,P031,2026-06-22,2026-07-26,Completed,92.0
EP006744,E04677,P005,2025-05-26,2025-07-09,Completed,92.28
EP006745,E03217,P007,2024-08-05,,Enrolled,
EP006746,E00302,P035,2024-09-22,2024-09-22,Completed,75.99
EP006747,E02617,P035,2024-07-09,2024-09-17,Completed,69.6
EP006748,E03912,P009,2024-12-11,2024-12-19,Completed,69.03
EP006749,E01660,P016,2024-08-10,,Enrolled,
EP006750,E01550,P032,2025-04-14,2025-04-25,Completed,96.81
EP006751,E03661,P025,2024-11-04,2024-11-06,Completed,85.34
EP006752,E00060,P012,2025-06-16,2025-06-18,Completed,99.54
EP006753,E02009,P035,2024-07-23,,Enrolled,
EP006754,E01441,P008,2024-05-26,2024-08-25,Completed,74.87
EP006755,E01091,P030,2026-07-10,2026-08-10,Completed,90.18
EP006756,E00167,P009,2024-10-25,,Enrolled,
EP006757,E04705,P020,2025-12-03,,Withdrawn,
EP006758,E01782,P027,2025-01-19,,Enrolled,
EP006759,E02424,P024,2025-01-18,,Enrolled,
EP006760,E01129,P012,2025-05-27,2025-07-02,Completed,91.33
EP006761,E01182,P022,2025-01-15,,Withdrawn,
EP006762,E02447,P032,2025-03-06,,Enrolled,
EP006763,E00960,P019,2026-03-05,,Enrolled,
EP006764,E02589,P030,2026-06-23,2026-08-11,Completed,79.48
EP006765,E00256,P008,2024-10-16,,Enrolled,
EP006766,E01924,P037,2026-06-24,2026-07-01,Completed,83.74
EP006767,E02558,P032,2025-04-24,2025-05-02,Completed,80.07
EP006768,E04650,P004,2025-09-19,,Enrolled,
EP006769,E01310,P017,2024-07-13,2024-07-19,Completed,77.88
EP006770,E02560,P031,2026-08-06,,In Progress,
EP006771,E00814,P014,2026-10-05,,In Progress,
EP006772,E00630,P017,2024-05-13,,Withdrawn,
EP006773,E00473,P014,2026-10-30,2026-12-26,Completed,80.32
EP006774,E04724,P006,2025-05-29,2025-06-05,Completed,77.89
EP006775,E03389,P023,2025-06-04,2025-09-04,Completed,73.89
EP006776,E02799,P002,2024-09-24,,Enrolled,
EP006777,E04890,P038,2025-06-25,2025-06-25,Completed,69.43
EP006778,E04387,P035,2024-08-18,2024-09-08,Completed,78.39
EP006779,E01695,P029,2026-04-30,,Withdrawn,
EP006780,E01278,P011,2025-01-25,2025-03-08,Completed,84.61
EP006781,E01293,P039,2026-04-18,,Enrolled,
EP006782,E02557,P010,2024-07-05,,Enrolled,
EP006783,E03836,P005,2025-04-22,,Enrolled,
EP006784,E04339,P014,2026-12-02,2026-12-06,Completed,79.96
EP006785,E02249,P001,2025-12-25,2026-02-21,Completed,100.0
EP006786,E02270,P032,2025-02-09,,Enrolled,
EP006787,E04859,P006,2025-05-24,2025-08-13,Completed,98.25
EP006788,E02411,P030,2026-07-12,2026-07-27,Completed,87.67
EP006789,E04826,P030,2026-05-31,2026-08-14,Completed,84.06
EP006790,E03904,P011,2024-12-11,2025-02-26,Completed,73.49
EP006791,E04781,P015,2025-06-03,2025-06-13,Completed,89.11
EP006792,E02585,P010,2024-08-26,2024-08-28,Completed,86.13
EP006793,E00320,P015,2025-05-20,,Enrolled,
EP006794,E03748,P013,2025-05-27,2025-06-08,Completed,80.78
EP006795,E02837,P035,2024-08-20,,Enrolled,
EP006796,E02301,P013,2025-07-08,2025-07-26,Completed,84.96
EP006797,E03995,P006,2025-07-13,,Enrolled,
EP006798,E00162,P035,2024-07-16,2024-09-11,Completed,84.61
EP006799,E01458,P039,2026-03-17,,Enrolled,
EP006800,E00595,P004,2026-01-28,2026-02-01,Completed,77.38
EP006801,E01829,P030,2026-08-10,2026-08-19,Completed,100.0
EP006802,E01191,P038,2025-04-27,2025-06-25,Completed,81.36
EP006803,E04298,P038,2025-06-15,2025-06-26,Completed,82.04
EP006804,E02883,P019,2026-01-13,2026-05-16,Completed,83.84
EP006805,E00246,P033,2024-12-24,2025-01-18,Completed,69.66
EP006806,E03219,P018,2026-04-04,,Enrolled,
EP006807,E00222,P020,2025-11-24,,Withdrawn,
EP006808,E01875,P031,2026-08-11,2026-08-20,Completed,86.44
EP006809,E03000,P011,2024-11-08,2025-03-04,Completed,77.99
EP006810,E00873,P035,2024-06-26,2024-08-02,Completed,84.84
EP006811,E00428,P026,2026-10-13,,In Progress,
EP006812,E04055,P022,2024-11-08,2024-11-08,Completed,73.66
EP006813,E02869,P023,2025-07-11,2025-08-20,Completed,96.88
EP006814,E03430,P021,2025-01-09,2025-01-13,Completed,87.38
EP006815,E03836,P017,2024-03-20,2024-04-28,Completed,79.69
EP006816,E00588,P034,2025-06-20,2025-09-01,Completed,83.75
EP006817,E04105,P010,2024-07-01,,Enrolled,
EP006818,E04811,P028,2024-09-04,,Enrolled,
EP006819,E04873,P026,2026-10-09,2026-10-23,Completed,83.78
EP006820,E03995,P034,2025-04-10,,Enrolled,
EP006821,E02412,P007,2024-09-06,,Withdrawn,
EP006822,E03947,P032,2025-03-03,,Enrolled,
EP006823,E03132,P040,2024-10-30,2024-10-31,Completed,78.46
EP006824,E00944,P018,2026-06-03,,Enrolled,
EP006825,E04137,P016,2024-08-10,,Enrolled,
EP006826,E03551,P035,2024-09-21,,Enrolled,
EP006827,E00835,P024,2025-01-23,2025-02-11,Completed,82.88
EP006828,E02556,P037,2026-06-05,2026-06-06,Completed,98.51
EP006829,E01668,P024,2025-01-08,,Enrolled,
EP006830,E01614,P024,2025-02-27,,Enrolled,
EP006831,E03782,P001,2026-02-23,2026-02-23,Completed,86.5
EP006832,E03978,P017,2024-05-04,2024-06-09,Completed,89.91
EP006833,E02030,P038,2025-06-06,,Enrolled,
EP006834,E03382,P007,2024-09-24,2024-10-12,Completed,85.94
EP006835,E00591,P014,2026-11-07,,In Progress,
EP006836,E04671,P014,2026-09-12,2026-10-12,Completed,93.34
EP006837,E01253,P010,2024-08-14,2024-08-18,Completed,97.83
EP006838,E04662,P006,2025-05-10,2025-05-31,Completed,100.0
EP006839,E04160,P009,2024-09-16,2024-09-23,Completed,92.1
EP006840,E04393,P039,2026-03-12,2026-05-29,Completed,100.0
EP006841,E00977,P024,2025-01-25,2025-04-07,Completed,76.21
EP006842,E02131,P012,2025-04-27,,Enrolled,
EP006843,E03528,P036,2025-01-25,2025-01-26,Completed,96.46
EP006844,E02800,P005,2025-05-28,2025-08-07,Completed,86.53
EP006845,E03108,P015,2025-05-17,2025-05-31,Completed,88.81
EP006846,E02342,P017,2024-07-19,2024-07-21,Completed,61.33
EP006847,E00165,P016,2024-11-14,,Enrolled,
EP006848,E03158,P033,2025-01-15,,Enrolled,
EP006849,E01169,P013,2025-05-19,2025-08-03,Completed,99.44
EP006850,E04148,P030,2026-07-13,,Withdrawn,
EP006851,E03697,P032,2025-01-14,2025-01-25,Completed,68.87
EP006852,E00425,P025,2024-11-03,,Enrolled,
EP006853,E02543,P031,2026-08-24,,In Progress,
EP006854,E04471,P001,2025-12-16,2026-02-21,Completed,78.23
EP006855,E00020,P020,2025-09-25,2025-11-22,Completed,73.66
EP006856,E01839,P002,2024-09-16,,Enrolled,
EP006857,E01474,P028,2024-08-20,2024-09-17,Completed,86.89
EP006858,E00879,P022,2025-01-19,,Enrolled,
EP006859,E03257,P014,2026-10-08,2026-10-16,Completed,83.27
EP006860,E02447,P006,2025-04-26,,Withdrawn,
EP006861,E03223,P015,2025-03-17,,Enrolled,
EP006862,E04115,P009,2024-06-30,2024-08-15,Completed,77.13
EP006863,E02424,P019,2025-12-12,,Enrolled,
EP006864,E02657,P011,2024-12-12,2024-12-18,Completed,83.76
EP006865,E03989,P039,2026-03-01,,Withdrawn,
EP006866,E00992,P019,2026-05-09,,Enrolled,
EP006867,E01989,P029,2026-04-24,2026-04-29,Completed,55.0
EP006868,E03184,P033,2024-12-16,,Withdrawn,
EP006869,E02335,P032,2025-03-11,2025-03-30,Completed,92.74
EP006870,E00378,P016,2024-11-06,2024-12-12,Completed,74.02
EP006871,E03495,P023,2025-07-17,2025-09-10,Completed,81.45
EP006872,E03249,P025,2024-08-11,2024-09-11,Completed,88.26
EP006873,E01294,P038,2025-06-04,2025-06-10,Completed,81.3
EP006874,E01077,P030,2026-06-05,2026-07-10,Completed,100.0
EP006875,E00737,P037,2026-05-09,2026-06-07,Completed,84.41
EP006876,E01226,P023,2025-08-20,,Enrolled,
EP006877,E04512,P029,2026-01-12,,Enrolled,
EP006878,E03096,P034,2025-08-04,,Enrolled,
EP006879,E02793,P019,2026-04-02,,Enrolled,
EP006880,E02821,P002,2024-11-13,,Enrolled,
EP006881,E04680,P007,2024-08-31,2024-10-09,Completed,86.96
EP006882,E00742,P033,2025-03-22,2025-03-24,Completed,87.44
EP006883,E01199,P023,2025-08-11,2025-08-14,Completed,69.23
EP006884,E00488,P029,2026-03-31,2026-05-07,Completed,83.31
EP006885,E02210,P005,2025-06-23,,Enrolled,
EP006886,E02551,P006,2025-06-23,,Enrolled,
EP006887,E01990,P024,2025-01-25,,Enrolled,
EP006888,E03773,P023,2025-08-29,,Enrolled,
EP006889,E04817,P034,2025-07-22,2025-09-17,Completed,87.71
EP006890,E04327,P036,2025-01-06,2025-01-13,Completed,84.36
EP006891,E02204,P005,2025-06-12,2025-06-25,Completed,74.95
EP006892,E01828,P025,2024-09-30,2024-11-11,Completed,93.5
EP006893,E01865,P009,2024-11-07,2024-11-14,Completed,77.46
EP006894,E04661,P022,2024-12-09,2025-01-18,Completed,64.74
EP006895,E00094,P032,2025-01-05,2025-04-01,Completed,78.81
EP006896,E02490,P027,2024-11-28,2024-11-30,Completed,99.07
EP006897,E01401,P019,2026-03-22,,Withdrawn,
EP006898,E01579,P034,2025-05-24,2025-06-06,Completed,94.24
EP006899,E01504,P037,2026-07-03,,Enrolled,
EP006900,E00893,P019,2026-01-14,,Enrolled,
EP006901,E01407,P023,2025-06-19,,Enrolled,
EP006902,E01857,P028,2024-05-31,2024-09-12,Completed,85.32
EP006903,E03628,P004,2026-02-03,2026-02-08,Completed,82.71
EP006904,E04225,P015,2025-04-21,,Enrolled,
EP006905,E00775,P021,2025-02-03,2025-02-12,Completed,64.29
EP006906,E04254,P031,2026-07-17,2026-08-14,Completed,96.64
EP006907,E04150,P028,2024-06-21,2024-09-11,Completed,86.7
EP006908,E02481,P007,2024-10-09,2024-10-19,Completed,67.54
EP006909,E02476,P004,2025-12-03,2026-01-12,Completed,87.57
EP006910,E04156,P029,2026-03-24,2026-05-21,Completed,75.92
EP006911,E03858,P003,2025-10-24,2025-11-07,Completed,86.88
EP006912,E00718,P026,2026-09-11,2026-09-11,Completed,85.19
EP006913,E02281,P005,2025-07-06,,Enrolled,
EP006914,E04215,P014,2026-12-18,2026-12-22,Completed,72.82
EP006915,E01401,P006,2025-06-06,2025-06-07,Completed,79.63
EP006916,E04134,P032,2025-04-10,,Enrolled,
EP006917,E00925,P018,2026-04-12,,Enrolled,
EP006918,E00040,P002,2024-10-30,2024-11-06,Completed,82.58
EP006919,E01461,P020,2025-09-24,2025-12-13,Completed,89.27
EP006920,E02792,P033,2025-01-20,2025-01-29,Completed,84.1
EP006921,E00543,P037,2026-07-26,2026-07-27,Completed,91.53
EP006922,E00506,P040,2024-09-17,,Enrolled,
EP006923,E01597,P039,2026-05-03,2026-05-11,Completed,77.89
EP006924,E03670,P017,2024-05-26,2024-06-24,Completed,92.0
EP006925,E02484,P007,2024-10-19,,Enrolled,
EP006926,E02778,P014,2026-12-07,2026-12-07,Completed,86.83
EP006927,E01203,P011,2025-03-03,,Withdrawn,
EP006928,E04941,P003,2025-12-01,2025-12-04,Completed,87.01
EP006929,E02022,P002,2024-12-19,,Enrolled,
EP006930,E03003,P032,2025-02-11,2025-05-16,Completed,95.52
EP006931,E04231,P013,2025-06-09,,Enrolled,
EP006932,E04586,P016,2024-10-22,2024-11-28,Completed,74.09
EP006933,E02454,P008,2024-09-26,,Enrolled,
EP006934,E01461,P040,2025-02-01,2025-02-05,Completed,81.07
EP006935,E01409,P017,2024-07-04,2024-07-20,Completed,74.74
EP006936,E01816,P021,2025-02-28,2025-03-09,Completed,87.13
EP006937,E01634,P032,2025-02-08,2025-04-13,Completed,73.87
EP006938,E01896,P029,2026-01-21,2026-05-26,Completed,77.03
EP006939,E03024,P017,2024-06-03,2024-07-03,Completed,73.62
EP006940,E01306,P003,2025-10-05,,Enrolled,
EP006941,E00822,P030,2026-07-05,2026-07-06,Completed,76.35
EP006942,E01440,P022,2024-12-10,2024-12-30,Completed,80.51
EP006943,E00718,P034,2025-08-26,2025-09-09,Completed,84.3
EP006944,E00580,P015,2025-05-20,2025-06-05,Completed,86.31
EP006945,E01305,P023,2025-05-23,2025-06-23,Completed,83.13
EP006946,E02999,P038,2025-06-23,2025-06-29,Completed,83.87
EP006947,E03339,P008,2024-07-18,,Enrolled,
EP006948,E04208,P025,2024-11-13,2024-11-27,Completed,81.12
EP006949,E03853,P019,2025-12-14,,Enrolled,
EP006950,E03527,P020,2026-01-10,2026-01-21,Completed,86.4
EP006951,E02338,P009,2024-10-18,2024-12-15,Completed,91.83
EP006952,E03117,P001,2026-01-29,,Enrolled,
EP006953,E04114,P017,2024-04-25,,Withdrawn,
EP006954,E02411,P008,2024-09-27,2024-11-06,Completed,89.76
EP006955,E02177,P019,2025-12-17,,Enrolled,
EP006956,E03147,P006,2025-08-17,2025-08-17,Completed,72.07
EP006957,E00340,P031,2026-08-01,2026-08-25,Completed,77.12
EP006958,E00538,P024,2025-04-22,,Enrolled,
EP006959,E01640,P022,2025-01-05,2025-01-07,Completed,79.55
EP006960,E04147,P003,2025-12-01,2025-12-02,Completed,85.23
EP006961,E02432,P021,2025-03-29,2025-03-29,Completed,87.64
EP006962,E00553,P023,2025-08-20,2025-09-07,Completed,91.38
EP006963,E04798,P003,2025-11-28,,Enrolled,
EP006964,E04794,P006,2025-04-19,2025-05-07,Completed,86.59
EP006965,E01608,P007,2024-10-07,2024-10-13,Completed,87.09
EP006966,E00354,P001,2026-02-18,2026-02-20,Completed,85.54
EP006967,E04769,P028,2024-09-08,2024-09-14,Completed,78.62
EP006968,E04810,P030,2026-07-10,,In Progress,
EP006969,E04386,P025,2024-11-25,2024-12-05,Completed,74.79
EP006970,E01065,P008,2024-11-01,,Enrolled,
EP006971,E02091,P013,2025-05-26,,Enrolled,
EP006972,E02614,P016,2024-10-09,,Enrolled,
EP006973,E01382,P033,2025-01-30,2025-01-31,Completed,69.84
EP006974,E04532,P026,2026-10-10,2026-10-17,Completed,83.67
EP006975,E04350,P019,2026-05-16,,Withdrawn,
EP006976,E03866,P003,2025-11-25,,Enrolled,
EP006977,E03670,P005,2025-07-23,,Withdrawn,
EP006978,E00248,P011,2024-11-04,2025-02-24,Completed,83.25
EP006979,E01466,P038,2025-06-18,,Withdrawn,
EP006980,E03154,P020,2025-10-09,2025-11-18,Completed,82.08
EP006981,E04924,P002,2024-10-18,2024-12-13,Completed,77.92
EP006982,E01597,P024,2025-01-15,,Enrolled,
EP006983,E02256,P006,2025-06-05,,Enrolled,
EP006984,E04624,P004,2025-09-18,2025-11-12,Completed,85.9
EP006985,E01572,P036,2024-12-27,2025-01-14,Completed,77.36
EP006986,E01016,P006,2025-07-10,2025-07-21,Completed,81.19
EP006987,E04002,P008,2024-07-30,,Enrolled,
EP006988,E00214,P024,2025-02-24,2025-04-12,Completed,85.87
EP006989,E04967,P031,2026-07-16,2026-08-14,Completed,91.64
EP006990,E01930,P025,2024-07-24,2024-09-27,Completed,69.12
EP006991,E01864,P002,2024-08-04,,Enrolled,
EP006992,E00868,P009,2024-10-09,,Enrolled,
EP006993,E03367,P025,2024-11-25,,Enrolled,
EP006994,E04756,P032,2025-02-20,,Enrolled,
EP006995,E02807,P026,2026-10-15,,In Progress,
EP006996,E01047,P001,2026-02-11,2026-02-11,Completed,83.72
EP006997,E02544,P030,2026-07-26,2026-08-19,Completed,98.98
EP006998,E04490,P035,2024-09-12,2024-09-22,Completed,100.0
EP006999,E02468,P031,2026-08-24,,In Progress,
EP007000,E01779,P003,2025-10-14,2025-11-01,Completed,71.58
EP007001,E00833,P002,2024-08-26,,Enrolled,
EP007002,E01761,P040,2025-02-25,2025-02-26,Completed,66.44
EP007003,E02232,P032,2025-03-01,,Enrolled,
EP007004,E00889,P030,2026-06-07,,In Progress,
EP007005,E00556,P005,2025-07-07,2025-07-07,Completed,83.25
EP007006,E04947,P002,2024-08-03,2024-12-23,Completed,78.03
EP007007,E02595,P018,2026-06-26,,Enrolled,
EP007008,E00742,P030,2026-05-29,,In Progress,
EP007009,E01160,P030,2026-07-23,,In Progress,
EP007010,E00135,P027,2024-12-23,2024-12-30,Completed,88.32
EP007011,E02421,P036,2024-12-20,2025-01-27,Completed,89.48
EP007012,E03435,P004,2025-11-21,2025-11-29,Completed,73.38
EP007013,E00849,P028,2024-08-23,,Withdrawn,
EP007014,E01903,P005,2025-04-16,,Enrolled,
EP007015,E02296,P018,2026-05-02,2026-06-04,Completed,73.41
EP007016,E01221,P035,2024-08-17,2024-09-14,Completed,88.63
EP007017,E01377,P011,2024-11-10,2024-12-17,Completed,91.73
EP007018,E03377,P026,2026-08-01,2026-10-16,Completed,93.82
EP007019,E04150,P034,2025-08-03,2025-08-09,Completed,83.44
EP007020,E00849,P006,2025-05-06,2025-06-04,Completed,84.26
EP007021,E00673,P036,2024-12-13,2024-12-17,Completed,75.33
EP007022,E04377,P019,2026-05-04,2026-05-04,Completed,83.6
EP007023,E02133,P013,2025-07-25,,Enrolled,
EP007024,E04801,P023,2025-07-22,2025-07-29,Completed,86.94
EP007025,E02007,P018,2026-06-02,,Withdrawn,
EP007026,E02024,P027,2025-01-16,,Enrolled,
EP007027,E01585,P008,2024-05-28,2024-08-09,Completed,92.78
EP007028,E02962,P020,2025-10-06,,Enrolled,
EP007029,E04738,P037,2026-06-26,2026-07-17,Completed,76.79
EP007030,E02219,P006,2025-05-31,,Enrolled,
EP007031,E02511,P013,2025-07-04,2025-07-17,Completed,80.57
EP007032,E04429,P008,2024-10-15,,Enrolled,
EP007033,E04640,P001,2026-01-24,2026-02-01,Completed,92.44
EP007034,E03568,P035,2024-09-17,2024-09-19,Completed,84.52
EP007035,E00819,P036,2025-02-02,2025-02-03,Completed,68.49
EP007036,E04143,P017,2024-07-11,,Enrolled,
EP007037,E02971,P032,2024-12-22,,Enrolled,
EP007038,E01828,P023,2025-08-20,,Enrolled,
EP007039,E02614,P024,2025-01-28,2025-02-15,Completed,93.07
EP007040,E01101,P029,2026-01-04,,Withdrawn,
EP007041,E04698,P028,2024-05-13,2024-07-17,Completed,79.28
EP007042,E02416,P001,2025-12-04,,Enrolled,
EP007043,E01147,P015,2025-05-21,2025-06-03,Completed,81.51
EP007044,E01062,P011,2024-11-09,2024-12-30,Completed,75.9
EP007045,E03541,P001,2026-01-22,2026-02-23,Completed,79.56
EP007046,E02107,P012,2025-04-19,,Enrolled,
EP007047,E02943,P013,2025-07-04,,Enrolled,
EP007048,E01478,P019,2026-03-07,2026-03-17,Completed,87.53
EP007049,E02130,P015,2025-04-28,2025-05-07,Completed,78.7
EP007050,E00997,P020,2026-01-15,2026-01-18,Completed,94.18
EP007051,E04991,P021,2025-01-19,2025-01-22,Completed,82.5
EP007052,E03854,P003,2025-10-18,2025-11-18,Completed,100.0
EP007053,E03392,P009,2024-09-11,2024-11-24,Completed,68.55
EP007054,E02012,P031,2026-07-26,2026-07-31,Completed,83.24
EP007055,E02304,P016,2024-09-16,2024-12-13,Completed,74.9
EP007056,E01315,P016,2024-09-29,2024-10-04,Completed,89.89
EP007057,E02833,P005,2025-07-07,2025-07-30,Completed,82.3
EP007058,E04976,P039,2026-03-01,,Enrolled,
EP007059,E00568,P014,2026-09-18,,Withdrawn,
EP007060,E04767,P030,2026-07-24,2026-08-02,Completed,83.65
EP007061,E04676,P017,2024-07-19,2024-07-20,Completed,88.3
EP007062,E01489,P034,2025-04-22,,Enrolled,
EP007063,E02805,P010,2024-07-23,2024-07-23,Completed,87.24
EP007064,E00331,P008,2024-06-13,,Enrolled,
EP007065,E03524,P024,2025-04-27,2025-05-01,Completed,85.57
EP007066,E04748,P013,2025-07-31,2025-08-02,Completed,80.64
EP007067,E03498,P004,2026-02-08,2026-02-16,Completed,82.64
EP007068,E03678,P019,2026-05-23,2026-05-23,Completed,69.68
EP007069,E04647,P035,2024-07-31,,Enrolled,
EP007070,E03164,P010,2024-06-11,2024-06-17,Completed,90.37
EP007071,E04359,P035,2024-07-16,2024-08-26,Completed,69.97
EP007072,E01199,P022,2024-11-11,,Enrolled,
EP007073,E02446,P035,2024-09-09,2024-09-17,Completed,83.92
EP007074,E02836,P004,2026-01-31,,Enrolled,
EP007075,E01970,P030,2026-08-13,2026-08-15,Completed,87.07
EP007076,E02440,P026,2026-08-18,2026-10-05,Completed,100.0
EP007077,E00121,P022,2025-01-03,,Enrolled,
EP007078,E00927,P017,2024-07-15,2024-07-20,Completed,65.21
EP007079,E01541,P019,2026-01-13,,Withdrawn,
EP007080,E04099,P031,2026-08-10,,In Progress,
EP007081,E03430,P004,2025-11-20,2026-02-17,Completed,79.1
EP007082,E01500,P015,2025-04-29,,Enrolled,
EP007083,E00528,P003,2025-12-05,2025-12-06,Completed,85.28
EP007084,E00525,P018,2026-04-08,2026-06-08,Completed,72.44
EP007085,E01891,P034,2025-05-11,2025-06-29,Completed,100.0
EP007086,E00657,P017,2024-03-27,2024-06-08,Completed,65.56
EP007087,E04205,P034,2025-08-24,2025-09-09,Completed,71.7
EP007088,E04392,P030,2026-06-12,2026-07-16,Completed,79.1
EP007089,E04321,P022,2024-11-15,,Enrolled,
EP007090,E02006,P019,2025-12-20,2026-01-22,Completed,81.16
EP007091,E04320,P033,2025-01-16,,Enrolled,
EP007092,E04670,P004,2026-01-24,,Enrolled,
EP007093,E02127,P006,2025-07-30,2025-08-07,Completed,77.36
EP007094,E02809,P036,2025-01-31,,Enrolled,
EP007095,E03098,P038,2025-06-12,,Enrolled,
EP007096,E02807,P025,2024-06-28,2024-10-02,Completed,91.83
EP007097,E02939,P024,2025-03-27,,Enrolled,
EP007098,E04954,P002,2024-09-08,2024-12-12,Completed,83.24
EP007099,E03924,P027,2024-12-06,2025-02-13,Completed,69.53
EP007100,E01810,P025,2024-09-09,2024-10-07,Completed,93.73
EP007101,E01862,P034,2025-07-22,,Enrolled,
EP007102,E03574,P029,2026-02-17,,Enrolled,
EP007103,E04250,P015,2025-05-11,2025-06-03,Completed,97.92
EP007104,E00757,P030,2026-07-19,2026-08-04,Completed,100.0
EP007105,E01238,P008,2024-08-24,2024-11-14,Completed,82.45
EP007106,E00254,P016,2024-10-28,2024-12-06,Completed,83.75
EP007107,E04311,P002,2024-12-04,,Enrolled,
EP007108,E00500,P013,2025-07-21,2025-07-30,Completed,83.56
EP007109,E01846,P013,2025-06-05,2025-06-06,Completed,76.02
EP007110,E02276,P002,2024-11-03,2024-11-21,Completed,78.16
EP007111,E01026,P017,2024-03-07,2024-05-13,Completed,84.76
EP007112,E04704,P012,2025-04-19,2025-04-19,Completed,82.22
EP007113,E01371,P024,2025-01-27,,Enrolled,
EP007114,E00239,P015,2025-06-01,2025-06-09,Completed,73.86
EP007115,E00534,P006,2025-06-08,2025-06-25,Completed,74.11
EP007116,E01725,P020,2025-12-13,2026-01-13,Completed,59.66
EP007117,E04952,P011,2025-03-11,2025-03-22,Completed,73.48
EP007118,E00235,P019,2026-03-13,,Enrolled,
EP007119,E04076,P007,2024-09-03,,Enrolled,
EP007120,E02313,P001,2026-01-14,,Withdrawn,
EP007121,E03366,P016,2024-09-25,,Enrolled,
EP007122,E00185,P022,2024-12-25,,Enrolled,
EP007123,E04580,P026,2026-07-21,2026-09-26,Completed,61.78
EP007124,E03829,P011,2025-01-18,2025-01-26,Completed,75.2
EP007125,E00619,P011,2024-12-17,2025-03-05,Completed,86.66
EP007126,E00945,P014,2026-11-22,2026-12-23,Completed,86.27
EP007127,E00741,P022,2024-12-19,2025-01-10,Completed,76.93
EP007128,E02012,P010,2024-08-10,2024-08-24,Completed,93.72
EP007129,E04218,P021,2024-12-23,2025-01-07,Completed,73.21
EP007130,E03068,P016,2024-09-03,2024-09-11,Completed,76.3
EP007131,E04329,P036,2024-12-02,2024-12-15,Completed,76.74
EP007132,E01635,P008,2024-09-05,2024-11-07,Completed,88.39
EP007133,E02132,P036,2025-01-14,2025-01-23,Completed,77.41
EP007134,E02177,P021,2025-01-04,2025-03-24,Completed,79.16
EP007135,E01646,P026,2026-10-10,2026-10-16,Completed,71.34
EP007136,E00193,P027,2024-11-22,2024-11-22,Completed,77.38
EP007137,E04008,P004,2026-02-09,2026-02-09,Completed,94.1
EP007138,E02686,P003,2025-10-03,,Enrolled,
EP007139,E02239,P023,2025-05-04,2025-07-26,Completed,67.7
EP007140,E00542,P009,2024-08-26,2024-08-28,Completed,73.64
EP007141,E04653,P014,2026-11-13,2026-12-23,Completed,85.56
EP007142,E03966,P003,2025-11-07,2025-11-07,Completed,91.81
EP007143,E03014,P022,2025-01-03,2025-01-15,Completed,98.32
EP007144,E00620,P001,2026-02-23,2026-02-23,Completed,81.65
EP007145,E02615,P036,2024-12-17,2025-01-06,Completed,67.23
EP007146,E04510,P037,2026-07-07,2026-07-10,Completed,94.94
EP007147,E02097,P025,2024-10-08,2024-10-27,Completed,89.66
EP007148,E02128,P010,2024-08-13,2024-08-28,Completed,92.15
EP007149,E03778,P001,2025-11-19,2025-12-02,Completed,81.29
EP007150,E01469,P022,2024-12-12,2025-01-12,Completed,92.62
EP007151,E03013,P010,2024-08-06,2024-08-28,Completed,91.91
EP007152,E01980,P026,2026-09-09,,In Progress,
EP007153,E04452,P023,2025-05-16,,Enrolled,
EP007154,E00736,P032,2025-03-15,2025-03-22,Completed,92.58
EP007155,E00207,P023,2025-07-18,2025-08-27,Completed,99.55
EP007156,E04149,P019,2026-04-16,,Enrolled,
EP007157,E00397,P038,2025-05-29,,Enrolled,
EP007158,E01807,P024,2025-03-01,2025-04-11,Completed,78.12
EP007159,E04044,P040,2025-01-16,2025-02-23,Completed,87.29
EP007160,E02345,P018,2026-06-13,,Enrolled,
EP007161,E01248,P023,2025-07-28,,Enrolled,
EP007162,E00601,P022,2024-12-24,2024-12-28,Completed,100.0
EP007163,E04075,P002,2024-11-07,,Enrolled,
EP007164,E03271,P017,2024-03-19,,Enrolled,
EP007165,E00237,P036,2024-11-28,2024-12-31,Completed,77.93
EP007166,E01215,P003,2025-10-26,2025-11-18,Completed,83.9
EP007167,E03573,P038,2025-05-21,,Withdrawn,
EP007168,E01800,P025,2024-08-02,2024-12-02,Completed,71.99
EP007169,E00424,P040,2025-02-25,,Enrolled,
EP007170,E00733,P033,2025-03-06,,Enrolled,
EP007171,E00048,P036,2025-01-17,2025-01-29,Completed,95.49
EP007172,E00241,P028,2024-06-14,,Enrolled,
EP007173,E04470,P004,2026-02-11,2026-02-11,Completed,88.1
EP007174,E02442,P030,2026-06-16,,In Progress,
EP007175,E00107,P029,2026-04-16,2026-05-01,Completed,89.94
EP007176,E02414,P032,2025-04-23,2025-04-24,Completed,77.13
EP007177,E04941,P020,2025-11-05,2025-12-14,Completed,86.85
EP007178,E00189,P034,2025-03-16,2025-09-16,Completed,75.01
EP007179,E03649,P015,2025-03-31,2025-06-04,Completed,93.98
EP007180,E02704,P028,2024-05-15,2024-09-14,Completed,76.89
EP007181,E04896,P019,2026-03-18,,Enrolled,
EP007182,E02503,P020,2025-10-01,,Enrolled,
EP007183,E00112,P029,2026-04-12,2026-06-03,Completed,87.11
EP007184,E04618,P012,2025-04-27,2025-05-23,Completed,85.44
EP007185,E00765,P020,2025-12-15,2025-12-18,Completed,90.79
EP007186,E03788,P021,2025-01-28,2025-02-06,Completed,99.37
EP007187,E02408,P008,2024-07-11,,Enrolled,
EP007188,E02713,P009,2024-10-19,,Enrolled,
EP007189,E03795,P026,2026-10-12,,In Progress,
EP007190,E02523,P035,2024-07-31,,Enrolled,
EP007191,E02912,P025,2024-07-26,2024-08-05,Completed,95.92
EP007192,E02597,P032,2025-03-31,,Enrolled,
EP007193,E00548,P016,2024-09-29,,Enrolled,
EP007194,E02661,P001,2026-01-26,2026-02-23,Completed,81.58
EP007195,E03394,P035,2024-07-17,,Enrolled,
EP007196,E04290,P031,2026-06-27,2026-07-05,Completed,84.73
EP007197,E01886,P039,2026-05-18,,Enrolled,
EP007198,E01125,P025,2024-12-03,,Enrolled,
EP007199,E02643,P023,2025-07-30,,Enrolled,
EP007200,E00868,P021,2025-02-12,2025-03-23,Completed,76.39
EP007201,E00930,P021,2025-02-11,,Enrolled,
EP007202,E04624,P019,2026-02-01,2026-05-16,Completed,84.16
EP007203,E01869,P016,2024-09-28,,Enrolled,
EP007204,E01596,P028,2024-09-14,,Enrolled,
EP007205,E01905,P007,2024-10-02,,Enrolled,
EP007206,E04602,P033,2025-03-24,2025-03-26,Completed,93.0
EP007207,E02952,P032,2025-05-17,2025-05-17,Completed,89.27
EP007208,E03829,P033,2025-01-10,,Enrolled,
EP007209,E00467,P027,2025-01-01,,Enrolled,
EP007210,E01006,P025,2024-09-01,,Enrolled,
EP007211,E01730,P018,2026-06-01,2026-06-21,Completed,73.33
EP007212,E01053,P038,2025-06-09,2025-06-29,Completed,84.43
EP007213,E00443,P033,2025-03-15,2025-03-24,Completed,67.86
EP007214,E04019,P013,2025-05-30,2025-07-05,Completed,80.33
EP007215,E03073,P030,2026-06-14,2026-06-21,Completed,88.53
EP007216,E01359,P005,2025-04-16,2025-07-05,Completed,88.67
EP007217,E01557,P001,2025-12-31,2026-02-05,Completed,81.2
EP007218,E02958,P010,2024-07-18,,Enrolled,
EP007219,E03679,P036,2025-01-26,2025-01-30,Completed,85.97
EP007220,E01773,P040,2024-09-29,2025-02-22,Completed,78.29
EP007221,E00008,P013,2025-05-28,,Enrolled,
EP007222,E03878,P019,2025-12-29,,Enrolled,
EP007223,E04866,P036,2024-12-21,,Enrolled,
EP007224,E01223,P012,2025-06-21,2025-06-23,Completed,77.19
EP007225,E00496,P016,2024-09-08,2024-10-31,Completed,81.51
EP007226,E00525,P016,2024-09-14,2024-10-15,Completed,79.59
EP007227,E03311,P031,2026-07-11,,In Progress,
EP007228,E03984,P022,2024-12-26,2025-01-05,Completed,99.56
EP007229,E03003,P039,2026-05-02,2026-05-14,Completed,69.94
EP007230,E00079,P015,2025-03-22,,Enrolled,
EP007231,E04184,P003,2025-12-01,,Enrolled,
EP007232,E03763,P003,2025-10-09,2025-10-22,Completed,90.49
EP007233,E02079,P015,2025-05-05,2025-05-12,Completed,100.0
EP007234,E01118,P021,2025-02-25,,Enrolled,
EP007235,E01943,P027,2024-12-18,2024-12-28,Completed,84.04
EP007236,E02150,P028,2024-08-22,,Enrolled,
EP007237,E04426,P014,2026-09-27,,In Progress,
EP007238,E02225,P010,2024-06-20,2024-07-10,Completed,78.73
EP007239,E00964,P009,2024-09-26,2024-11-16,Completed,82.89
EP007240,E02367,P040,2025-01-12,2025-02-16,Completed,90.75
EP007241,E04828,P038,2025-06-19,2025-06-20,Completed,72.74
EP007242,E00434,P034,2025-03-26,2025-04-17,Completed,71.03
EP007243,E01036,P006,2025-06-17,2025-07-30,Completed,72.15
EP007244,E04308,P016,2024-10-09,2024-11-15,Completed,92.88
EP007245,E04783,P001,2025-11-27,2025-12-06,Completed,76.45
EP007246,E04484,P010,2024-06-27,2024-07-29,Completed,88.03
EP007247,E04918,P019,2026-04-11,2026-04-13,Completed,89.36
EP007248,E01792,P029,2026-05-28,,Enrolled,
EP007249,E02819,P015,2025-05-22,2025-06-12,Completed,70.21
EP007250,E02283,P011,2025-01-01,,Enrolled,
EP007251,E04947,P020,2025-10-19,,Enrolled,
EP007252,E02303,P018,2026-06-07,2026-07-09,Completed,78.45
EP007253,E04583,P033,2025-02-15,,Enrolled,
EP007254,E00605,P034,2025-07-06,2025-07-14,Completed,86.51
EP007255,E04661,P040,2025-02-05,,Enrolled,
EP007256,E00546,P040,2024-11-06,2024-12-11,Completed,79.9
EP007257,E03499,P034,2025-06-22,,Enrolled,
EP007258,E01210,P006,2025-05-03,2025-05-07,Completed,80.56
EP007259,E00182,P023,2025-09-02,,Enrolled,
EP007260,E03626,P024,2025-03-13,,Enrolled,
EP007261,E04617,P004,2026-01-26,,Enrolled,
EP007262,E00811,P017,2024-07-22,2024-07-22,Completed,100.0
EP007263,E04961,P020,2026-01-15,2026-01-15,Completed,90.41
EP007264,E03513,P001,2025-12-19,2026-01-09,Completed,89.19
EP007265,E02391,P038,2025-06-06,2025-06-29,Completed,84.04
EP007266,E00113,P011,2024-12-04,2024-12-05,Completed,79.91
EP007267,E04722,P033,2025-03-15,2025-04-01,Completed,87.23
EP007268,E01900,P027,2025-02-02,2025-02-10,Completed,74.74
EP007269,E01178,P010,2024-06-30,2024-07-14,Completed,73.41
EP007270,E02831,P038,2025-04-25,2025-06-05,Completed,95.19
EP007271,E00358,P023,2025-07-25,2025-08-30,Completed,87.58
EP007272,E00973,P003,2025-11-03,,Withdrawn,
EP007273,E03320,P021,2024-12-27,,Enrolled,
EP007274,E04611,P023,2025-08-26,,Enrolled,
EP007275,E00220,P020,2025-10-22,,Enrolled,
EP007276,E04797,P001,2026-01-08,2026-01-28,Completed,93.22
EP007277,E00337,P030,2026-06-22,2026-08-10,Completed,95.2
EP007278,E00694,P007,2024-08-11,2024-09-18,Completed,77.13
EP007279,E02247,P022,2025-01-18,,Withdrawn,
EP007280,E03047,P016,2024-12-06,2024-12-08,Completed,69.42
EP007281,E04174,P014,2026-09-21,2026-12-27,Completed,88.98
EP007282,E03169,P038,2025-06-27,2025-06-27,Completed,82.11
EP007283,E00005,P035,2024-06-29,,Enrolled,
EP007284,E03911,P018,2026-05-02,2026-07-10,Completed,98.79
EP007285,E00116,P024,2025-01-29,,Enrolled,
EP007286,E01691,P001,2025-12-23,,Enrolled,
EP007287,E02322,P015,2025-06-03,2025-06-12,Completed,86.44
EP007288,E04363,P003,2025-11-12,2025-11-24,Completed,91.06
EP007289,E00906,P014,2026-08-18,,In Progress,
EP007290,E00027,P037,2026-07-18,,Enrolled,
EP007291,E03742,P025,2024-08-08,,Enrolled,
EP007292,E03767,P037,2026-05-21,2026-07-13,Completed,81.19
EP007293,E02543,P025,2024-07-28,,Withdrawn,
EP007294,E02199,P008,2024-06-08,,Enrolled,
EP007295,E00581,P039,2026-04-14,,Enrolled,
EP007296,E00617,P037,2026-05-29,,Enrolled,
EP007297,E01889,P021,2025-01-29,2025-02-28,Completed,81.97
EP007298,E03618,P004,2025-11-28,,Enrolled,
EP007299,E04549,P002,2024-08-06,,Withdrawn,
EP007300,E03670,P012,2025-06-13,2025-06-19,Completed,74.53
EP007301,E00829,P026,2026-08-22,,Withdrawn,
EP007302,E04014,P021,2024-12-31,,Enrolled,
EP007303,E00374,P031,2026-07-27,,In Progress,
EP007304,E00205,P021,2025-03-25,2025-03-27,Completed,100.0
EP007305,E01413,P028,2024-07-17,,Enrolled,
EP007306,E02896,P002,2024-10-23,2024-10-29,Completed,92.7
EP007307,E01843,P005,2025-05-04,,Withdrawn,
EP007308,E01298,P008,2024-08-25,,Enrolled,
EP007309,E03016,P009,2024-10-03,2025-01-01,Completed,81.74
EP007310,E01272,P025,2024-08-26,,Enrolled,
EP007311,E03113,P040,2025-02-14,,Enrolled,
EP007312,E00489,P003,2025-11-26,2025-12-06,Completed,86.39
EP007313,E01960,P040,2025-02-09,2025-02-26,Completed,78.35
EP007314,E02005,P039,2026-04-16,2026-05-27,Completed,71.0
EP007315,E03393,P034,2025-09-12,,Enrolled,
EP007316,E04212,P015,2025-05-19,2025-05-25,Completed,84.61
EP007317,E01531,P026,2026-08-29,2026-10-23,Completed,92.49
EP007318,E04305,P028,2024-06-07,,Enrolled,
EP007319,E03780,P001,2026-02-06,2026-02-15,Completed,86.45
EP007320,E01098,P018,2026-07-02,2026-07-07,Completed,82.6
EP007321,E04425,P034,2025-08-09,,Enrolled,
EP007322,E02458,P003,2025-10-16,,Withdrawn,
EP007323,E00988,P029,2026-05-24,,Withdrawn,
EP007324,E04951,P018,2026-07-03,2026-07-24,Completed,79.88
EP007325,E00246,P007,2024-10-18,2024-10-19,Completed,85.11
EP007326,E04139,P029,2026-03-02,,Enrolled,
EP007327,E00349,P005,2025-04-30,2025-07-04,Completed,86.0
EP007328,E01065,P025,2024-08-26,2024-11-24,Completed,86.97
EP007329,E01592,P004,2026-01-06,2026-01-14,Completed,81.24
EP007330,E04060,P025,2024-10-23,,Withdrawn,
EP007331,E00931,P009,2024-07-30,,Enrolled,
EP007332,E00231,P018,2026-05-28,,Enrolled,
EP007333,E00875,P003,2025-10-24,2025-11-06,Completed,81.67
EP007334,E03684,P026,2026-08-15,2026-09-26,Completed,80.07
EP007335,E01230,P031,2026-08-04,,Withdrawn,
EP007336,E00787,P003,2025-10-05,2025-11-06,Completed,85.42
EP007337,E00032,P037,2026-05-18,,Enrolled,
EP007338,E02924,P040,2024-12-13,2025-01-12,Completed,84.31
EP007339,E01407,P006,2025-07-12,2025-08-12,Completed,94.89
EP007340,E04128,P040,2025-01-12,,Enrolled,
EP007341,E02491,P020,2026-01-04,2026-01-10,Completed,88.38
EP007342,E01726,P012,2025-04-26,2025-06-06,Completed,83.35
EP007343,E02221,P013,2025-07-16,2025-07-21,Completed,80.64
EP007344,E01179,P025,2024-11-13,2024-12-07,Completed,97.48
EP007345,E04163,P035,2024-06-25,,Withdrawn,
EP007346,E00046,P037,2026-06-06,2026-07-08,Completed,86.41
EP007347,E00734,P020,2025-12-19,2026-01-09,Completed,96.32
EP007348,E01399,P002,2024-10-23,,Enrolled,
EP007349,E00443,P037,2026-07-24,,Enrolled,
EP007350,E02991,P005,2025-06-14,2025-08-04,Completed,82.9
EP007351,E03756,P006,2025-07-03,2025-08-18,Completed,82.3
EP007352,E04306,P036,2025-01-24,2025-01-26,Completed,81.87
EP007353,E00026,P030,2026-07-07,2026-08-19,Completed,71.15
EP007354,E03631,P034,2025-04-28,2025-05-14,Completed,70.95
EP007355,E01408,P033,2025-03-07,2025-03-11,Completed,80.25
EP007356,E03681,P022,2025-01-02,2025-01-12,Completed,86.94
EP007357,E04198,P011,2025-02-06,2025-02-12,Completed,84.0
EP007358,E02571,P040,2024-09-24,2024-12-31,Completed,94.94
EP007359,E00986,P008,2024-08-20,2024-08-24,Completed,92.21
EP007360,E02271,P015,2025-03-04,,Enrolled,
EP007361,E02709,P013,2025-06-18,2025-08-03,Completed,81.38
EP007362,E00227,P038,2025-04-13,2025-04-20,Completed,85.92
EP007363,E01013,P010,2024-06-13,2024-07-10,Completed,78.66
EP007364,E01381,P015,2025-05-07,,Enrolled,
EP007365,E00250,P016,2024-08-27,2024-10-27,Completed,80.98
EP007366,E01446,P015,2025-04-01,2025-05-24,Completed,61.8
EP007367,E03324,P020,2025-12-15,2026-01-19,Completed,77.37
EP007368,E01471,P024,2025-04-21,,Enrolled,
EP007369,E03200,P011,2024-10-05,2025-01-05,Completed,81.14
EP007370,E03919,P010,2024-07-11,2024-07-22,Completed,81.72
EP007371,E01488,P034,2025-07-09,,Enrolled,
EP007372,E03331,P025,2024-08-04,,Enrolled,
EP007373,E03507,P012,2025-04-19,,Enrolled,
EP007374,E03098,P025,2024-06-21,2024-11-28,Completed,100.0
EP007375,E01099,P020,2025-09-24,2025-11-07,Completed,83.8
EP007376,E04745,P005,2025-04-14,2025-06-02,Completed,67.89
EP007377,E02896,P006,2025-04-14,2025-04-27,Completed,78.94
EP007378,E00087,P009,2024-11-12,2024-12-14,Completed,74.52
EP007379,E00172,P012,2025-05-31,,Enrolled,
EP007380,E00887,P014,2026-09-07,2026-10-02,Completed,75.02
EP007381,E00468,P007,2024-09-16,2024-09-22,Completed,74.84
EP007382,E00486,P026,2026-10-24,,Withdrawn,
EP007383,E02114,P033,2025-02-14,,Enrolled,
EP007384,E01014,P009,2024-11-29,,Withdrawn,
EP007385,E01437,P001,2025-12-08,,Enrolled,
EP007386,E01482,P017,2024-07-17,2024-07-20,Completed,96.03
EP007387,E04390,P023,2025-06-16,,Withdrawn,
EP007388,E02132,P036,2024-12-23,2025-01-18,Completed,86.03
EP007389,E04607,P010,2024-07-04,2024-08-20,Completed,85.18
EP007390,E01510,P036,2024-12-30,2025-01-20,Completed,94.66
EP007391,E03431,P014,2026-11-14,2026-12-29,Completed,98.46
EP007392,E02872,P002,2024-08-15,2024-09-25,Completed,90.51
EP007393,E04604,P039,2026-03-01,2026-05-27,Completed,79.72
EP007394,E00952,P039,2026-03-24,,Enrolled,
EP007395,E00980,P024,2025-02-12,,Withdrawn,
EP007396,E00024,P031,2026-07-09,2026-08-12,Completed,83.48
EP007397,E00321,P023,2025-05-24,2025-07-10,Completed,77.41
EP007398,E03871,P013,2025-06-12,2025-07-13,Completed,74.48
EP007399,E01878,P029,2026-03-02,2026-03-20,Completed,68.66
EP007400,E00899,P024,2025-04-24,,Enrolled,
EP007401,E04388,P015,2025-05-12,2025-06-01,Completed,99.71
EP007402,E02431,P031,2026-07-06,2026-07-06,Completed,80.86
EP007403,E02390,P027,2025-01-19,2025-01-27,Completed,86.01
EP007404,E02799,P010,2024-07-28,2024-08-25,Completed,75.1
EP007405,E03816,P001,2025-12-14,2026-01-19,Completed,93.79
EP007406,E04320,P008,2024-10-02,2024-10-19,Completed,92.63
EP007407,E01059,P016,2024-07-21,2024-11-27,Completed,72.87
EP007408,E03398,P025,2024-11-30,2024-12-03,Completed,88.57
EP007409,E02029,P034,2025-04-17,2025-08-17,Completed,72.34
EP007410,E02658,P035,2024-09-22,2024-09-22,Completed,80.54
EP007411,E03153,P003,2025-12-06,2025-12-06,Completed,94.03
EP007412,E03288,P038,2025-05-03,,Enrolled,
EP007413,E03079,P001,2026-02-15,2026-02-19,Completed,80.42
EP007414,E04053,P023,2025-07-07,2025-07-17,Completed,81.14
EP007415,E04167,P026,2026-07-27,,In Progress,
EP007416,E01247,P012,2025-06-17,2025-06-18,Completed,89.43
EP007417,E00473,P035,2024-09-15,2024-09-23,Completed,86.91
EP007418,E02200,P012,2025-05-22,2025-06-22,Completed,81.26
EP007419,E00543,P029,2026-03-17,2026-04-28,Completed,93.69
EP007420,E03421,P012,2025-06-09,,Enrolled,
EP007421,E04817,P040,2024-11-23,2025-02-24,Completed,82.88
EP007422,E04825,P010,2024-08-11,2024-08-11,Completed,83.68
EP007423,E04942,P002,2024-10-14,,Enrolled,
EP007424,E00996,P011,2025-01-10,,Withdrawn,
EP007425,E03330,P019,2025-12-18,2026-04-14,Completed,100.0
EP007426,E04547,P023,2025-08-15,,Enrolled,
EP007427,E02758,P016,2024-09-01,,Enrolled,
EP007428,E02979,P028,2024-05-13,,Enrolled,
EP007429,E01146,P014,2026-12-14,,In Progress,
EP007430,E04363,P024,2025-03-09,,Enrolled,
EP007431,E00808,P027,2024-12-31,2025-02-02,Completed,70.76
EP007432,E00262,P004,2026-01-27,2026-02-20,Completed,92.11
EP007433,E02153,P001,2025-12-26,2025-12-26,Completed,67.3
EP007434,E02456,P039,2026-05-07,,Enrolled,
EP007435,E00509,P004,2025-10-31,2026-01-10,Completed,86.56
EP007436,E00579,P037,2026-07-21,2026-07-28,Completed,79.27
EP007437,E02154,P001,2025-11-26,,Enrolled,
EP007438,E02615,P036,2025-01-04,2025-01-06,Completed,82.71
EP007439,E01261,P029,2026-02-23,,Enrolled,
EP007440,E02097,P014,2026-08-31,,In Progress,
EP007441,E01095,P031,2026-08-23,,In Progress,
EP007442,E00750,P004,2025-11-16,2026-02-06,Completed,74.96
EP007443,E04293,P025,2024-06-25,2024-10-25,Completed,72.4
EP007444,E02233,P002,2024-08-18,2024-12-16,Completed,70.02
EP007445,E02189,P031,2026-07-29,,In Progress,
EP007446,E04250,P001,2026-01-29,2026-02-18,Completed,75.83
EP007447,E02940,P014,2026-09-13,2026-09-16,Completed,86.16
EP007448,E00639,P031,2026-08-19,2026-08-21,Completed,78.94
EP007449,E01807,P033,2025-03-16,2025-03-21,Completed,87.61
EP007450,E04950,P011,2025-01-30,2025-01-31,Completed,87.05
EP007451,E02115,P008,2024-07-03,2024-08-18,Completed,90.38
EP007452,E03892,P005,2025-04-17,,Enrolled,
EP007453,E01923,P012,2025-06-12,,Enrolled,
EP007454,E00569,P031,2026-08-02,2026-08-03,Completed,91.46
EP007455,E01381,P009,2024-07-03,2024-12-27,Completed,73.87
EP007456,E01667,P005,2025-04-24,,Enrolled,
EP007457,E03198,P006,2025-07-22,,Enrolled,
EP007458,E01493,P012,2025-04-19,2025-06-30,Completed,89.12
EP007459,E03661,P021,2025-01-03,2025-03-14,Completed,80.98
EP007460,E02187,P016,2024-09-27,,Enrolled,
EP007461,E01571,P004,2026-02-13,2026-02-14,Completed,75.19
EP007462,E02887,P032,2025-01-14,2025-05-08,Completed,81.81
EP007463,E02728,P034,2025-06-11,2025-09-18,Completed,86.21
EP007464,E02295,P032,2025-01-23,2025-03-10,Completed,87.15
EP007465,E00619,P013,2025-07-16,2025-07-28,Completed,71.56
EP007466,E00132,P008,2024-08-09,2024-09-01,Completed,84.87
EP007467,E01231,P027,2024-12-25,2025-01-24,Completed,88.85
EP007468,E01658,P023,2025-05-29,,Enrolled,
EP007469,E02358,P023,2025-07-30,2025-08-02,Completed,85.91
EP007470,E00531,P023,2025-05-23,2025-07-27,Completed,80.88
EP007471,E02044,P031,2026-08-02,,In Progress,
EP007472,E03032,P035,2024-09-15,,Enrolled,
EP007473,E00292,P014,2026-10-21,2026-10-22,Completed,92.54
EP007474,E01476,P017,2024-05-23,2024-07-02,Completed,84.32
EP007475,E00351,P006,2025-08-05,,Enrolled,
EP007476,E01758,P007,2024-09-03,,Enrolled,
EP007477,E01058,P002,2024-10-22,2024-12-10,Completed,92.41
EP007478,E03880,P019,2026-04-30,,Enrolled,
EP007479,E01192,P001,2026-01-31,,Enrolled,
EP007480,E03621,P017,2024-04-25,,Enrolled,
EP007481,E03695,P018,2026-07-02,2026-07-08,Completed,81.78
EP007482,E03134,P023,2025-06-04,,Enrolled,
EP007483,E04505,P018,2026-04-15,2026-07-09,Completed,91.94
EP007484,E03931,P006,2025-06-07,2025-07-13,Completed,85.02
EP007485,E03980,P006,2025-04-20,2025-05-17,Completed,96.65
EP007486,E02499,P016,2024-11-18,2024-11-21,Completed,71.05
EP007487,E01403,P038,2025-04-26,,Enrolled,
EP007488,E02395,P019,2026-04-13,2026-05-02,Completed,87.13
EP007489,E01081,P032,2025-01-12,,Withdrawn,
EP007490,E00704,P017,2024-05-08,,Enrolled,
EP007491,E00040,P001,2025-12-24,2026-01-16,Completed,91.3
EP007492,E02928,P007,2024-08-03,,Enrolled,
EP007493,E01924,P004,2025-09-21,2025-12-04,Completed,87.86
EP007494,E03887,P008,2024-09-22,2024-10-20,Completed,100.0
EP007495,E00008,P025,2024-07-17,,Enrolled,
EP007496,E02220,P017,2024-05-10,2024-06-30,Completed,82.39
EP007497,E00465,P033,2025-03-03,2025-03-25,Completed,75.99
EP007498,E01154,P019,2026-03-31,,Withdrawn,
EP007499,E03845,P008,2024-08-02,2024-10-10,Completed,100.0
EP007500,E04426,P039,2026-03-28,,Enrolled,
EP007501,E00360,P010,2024-06-24,,Enrolled,
EP007502,E04448,P021,2025-01-18,2025-03-29,Completed,80.32
EP007503,E01075,P001,2025-11-15,,Enrolled,
EP007504,E00683,P029,2026-01-27,2026-04-12,Completed,82.34
EP007505,E04477,P012,2025-07-01,,Enrolled,
EP007506,E01266,P038,2025-06-12,2025-06-13,Completed,75.15
EP007507,E04383,P001,2026-01-10,2026-01-26,Completed,88.09
EP007508,E04476,P036,2025-01-13,2025-02-06,Completed,83.46
EP007509,E04572,P027,2024-12-29,,Enrolled,
EP007510,E01263,P033,2025-02-11,,Enrolled,
EP007511,E02325,P026,2026-09-09,,In Progress,
EP007512,E03636,P036,2025-01-22,2025-01-29,Completed,55.85
EP007513,E00997,P027,2025-02-06,2025-02-09,Completed,68.55
EP007514,E02134,P018,2026-04-20,2026-04-30,Completed,100.0
EP007515,E02986,P038,2025-04-20,2025-06-29,Completed,89.83
EP007516,E00742,P006,2025-04-19,2025-05-21,Completed,89.24
EP007517,E00348,P037,2026-05-10,,Withdrawn,
EP007518,E00959,P015,2025-03-31,2025-04-27,Completed,72.27
EP007519,E03583,P040,2024-10-03,2025-02-27,Completed,66.67
EP007520,E00057,P001,2026-01-26,,Withdrawn,
EP007521,E02566,P012,2025-05-15,,Enrolled,
EP007522,E03575,P040,2024-08-22,2025-01-19,Completed,82.52
EP007523,E04889,P005,2025-06-27,2025-07-02,Completed,68.62
EP007524,E00423,P016,2024-11-06,,Withdrawn,
EP007525,E04802,P040,2024-10-29,2025-02-27,Completed,100.0
EP007526,E00835,P023,2025-06-03,,Enrolled,
EP007527,E01294,P039,2026-05-20,2026-05-20,Completed,81.96
EP007528,E03119,P001,2025-12-24,2026-01-16,Completed,78.51
EP007529,E01070,P039,2026-05-17,,Enrolled,
EP007530,E00714,P011,2024-10-10,2025-03-22,Completed,79.43
EP007531,E01920,P033,2025-02-17,,Enrolled,
EP007532,E00319,P007,2024-09-06,2024-10-02,Completed,96.61
EP007533,E01896,P036,2024-12-07,,Enrolled,
EP007534,E03352,P027,2024-12-02,2024-12-12,Completed,74.72
EP007535,E00576,P039,2026-05-03,,Enrolled,
EP007536,E00704,P018,2026-05-24,2026-05-31,Completed,85.8
EP007537,E03064,P001,2026-02-15,2026-02-18,Completed,95.29
EP007538,E00738,P010,2024-08-09,,Enrolled,
EP007539,E03574,P021,2025-02-11,,Enrolled,
EP007540,E00249,P006,2025-07-14,,Enrolled,
EP007541,E01379,P003,2025-10-27,2025-12-03,Completed,80.25
EP007542,E04060,P037,2026-06-24,2026-07-19,Completed,78.71
EP007543,E00748,P032,2025-05-08,2025-05-08,Completed,85.35
EP007544,E00240,P030,2026-07-01,2026-07-06,Completed,91.49
EP007545,E00447,P014,2026-08-31,2026-10-17,Completed,87.23
EP007546,E03776,P019,2026-04-20,,Withdrawn,
EP007547,E01511,P025,2024-09-08,2024-11-20,Completed,81.96
EP007548,E04808,P038,2025-05-20,2025-06-14,Completed,81.12
EP007549,E01043,P022,2024-11-07,2024-12-05,Completed,81.21
EP007550,E01455,P004,2026-01-21,,Enrolled,
EP007551,E04406,P032,2024-12-05,2024-12-10,Completed,85.43
EP007552,E04112,P009,2024-12-09,,Enrolled,
EP007553,E00424,P025,2024-08-03,2024-11-24,Completed,98.17
EP007554,E00407,P025,2024-06-29,,Enrolled,
EP007555,E01821,P020,2026-01-06,,Enrolled,
EP007556,E00306,P006,2025-08-09,2025-08-16,Completed,79.87
EP007557,E02911,P028,2024-05-10,,Enrolled,
EP007558,E03420,P021,2025-01-06,,Enrolled,
EP007559,E02155,P004,2025-12-28,2026-01-15,Completed,86.01
EP007560,E03909,P026,2026-08-12,,In Progress,
EP007561,E02377,P025,2024-08-02,,Enrolled,
EP007562,E01667,P039,2026-04-15,,Withdrawn,
EP007563,E04188,P022,2024-12-26,,Withdrawn,
EP007564,E04171,P030,2026-06-28,2026-08-08,Completed,97.46
EP007565,E03424,P015,2025-04-27,,Enrolled,
EP007566,E04446,P033,2025-01-10,,Enrolled,
EP007567,E01029,P010,2024-07-13,,Withdrawn,
EP007568,E04982,P002,2024-10-17,2024-12-15,Completed,76.0
EP007569,E01297,P018,2026-06-11,,Enrolled,
EP007570,E03812,P011,2024-12-18,2025-01-29,Completed,72.94
EP007571,E00341,P004,2026-01-26,,Enrolled,
EP007572,E02278,P019,2026-01-21,2026-03-23,Completed,98.23
EP007573,E04162,P017,2024-07-11,2024-07-11,Completed,82.29
EP007574,E02217,P032,2025-04-25,,Enrolled,
EP007575,E02956,P028,2024-04-20,2024-07-15,Completed,80.78
EP007576,E01442,P022,2025-01-12,,Enrolled,
EP007577,E02929,P004,2025-11-25,,Enrolled,
EP007578,E01873,P039,2026-04-11,2026-04-15,Completed,79.35
EP007579,E00188,P027,2025-01-29,,Withdrawn,
EP007580,E03732,P019,2026-03-15,2026-04-28,Completed,93.52
EP007581,E03325,P004,2025-10-28,,Enrolled,
EP007582,E01139,P027,2025-01-07,,Enrolled,
EP007583,E01092,P034,2025-09-19,2025-09-23,Completed,87.83
EP007584,E03229,P019,2026-02-19,,Enrolled,
EP007585,E04226,P028,2024-07-31,2024-09-04,Completed,92.88
EP007586,E04763,P020,2025-10-01,2025-10-18,Completed,91.12
EP007587,E02547,P011,2025-02-22,,Enrolled,
EP007588,E02702,P023,2025-05-18,,Enrolled,
EP007589,E00186,P020,2025-12-30,2026-01-05,Completed,92.07
EP007590,E03934,P010,2024-06-14,2024-07-06,Completed,81.82
EP007591,E02719,P035,2024-07-22,,Enrolled,
EP007592,E03031,P007,2024-09-26,2024-10-03,Completed,75.16
EP007593,E02526,P021,2025-01-28,2025-03-12,Completed,83.38
EP007594,E00013,P007,2024-08-20,2024-08-26,Completed,81.4
EP007595,E01483,P031,2026-08-24,,In Progress,
EP007596,E04949,P017,2024-06-17,2024-06-18,Completed,87.69
EP007597,E00630,P020,2025-09-24,,Enrolled,
EP007598,E00318,P031,2026-06-29,2026-08-23,Completed,92.25
EP007599,E04309,P017,2024-03-29,2024-06-20,Completed,80.86
EP007600,E03208,P017,2024-05-28,,Enrolled,
EP007601,E00161,P040,2025-01-25,2025-02-12,Completed,81.65
EP007602,E03198,P027,2024-12-02,2024-12-30,Completed,82.21
EP007603,E00826,P013,2025-05-26,2025-06-04,Completed,70.99
EP007604,E01350,P039,2026-05-04,2026-06-02,Completed,95.63
EP007605,E00827,P037,2026-05-19,2026-07-05,Completed,86.97
EP007606,E04581,P005,2025-04-23,,Enrolled,
EP007607,E04957,P028,2024-08-07,,Enrolled,
EP007608,E00189,P013,2025-05-29,,Enrolled,
EP007609,E02249,P006,2025-07-03,2025-07-16,Completed,82.23
EP007610,E01445,P015,2025-03-29,2025-06-08,Completed,94.25
EP007611,E02268,P001,2025-12-30,2026-02-23,Completed,96.64
EP007612,E02134,P001,2025-12-09,2026-01-06,Completed,85.37
EP007613,E03311,P026,2026-10-23,,In Progress,
EP007614,E03033,P012,2025-06-24,,Enrolled,
EP007615,E01183,P014,2026-10-16,,In Progress,
EP007616,E02517,P022,2024-12-08,,Enrolled,
EP007617,E01962,P019,2026-04-26,2026-05-14,Completed,81.22
EP007618,E01772,P005,2025-06-20,2025-08-07,Completed,92.58
EP007619,E01397,P032,2025-01-13,2025-01-25,Completed,71.64
EP007620,E00064,P006,2025-04-12,2025-06-06,Completed,84.42
EP007621,E04910,P001,2026-01-28,2026-01-30,Completed,72.38
EP007622,E03466,P007,2024-08-10,2024-10-06,Completed,78.13
EP007623,E04640,P002,2024-12-20,2024-12-22,Completed,66.73
EP007624,E01728,P001,2025-12-01,2025-12-28,Completed,91.73
EP007625,E02973,P026,2026-08-16,2026-08-21,Completed,82.18
EP007626,E02872,P016,2024-10-20,2024-11-23,Completed,92.67
EP007627,E03744,P026,2026-08-20,,In Progress,
EP007628,E03259,P039,2026-04-10,2026-05-08,Completed,84.79
EP007629,E03967,P036,2025-01-08,,Enrolled,
EP007630,E04135,P023,2025-08-18,2025-08-26,Completed,87.86
EP007631,E01925,P036,2024-12-10,,Enrolled,
EP007632,E01262,P006,2025-07-12,2025-07-22,Completed,80.92
EP007633,E00150,P020,2025-12-31,,Enrolled,
EP007634,E04844,P006,2025-07-24,2025-07-29,Completed,87.39
EP007635,E01857,P011,2024-12-15,2025-01-03,Completed,89.32
EP007636,E01439,P017,2024-04-11,2024-04-27,Completed,75.66
EP007637,E00069,P029,2026-02-21,2026-04-18,Completed,83.45
EP007638,E03925,P024,2025-03-02,2025-04-01,Completed,90.8
EP007639,E00412,P031,2026-08-03,2026-08-19,Completed,100.0
EP007640,E01670,P008,2024-08-30,,Enrolled,
EP007641,E02137,P020,2025-12-17,2025-12-17,Completed,99.18
EP007642,E04551,P030,2026-08-17,2026-08-18,Completed,100.0
EP007643,E02656,P034,2025-09-22,2025-09-22,Completed,87.54
EP007644,E00929,P038,2025-03-24,2025-05-18,Completed,100.0
EP007645,E03198,P018,2026-04-25,,Enrolled,
EP007646,E02159,P005,2025-05-02,2025-05-14,Completed,95.92
EP007647,E00841,P020,2025-12-13,,Enrolled,
EP007648,E03619,P037,2026-06-29,,Enrolled,
EP007649,E00824,P009,2024-11-10,2024-12-28,Completed,91.39
EP007650,E02385,P002,2024-12-23,,Enrolled,
EP007651,E04488,P019,2026-03-16,2026-05-14,Completed,81.13
EP007652,E02976,P005,2025-05-11,2025-07-21,Completed,95.66
EP007653,E02150,P012,2025-04-19,,Enrolled,
EP007654,E00162,P005,2025-06-05,,Enrolled,
EP007655,E04800,P019,2025-12-30,2026-01-21,Completed,78.62
EP007656,E01448,P034,2025-05-12,,Withdrawn,
EP007657,E04707,P022,2024-12-16,,Enrolled,
EP007658,E03049,P035,2024-09-02,,Enrolled,
EP007659,E04387,P011,2024-09-25,2024-11-16,Completed,88.74
EP007660,E04012,P028,2024-09-18,2024-09-20,Completed,80.27
EP007661,E03167,P027,2024-12-18,,Withdrawn,
EP007662,E00572,P021,2025-02-09,2025-02-17,Completed,83.65
EP007663,E02394,P015,2025-05-18,,Enrolled,
EP007664,E02796,P019,2025-12-30,2026-04-09,Completed,95.27
EP007665,E01254,P040,2025-02-17,2025-02-24,Completed,88.46
EP007666,E04859,P027,2025-01-06,2025-01-06,Completed,73.6
EP007667,E02224,P026,2026-08-25,2026-09-27,Completed,72.94
EP007668,E00835,P012,2025-04-28,2025-05-06,Completed,88.32
EP007669,E04453,P039,2026-04-17,,Enrolled,
EP007670,E02930,P009,2024-11-03,2024-11-13,Completed,79.02
EP007671,E01351,P037,2026-06-11,,Withdrawn,
EP007672,E02107,P038,2025-06-24,2025-06-28,Completed,99.92
EP007673,E04614,P028,2024-08-25,,Enrolled,
EP007674,E02011,P034,2025-04-15,2025-08-16,Completed,88.08
EP007675,E01955,P013,2025-07-24,,Withdrawn,
EP007676,E01382,P024,2025-04-05,2025-04-28,Completed,79.68
EP007677,E01800,P034,2025-08-31,,Enrolled,
EP007678,E03888,P011,2024-11-13,2024-12-29,Completed,82.56
EP007679,E04902,P030,2026-06-29,,Withdrawn,
EP007680,E00282,P026,2026-07-22,2026-08-07,Completed,79.99
EP007681,E04890,P022,2024-12-11,,Enrolled,
EP007682,E03924,P002,2024-09-18,2024-11-22,Completed,96.35
EP007683,E04830,P026,2026-07-09,2026-08-05,Completed,92.07
EP007684,E02643,P023,2025-08-25,2025-09-04,Completed,80.45
EP007685,E04612,P022,2024-11-26,2025-01-06,Completed,77.33
EP007686,E01422,P023,2025-06-09,2025-08-15,Completed,85.96
EP007687,E00233,P024,2025-03-24,2025-04-27,Completed,77.63
EP007688,E04459,P028,2024-06-16,,Enrolled,
EP007689,E02155,P021,2025-02-07,2025-02-27,Completed,87.42
EP007690,E03017,P011,2024-11-01,,Enrolled,
EP007691,E02831,P040,2024-12-26,2024-12-31,Completed,87.11
EP007692,E02647,P022,2025-01-03,,Withdrawn,
EP007693,E01810,P003,2025-11-18,2025-11-29,Completed,94.09
EP007694,E04259,P003,2025-10-25,2025-11-22,Completed,83.69
EP007695,E04798,P037,2026-06-03,2026-06-23,Completed,87.23
EP007696,E03906,P010,2024-06-24,,Enrolled,
EP007697,E03600,P014,2026-10-02,,In Progress,
EP007698,E04069,P037,2026-07-28,2026-07-28,Completed,81.67
EP007699,E03415,P022,2024-12-13,,Enrolled,
EP007700,E03175,P010,2024-07-23,,Enrolled,
EP007701,E00551,P022,2025-01-03,2025-01-13,Completed,77.65
EP007702,E04353,P012,2025-06-10,,Enrolled,
EP007703,E02709,P025,2024-07-19,,Enrolled,
EP007704,E03848,P040,2025-01-05,2025-02-09,Completed,99.31
EP007705,E00928,P024,2025-03-02,2025-03-08,Completed,77.93
EP007706,E01709,P029,2026-03-01,2026-03-19,Completed,71.68
EP007707,E01427,P031,2026-08-10,,In Progress,
EP007708,E03791,P038,2025-06-22,2025-06-28,Completed,66.6
EP007709,E00118,P013,2025-07-28,,Enrolled,
EP007710,E00876,P019,2025-12-01,,Enrolled,
EP007711,E03379,P011,2025-03-20,2025-03-23,Completed,78.13
EP007712,E00400,P009,2024-11-16,2024-12-22,Completed,85.38
EP007713,E00528,P010,2024-07-26,2024-08-22,Completed,81.37
EP007714,E00432,P009,2024-11-19,2024-12-29,Completed,75.11
EP007715,E02839,P012,2025-06-13,,Enrolled,
EP007716,E03823,P025,2024-09-19,2024-09-23,Completed,87.59
EP007717,E00107,P037,2026-06-24,2026-06-28,Completed,85.95
EP007718,E04855,P011,2025-02-20,2025-03-27,Completed,93.12
EP007719,E03220,P010,2024-08-11,2024-08-16,Completed,73.4
EP007720,E01229,P019,2026-05-11,2026-05-14,Completed,69.47
EP007721,E00858,P040,2024-12-23,2025-02-12,Completed,79.38
EP007722,E04190,P014,2026-11-17,2026-11-17,Completed,99.57
EP007723,E03508,P038,2025-06-19,2025-06-20,Completed,79.27
EP007724,E00941,P032,2025-02-02,,Enrolled,
EP007725,E03246,P006,2025-04-21,2025-05-30,Completed,90.8
EP007726,E01987,P022,2024-12-29,2024-12-29,Completed,74.64
EP007727,E04986,P015,2025-05-31,,Enrolled,
EP007728,E03690,P005,2025-05-04,,Enrolled,
EP007729,E03620,P021,2025-01-31,,Enrolled,
EP007730,E04827,P021,2025-03-11,2025-03-19,Completed,75.94
EP007731,E04319,P015,2025-04-19,2025-05-06,Completed,88.63
EP007732,E02001,P008,2024-11-13,,Enrolled,
EP007733,E03130,P021,2025-01-24,2025-01-31,Completed,89.55
EP007734,E04398,P012,2025-06-06,,Enrolled,
EP007735,E04146,P016,2024-08-18,,Withdrawn,
EP007736,E03627,P016,2024-10-23,2024-10-29,Completed,73.81
EP007737,E03927,P018,2026-05-01,,Enrolled,
EP007738,E01634,P024,2025-04-08,2025-05-05,Completed,89.93
EP007739,E02234,P032,2025-02-15,,Enrolled,
EP007740,E02904,P038,2025-05-03,2025-05-06,Completed,88.19
EP007741,E00584,P027,2025-02-10,2025-02-16,Completed,90.74
EP007742,E04597,P019,2026-02-07,2026-04-30,Completed,97.28
EP007743,E01379,P003,2025-11-29,,Enrolled,
EP007744,E02838,P004,2026-02-14,,Enrolled,
EP007745,E00460,P027,2025-02-09,2025-02-10,Completed,81.05
EP007746,E00594,P001,2025-12-18,2026-01-17,Completed,93.59
EP007747,E01368,P038,2025-05-12,2025-06-08,Completed,85.49
EP007748,E04806,P012,2025-05-26,2025-06-16,Completed,93.21
EP007749,E01354,P023,2025-09-08,2025-09-09,Completed,80.06
EP007750,E00950,P031,2026-08-04,2026-08-05,Completed,92.8
EP007751,E04706,P031,2026-06-26,,Withdrawn,
EP007752,E01010,P033,2025-03-05,2025-03-10,Completed,79.03
EP007753,E03288,P036,2024-12-16,2025-01-26,Completed,87.89
EP007754,E02681,P001,2026-01-13,,Enrolled,
EP007755,E00957,P036,2024-12-22,2024-12-24,Completed,74.49
EP007756,E03098,P013,2025-06-21,2025-07-14,Completed,87.2
EP007757,E02878,P033,2025-03-24,2025-04-01,Completed,79.73
EP007758,E00278,P028,2024-05-17,,Withdrawn,
EP007759,E02821,P040,2024-09-28,,Enrolled,
EP007760,E01691,P035,2024-08-30,,Enrolled,
EP007761,E03652,P027,2025-02-14,,Withdrawn,
EP007762,E02548,P037,2026-06-17,,Enrolled,
EP007763,E04947,P031,2026-08-18,,Withdrawn,
EP007764,E03824,P003,2025-10-02,2025-12-02,Completed,100.0
EP007765,E04511,P020,2025-11-09,2026-01-19,Completed,91.2
EP007766,E00415,P010,2024-08-22,2024-08-22,Completed,98.11
EP007767,E03653,P021,2025-03-05,2025-03-11,Completed,80.58
EP007768,E04442,P028,2024-07-21,,Withdrawn,
EP007769,E03764,P005,2025-04-06,2025-04-26,Completed,77.4
EP007770,E02994,P002,2024-12-17,,Enrolled,
EP007771,E04856,P022,2024-12-20,,Enrolled,
EP007772,E01935,P028,2024-09-13,2024-09-13,Completed,93.46
EP007773,E02841,P010,2024-07-05,,Enrolled,
EP007774,E02744,P029,2026-05-12,,Withdrawn,
EP007775,E00488,P007,2024-10-06,2024-10-14,Completed,76.77
EP007776,E04903,P037,2026-05-11,2026-05-12,Completed,87.55
EP007777,E01369,P038,2025-04-03,2025-06-11,Completed,86.4
EP007778,E01302,P038,2025-06-24,2025-06-24,Completed,77.08
EP007779,E01786,P019,2026-02-06,2026-03-19,Completed,94.3
EP007780,E01308,P015,2025-04-30,2025-06-08,Completed,94.66
EP007781,E04647,P014,2026-10-06,,In Progress,
EP007782,E01142,P019,2026-05-22,2026-05-22,Completed,86.87
EP007783,E03239,P032,2025-04-01,2025-05-16,Completed,100.0
EP007784,E01917,P028,2024-07-05,,Enrolled,
EP007785,E04306,P037,2026-05-15,2026-05-18,Completed,95.35
EP007786,E01645,P038,2025-06-21,2025-06-28,Completed,88.78
EP007787,E01387,P003,2025-10-31,2025-11-12,Completed,82.72
EP007788,E00143,P030,2026-06-24,2026-08-15,Completed,66.26
EP007789,E03553,P024,2024-12-27,,Withdrawn,
EP007790,E03433,P004,2025-11-12,,Enrolled,
EP007791,E04645,P037,2026-05-30,,Enrolled,
EP007792,E04110,P028,2024-07-25,2024-08-05,Completed,90.97
EP007793,E00191,P016,2024-08-14,,Enrolled,
EP007794,E01875,P032,2025-03-22,2025-05-14,Completed,83.89
EP007795,E04544,P017,2024-07-01,,Enrolled,
EP007796,E02126,P014,2026-12-13,,In Progress,
EP007797,E04578,P016,2024-10-22,2024-11-16,Completed,81.64
EP007798,E03166,P008,2024-08-31,2024-09-15,Completed,84.84
EP007799,E04640,P035,2024-08-15,,Withdrawn,
EP007800,E02533,P017,2024-04-04,2024-04-21,Completed,90.58
EP007801,E00875,P015,2025-04-01,2025-04-14,Completed,99.94
EP007802,E04328,P007,2024-08-29,2024-09-22,Completed,73.56
EP007803,E02901,P037,2026-05-31,,Withdrawn,
EP007804,E00284,P009,2024-12-21,2024-12-28,Completed,87.25
EP007805,E02297,P003,2025-11-16,,Enrolled,
EP007806,E02939,P021,2024-12-29,2025-02-23,Completed,85.77
EP007807,E00687,P016,2024-09-01,2024-12-02,Completed,84.59
EP007808,E01192,P030,2026-08-07,2026-08-19,Completed,85.71
EP007809,E02942,P020,2025-09-19,2025-12-03,Completed,63.04
EP007810,E00399,P015,2025-02-22,2025-02-26,Completed,79.25
EP007811,E00730,P040,2024-10-26,2024-11-09,Completed,77.53
EP007812,E00849,P035,2024-08-19,2024-08-24,Completed,82.37
EP007813,E04372,P035,2024-09-08,2024-09-19,Completed,78.15
EP007814,E02331,P036,2025-02-05,,Enrolled,
EP007815,E01726,P036,2024-12-14,2025-01-05,Completed,86.34
EP007816,E01957,P033,2025-03-24,2025-03-29,Completed,91.98
EP007817,E00322,P031,2026-07-13,2026-08-13,Completed,100.0
EP007818,E04500,P014,2026-11-16,,In Progress,
EP007819,E01912,P035,2024-09-09,2024-09-19,Completed,95.18
EP007820,E03561,P018,2026-06-23,,Withdrawn,
EP007821,E03098,P002,2024-08-29,2024-09-11,Completed,90.66
EP007822,E03264,P031,2026-07-03,,In Progress,
EP007823,E02045,P015,2025-03-01,,Enrolled,
EP007824,E01026,P001,2026-01-31,,Enrolled,
EP007825,E03071,P004,2025-09-18,,Enrolled,
EP007826,E00817,P026,2026-09-12,,In Progress,
EP007827,E04264,P030,2026-07-24,2026-08-18,Completed,71.04
EP007828,E03036,P021,2025-02-24,2025-02-27,Completed,95.99
EP007829,E03447,P006,2025-06-17,2025-07-02,Completed,75.34
EP007830,E01894,P031,2026-08-21,2026-08-24,Completed,82.5
EP007831,E01651,P022,2024-12-28,2025-01-16,Completed,100.0
EP007832,E00970,P020,2025-10-28,2025-12-24,Completed,84.06
EP007833,E01440,P012,2025-05-07,2025-05-29,Completed,92.42
EP007834,E03935,P033,2024-12-26,2025-03-16,Completed,95.4
EP007835,E04196,P029,2026-03-03,2026-05-26,Completed,73.4
EP007836,E01352,P003,2025-12-03,,Withdrawn,
EP007837,E04801,P024,2025-01-12,,Enrolled,
EP007838,E03961,P039,2026-05-26,,Enrolled,
EP007839,E03070,P003,2025-11-20,2025-11-25,Completed,77.64
EP007840,E03817,P032,2024-12-19,,Withdrawn,
EP007841,E01455,P011,2024-11-05,2024-12-17,Completed,77.44
EP007842,E04549,P006,2025-06-05,2025-06-19,Completed,71.85
EP007843,E02797,P007,2024-09-23,2024-10-05,Completed,76.66
EP007844,E01990,P034,2025-07-10,2025-07-29,Completed,79.76
EP007845,E01675,P026,2026-10-05,2026-10-15,Completed,88.51
EP007846,E04741,P022,2024-12-24,,Withdrawn,
EP007847,E03923,P025,2024-09-03,2024-10-21,Completed,93.93
EP007848,E00248,P014,2026-09-07,2026-11-18,Completed,79.73
EP007849,E01591,P002,2024-09-03,,Withdrawn,
EP007850,E02630,P032,2024-12-02,2024-12-13,Completed,88.9
EP007851,E03622,P020,2025-11-28,2026-01-22,Completed,70.77
EP007852,E02990,P040,2025-02-05,2025-02-08,Completed,74.95
EP007853,E04230,P020,2025-10-31,,Withdrawn,
EP007854,E02788,P005,2025-04-20,2025-06-04,Completed,81.43
EP007855,E04741,P021,2025-03-08,2025-03-17,Completed,75.4
EP007856,E03541,P003,2025-10-26,,Enrolled,
EP007857,E02458,P004,2025-12-11,,Enrolled,
EP007858,E04687,P006,2025-05-04,2025-08-07,Completed,78.45
EP007859,E02180,P010,2024-06-13,2024-07-27,Completed,78.23
EP007860,E03008,P039,2026-03-31,,Enrolled,
EP007861,E04592,P029,2026-03-17,,Enrolled,
EP007862,E00886,P014,2026-08-26,2026-10-04,Completed,81.61
EP007863,E02579,P008,2024-05-28,2024-07-13,Completed,88.86
EP007864,E00578,P026,2026-08-08,2026-10-15,Completed,89.36
EP007865,E01420,P001,2026-01-04,,Enrolled,
EP007866,E03633,P026,2026-07-23,2026-08-24,Completed,77.79
EP007867,E04266,P019,2026-04-16,2026-05-17,Completed,83.16
EP007868,E03666,P011,2024-10-12,2024-12-27,Completed,92.83
EP007869,E00042,P014,2026-10-14,,In Progress,
EP007870,E00689,P010,2024-08-16,2024-08-24,Completed,91.73
EP007871,E01335,P006,2025-06-01,2025-08-18,Completed,80.43
EP007872,E01714,P003,2025-10-11,2025-11-04,Completed,82.25
EP007873,E03681,P014,2026-12-24,2026-12-25,Completed,71.1
EP007874,E02335,P009,2024-09-28,,Enrolled,
EP007875,E01187,P013,2025-05-26,,Enrolled,
EP007876,E04358,P015,2025-06-02,,Withdrawn,
EP007877,E02530,P011,2025-03-17,2025-03-21,Completed,75.27
EP007878,E03357,P039,2026-04-11,,Enrolled,
EP007879,E04258,P013,2025-07-25,,Enrolled,
EP007880,E00035,P021,2025-01-15,,Withdrawn,
EP007881,E01778,P027,2024-11-26,,Enrolled,
EP007882,E00703,P015,2025-05-28,,Enrolled,
EP007883,E04219,P027,2025-01-28,,Enrolled,
EP007884,E00423,P027,2024-12-09,2025-01-11,Completed,97.39
EP007885,E04865,P036,2024-12-08,,Enrolled,
EP007886,E03045,P022,2025-01-12,,Enrolled,
EP007887,E02880,P009,2024-06-29,,Enrolled,
EP007888,E00425,P028,2024-06-30,2024-07-20,Completed,89.51
EP007889,E03572,P014,2026-10-28,,In Progress,
EP007890,E00689,P014,2026-09-20,2026-10-24,Completed,92.94
EP007891,E00854,P014,2026-10-13,2026-11-02,Completed,77.42
EP007892,E01119,P035,2024-08-03,,Enrolled,
EP007893,E03559,P011,2024-10-25,,Enrolled,
EP007894,E02072,P021,2025-02-18,2025-03-09,Completed,77.23
EP007895,E02358,P004,2026-02-05,2026-02-20,Completed,72.27
EP007896,E01996,P026,2026-07-08,2026-10-10,Completed,93.07
EP007897,E04334,P027,2025-01-27,2025-02-05,Completed,83.92
EP007898,E04776,P010,2024-08-07,2024-08-20,Completed,72.42
EP007899,E00683,P033,2025-01-14,2025-02-15,Completed,82.78
EP007900,E00582,P021,2025-03-17,2025-03-26,Completed,100.0
EP007901,E02250,P037,2026-07-09,2026-07-17,Completed,79.47
EP007902,E00094,P019,2025-11-28,2026-04-30,Completed,72.81
EP007903,E00318,P006,2025-04-26,,Withdrawn,
EP007904,E01082,P016,2024-10-20,2024-10-27,Completed,86.39
EP007905,E01110,P015,2025-05-10,,Enrolled,
EP007906,E01321,P032,2025-03-20,,Enrolled,
EP007907,E02406,P013,2025-05-25,2025-05-30,Completed,83.44
EP007908,E03582,P015,2025-05-19,2025-05-27,Completed,78.82
EP007909,E04047,P040,2025-01-17,2025-02-08,Completed,79.38
EP007910,E01254,P030,2026-07-03,,In Progress,
EP007911,E02918,P027,2025-02-01,2025-02-06,Completed,86.23
EP007912,E02106,P015,2025-04-28,2025-06-07,Completed,84.14
EP007913,E00227,P003,2025-11-26,,Enrolled,
EP007914,E02519,P039,2026-04-09,2026-04-18,Completed,85.03
EP007915,E00386,P031,2026-08-01,,Withdrawn,
EP007916,E03936,P026,2026-10-24,,In Progress,
EP007917,E04428,P011,2024-09-24,,Enrolled,
EP007918,E02020,P001,2026-01-07,2026-02-11,Completed,88.29
EP007919,E03723,P011,2024-11-29,,Enrolled,
EP007920,E01991,P008,2024-06-13,2024-11-09,Completed,98.29
EP007921,E02053,P019,2026-05-01,2026-05-14,Completed,79.66
EP007922,E01661,P022,2025-01-19,,Enrolled,
EP007923,E00170,P012,2025-04-20,2025-06-23,Completed,75.57
EP007924,E03009,P010,2024-06-11,,Enrolled,
EP007925,E02451,P021,2025-03-07,2025-03-28,Completed,100.0
EP007926,E01997,P004,2025-10-28,2026-01-09,Completed,75.74
EP007927,E03938,P016,2024-08-31,,Enrolled,
EP007928,E01063,P015,2025-05-12,,Enrolled,
EP007929,E00447,P031,2026-07-27,2026-08-17,Completed,88.84
EP007930,E03811,P021,2025-02-01,2025-02-08,Completed,96.25
EP007931,E03514,P031,2026-07-23,2026-08-19,Completed,72.73
EP007932,E03255,P010,2024-07-01,,Enrolled,
EP007933,E04718,P035,2024-08-15,,Enrolled,
EP007934,E03187,P013,2025-06-29,2025-07-10,Completed,82.91
EP007935,E02371,P005,2025-04-12,2025-05-27,Completed,80.29
EP007936,E02710,P012,2025-06-09,,Enrolled,
EP007937,E00505,P026,2026-07-15,2026-10-07,Completed,71.94
EP007938,E01721,P036,2024-12-27,2025-01-25,Completed,73.1
EP007939,E00951,P007,2024-10-09,,Enrolled,
EP007940,E03635,P009,2024-08-17,,Enrolled,
EP007941,E04074,P020,2025-09-28,2025-10-14,Completed,76.24
EP007942,E00019,P027,2025-02-12,,Enrolled,
EP007943,E01313,P024,2025-04-12,,Withdrawn,
EP007944,E02639,P032,2025-01-21,2025-02-09,Completed,76.28
EP007945,E00761,P025,2024-07-30,2024-11-08,Completed,79.9
EP007946,E02486,P027,2025-01-22,,Enrolled,
EP007947,E02631,P039,2026-03-21,,Withdrawn,
EP007948,E03319,P039,2026-03-23,,Enrolled,
EP007949,E01344,P020,2025-09-27,2025-12-02,Completed,82.46
EP007950,E03527,P028,2024-06-08,2024-09-04,Completed,75.54
EP007951,E00814,P008,2024-10-10,,Withdrawn,
EP007952,E01620,P009,2024-10-22,2024-12-21,Completed,82.16
EP007953,E01131,P036,2024-11-27,2024-12-21,Completed,77.28
EP007954,E02017,P027,2024-12-21,,Withdrawn,
EP007955,E03401,P027,2025-02-13,2025-02-13,Completed,84.59
EP007956,E04248,P005,2025-04-16,2025-05-23,Completed,72.53
EP007957,E01633,P001,2026-01-01,2026-01-01,Completed,85.28
EP007958,E00542,P028,2024-08-30,,Enrolled,
EP007959,E02029,P031,2026-07-28,2026-08-07,Completed,76.27
EP007960,E01243,P034,2025-07-04,,Withdrawn,
EP007961,E01420,P016,2024-10-23,2024-10-31,Completed,77.0
EP007962,E00982,P031,2026-07-13,2026-07-26,Completed,92.47
EP007963,E00689,P011,2025-02-09,2025-03-24,Completed,77.28
EP007964,E00224,P003,2025-11-21,,Enrolled,
EP007965,E04423,P036,2025-01-19,2025-02-04,Completed,70.39
EP007966,E04093,P029,2026-05-06,,Withdrawn,
EP007967,E01037,P013,2025-05-25,,Enrolled,
EP007968,E04759,P035,2024-06-17,,Enrolled,
EP007969,E01331,P019,2026-04-01,2026-05-14,Completed,94.08
EP007970,E04244,P017,2024-03-11,2024-04-06,Completed,86.2
EP007971,E00850,P009,2024-10-25,2024-12-09,Completed,97.61
EP007972,E04343,P029,2026-03-07,,Enrolled,
EP007973,E04456,P025,2024-07-28,,Enrolled,
EP007974,E02350,P038,2025-06-09,2025-06-23,Completed,84.53
EP007975,E03380,P035,2024-08-14,2024-09-22,Completed,81.3
EP007976,E04688,P018,2026-07-02,2026-07-04,Completed,64.35
EP007977,E02397,P026,2026-09-08,,In Progress,
EP007978,E04817,P007,2024-09-03,,Enrolled,
EP007979,E00116,P007,2024-08-30,,Enrolled,
EP007980,E01762,P039,2026-03-20,2026-04-10,Completed,85.7
EP007981,E03674,P018,2026-04-25,2026-07-08,Completed,84.96
EP007982,E04340,P023,2025-09-08,,Enrolled,
EP007983,E01108,P027,2025-01-02,2025-02-06,Completed,82.3
EP007984,E03345,P025,2024-09-01,,Enrolled,
EP007985,E04520,P017,2024-03-11,,Enrolled,
EP007986,E02280,P019,2026-04-18,2026-05-11,Completed,86.62
EP007987,E00313,P011,2024-09-12,,Enrolled,
EP007988,E03832,P015,2025-04-03,2025-04-17,Completed,78.27
EP007989,E03274,P020,2025-12-20,,Enrolled,
EP007990,E04783,P028,2024-08-25,2024-08-27,Completed,75.04
EP007991,E00375,P029,2026-03-01,,Enrolled,
EP007992,E04308,P021,2025-02-27,2025-03-13,Completed,77.67
EP007993,E01694,P028,2024-04-26,,Enrolled,
EP007994,E03201,P020,2025-09-30,2026-01-14,Completed,85.41
EP007995,E01485,P002,2024-10-19,2024-11-25,Completed,90.92
EP007996,E04310,P020,2025-10-25,,Enrolled,
EP007997,E00338,P024,2025-02-26,2025-04-20,Completed,84.51
EP007998,E02670,P016,2024-12-15,2024-12-17,Completed,64.99
EP007999,E01784,P005,2025-08-08,2025-08-09,Completed,94.04
EP008000,E04575,P027,2024-12-09,,Withdrawn,
