move_id,employee_id,move_date,move_type,from_organization_id,to_organization_id,from_job_level,to_job_level
M000001,E04852,2026-09-19,Lateral Transfer,ORG035,ORG035,L2,L2
M000002,E03188,2026-09-20,Organization Transfer,ORG002,ORG044,L5,L5
M000003,E04989,2026-05-06,Organization Transfer,ORG045,ORG047,L6,L6
M000004,E01143,2025-08-25,Promotion,ORG045,ORG045,L5,L6
M000005,E03011,2026-03-19,Organization Transfer,ORG021,ORG005,L2,L2
M000006,E00449,2024-08-25,Lateral Transfer,ORG018,ORG018,L2,L2
M000007,E02781,2026-12-08,Lateral Transfer,ORG033,ORG033,L6,L6
M000008,E03432,2024-11-22,Lateral Transfer,ORG048,ORG048,L2,L2
M000009,E03937,2025-10-10,Lateral Transfer,ORG028,ORG028,L3,L3
M000010,E03660,2024-06-04,Role Change,ORG025,ORG012,L2,L3
M000011,E01324,2026-12-14,Promotion,ORG020,ORG020,L5,L6
M000012,E00034,2026-11-09,Organization Transfer,ORG015,ORG007,L3,L3
M000013,E02467,2024-02-29,Organization Transfer,ORG035,ORG005,L7,L7
M000014,E03297,2026-05-07,Lateral Transfer,ORG038,ORG038,L3,L3
M000015,E02904,2024-09-17,Lateral Transfer,ORG007,ORG007,L6,L6
M000016,E02689,2026-06-27,Organization Transfer,ORG042,ORG017,L6,L6
M000017,E03495,2026-11-08,Role Change,ORG026,ORG021,L3,L3
M000018,E02838,2025-06-15,Lateral Transfer,ORG009,ORG009,L3,L3
M000019,E01762,2026-12-28,Role Change,ORG031,ORG031,L5,L5
M000020,E03350,2024-01-30,Organization Transfer,ORG036,ORG040,L3,L3
M000021,E00603,2026-06-29,Organization Transfer,ORG045,ORG038,L2,L2
M000022,E00184,2025-12-08,Role Change,ORG036,ORG043,L4,L5
M000023,E04026,2024-04-14,Organization Transfer,ORG005,ORG036,L2,L2
M000024,E02908,2025-12-30,Organization Transfer,ORG013,ORG025,L3,L3
M000025,E03716,2024-06-28,Organization Transfer,ORG036,ORG022,L3,L3
M000026,E03628,2024-04-26,Organization Transfer,ORG030,ORG027,L2,L2
M000027,E02591,2024-12-24,Promotion,ORG010,ORG010,L2,L3
M000028,E04600,2025-12-12,Organization Transfer,ORG046,ORG005,L5,L5
M000029,E04956,2024-11-14,Organization Transfer,ORG042,ORG008,L2,L2
M000030,E02334,2025-01-07,Organization Transfer,ORG028,ORG021,L5,L5
M000031,E00864,2026-11-09,Role Change,ORG022,ORG016,L5,L5
M000032,E00859,2026-11-16,Promotion,ORG015,ORG015,L3,L4
M000033,E02111,2026-12-01,Organization Transfer,ORG003,ORG039,L5,L5
M000034,E04918,2026-03-12,Lateral Transfer,ORG036,ORG036,L4,L4
M000035,E04004,2024-09-09,Lateral Transfer,ORG038,ORG038,L2,L2
M000036,E04228,2026-09-17,Lateral Transfer,ORG047,ORG047,L3,L3
M000037,E02817,2025-10-17,Role Change,ORG039,ORG039,L2,L2
M000038,E02614,2025-05-28,Role Change,ORG005,ORG005,L4,L4
M000039,E03113,2026-11-30,Promotion,ORG006,ORG006,L3,L4
M000040,E01601,2026-12-22,Organization Transfer,ORG048,ORG013,L4,L4
M000041,E01949,2026-09-19,Lateral Transfer,ORG031,ORG031,L3,L3
M000042,E00644,2024-09-05,Role Change,ORG034,ORG034,L5,L5
M000043,E03412,2024-07-24,Lateral Transfer,ORG041,ORG041,L4,L4
M000044,E02945,2026-12-03,Organization Transfer,ORG032,ORG021,L3,L3
M000045,E01712,2026-07-21,Role Change,ORG008,ORG008,L5,L5
M000046,E00140,2025-01-31,Promotion,ORG003,ORG003,L3,L4
M000047,E01315,2025-06-12,Promotion,ORG015,ORG015,L4,L5
M000048,E04333,2024-03-17,Lateral Transfer,ORG040,ORG040,L6,L6
M000049,E00227,2024-03-13,Lateral Transfer,ORG002,ORG002,L3,L3
M000050,E04495,2025-08-01,Lateral Transfer,ORG048,ORG048,L7,L7
M000051,E04259,2024-09-14,Organization Transfer,ORG042,ORG026,L7,L7
M000052,E02170,2026-05-12,Promotion,ORG016,ORG016,L3,L4
M000053,E02376,2026-10-15,Lateral Transfer,ORG022,ORG022,L3,L3
M000054,E02529,2026-08-08,Role Change,ORG015,ORG036,L4,L4
M000055,E01818,2026-05-20,Organization Transfer,ORG033,ORG031,L5,L5
M000056,E00226,2025-06-10,Lateral Transfer,ORG046,ORG046,L3,L3
M000057,E03178,2026-07-04,Promotion,ORG009,ORG009,L2,L3
M000058,E00790,2025-09-24,Role Change,ORG010,ORG010,L5,L5
M000059,E04752,2025-02-13,Promotion,ORG005,ORG005,L3,L4
M000060,E03725,2025-05-19,Organization Transfer,ORG043,ORG013,L5,L5
M000061,E00403,2026-11-22,Organization Transfer,ORG010,ORG043,L3,L3
M000062,E03571,2026-12-20,Lateral Transfer,ORG037,ORG037,L3,L3
M000063,E04794,2025-02-13,Role Change,ORG004,ORG005,L2,L2
M000064,E03768,2026-10-27,Lateral Transfer,ORG003,ORG003,L5,L5
M000065,E00565,2025-08-27,Lateral Transfer,ORG010,ORG010,L5,L5
M000066,E02244,2025-06-17,Promotion,ORG045,ORG045,L3,L4
M000067,E01742,2026-03-05,Lateral Transfer,ORG023,ORG023,L3,L3
M000068,E01200,2026-03-23,Promotion,ORG047,ORG047,L6,L7
M000069,E00961,2026-01-01,Organization Transfer,ORG048,ORG007,L3,L3
M000070,E00291,2026-10-29,Promotion,ORG005,ORG005,L3,L4
M000071,E01360,2024-05-28,Organization Transfer,ORG004,ORG031,L3,L3
M000072,E01799,2026-11-11,Organization Transfer,ORG021,ORG025,L3,L3
M000073,E04729,2026-12-31,Role Change,ORG025,ORG025,L3,L3
M000074,E03380,2026-02-16,Role Change,ORG047,ORG047,L4,L4
M000075,E02472,2024-06-14,Role Change,ORG041,ORG041,L5,L5
M000076,E02756,2026-12-30,Role Change,ORG016,ORG041,L5,L6
M000077,E03237,2026-12-30,Role Change,ORG018,ORG003,L4,L4
M000078,E02644,2026-09-02,Lateral Transfer,ORG036,ORG036,L2,L2
M000079,E01497,2026-11-11,Lateral Transfer,ORG017,ORG017,L4,L4
M000080,E00332,2025-10-05,Organization Transfer,ORG044,ORG011,L4,L4
M000081,E02649,2026-03-07,Organization Transfer,ORG037,ORG045,L6,L6
M000082,E00501,2026-10-21,Lateral Transfer,ORG028,ORG028,L5,L5
M000083,E04355,2025-12-22,Role Change,ORG050,ORG026,L4,L4
M000084,E00328,2025-08-06,Promotion,ORG048,ORG048,L5,L6
M000085,E00059,2026-06-23,Organization Transfer,ORG045,ORG047,L5,L5
M000086,E03545,2024-01-22,Lateral Transfer,ORG011,ORG011,L2,L2
M000087,E01694,2025-10-27,Lateral Transfer,ORG042,ORG042,L4,L4
M000088,E02071,2026-12-15,Lateral Transfer,ORG033,ORG033,L2,L2
M000089,E03468,2025-10-24,Role Change,ORG007,ORG007,L4,L5
M000090,E00939,2024-05-23,Lateral Transfer,ORG018,ORG018,L6,L6
M000091,E00824,2026-05-07,Role Change,ORG010,ORG010,L4,L5
M000092,E03541,2026-12-07,Lateral Transfer,ORG004,ORG004,L3,L3
M000093,E03752,2026-04-29,Promotion,ORG006,ORG006,L5,L6
M000094,E00941,2025-12-15,Lateral Transfer,ORG021,ORG021,L3,L3
M000095,E02173,2026-02-09,Role Change,ORG022,ORG022,L4,L4
M000096,E02095,2026-07-19,Lateral Transfer,ORG034,ORG034,L2,L2
M000097,E04824,2026-03-05,Promotion,ORG026,ORG026,L6,L7
M000098,E02237,2026-09-29,Promotion,ORG043,ORG043,L4,L5
M000099,E02889,2026-02-14,Organization Transfer,ORG028,ORG036,L2,L2
M000100,E01895,2025-11-10,Organization Transfer,ORG037,ORG035,L3,L3
M000101,E01456,2025-01-20,Organization Transfer,ORG018,ORG050,L3,L3
M000102,E01855,2026-08-20,Promotion,ORG037,ORG037,L3,L4
M000103,E01401,2025-11-18,Promotion,ORG041,ORG041,L3,L4
M000104,E02235,2024-01-30,Promotion,ORG001,ORG001,L4,L5
M000105,E04736,2026-10-09,Role Change,ORG023,ORG023,L4,L5
M000106,E02940,2024-11-27,Organization Transfer,ORG001,ORG005,L4,L4
M000107,E02355,2026-08-08,Promotion,ORG014,ORG014,L5,L6
M000108,E04828,2025-03-19,Organization Transfer,ORG034,ORG032,L5,L5
M000109,E00844,2026-07-12,Lateral Transfer,ORG039,ORG039,L2,L2
M000110,E00948,2025-05-25,Lateral Transfer,ORG032,ORG032,L2,L2
M000111,E01147,2025-04-13,Role Change,ORG018,ORG018,L5,L5
M000112,E04985,2026-08-30,Promotion,ORG018,ORG018,L4,L5
M000113,E04859,2026-06-11,Role Change,ORG032,ORG049,L5,L5
M000114,E02798,2024-07-24,Role Change,ORG033,ORG033,L3,L3
M000115,E01693,2024-02-13,Role Change,ORG003,ORG019,L2,L2
M000116,E00779,2026-11-13,Lateral Transfer,ORG044,ORG044,L3,L3
M000117,E04594,2024-03-05,Role Change,ORG022,ORG022,L2,L2
M000118,E00121,2025-07-13,Role Change,ORG032,ORG032,L5,L5
M000119,E00383,2026-02-12,Promotion,ORG040,ORG040,L4,L5
M000120,E01673,2024-02-11,Organization Transfer,ORG011,ORG038,L2,L2
M000121,E01081,2024-02-22,Organization Transfer,ORG045,ORG007,L5,L5
M000122,E00884,2024-08-05,Organization Transfer,ORG019,ORG042,L4,L4
M000123,E04027,2025-10-02,Organization Transfer,ORG001,ORG043,L2,L2
M000124,E03281,2026-01-28,Organization Transfer,ORG011,ORG028,L5,L5
M000125,E00152,2026-01-24,Organization Transfer,ORG040,ORG033,L3,L3
M000126,E01243,2026-12-29,Organization Transfer,ORG043,ORG001,L4,L4
M000127,E02748,2026-07-18,Organization Transfer,ORG019,ORG018,L5,L5
M000128,E01002,2026-10-10,Lateral Transfer,ORG042,ORG042,L6,L6
M000129,E03183,2026-12-30,Organization Transfer,ORG015,ORG006,L4,L4
M000130,E04721,2025-10-21,Organization Transfer,ORG022,ORG037,L4,L4
M000131,E02392,2026-12-29,Lateral Transfer,ORG032,ORG032,L4,L4
M000132,E01772,2026-11-13,Lateral Transfer,ORG034,ORG034,L6,L6
M000133,E01844,2024-01-02,Lateral Transfer,ORG007,ORG007,L3,L3
M000134,E01334,2026-06-03,Lateral Transfer,ORG026,ORG026,L4,L4
M000135,E04312,2026-05-12,Organization Transfer,ORG002,ORG008,L2,L2
M000136,E03732,2026-02-15,Lateral Transfer,ORG006,ORG006,L5,L5
M000137,E01844,2026-08-12,Organization Transfer,ORG007,ORG020,L3,L3
M000138,E03684,2024-08-29,Lateral Transfer,ORG028,ORG028,L2,L2
M000139,E03338,2026-11-30,Promotion,ORG026,ORG026,L4,L5
M000140,E02735,2025-06-22,Organization Transfer,ORG025,ORG038,L6,L6
M000141,E01107,2024-03-07,Organization Transfer,ORG040,ORG049,L3,L3
M000142,E02405,2024-01-07,Promotion,ORG040,ORG040,L3,L4
M000143,E00013,2025-01-16,Lateral Transfer,ORG043,ORG043,L6,L6
M000144,E00691,2025-12-31,Lateral Transfer,ORG036,ORG036,L5,L5
M000145,E03428,2024-11-05,Lateral Transfer,ORG028,ORG028,L5,L5
M000146,E00746,2026-06-18,Organization Transfer,ORG039,ORG018,L4,L4
M000147,E01452,2026-09-04,Promotion,ORG023,ORG023,L2,L3
M000148,E00951,2026-01-20,Role Change,ORG046,ORG046,L3,L4
M000149,E03463,2025-04-13,Lateral Transfer,ORG039,ORG039,L3,L3
M000150,E01696,2025-02-12,Lateral Transfer,ORG016,ORG016,L3,L3
M000151,E02701,2026-12-19,Promotion,ORG047,ORG047,L3,L4
M000152,E00675,2024-09-10,Organization Transfer,ORG013,ORG019,L3,L3
M000153,E02886,2026-12-16,Promotion,ORG023,ORG023,L4,L5
M000154,E00833,2024-10-25,Promotion,ORG041,ORG041,L3,L4
M000155,E00433,2025-12-10,Organization Transfer,ORG012,ORG004,L5,L5
M000156,E03155,2024-08-27,Promotion,ORG019,ORG019,L5,L6
M000157,E04457,2024-02-13,Organization Transfer,ORG028,ORG011,L6,L6
M000158,E03147,2026-03-04,Promotion,ORG044,ORG044,L3,L4
M000159,E03728,2026-12-18,Promotion,ORG020,ORG020,L2,L3
M000160,E02162,2026-10-23,Promotion,ORG039,ORG039,L2,L3
M000161,E01279,2024-03-28,Lateral Transfer,ORG019,ORG019,L2,L2
M000162,E04775,2025-08-27,Organization Transfer,ORG012,ORG023,L2,L2
M000163,E00779,2025-06-13,Lateral Transfer,ORG044,ORG044,L3,L3
M000164,E01760,2026-04-05,Organization Transfer,ORG041,ORG009,L4,L4
M000165,E03967,2025-05-25,Role Change,ORG032,ORG032,L3,L3
M000166,E01842,2024-12-26,Lateral Transfer,ORG030,ORG030,L4,L4
M000167,E03009,2026-12-10,Organization Transfer,ORG040,ORG012,L5,L5
M000168,E04642,2024-11-29,Promotion,ORG004,ORG004,L4,L5
M000169,E03392,2025-02-25,Lateral Transfer,ORG030,ORG030,L7,L7
M000170,E03691,2025-12-02,Promotion,ORG010,ORG010,L2,L3
M000171,E04203,2026-07-17,Organization Transfer,ORG001,ORG024,L4,L4
M000172,E03067,2025-02-28,Role Change,ORG012,ORG012,L3,L3
M000173,E03334,2026-08-21,Role Change,ORG021,ORG021,L5,L6
M000174,E01783,2025-07-29,Organization Transfer,ORG013,ORG039,L2,L2
M000175,E00554,2024-06-04,Lateral Transfer,ORG027,ORG027,L5,L5
M000176,E01857,2026-10-17,Lateral Transfer,ORG009,ORG009,L3,L3
M000177,E04745,2026-02-02,Lateral Transfer,ORG007,ORG007,L4,L4
M000178,E04456,2026-02-03,Role Change,ORG035,ORG023,L6,L6
M000179,E00255,2026-08-22,Organization Transfer,ORG035,ORG001,L3,L3
M000180,E01259,2026-07-10,Organization Transfer,ORG007,ORG031,L4,L4
M000181,E04644,2026-11-09,Lateral Transfer,ORG001,ORG001,L2,L2
M000182,E03006,2026-02-02,Lateral Transfer,ORG007,ORG007,L4,L4
M000183,E04203,2024-07-02,Lateral Transfer,ORG001,ORG001,L4,L4
M000184,E04860,2025-07-27,Lateral Transfer,ORG021,ORG021,L5,L5
M000185,E03264,2025-09-27,Lateral Transfer,ORG035,ORG035,L6,L6
M000186,E04576,2024-04-02,Organization Transfer,ORG006,ORG033,L3,L3
M000187,E04177,2025-05-01,Lateral Transfer,ORG029,ORG029,L3,L3
M000188,E01908,2024-11-24,Organization Transfer,ORG020,ORG041,L4,L4
M000189,E01597,2025-05-24,Organization Transfer,ORG002,ORG041,L6,L6
M000190,E02895,2025-12-20,Lateral Transfer,ORG021,ORG021,L4,L4
M000191,E03534,2024-03-24,Promotion,ORG009,ORG009,L3,L4
M000192,E02440,2024-11-08,Lateral Transfer,ORG016,ORG016,L6,L6
M000193,E00589,2025-06-04,Role Change,ORG034,ORG034,L5,L6
M000194,E04687,2026-09-28,Organization Transfer,ORG007,ORG001,L3,L3
M000195,E00428,2026-10-27,Promotion,ORG047,ORG047,L3,L4
M000196,E00953,2026-01-03,Role Change,ORG012,ORG012,L5,L5
M000197,E00983,2026-11-22,Role Change,ORG018,ORG018,L5,L5
M000198,E02014,2026-12-29,Lateral Transfer,ORG009,ORG009,L4,L4
M000199,E00305,2025-02-06,Lateral Transfer,ORG011,ORG011,L6,L6
M000200,E01554,2024-12-08,Organization Transfer,ORG025,ORG034,L4,L4
M000201,E02128,2026-09-30,Promotion,ORG040,ORG040,L5,L6
M000202,E03085,2024-11-07,Organization Transfer,ORG002,ORG012,L6,L6
M000203,E01871,2025-04-29,Lateral Transfer,ORG033,ORG033,L5,L5
M000204,E00096,2026-09-10,Lateral Transfer,ORG045,ORG045,L5,L5
M000205,E04301,2025-03-16,Organization Transfer,ORG046,ORG029,L5,L5
M000206,E02056,2026-04-18,Role Change,ORG030,ORG030,L3,L3
M000207,E02861,2025-01-08,Role Change,ORG030,ORG030,L5,L6
M000208,E02676,2025-08-11,Role Change,ORG019,ORG019,L4,L5
M000209,E02215,2024-09-30,Organization Transfer,ORG014,ORG033,L4,L4
M000210,E00573,2026-04-18,Promotion,ORG048,ORG048,L3,L4
M000211,E01097,2026-06-19,Organization Transfer,ORG034,ORG002,L2,L2
M000212,E04949,2025-08-31,Organization Transfer,ORG028,ORG036,L2,L2
M000213,E00098,2025-11-14,Role Change,ORG050,ORG050,L5,L5
M000214,E00632,2026-08-29,Lateral Transfer,ORG012,ORG012,L2,L2
M000215,E03101,2026-06-18,Promotion,ORG042,ORG042,L4,L5
M000216,E01283,2025-12-21,Organization Transfer,ORG023,ORG013,L3,L3
M000217,E00895,2026-06-03,Organization Transfer,ORG022,ORG019,L6,L6
M000218,E02622,2025-03-12,Promotion,ORG034,ORG034,L3,L4
M000219,E00722,2025-09-12,Lateral Transfer,ORG037,ORG037,L5,L5
M000220,E02437,2024-11-09,Promotion,ORG036,ORG036,L4,L5
M000221,E04041,2025-04-27,Promotion,ORG033,ORG033,L4,L5
M000222,E02690,2026-12-26,Lateral Transfer,ORG030,ORG030,L5,L5
M000223,E02832,2026-12-30,Lateral Transfer,ORG015,ORG015,L5,L5
M000224,E02269,2026-11-05,Organization Transfer,ORG034,ORG008,L5,L5
M000225,E00498,2026-12-19,Organization Transfer,ORG011,ORG014,L3,L3
M000226,E02293,2024-11-27,Lateral Transfer,ORG018,ORG018,L4,L4
M000227,E00318,2025-02-01,Lateral Transfer,ORG018,ORG018,L3,L3
M000228,E00843,2026-02-24,Organization Transfer,ORG027,ORG011,L4,L4
M000229,E02261,2025-01-31,Lateral Transfer,ORG031,ORG031,L4,L4
M000230,E00216,2024-09-29,Lateral Transfer,ORG019,ORG019,L5,L5
M000231,E00770,2025-09-17,Promotion,ORG040,ORG040,L2,L3
M000232,E01180,2026-12-19,Promotion,ORG014,ORG014,L2,L3
M000233,E00934,2024-01-04,Organization Transfer,ORG045,ORG027,L4,L4
M000234,E00103,2025-05-18,Promotion,ORG041,ORG041,L5,L6
M000235,E04265,2026-09-08,Organization Transfer,ORG025,ORG024,L4,L4
M000236,E03417,2026-08-17,Role Change,ORG044,ORG010,L5,L5
M000237,E01920,2024-09-05,Role Change,ORG031,ORG049,L4,L4
M000238,E04138,2024-07-30,Organization Transfer,ORG005,ORG021,L3,L3
M000239,E02929,2026-11-20,Lateral Transfer,ORG038,ORG038,L4,L4
M000240,E01854,2025-03-19,Lateral Transfer,ORG014,ORG014,L5,L5
M000241,E03925,2024-02-03,Lateral Transfer,ORG001,ORG001,L2,L2
M000242,E02356,2025-07-25,Organization Transfer,ORG038,ORG017,L4,L4
M000243,E03404,2024-11-20,Organization Transfer,ORG006,ORG046,L2,L2
M000244,E00743,2026-02-06,Promotion,ORG011,ORG011,L5,L6
M000245,E01024,2026-10-22,Organization Transfer,ORG011,ORG007,L2,L2
M000246,E01553,2025-05-19,Promotion,ORG034,ORG034,L2,L3
M000247,E02427,2026-03-05,Lateral Transfer,ORG016,ORG016,L4,L4
M000248,E01004,2026-11-04,Promotion,ORG007,ORG007,L3,L4
M000249,E03473,2026-10-05,Promotion,ORG036,ORG036,L2,L3
M000250,E03726,2025-11-10,Lateral Transfer,ORG001,ORG001,L3,L3
M000251,E02655,2024-11-24,Organization Transfer,ORG009,ORG024,L2,L2
M000252,E03917,2026-09-19,Organization Transfer,ORG020,ORG049,L4,L4
M000253,E02366,2025-11-01,Lateral Transfer,ORG031,ORG031,L4,L4
M000254,E00531,2026-04-10,Promotion,ORG036,ORG036,L4,L5
M000255,E02794,2025-10-17,Promotion,ORG028,ORG028,L3,L4
M000256,E01325,2024-05-25,Lateral Transfer,ORG040,ORG040,L6,L6
M000257,E04552,2026-07-06,Promotion,ORG043,ORG043,L3,L4
M000258,E00397,2024-10-04,Lateral Transfer,ORG022,ORG022,L6,L6
M000259,E00698,2024-10-18,Lateral Transfer,ORG023,ORG023,L5,L5
M000260,E01675,2026-03-27,Promotion,ORG044,ORG044,L4,L5
M000261,E01813,2025-09-16,Role Change,ORG033,ORG033,L4,L4
M000262,E00621,2024-09-06,Organization Transfer,ORG029,ORG016,L4,L4
M000263,E00886,2026-01-28,Promotion,ORG026,ORG026,L3,L4
M000264,E03608,2026-12-15,Promotion,ORG020,ORG020,L5,L6
M000265,E03700,2025-05-01,Lateral Transfer,ORG025,ORG025,L3,L3
M000266,E01271,2025-01-02,Lateral Transfer,ORG029,ORG029,L3,L3
M000267,E03638,2026-10-12,Promotion,ORG018,ORG018,L4,L5
M000268,E01114,2024-12-16,Role Change,ORG008,ORG008,L3,L3
M000269,E03215,2026-05-30,Promotion,ORG015,ORG015,L6,L7
M000270,E01972,2026-10-12,Lateral Transfer,ORG008,ORG008,L3,L3
M000271,E01632,2026-06-30,Organization Transfer,ORG001,ORG005,L4,L4
M000272,E03771,2025-06-24,Role Change,ORG008,ORG018,L4,L5
M000273,E03468,2026-04-26,Role Change,ORG007,ORG007,L4,L4
M000274,E00313,2026-03-08,Role Change,ORG032,ORG032,L2,L2
M000275,E02270,2025-10-17,Promotion,ORG018,ORG018,L5,L6
M000276,E01347,2026-10-10,Role Change,ORG017,ORG017,L6,L6
M000277,E04757,2024-06-11,Promotion,ORG031,ORG031,L6,L7
M000278,E01787,2026-01-23,Organization Transfer,ORG038,ORG014,L4,L4
M000279,E01895,2025-09-07,Promotion,ORG037,ORG037,L3,L4
M000280,E02237,2026-09-13,Promotion,ORG043,ORG043,L4,L5
M000281,E03236,2024-05-16,Promotion,ORG013,ORG013,L3,L4
M000282,E04986,2026-05-20,Lateral Transfer,ORG048,ORG048,L6,L6
M000283,E01991,2024-06-18,Role Change,ORG035,ORG035,L3,L3
M000284,E02219,2025-08-24,Promotion,ORG030,ORG030,L3,L4
M000285,E01293,2025-09-21,Promotion,ORG015,ORG015,L4,L5
M000286,E02301,2025-09-10,Lateral Transfer,ORG017,ORG017,L3,L3
M000287,E02746,2025-01-07,Organization Transfer,ORG018,ORG020,L4,L4
M000288,E03203,2026-11-30,Promotion,ORG043,ORG043,L5,L6
M000289,E00602,2026-03-29,Lateral Transfer,ORG020,ORG020,L2,L2
M000290,E00613,2024-03-11,Promotion,ORG026,ORG026,L3,L4
M000291,E02845,2026-10-15,Role Change,ORG038,ORG038,L5,L5
M000292,E02178,2024-10-26,Promotion,ORG043,ORG043,L4,L5
M000293,E01148,2026-07-24,Organization Transfer,ORG011,ORG038,L6,L6
M000294,E03111,2026-01-30,Promotion,ORG011,ORG011,L5,L6
M000295,E01972,2026-02-03,Lateral Transfer,ORG008,ORG008,L3,L3
M000296,E02604,2026-08-21,Organization Transfer,ORG029,ORG009,L2,L2
M000297,E00498,2024-06-29,Role Change,ORG011,ORG011,L3,L4
M000298,E02933,2025-12-03,Organization Transfer,ORG009,ORG035,L7,L7
M000299,E00084,2025-05-07,Lateral Transfer,ORG038,ORG038,L6,L6
M000300,E03638,2026-01-08,Organization Transfer,ORG018,ORG043,L4,L4
M000301,E01362,2026-10-07,Role Change,ORG039,ORG039,L3,L3
M000302,E00382,2026-10-07,Lateral Transfer,ORG008,ORG008,L3,L3
M000303,E04110,2024-07-25,Lateral Transfer,ORG010,ORG010,L6,L6
M000304,E00430,2024-08-11,Lateral Transfer,ORG033,ORG033,L5,L5
M000305,E00301,2026-03-24,Role Change,ORG035,ORG035,L3,L3
M000306,E03161,2024-09-09,Organization Transfer,ORG040,ORG045,L6,L6
M000307,E02480,2025-12-06,Promotion,ORG040,ORG040,L3,L4
M000308,E04495,2026-01-25,Role Change,ORG048,ORG005,L7,L7
M000309,E01374,2024-05-11,Lateral Transfer,ORG033,ORG033,L7,L7
M000310,E02362,2024-01-31,Lateral Transfer,ORG015,ORG015,L4,L4
M000311,E01078,2026-07-22,Promotion,ORG014,ORG014,L3,L4
M000312,E01910,2026-12-23,Role Change,ORG043,ORG049,L7,L7
M000313,E00366,2025-02-26,Role Change,ORG014,ORG014,L6,L6
M000314,E03601,2026-09-14,Promotion,ORG042,ORG042,L5,L6
M000315,E01296,2026-04-23,Lateral Transfer,ORG009,ORG009,L2,L2
M000316,E00955,2025-03-08,Organization Transfer,ORG046,ORG006,L4,L4
M000317,E04940,2025-09-15,Lateral Transfer,ORG046,ORG046,L4,L4
M000318,E00505,2026-07-02,Lateral Transfer,ORG009,ORG009,L4,L4
M000319,E04318,2025-12-29,Organization Transfer,ORG005,ORG026,L3,L3
M000320,E01489,2026-10-11,Role Change,ORG016,ORG016,L4,L4
M000321,E04029,2026-08-21,Organization Transfer,ORG026,ORG002,L3,L3
M000322,E00590,2026-10-28,Organization Transfer,ORG029,ORG014,L5,L5
M000323,E00412,2025-12-19,Lateral Transfer,ORG003,ORG003,L4,L4
M000324,E01031,2026-07-05,Promotion,ORG004,ORG004,L6,L7
M000325,E04567,2025-02-25,Promotion,ORG027,ORG027,L4,L5
M000326,E02763,2025-02-27,Lateral Transfer,ORG041,ORG041,L2,L2
M000327,E02276,2026-05-12,Organization Transfer,ORG026,ORG025,L2,L2
M000328,E00868,2025-09-10,Lateral Transfer,ORG046,ORG046,L5,L5
M000329,E00629,2024-05-25,Promotion,ORG048,ORG048,L5,L6
M000330,E02754,2026-12-07,Role Change,ORG030,ORG030,L5,L5
M000331,E04511,2026-12-16,Organization Transfer,ORG019,ORG022,L5,L5
M000332,E01299,2025-03-05,Organization Transfer,ORG046,ORG012,L6,L6
M000333,E03914,2026-05-13,Promotion,ORG001,ORG001,L4,L5
M000334,E04726,2026-04-29,Role Change,ORG032,ORG032,L2,L2
M000335,E00678,2026-11-12,Organization Transfer,ORG018,ORG043,L2,L2
M000336,E03455,2025-03-04,Organization Transfer,ORG023,ORG013,L3,L3
M000337,E01517,2025-04-28,Promotion,ORG047,ORG047,L6,L7
M000338,E01837,2026-07-29,Organization Transfer,ORG048,ORG034,L4,L4
M000339,E03979,2026-12-30,Role Change,ORG027,ORG027,L3,L3
M000340,E01538,2026-06-21,Organization Transfer,ORG030,ORG024,L6,L6
M000341,E03118,2026-05-15,Organization Transfer,ORG037,ORG021,L5,L5
M000342,E00855,2026-11-01,Promotion,ORG039,ORG039,L3,L4
M000343,E04185,2026-08-30,Promotion,ORG037,ORG037,L4,L5
M000344,E03290,2026-12-26,Lateral Transfer,ORG040,ORG040,L2,L2
M000345,E01750,2024-06-30,Organization Transfer,ORG019,ORG023,L2,L2
M000346,E01249,2025-10-31,Organization Transfer,ORG027,ORG018,L4,L4
M000347,E03127,2025-03-14,Lateral Transfer,ORG033,ORG033,L4,L4
M000348,E04002,2026-01-12,Organization Transfer,ORG042,ORG046,L4,L4
M000349,E00419,2026-12-26,Organization Transfer,ORG044,ORG040,L4,L4
M000350,E00125,2026-09-06,Promotion,ORG023,ORG023,L3,L4
M000351,E02479,2025-11-25,Role Change,ORG024,ORG024,L3,L3
M000352,E01761,2026-12-21,Organization Transfer,ORG010,ORG015,L3,L3
M000353,E02201,2026-07-28,Lateral Transfer,ORG011,ORG011,L4,L4
M000354,E03436,2026-03-22,Organization Transfer,ORG007,ORG049,L5,L5
M000355,E03544,2026-07-15,Lateral Transfer,ORG018,ORG018,L3,L3
M000356,E04886,2024-01-12,Promotion,ORG012,ORG012,L5,L6
M000357,E00410,2026-07-29,Organization Transfer,ORG005,ORG039,L3,L3
M000358,E02269,2026-09-12,Promotion,ORG034,ORG034,L5,L6
M000359,E02864,2025-12-30,Promotion,ORG042,ORG042,L5,L6
M000360,E03666,2026-12-12,Organization Transfer,ORG013,ORG014,L4,L4
M000361,E04329,2025-04-12,Lateral Transfer,ORG042,ORG042,L4,L4
M000362,E01074,2024-03-15,Organization Transfer,ORG010,ORG004,L2,L2
M000363,E00084,2026-12-30,Role Change,ORG038,ORG020,L6,L6
M000364,E04539,2026-06-20,Promotion,ORG035,ORG035,L2,L3
M000365,E04745,2024-04-12,Promotion,ORG007,ORG007,L4,L5
M000366,E01903,2024-01-25,Role Change,ORG013,ORG013,L3,L3
M000367,E02503,2024-07-03,Organization Transfer,ORG040,ORG019,L4,L4
M000368,E03252,2024-11-05,Organization Transfer,ORG016,ORG033,L4,L4
M000369,E00313,2024-05-05,Organization Transfer,ORG032,ORG019,L2,L2
M000370,E00691,2025-12-10,Organization Transfer,ORG036,ORG016,L5,L5
M000371,E02311,2025-08-22,Organization Transfer,ORG044,ORG006,L3,L3
M000372,E01795,2026-07-28,Organization Transfer,ORG009,ORG035,L3,L3
M000373,E01300,2024-10-27,Role Change,ORG031,ORG031,L5,L5
M000374,E02787,2026-07-18,Organization Transfer,ORG048,ORG002,L3,L3
M000375,E01806,2026-10-05,Organization Transfer,ORG012,ORG037,L5,L5
M000376,E03400,2024-10-21,Promotion,ORG008,ORG008,L5,L6
M000377,E03939,2024-10-05,Lateral Transfer,ORG003,ORG003,L4,L4
M000378,E00864,2026-11-22,Promotion,ORG022,ORG022,L5,L6
M000379,E03903,2024-06-01,Lateral Transfer,ORG026,ORG026,L6,L6
M000380,E01544,2026-03-27,Organization Transfer,ORG013,ORG029,L4,L4
M000381,E02125,2025-11-09,Organization Transfer,ORG045,ORG026,L4,L4
M000382,E02134,2026-05-10,Promotion,ORG013,ORG013,L3,L4
M000383,E00644,2025-04-18,Lateral Transfer,ORG034,ORG034,L5,L5
M000384,E03108,2024-08-31,Promotion,ORG043,ORG043,L4,L5
M000385,E02868,2026-08-31,Organization Transfer,ORG024,ORG009,L2,L2
M000386,E00977,2024-02-05,Lateral Transfer,ORG043,ORG043,L4,L4
M000387,E01348,2024-10-25,Promotion,ORG030,ORG030,L4,L5
M000388,E01753,2026-04-28,Lateral Transfer,ORG041,ORG041,L2,L2
M000389,E01462,2024-08-30,Organization Transfer,ORG015,ORG016,L4,L4
M000390,E01624,2026-09-20,Organization Transfer,ORG031,ORG005,L3,L3
M000391,E03179,2026-06-30,Organization Transfer,ORG034,ORG031,L6,L6
M000392,E00370,2025-11-08,Promotion,ORG043,ORG043,L2,L3
M000393,E03546,2026-04-02,Promotion,ORG005,ORG005,L4,L5
M000394,E04487,2024-10-01,Organization Transfer,ORG032,ORG005,L5,L5
M000395,E00660,2024-11-21,Lateral Transfer,ORG049,ORG049,L6,L6
M000396,E03785,2025-11-13,Promotion,ORG039,ORG039,L3,L4
M000397,E04119,2026-12-12,Organization Transfer,ORG038,ORG048,L4,L4
M000398,E01209,2025-07-27,Organization Transfer,ORG042,ORG041,L3,L3
M000399,E03330,2026-05-05,Promotion,ORG032,ORG032,L4,L5
M000400,E00395,2025-09-09,Role Change,ORG047,ORG047,L5,L6
M000401,E02209,2024-05-25,Organization Transfer,ORG006,ORG011,L2,L2
M000402,E04172,2026-05-07,Promotion,ORG033,ORG033,L4,L5
M000403,E01274,2026-07-13,Lateral Transfer,ORG043,ORG043,L5,L5
M000404,E00896,2026-08-07,Lateral Transfer,ORG014,ORG014,L6,L6
M000405,E01451,2025-08-01,Organization Transfer,ORG043,ORG006,L4,L4
M000406,E02823,2026-12-19,Lateral Transfer,ORG010,ORG010,L5,L5
M000407,E00102,2026-09-22,Role Change,ORG002,ORG020,L3,L3
M000408,E01880,2024-02-17,Lateral Transfer,ORG014,ORG014,L3,L3
M000409,E04125,2024-02-25,Role Change,ORG004,ORG036,L4,L4
M000410,E03357,2024-02-17,Lateral Transfer,ORG045,ORG045,L5,L5
M000411,E01552,2025-09-01,Organization Transfer,ORG002,ORG037,L4,L4
M000412,E04957,2025-02-24,Lateral Transfer,ORG033,ORG033,L3,L3
M000413,E03078,2024-09-18,Organization Transfer,ORG007,ORG014,L4,L4
M000414,E04205,2026-02-06,Organization Transfer,ORG016,ORG002,L5,L5
M000415,E00456,2026-11-26,Promotion,ORG005,ORG005,L3,L4
M000416,E00219,2025-09-10,Organization Transfer,ORG039,ORG047,L4,L4
M000417,E04810,2024-11-12,Lateral Transfer,ORG037,ORG037,L3,L3
M000418,E04983,2026-08-06,Lateral Transfer,ORG010,ORG010,L6,L6
M000419,E03770,2026-04-09,Role Change,ORG002,ORG002,L5,L5
M000420,E02600,2026-12-30,Promotion,ORG011,ORG011,L2,L3
M000421,E03382,2026-12-16,Organization Transfer,ORG026,ORG024,L5,L5
M000422,E01675,2026-12-12,Promotion,ORG044,ORG044,L4,L5
M000423,E04863,2025-04-18,Lateral Transfer,ORG008,ORG008,L4,L4
M000424,E01621,2025-02-17,Organization Transfer,ORG018,ORG010,L4,L4
M000425,E00046,2025-06-26,Organization Transfer,ORG003,ORG039,L3,L3
M000426,E03343,2024-09-15,Organization Transfer,ORG009,ORG018,L3,L3
M000427,E02408,2025-02-08,Organization Transfer,ORG015,ORG013,L2,L2
M000428,E01440,2025-06-14,Lateral Transfer,ORG044,ORG044,L3,L3
M000429,E03706,2024-01-06,Organization Transfer,ORG022,ORG013,L3,L3
M000430,E00889,2025-12-18,Organization Transfer,ORG039,ORG036,L4,L4
M000431,E04082,2026-10-20,Lateral Transfer,ORG035,ORG035,L3,L3
M000432,E00784,2024-03-12,Organization Transfer,ORG006,ORG013,L5,L5
M000433,E03670,2025-09-30,Lateral Transfer,ORG012,ORG012,L4,L4
M000434,E03319,2026-02-16,Lateral Transfer,ORG016,ORG016,L2,L2
M000435,E04644,2024-01-03,Promotion,ORG001,ORG001,L2,L3
M000436,E04450,2024-09-11,Organization Transfer,ORG038,ORG007,L3,L3
M000437,E03626,2026-02-07,Lateral Transfer,ORG040,ORG040,L2,L2
M000438,E03266,2026-05-16,Organization Transfer,ORG039,ORG043,L2,L2
M000439,E02970,2026-11-03,Organization Transfer,ORG045,ORG003,L3,L3
M000440,E00980,2024-01-11,Lateral Transfer,ORG042,ORG042,L6,L6
M000441,E02279,2024-08-23,Lateral Transfer,ORG025,ORG025,L6,L6
M000442,E01906,2026-02-27,Role Change,ORG047,ORG047,L3,L3
M000443,E04292,2025-12-27,Organization Transfer,ORG025,ORG032,L3,L3
M000444,E00577,2026-01-29,Lateral Transfer,ORG017,ORG017,L3,L3
M000445,E03344,2024-03-22,Organization Transfer,ORG027,ORG003,L5,L5
M000446,E02874,2025-02-18,Organization Transfer,ORG026,ORG032,L3,L3
M000447,E02214,2026-12-21,Promotion,ORG001,ORG001,L3,L4
M000448,E02425,2026-05-09,Lateral Transfer,ORG048,ORG048,L4,L4
M000449,E02530,2026-12-12,Role Change,ORG016,ORG016,L5,L5
M000450,E02571,2025-06-12,Organization Transfer,ORG017,ORG008,L3,L3
M000451,E01495,2025-09-07,Role Change,ORG034,ORG034,L4,L4
M000452,E03027,2024-11-07,Organization Transfer,ORG038,ORG003,L5,L5
M000453,E02614,2025-06-19,Organization Transfer,ORG005,ORG032,L4,L4
M000454,E04132,2026-10-14,Organization Transfer,ORG041,ORG047,L4,L4
M000455,E01460,2025-01-29,Promotion,ORG018,ORG018,L2,L3
M000456,E03451,2026-12-24,Lateral Transfer,ORG026,ORG026,L2,L2
M000457,E04123,2024-09-07,Lateral Transfer,ORG021,ORG021,L4,L4
M000458,E02188,2025-08-06,Lateral Transfer,ORG019,ORG019,L4,L4
M000459,E02885,2024-07-16,Organization Transfer,ORG010,ORG011,L2,L2
M000460,E01996,2024-04-18,Lateral Transfer,ORG006,ORG006,L4,L4
M000461,E03885,2026-09-26,Promotion,ORG018,ORG018,L5,L6
M000462,E03132,2026-03-02,Organization Transfer,ORG030,ORG042,L2,L2
M000463,E04163,2025-06-08,Role Change,ORG044,ORG022,L2,L2
M000464,E03772,2026-12-24,Promotion,ORG023,ORG023,L3,L4
M000465,E00399,2026-07-28,Promotion,ORG044,ORG044,L3,L4
M000466,E02400,2024-07-28,Organization Transfer,ORG048,ORG044,L3,L3
M000467,E03461,2024-07-29,Organization Transfer,ORG014,ORG034,L7,L7
M000468,E01504,2025-06-08,Role Change,ORG013,ORG013,L4,L4
M000469,E02612,2025-01-05,Organization Transfer,ORG001,ORG004,L6,L6
M000470,E03381,2025-02-12,Lateral Transfer,ORG034,ORG034,L3,L3
M000471,E02143,2026-07-23,Lateral Transfer,ORG039,ORG039,L3,L3
M000472,E04321,2025-05-21,Organization Transfer,ORG014,ORG007,L3,L3
M000473,E04146,2026-08-15,Promotion,ORG034,ORG034,L5,L6
M000474,E04484,2024-07-27,Lateral Transfer,ORG009,ORG009,L5,L5
M000475,E03031,2025-02-25,Organization Transfer,ORG007,ORG050,L4,L4
M000476,E04619,2026-10-26,Lateral Transfer,ORG037,ORG037,L3,L3
M000477,E00643,2025-01-28,Promotion,ORG007,ORG007,L5,L6
M000478,E04668,2024-08-24,Lateral Transfer,ORG005,ORG005,L4,L4
M000479,E03424,2026-12-09,Promotion,ORG040,ORG040,L4,L5
M000480,E04204,2026-12-23,Lateral Transfer,ORG031,ORG031,L4,L4
M000481,E02542,2026-10-09,Lateral Transfer,ORG008,ORG008,L4,L4
M000482,E04453,2026-11-22,Lateral Transfer,ORG043,ORG043,L4,L4
M000483,E02004,2025-10-13,Lateral Transfer,ORG016,ORG016,L4,L4
M000484,E00088,2026-08-21,Organization Transfer,ORG049,ORG032,L4,L4
M000485,E03870,2026-02-01,Organization Transfer,ORG018,ORG011,L4,L4
M000486,E01382,2025-04-08,Promotion,ORG018,ORG018,L3,L4
M000487,E04946,2024-12-27,Role Change,ORG032,ORG039,L3,L3
M000488,E02392,2026-12-25,Promotion,ORG032,ORG032,L4,L5
M000489,E04481,2026-05-01,Organization Transfer,ORG039,ORG036,L2,L2
M000490,E03889,2026-07-23,Organization Transfer,ORG017,ORG026,L4,L4
M000491,E03058,2026-11-20,Organization Transfer,ORG034,ORG023,L3,L3
M000492,E03868,2026-08-27,Promotion,ORG041,ORG041,L3,L4
M000493,E00399,2025-08-08,Promotion,ORG044,ORG044,L3,L4
M000494,E01575,2025-03-23,Organization Transfer,ORG006,ORG041,L2,L2
M000495,E03085,2024-06-30,Organization Transfer,ORG002,ORG046,L6,L6
M000496,E03559,2024-09-30,Role Change,ORG015,ORG015,L2,L3
M000497,E03246,2026-03-21,Lateral Transfer,ORG030,ORG030,L4,L4
M000498,E00158,2026-07-19,Lateral Transfer,ORG025,ORG025,L2,L2
M000499,E03644,2025-08-15,Lateral Transfer,ORG015,ORG015,L4,L4
M000500,E04740,2025-08-25,Role Change,ORG006,ORG006,L3,L3
M000501,E00523,2026-06-04,Lateral Transfer,ORG002,ORG002,L5,L5
M000502,E01022,2026-07-10,Lateral Transfer,ORG033,ORG033,L6,L6
M000503,E04967,2026-02-07,Lateral Transfer,ORG019,ORG019,L2,L2
M000504,E02723,2026-12-05,Role Change,ORG030,ORG030,L4,L4
M000505,E00448,2026-09-16,Organization Transfer,ORG029,ORG001,L5,L5
M000506,E03947,2025-03-08,Role Change,ORG030,ORG030,L2,L2
M000507,E01545,2024-09-08,Role Change,ORG030,ORG039,L4,L4
M000508,E02801,2025-10-11,Organization Transfer,ORG040,ORG030,L3,L3
M000509,E00605,2026-10-06,Promotion,ORG021,ORG021,L6,L7
M000510,E00294,2025-08-31,Organization Transfer,ORG032,ORG042,L3,L3
M000511,E04369,2025-03-17,Lateral Transfer,ORG022,ORG022,L7,L7
M000512,E04948,2025-01-28,Role Change,ORG009,ORG009,L2,L2
M000513,E00521,2026-04-08,Promotion,ORG036,ORG036,L5,L6
M000514,E00674,2026-02-13,Lateral Transfer,ORG038,ORG038,L2,L2
M000515,E01792,2025-10-26,Organization Transfer,ORG028,ORG025,L4,L4
M000516,E02181,2026-02-11,Lateral Transfer,ORG015,ORG015,L4,L4
M000517,E03731,2026-09-28,Promotion,ORG009,ORG009,L2,L3
M000518,E04995,2025-12-09,Organization Transfer,ORG048,ORG012,L2,L2
M000519,E03381,2024-02-09,Lateral Transfer,ORG034,ORG034,L3,L3
M000520,E02257,2026-09-25,Lateral Transfer,ORG047,ORG047,L2,L2
M000521,E00978,2025-02-15,Promotion,ORG015,ORG015,L5,L6
M000522,E01850,2026-05-15,Promotion,ORG029,ORG029,L5,L6
M000523,E01517,2025-03-13,Organization Transfer,ORG047,ORG025,L6,L6
M000524,E01958,2025-07-08,Promotion,ORG048,ORG048,L2,L3
M000525,E02488,2024-09-29,Lateral Transfer,ORG026,ORG026,L3,L3
M000526,E01446,2026-08-17,Lateral Transfer,ORG002,ORG002,L4,L4
M000527,E04229,2024-02-21,Lateral Transfer,ORG023,ORG023,L3,L3
M000528,E02704,2026-12-07,Lateral Transfer,ORG044,ORG044,L5,L5
M000529,E01931,2024-11-17,Promotion,ORG040,ORG040,L2,L3
M000530,E03494,2026-12-15,Promotion,ORG005,ORG005,L4,L5
M000531,E00861,2026-03-04,Promotion,ORG020,ORG020,L3,L4
M000532,E03639,2024-09-28,Lateral Transfer,ORG032,ORG032,L3,L3
M000533,E00039,2026-12-01,Promotion,ORG036,ORG036,L6,L7
M000534,E02561,2025-04-06,Lateral Transfer,ORG007,ORG007,L6,L6
M000535,E00819,2026-12-10,Promotion,ORG009,ORG009,L5,L6
M000536,E03423,2024-09-19,Lateral Transfer,ORG006,ORG006,L4,L4
M000537,E03118,2026-04-18,Lateral Transfer,ORG037,ORG037,L5,L5
M000538,E03693,2024-06-17,Promotion,ORG018,ORG018,L5,L6
M000539,E04740,2025-04-28,Lateral Transfer,ORG006,ORG006,L3,L3
M000540,E04347,2024-02-23,Lateral Transfer,ORG041,ORG041,L7,L7
M000541,E02678,2024-08-22,Role Change,ORG041,ORG041,L4,L4
M000542,E04164,2024-06-13,Promotion,ORG014,ORG014,L4,L5
M000543,E04002,2024-10-20,Organization Transfer,ORG042,ORG010,L4,L4
M000544,E01092,2026-01-02,Lateral Transfer,ORG007,ORG007,L5,L5
M000545,E00086,2025-07-30,Role Change,ORG031,ORG031,L4,L4
M000546,E04327,2026-02-07,Organization Transfer,ORG030,ORG021,L3,L3
M000547,E04770,2025-03-24,Role Change,ORG023,ORG023,L6,L7
M000548,E01598,2025-05-17,Promotion,ORG021,ORG021,L5,L6
M000549,E00437,2025-04-26,Lateral Transfer,ORG031,ORG031,L3,L3
M000550,E02647,2025-01-10,Promotion,ORG018,ORG018,L3,L4
M000551,E02172,2024-08-17,Organization Transfer,ORG030,ORG032,L6,L6
M000552,E00774,2024-05-30,Organization Transfer,ORG033,ORG028,L4,L4
M000553,E00947,2024-06-14,Organization Transfer,ORG013,ORG008,L4,L4
M000554,E00734,2025-09-14,Role Change,ORG045,ORG045,L5,L5
M000555,E02686,2024-12-29,Organization Transfer,ORG039,ORG013,L6,L6
M000556,E00516,2024-03-15,Lateral Transfer,ORG022,ORG022,L3,L3
M000557,E04896,2026-01-24,Lateral Transfer,ORG047,ORG047,L4,L4
M000558,E03567,2026-10-05,Organization Transfer,ORG034,ORG044,L5,L5
M000559,E02057,2026-06-29,Organization Transfer,ORG015,ORG048,L3,L3
M000560,E03482,2026-03-23,Lateral Transfer,ORG011,ORG011,L3,L3
M000561,E04186,2025-07-27,Promotion,ORG001,ORG001,L5,L6
M000562,E01468,2026-02-11,Lateral Transfer,ORG005,ORG005,L6,L6
M000563,E03375,2025-05-13,Role Change,ORG027,ORG031,L2,L2
M000564,E01690,2026-11-21,Organization Transfer,ORG045,ORG010,L5,L5
M000565,E03353,2026-04-23,Promotion,ORG006,ORG006,L4,L5
M000566,E03584,2026-08-11,Organization Transfer,ORG001,ORG030,L4,L4
M000567,E02807,2026-08-27,Organization Transfer,ORG010,ORG042,L6,L6
M000568,E00768,2026-05-03,Role Change,ORG044,ORG044,L2,L2
M000569,E00030,2024-09-12,Lateral Transfer,ORG033,ORG033,L4,L4
M000570,E04538,2026-09-06,Organization Transfer,ORG019,ORG011,L3,L3
M000571,E03869,2025-08-17,Organization Transfer,ORG047,ORG036,L3,L3
M000572,E04537,2024-10-06,Role Change,ORG017,ORG004,L4,L4
M000573,E01870,2025-04-19,Lateral Transfer,ORG039,ORG039,L4,L4
M000574,E01319,2026-03-10,Organization Transfer,ORG044,ORG041,L5,L5
M000575,E04474,2026-01-02,Organization Transfer,ORG018,ORG047,L5,L5
M000576,E02778,2024-01-09,Lateral Transfer,ORG040,ORG040,L4,L4
M000577,E04282,2025-11-16,Organization Transfer,ORG018,ORG025,L4,L4
M000578,E03925,2026-11-05,Lateral Transfer,ORG001,ORG001,L2,L2
M000579,E02282,2026-08-29,Organization Transfer,ORG003,ORG050,L5,L5
M000580,E01621,2024-01-13,Organization Transfer,ORG018,ORG038,L4,L4
M000581,E03766,2024-12-05,Organization Transfer,ORG021,ORG034,L4,L4
M000582,E03975,2026-12-23,Lateral Transfer,ORG047,ORG047,L2,L2
M000583,E04562,2025-08-06,Organization Transfer,ORG019,ORG033,L5,L5
M000584,E04894,2026-05-26,Lateral Transfer,ORG032,ORG032,L4,L4
M000585,E01794,2024-06-12,Lateral Transfer,ORG050,ORG050,L5,L5
M000586,E00404,2026-05-28,Promotion,ORG046,ORG046,L2,L3
M000587,E02179,2026-06-12,Role Change,ORG002,ORG002,L4,L4
M000588,E02314,2026-09-01,Lateral Transfer,ORG032,ORG032,L3,L3
M000589,E01415,2025-04-17,Lateral Transfer,ORG023,ORG023,L4,L4
M000590,E04744,2026-11-28,Role Change,ORG029,ORG025,L7,L7
M000591,E03850,2024-12-16,Promotion,ORG035,ORG035,L2,L3
M000592,E02815,2025-11-03,Organization Transfer,ORG020,ORG024,L3,L3
M000593,E04267,2026-11-24,Organization Transfer,ORG003,ORG042,L6,L6
M000594,E00782,2024-01-03,Role Change,ORG027,ORG027,L3,L3
M000595,E02416,2025-12-14,Lateral Transfer,ORG019,ORG019,L3,L3
M000596,E02565,2024-01-05,Organization Transfer,ORG003,ORG013,L4,L4
M000597,E03469,2026-05-16,Organization Transfer,ORG018,ORG040,L4,L4
M000598,E00811,2024-09-01,Promotion,ORG034,ORG034,L2,L3
M000599,E03911,2026-04-21,Lateral Transfer,ORG009,ORG009,L3,L3
M000600,E02645,2025-08-05,Lateral Transfer,ORG004,ORG004,L2,L2
M000601,E02550,2026-11-21,Organization Transfer,ORG024,ORG027,L3,L3
M000602,E01026,2026-04-17,Promotion,ORG013,ORG013,L3,L4
M000603,E03531,2026-05-23,Promotion,ORG021,ORG021,L6,L7
M000604,E03206,2024-08-26,Organization Transfer,ORG002,ORG048,L5,L5
M000605,E01731,2024-07-24,Promotion,ORG028,ORG028,L5,L6
M000606,E03288,2025-11-16,Organization Transfer,ORG023,ORG007,L4,L4
M000607,E04542,2026-03-04,Organization Transfer,ORG050,ORG018,L3,L3
M000608,E00514,2025-07-12,Promotion,ORG004,ORG004,L2,L3
M000609,E02313,2025-08-29,Organization Transfer,ORG040,ORG049,L4,L4
M000610,E00836,2024-02-07,Role Change,ORG017,ORG017,L2,L2
M000611,E02430,2026-12-21,Promotion,ORG003,ORG003,L3,L4
M000612,E00998,2026-06-09,Promotion,ORG029,ORG029,L5,L6
M000613,E02599,2026-01-02,Promotion,ORG030,ORG030,L3,L4
M000614,E00984,2024-11-04,Role Change,ORG044,ORG044,L6,L6
M000615,E01355,2024-04-13,Organization Transfer,ORG001,ORG015,L4,L4
M000616,E01853,2026-09-05,Lateral Transfer,ORG027,ORG027,L4,L4
M000617,E03661,2024-09-03,Organization Transfer,ORG032,ORG024,L5,L5
M000618,E03362,2026-01-27,Lateral Transfer,ORG046,ORG046,L2,L2
M000619,E02247,2025-03-10,Role Change,ORG025,ORG025,L6,L7
M000620,E04409,2025-01-10,Organization Transfer,ORG013,ORG031,L3,L3
M000621,E03299,2025-12-23,Organization Transfer,ORG042,ORG002,L3,L3
M000622,E01223,2026-05-17,Lateral Transfer,ORG027,ORG027,L2,L2
M000623,E03597,2024-11-13,Organization Transfer,ORG030,ORG007,L4,L4
M000624,E01779,2026-10-28,Organization Transfer,ORG022,ORG013,L4,L4
M000625,E01173,2025-04-29,Promotion,ORG012,ORG012,L3,L4
M000626,E03064,2025-06-18,Lateral Transfer,ORG025,ORG025,L4,L4
M000627,E03475,2026-08-01,Organization Transfer,ORG013,ORG045,L4,L4
M000628,E03641,2025-01-11,Lateral Transfer,ORG024,ORG024,L2,L2
M000629,E02356,2025-03-11,Organization Transfer,ORG038,ORG026,L4,L4
M000630,E02568,2026-12-16,Lateral Transfer,ORG024,ORG024,L4,L4
M000631,E04357,2026-02-13,Promotion,ORG036,ORG036,L3,L4
M000632,E01772,2026-09-21,Role Change,ORG034,ORG034,L6,L6
M000633,E00068,2026-03-22,Lateral Transfer,ORG040,ORG040,L7,L7
M000634,E02040,2026-07-25,Role Change,ORG046,ORG020,L4,L4
M000635,E02191,2025-01-08,Organization Transfer,ORG027,ORG047,L4,L4
M000636,E03955,2025-02-21,Organization Transfer,ORG008,ORG010,L4,L4
M000637,E00233,2025-04-02,Organization Transfer,ORG016,ORG022,L4,L4
M000638,E01744,2025-11-06,Promotion,ORG026,ORG026,L2,L3
M000639,E03977,2024-02-22,Organization Transfer,ORG029,ORG018,L3,L3
M000640,E01440,2025-08-18,Organization Transfer,ORG044,ORG008,L3,L3
M000641,E00326,2025-07-11,Role Change,ORG025,ORG025,L6,L6
M000642,E02813,2026-05-12,Role Change,ORG022,ORG022,L4,L5
M000643,E00386,2026-05-28,Role Change,ORG005,ORG020,L4,L4
M000644,E02588,2024-08-02,Role Change,ORG025,ORG025,L5,L5
M000645,E04100,2026-08-07,Organization Transfer,ORG043,ORG008,L4,L4
M000646,E04890,2026-11-16,Role Change,ORG011,ORG011,L3,L3
M000647,E01723,2026-06-24,Role Change,ORG023,ORG008,L2,L2
M000648,E00417,2024-10-28,Promotion,ORG047,ORG047,L2,L3
M000649,E02996,2025-07-24,Promotion,ORG013,ORG013,L5,L6
M000650,E04734,2026-06-11,Promotion,ORG041,ORG041,L6,L7
M000651,E02659,2024-08-13,Role Change,ORG001,ORG001,L3,L4
M000652,E01503,2026-11-03,Promotion,ORG005,ORG005,L6,L7
M000653,E03387,2025-02-05,Promotion,ORG020,ORG020,L5,L6
M000654,E02010,2024-08-23,Lateral Transfer,ORG045,ORG045,L5,L5
M000655,E00642,2026-06-02,Organization Transfer,ORG013,ORG048,L2,L2
M000656,E03904,2026-12-25,Promotion,ORG047,ORG047,L3,L4
M000657,E01059,2024-12-08,Organization Transfer,ORG048,ORG038,L2,L2
M000658,E00013,2024-02-16,Organization Transfer,ORG043,ORG032,L6,L6
M000659,E00886,2025-10-07,Organization Transfer,ORG026,ORG035,L3,L3
M000660,E01126,2025-02-01,Lateral Transfer,ORG002,ORG002,L4,L4
M000661,E01848,2026-05-28,Organization Transfer,ORG025,ORG017,L3,L3
M000662,E00908,2024-12-31,Organization Transfer,ORG011,ORG008,L4,L4
M000663,E04627,2026-07-19,Lateral Transfer,ORG008,ORG008,L4,L4
M000664,E04370,2024-03-27,Promotion,ORG005,ORG005,L2,L3
M000665,E01379,2026-12-29,Organization Transfer,ORG019,ORG050,L2,L2
M000666,E03380,2025-12-06,Role Change,ORG047,ORG047,L4,L5
M000667,E03814,2026-03-20,Promotion,ORG041,ORG041,L5,L6
M000668,E01626,2025-04-30,Role Change,ORG012,ORG012,L4,L4
M000669,E02468,2026-09-16,Promotion,ORG001,ORG001,L3,L4
M000670,E03928,2026-01-30,Organization Transfer,ORG014,ORG035,L5,L5
M000671,E03274,2024-11-08,Lateral Transfer,ORG031,ORG031,L4,L4
M000672,E00094,2025-04-08,Role Change,ORG013,ORG013,L4,L4
M000673,E01330,2026-02-03,Role Change,ORG031,ORG025,L6,L6
M000674,E03951,2026-09-05,Role Change,ORG036,ORG036,L2,L3
M000675,E01099,2026-12-08,Role Change,ORG030,ORG030,L3,L3
M000676,E02568,2026-11-12,Lateral Transfer,ORG024,ORG024,L4,L4
M000677,E04656,2024-11-30,Organization Transfer,ORG047,ORG036,L4,L4
M000678,E04114,2025-08-04,Organization Transfer,ORG036,ORG028,L3,L3
M000679,E01859,2025-05-04,Promotion,ORG046,ORG046,L3,L4
M000680,E03076,2025-10-03,Organization Transfer,ORG023,ORG007,L2,L2
M000681,E02906,2025-12-23,Organization Transfer,ORG049,ORG036,L4,L4
M000682,E00959,2026-12-24,Organization Transfer,ORG001,ORG041,L4,L4
M000683,E02274,2026-03-26,Organization Transfer,ORG032,ORG029,L4,L4
M000684,E00308,2025-11-15,Organization Transfer,ORG026,ORG032,L2,L2
M000685,E00764,2025-10-26,Role Change,ORG031,ORG041,L5,L6
M000686,E00683,2026-01-28,Lateral Transfer,ORG047,ORG047,L3,L3
M000687,E01018,2026-09-25,Lateral Transfer,ORG026,ORG026,L3,L3
M000688,E00648,2026-02-15,Lateral Transfer,ORG012,ORG012,L4,L4
M000689,E00507,2026-01-24,Lateral Transfer,ORG005,ORG005,L6,L6
M000690,E03120,2025-07-13,Role Change,ORG007,ORG024,L2,L2
M000691,E00911,2026-11-15,Organization Transfer,ORG043,ORG047,L4,L4
M000692,E03819,2025-01-31,Role Change,ORG028,ORG028,L3,L3
M000693,E02404,2025-06-12,Promotion,ORG041,ORG041,L4,L5
M000694,E00167,2025-04-14,Lateral Transfer,ORG040,ORG040,L2,L2
M000695,E03329,2026-06-13,Lateral Transfer,ORG029,ORG029,L2,L2
M000696,E04389,2024-03-14,Role Change,ORG011,ORG011,L3,L3
M000697,E04962,2025-10-02,Organization Transfer,ORG021,ORG013,L4,L4
M000698,E00494,2025-04-09,Promotion,ORG001,ORG001,L3,L4
M000699,E00048,2026-12-14,Lateral Transfer,ORG025,ORG025,L2,L2
M000700,E04729,2026-12-31,Role Change,ORG025,ORG014,L3,L3
M000701,E02838,2025-07-16,Promotion,ORG009,ORG009,L3,L4
M000702,E01691,2025-08-23,Organization Transfer,ORG031,ORG035,L6,L6
M000703,E03269,2024-09-12,Role Change,ORG021,ORG021,L6,L7
M000704,E02975,2026-04-23,Organization Transfer,ORG004,ORG015,L3,L3
M000705,E00757,2026-08-20,Lateral Transfer,ORG036,ORG036,L4,L4
M000706,E00259,2025-05-26,Organization Transfer,ORG014,ORG016,L4,L4
M000707,E03714,2024-08-29,Lateral Transfer,ORG036,ORG036,L5,L5
M000708,E00461,2024-02-05,Organization Transfer,ORG023,ORG015,L4,L4
M000709,E01676,2026-06-27,Promotion,ORG019,ORG019,L6,L7
M000710,E03153,2024-07-21,Organization Transfer,ORG023,ORG042,L6,L6
M000711,E02113,2025-07-10,Promotion,ORG019,ORG019,L5,L6
M000712,E00749,2026-07-08,Organization Transfer,ORG031,ORG012,L3,L3
M000713,E01102,2026-08-19,Lateral Transfer,ORG012,ORG012,L3,L3
M000714,E03824,2025-11-16,Organization Transfer,ORG033,ORG035,L7,L7
M000715,E01575,2024-07-15,Lateral Transfer,ORG006,ORG006,L2,L2
M000716,E02567,2024-03-24,Lateral Transfer,ORG033,ORG033,L3,L3
M000717,E04349,2024-08-21,Promotion,ORG029,ORG029,L5,L6
M000718,E04898,2025-07-22,Role Change,ORG042,ORG042,L4,L5
M000719,E00360,2024-12-06,Promotion,ORG034,ORG034,L5,L6
M000720,E00995,2026-10-15,Lateral Transfer,ORG013,ORG013,L3,L3
M000721,E03026,2024-02-16,Role Change,ORG046,ORG046,L4,L4
M000722,E04446,2026-01-31,Role Change,ORG017,ORG017,L4,L4
M000723,E01095,2026-11-15,Lateral Transfer,ORG033,ORG033,L4,L4
M000724,E00363,2026-06-28,Promotion,ORG013,ORG013,L4,L5
M000725,E03946,2025-08-13,Organization Transfer,ORG038,ORG021,L4,L4
M000726,E02493,2025-08-23,Organization Transfer,ORG037,ORG015,L3,L3
M000727,E03580,2024-10-14,Role Change,ORG013,ORG013,L3,L4
M000728,E04486,2026-10-10,Role Change,ORG005,ORG005,L4,L5
M000729,E01438,2026-10-29,Organization Transfer,ORG015,ORG025,L3,L3
M000730,E02876,2025-08-12,Lateral Transfer,ORG020,ORG020,L3,L3
M000731,E03647,2026-11-02,Promotion,ORG037,ORG037,L4,L5
M000732,E03248,2024-07-21,Lateral Transfer,ORG037,ORG037,L5,L5
M000733,E02502,2026-11-20,Lateral Transfer,ORG032,ORG032,L6,L6
M000734,E00412,2024-12-12,Organization Transfer,ORG003,ORG008,L4,L4
M000735,E03438,2025-03-11,Role Change,ORG021,ORG041,L7,L7
M000736,E00637,2026-02-28,Role Change,ORG040,ORG040,L3,L3
M000737,E00230,2025-05-26,Promotion,ORG034,ORG034,L5,L6
M000738,E03074,2025-10-14,Lateral Transfer,ORG034,ORG034,L6,L6
M000739,E00606,2024-05-24,Lateral Transfer,ORG031,ORG031,L2,L2
M000740,E03005,2025-01-05,Lateral Transfer,ORG048,ORG048,L3,L3
M000741,E01170,2026-02-02,Role Change,ORG039,ORG039,L4,L4
M000742,E04588,2026-12-14,Role Change,ORG026,ORG026,L4,L4
M000743,E00146,2026-08-17,Lateral Transfer,ORG030,ORG030,L3,L3
M000744,E00963,2024-01-08,Organization Transfer,ORG025,ORG044,L4,L4
M000745,E03226,2026-03-20,Promotion,ORG012,ORG012,L2,L3
M000746,E01882,2025-03-27,Lateral Transfer,ORG048,ORG048,L3,L3
M000747,E03515,2026-11-02,Promotion,ORG033,ORG033,L4,L5
M000748,E02530,2026-12-17,Organization Transfer,ORG016,ORG032,L5,L5
M000749,E04664,2024-03-11,Organization Transfer,ORG026,ORG047,L6,L6
M000750,E00540,2026-12-28,Organization Transfer,ORG035,ORG002,L3,L3
M000751,E02429,2026-08-01,Organization Transfer,ORG025,ORG035,L4,L4
M000752,E00180,2025-07-16,Organization Transfer,ORG013,ORG028,L2,L2
M000753,E03184,2026-05-11,Organization Transfer,ORG013,ORG010,L3,L3
M000754,E03490,2026-09-05,Promotion,ORG043,ORG043,L2,L3
M000755,E04153,2024-08-15,Organization Transfer,ORG044,ORG043,L7,L7
M000756,E01396,2026-11-24,Organization Transfer,ORG035,ORG015,L4,L4
M000757,E01489,2026-05-28,Promotion,ORG016,ORG016,L4,L5
M000758,E01367,2026-08-03,Promotion,ORG008,ORG008,L3,L4
M000759,E00912,2025-01-09,Lateral Transfer,ORG030,ORG030,L2,L2
M000760,E00518,2025-01-12,Lateral Transfer,ORG010,ORG010,L6,L6
M000761,E04563,2024-04-21,Lateral Transfer,ORG003,ORG003,L5,L5
M000762,E02403,2025-01-02,Organization Transfer,ORG047,ORG037,L3,L3
M000763,E03760,2025-10-27,Organization Transfer,ORG016,ORG012,L6,L6
M000764,E01988,2024-12-16,Promotion,ORG006,ORG006,L3,L4
M000765,E01466,2024-01-29,Organization Transfer,ORG049,ORG026,L3,L3
M000766,E00481,2024-06-01,Lateral Transfer,ORG037,ORG037,L6,L6
M000767,E00454,2026-05-02,Organization Transfer,ORG021,ORG022,L4,L4
M000768,E02394,2024-05-10,Lateral Transfer,ORG035,ORG035,L4,L4
M000769,E01741,2026-01-02,Lateral Transfer,ORG033,ORG033,L2,L2
M000770,E03570,2025-06-23,Lateral Transfer,ORG012,ORG012,L3,L3
M000771,E00093,2025-01-09,Organization Transfer,ORG026,ORG034,L4,L4
M000772,E02862,2025-07-14,Role Change,ORG027,ORG027,L7,L7
M000773,E04238,2026-08-06,Lateral Transfer,ORG039,ORG039,L4,L4
M000774,E01162,2024-06-27,Organization Transfer,ORG028,ORG017,L2,L2
M000775,E00820,2026-06-16,Promotion,ORG029,ORG029,L4,L5
M000776,E01994,2024-09-28,Lateral Transfer,ORG008,ORG008,L5,L5
M000777,E02999,2026-10-11,Lateral Transfer,ORG021,ORG021,L3,L3
M000778,E00992,2025-07-13,Promotion,ORG047,ORG047,L3,L4
M000779,E01735,2025-04-21,Lateral Transfer,ORG017,ORG017,L5,L5
M000780,E00904,2024-08-30,Lateral Transfer,ORG046,ORG046,L5,L5
M000781,E02459,2026-08-13,Organization Transfer,ORG025,ORG024,L2,L2
M000782,E03201,2026-12-05,Lateral Transfer,ORG013,ORG013,L6,L6
M000783,E01538,2024-12-12,Role Change,ORG030,ORG030,L6,L7
M000784,E02526,2025-10-17,Organization Transfer,ORG042,ORG018,L4,L4
M000785,E02350,2026-07-24,Organization Transfer,ORG025,ORG009,L5,L5
M000786,E03314,2026-12-11,Lateral Transfer,ORG015,ORG015,L2,L2
M000787,E00188,2025-08-26,Organization Transfer,ORG003,ORG015,L3,L3
M000788,E00889,2024-02-29,Lateral Transfer,ORG039,ORG039,L4,L4
M000789,E03655,2026-03-28,Promotion,ORG037,ORG037,L5,L6
M000790,E00313,2024-07-29,Promotion,ORG032,ORG032,L2,L3
M000791,E02778,2024-08-02,Organization Transfer,ORG040,ORG025,L4,L4
M000792,E01474,2026-09-25,Organization Transfer,ORG031,ORG046,L3,L3
M000793,E00978,2024-12-11,Lateral Transfer,ORG015,ORG015,L5,L5
M000794,E03621,2026-06-09,Lateral Transfer,ORG009,ORG009,L3,L3
M000795,E04158,2024-03-27,Role Change,ORG029,ORG029,L4,L5
M000796,E03482,2025-08-21,Lateral Transfer,ORG011,ORG011,L3,L3
M000797,E01120,2025-10-01,Lateral Transfer,ORG011,ORG011,L4,L4
M000798,E01465,2026-02-18,Lateral Transfer,ORG020,ORG020,L3,L3
M000799,E03961,2026-09-17,Organization Transfer,ORG041,ORG019,L4,L4
M000800,E01492,2024-03-29,Role Change,ORG036,ORG035,L2,L3
M000801,E02395,2024-10-23,Promotion,ORG041,ORG041,L3,L4
M000802,E01188,2024-01-17,Promotion,ORG005,ORG005,L6,L7
M000803,E00554,2026-04-07,Promotion,ORG027,ORG027,L5,L6
M000804,E02173,2026-04-01,Organization Transfer,ORG022,ORG027,L4,L4
M000805,E04864,2026-11-16,Lateral Transfer,ORG033,ORG033,L4,L4
M000806,E03062,2026-06-03,Lateral Transfer,ORG031,ORG031,L4,L4
M000807,E03569,2025-02-16,Role Change,ORG008,ORG042,L5,L5
M000808,E02206,2026-06-04,Lateral Transfer,ORG011,ORG011,L2,L2
M000809,E00482,2024-10-31,Organization Transfer,ORG046,ORG033,L3,L3
M000810,E00453,2025-07-19,Lateral Transfer,ORG042,ORG042,L5,L5
M000811,E00593,2026-10-04,Organization Transfer,ORG044,ORG038,L2,L2
M000812,E03955,2025-09-14,Promotion,ORG008,ORG008,L4,L5
M000813,E00909,2025-11-04,Organization Transfer,ORG046,ORG036,L2,L2
M000814,E01400,2024-07-18,Lateral Transfer,ORG031,ORG031,L4,L4
M000815,E03712,2026-03-31,Organization Transfer,ORG024,ORG010,L2,L2
M000816,E01398,2026-12-28,Organization Transfer,ORG026,ORG034,L2,L2
M000817,E01447,2025-11-24,Lateral Transfer,ORG004,ORG004,L6,L6
M000818,E01825,2026-12-25,Role Change,ORG007,ORG007,L3,L4
M000819,E03192,2026-07-19,Promotion,ORG008,ORG008,L3,L4
M000820,E04321,2024-02-13,Promotion,ORG014,ORG014,L3,L4
M000821,E01243,2026-12-13,Promotion,ORG043,ORG043,L4,L5
M000822,E03819,2025-04-22,Lateral Transfer,ORG028,ORG028,L3,L3
M000823,E00055,2025-07-29,Lateral Transfer,ORG046,ORG046,L3,L3
M000824,E00864,2026-11-05,Promotion,ORG022,ORG022,L5,L6
M000825,E00240,2026-09-01,Lateral Transfer,ORG016,ORG016,L2,L2
M000826,E01927,2024-04-24,Organization Transfer,ORG004,ORG005,L3,L3
M000827,E01019,2026-08-20,Lateral Transfer,ORG003,ORG003,L2,L2
M000828,E01652,2026-07-10,Lateral Transfer,ORG006,ORG006,L2,L2
M000829,E00534,2025-09-02,Promotion,ORG029,ORG029,L2,L3
M000830,E03044,2026-02-06,Role Change,ORG012,ORG012,L5,L5
M000831,E04446,2025-10-28,Organization Transfer,ORG017,ORG032,L4,L4
M000832,E00939,2025-04-07,Promotion,ORG018,ORG018,L6,L7
M000833,E00858,2026-01-16,Role Change,ORG037,ORG035,L3,L4
M000834,E02581,2025-01-30,Lateral Transfer,ORG027,ORG027,L4,L4
M000835,E02916,2026-09-16,Role Change,ORG032,ORG033,L2,L2
M000836,E01139,2026-10-31,Lateral Transfer,ORG024,ORG024,L4,L4
M000837,E03027,2024-04-06,Organization Transfer,ORG038,ORG050,L5,L5
M000838,E01285,2024-12-06,Organization Transfer,ORG020,ORG029,L3,L3
M000839,E03644,2025-04-11,Role Change,ORG015,ORG015,L4,L4
M000840,E02970,2026-10-26,Organization Transfer,ORG045,ORG043,L3,L3
M000841,E02104,2026-12-19,Lateral Transfer,ORG042,ORG042,L3,L3
M000842,E04705,2025-06-23,Lateral Transfer,ORG038,ORG038,L2,L2
M000843,E02039,2025-03-21,Organization Transfer,ORG036,ORG028,L6,L6
M000844,E00847,2024-02-29,Lateral Transfer,ORG029,ORG029,L5,L5
M000845,E00942,2025-12-15,Role Change,ORG007,ORG034,L4,L5
M000846,E01150,2025-12-24,Role Change,ORG019,ORG019,L4,L4
M000847,E01415,2025-08-19,Lateral Transfer,ORG023,ORG023,L4,L4
M000848,E00468,2026-12-29,Lateral Transfer,ORG020,ORG020,L6,L6
M000849,E02653,2025-07-08,Promotion,ORG013,ORG013,L4,L5
M000850,E02653,2024-08-30,Organization Transfer,ORG013,ORG037,L4,L4
M000851,E04242,2026-11-11,Lateral Transfer,ORG034,ORG034,L4,L4
M000852,E02090,2026-12-28,Organization Transfer,ORG045,ORG023,L2,L2
M000853,E00814,2024-10-05,Role Change,ORG027,ORG036,L2,L2
M000854,E04787,2025-08-23,Role Change,ORG012,ORG012,L6,L6
M000855,E04281,2026-03-10,Role Change,ORG039,ORG039,L3,L3
M000856,E02771,2026-10-18,Promotion,ORG036,ORG036,L4,L5
M000857,E04725,2024-01-03,Promotion,ORG041,ORG041,L5,L6
M000858,E04667,2024-01-24,Promotion,ORG021,ORG021,L4,L5
M000859,E04813,2025-11-19,Lateral Transfer,ORG019,ORG019,L6,L6
M000860,E04957,2025-09-01,Role Change,ORG033,ORG033,L3,L3
M000861,E00352,2025-12-04,Role Change,ORG031,ORG031,L5,L6
M000862,E03457,2026-03-05,Organization Transfer,ORG042,ORG012,L4,L4
M000863,E03987,2026-11-07,Organization Transfer,ORG029,ORG031,L6,L6
M000864,E00664,2024-07-08,Promotion,ORG008,ORG008,L3,L4
M000865,E01958,2026-11-02,Lateral Transfer,ORG048,ORG048,L2,L2
M000866,E04173,2024-03-11,Role Change,ORG033,ORG033,L2,L2
M000867,E01227,2024-03-13,Promotion,ORG043,ORG043,L5,L6
M000868,E04519,2026-02-05,Role Change,ORG021,ORG021,L3,L4
M000869,E04247,2026-08-16,Role Change,ORG005,ORG005,L5,L5
M000870,E04657,2024-08-06,Lateral Transfer,ORG038,ORG038,L5,L5
M000871,E00818,2026-01-04,Organization Transfer,ORG025,ORG019,L2,L2
M000872,E04489,2026-01-14,Promotion,ORG008,ORG008,L3,L4
M000873,E03846,2025-12-29,Lateral Transfer,ORG004,ORG004,L4,L4
M000874,E02264,2026-03-16,Promotion,ORG041,ORG041,L2,L3
M000875,E01736,2024-01-28,Promotion,ORG038,ORG038,L5,L6
M000876,E03905,2026-07-20,Promotion,ORG043,ORG043,L4,L5
M000877,E03854,2026-07-11,Role Change,ORG017,ORG029,L4,L4
M000878,E00077,2024-12-27,Promotion,ORG027,ORG027,L3,L4
M000879,E04740,2025-07-30,Organization Transfer,ORG006,ORG008,L3,L3
M000880,E04551,2026-09-21,Promotion,ORG039,ORG039,L4,L5
M000881,E01035,2025-10-03,Lateral Transfer,ORG034,ORG034,L2,L2
M000882,E02067,2025-03-31,Organization Transfer,ORG023,ORG009,L4,L4
M000883,E02631,2025-05-16,Lateral Transfer,ORG028,ORG028,L6,L6
M000884,E00385,2026-06-24,Role Change,ORG042,ORG042,L3,L4
M000885,E03260,2026-07-16,Promotion,ORG012,ORG012,L3,L4
M000886,E04292,2025-03-28,Organization Transfer,ORG025,ORG014,L3,L3
M000887,E00587,2025-12-11,Lateral Transfer,ORG020,ORG020,L4,L4
M000888,E01401,2025-11-03,Lateral Transfer,ORG041,ORG041,L3,L3
M000889,E04653,2026-06-18,Lateral Transfer,ORG044,ORG044,L5,L5
M000890,E01117,2024-07-02,Role Change,ORG006,ORG012,L4,L4
M000891,E01135,2024-03-16,Lateral Transfer,ORG003,ORG003,L5,L5
M000892,E03192,2025-07-17,Organization Transfer,ORG008,ORG011,L3,L3
M000893,E01581,2025-02-02,Organization Transfer,ORG028,ORG018,L3,L3
M000894,E02868,2025-05-26,Role Change,ORG024,ORG024,L2,L2
M000895,E04620,2025-06-08,Lateral Transfer,ORG031,ORG031,L2,L2
M000896,E00914,2026-03-13,Promotion,ORG008,ORG008,L5,L6
M000897,E04645,2026-10-08,Organization Transfer,ORG025,ORG016,L3,L3
M000898,E02754,2026-11-28,Lateral Transfer,ORG030,ORG030,L5,L5
M000899,E01830,2025-03-31,Organization Transfer,ORG012,ORG038,L5,L5
M000900,E02718,2025-03-16,Role Change,ORG012,ORG026,L4,L4
M000901,E03080,2024-11-17,Promotion,ORG049,ORG049,L4,L5
M000902,E01283,2026-03-22,Lateral Transfer,ORG023,ORG023,L3,L3
M000903,E04257,2025-11-30,Lateral Transfer,ORG001,ORG001,L6,L6
M000904,E03301,2025-07-10,Organization Transfer,ORG042,ORG040,L6,L6
M000905,E02026,2026-12-28,Promotion,ORG048,ORG048,L2,L3
M000906,E04105,2026-08-18,Lateral Transfer,ORG014,ORG014,L6,L6
M000907,E04879,2024-06-27,Lateral Transfer,ORG018,ORG018,L4,L4
M000908,E01385,2026-02-01,Organization Transfer,ORG016,ORG046,L2,L2
M000909,E03180,2026-11-12,Promotion,ORG011,ORG011,L5,L6
M000910,E01476,2024-06-14,Organization Transfer,ORG002,ORG021,L3,L3
M000911,E04627,2026-04-28,Organization Transfer,ORG008,ORG001,L4,L4
M000912,E00619,2025-05-17,Role Change,ORG048,ORG047,L6,L6
M000913,E04050,2024-09-09,Lateral Transfer,ORG012,ORG012,L6,L6
M000914,E02238,2026-02-20,Promotion,ORG040,ORG040,L5,L6
M000915,E00864,2026-11-09,Lateral Transfer,ORG022,ORG022,L5,L5
M000916,E01925,2024-09-24,Lateral Transfer,ORG010,ORG010,L3,L3
M000917,E01370,2025-01-13,Promotion,ORG016,ORG016,L6,L7
M000918,E03261,2026-11-02,Lateral Transfer,ORG039,ORG039,L4,L4
M000919,E03348,2025-05-09,Lateral Transfer,ORG013,ORG013,L7,L7
M000920,E00913,2026-05-03,Role Change,ORG026,ORG026,L5,L5
M000921,E04481,2025-07-30,Organization Transfer,ORG039,ORG026,L2,L2
M000922,E02504,2026-11-11,Role Change,ORG034,ORG034,L5,L5
M000923,E04576,2024-04-25,Organization Transfer,ORG006,ORG040,L3,L3
M000924,E00562,2026-10-11,Organization Transfer,ORG030,ORG009,L5,L5
M000925,E03520,2024-01-11,Role Change,ORG033,ORG036,L5,L5
M000926,E03993,2026-05-20,Promotion,ORG004,ORG004,L4,L5
M000927,E04043,2026-09-09,Promotion,ORG015,ORG015,L6,L7
M000928,E04004,2026-07-02,Organization Transfer,ORG038,ORG046,L2,L2
M000929,E00343,2026-12-18,Organization Transfer,ORG010,ORG046,L4,L4
M000930,E04656,2024-02-19,Organization Transfer,ORG047,ORG031,L4,L4
M000931,E02324,2025-11-18,Lateral Transfer,ORG027,ORG027,L6,L6
M000932,E00277,2026-01-06,Promotion,ORG036,ORG036,L4,L5
M000933,E02582,2026-06-27,Organization Transfer,ORG006,ORG046,L4,L4
M000934,E01610,2024-09-28,Organization Transfer,ORG026,ORG049,L4,L4
M000935,E02999,2025-10-30,Role Change,ORG021,ORG021,L3,L3
M000936,E01168,2024-02-03,Lateral Transfer,ORG035,ORG035,L2,L2
M000937,E04917,2026-01-08,Organization Transfer,ORG011,ORG039,L2,L2
M000938,E03424,2025-01-04,Lateral Transfer,ORG040,ORG040,L4,L4
M000939,E02062,2024-08-02,Organization Transfer,ORG042,ORG002,L3,L3
M000940,E00786,2026-04-09,Organization Transfer,ORG017,ORG046,L2,L2
M000941,E00507,2025-07-21,Organization Transfer,ORG005,ORG043,L6,L6
M000942,E01444,2025-12-08,Role Change,ORG037,ORG037,L4,L4
M000943,E01742,2024-08-22,Lateral Transfer,ORG023,ORG023,L3,L3
M000944,E04564,2026-12-11,Promotion,ORG020,ORG020,L3,L4
M000945,E03189,2024-04-19,Organization Transfer,ORG015,ORG038,L6,L6
M000946,E00535,2025-10-19,Organization Transfer,ORG017,ORG010,L5,L5
M000947,E00336,2025-05-27,Organization Transfer,ORG046,ORG030,L2,L2
M000948,E04097,2026-12-14,Promotion,ORG018,ORG018,L4,L5
M000949,E01846,2026-04-16,Lateral Transfer,ORG034,ORG034,L3,L3
M000950,E01029,2026-10-08,Lateral Transfer,ORG036,ORG036,L3,L3
M000951,E02439,2024-07-01,Promotion,ORG014,ORG014,L5,L6
M000952,E03482,2024-04-12,Lateral Transfer,ORG011,ORG011,L3,L3
M000953,E01268,2024-07-28,Organization Transfer,ORG019,ORG037,L4,L4
M000954,E02592,2026-10-05,Lateral Transfer,ORG011,ORG011,L3,L3
M000955,E03362,2024-02-11,Promotion,ORG046,ORG046,L2,L3
M000956,E04936,2026-03-22,Organization Transfer,ORG006,ORG044,L3,L3
M000957,E03582,2025-07-29,Organization Transfer,ORG041,ORG032,L6,L6
M000958,E03266,2026-04-25,Organization Transfer,ORG039,ORG042,L2,L2
M000959,E02296,2024-02-04,Role Change,ORG009,ORG004,L3,L3
M000960,E02023,2025-12-03,Organization Transfer,ORG046,ORG004,L3,L3
M000961,E00134,2026-12-08,Promotion,ORG027,ORG027,L4,L5
M000962,E00179,2024-08-05,Lateral Transfer,ORG046,ORG046,L6,L6
M000963,E02085,2024-09-03,Promotion,ORG049,ORG049,L3,L4
M000964,E02428,2024-12-16,Lateral Transfer,ORG036,ORG036,L3,L3
M000965,E00549,2026-08-23,Role Change,ORG044,ORG025,L6,L6
M000966,E01315,2024-12-21,Promotion,ORG015,ORG015,L4,L5
M000967,E04538,2026-12-13,Lateral Transfer,ORG019,ORG019,L3,L3
M000968,E03143,2026-03-27,Organization Transfer,ORG050,ORG030,L6,L6
M000969,E01975,2026-10-01,Lateral Transfer,ORG031,ORG031,L5,L5
M000970,E01092,2026-11-07,Promotion,ORG007,ORG007,L5,L6
M000971,E01926,2024-02-24,Role Change,ORG035,ORG016,L5,L5
M000972,E02060,2025-01-01,Role Change,ORG044,ORG044,L4,L4
M000973,E04608,2026-10-11,Lateral Transfer,ORG032,ORG032,L4,L4
M000974,E04724,2026-09-22,Promotion,ORG016,ORG016,L2,L3
M000975,E01702,2025-01-31,Organization Transfer,ORG024,ORG045,L6,L6
M000976,E03172,2026-08-18,Organization Transfer,ORG032,ORG025,L2,L2
M000977,E03278,2025-09-13,Organization Transfer,ORG019,ORG015,L4,L4
M000978,E04752,2024-11-10,Organization Transfer,ORG005,ORG012,L3,L3
M000979,E01718,2025-08-11,Lateral Transfer,ORG039,ORG039,L4,L4
M000980,E04944,2025-06-02,Organization Transfer,ORG035,ORG044,L5,L5
M000981,E03676,2025-03-18,Role Change,ORG024,ORG024,L4,L5
M000982,E00341,2026-01-21,Lateral Transfer,ORG028,ORG028,L5,L5
M000983,E01685,2026-12-25,Organization Transfer,ORG042,ORG015,L5,L5
M000984,E01991,2026-09-06,Promotion,ORG035,ORG035,L3,L4
M000985,E01971,2024-01-20,Organization Transfer,ORG005,ORG041,L5,L5
M000986,E02782,2025-04-24,Promotion,ORG004,ORG004,L6,L7
M000987,E03990,2025-11-12,Promotion,ORG016,ORG016,L4,L5
M000988,E04755,2025-06-24,Lateral Transfer,ORG025,ORG025,L4,L4
M000989,E02553,2025-06-06,Organization Transfer,ORG011,ORG022,L4,L4
M000990,E00620,2026-08-16,Promotion,ORG013,ORG013,L6,L7
M000991,E00169,2024-05-01,Role Change,ORG013,ORG042,L5,L5
M000992,E00130,2026-10-17,Organization Transfer,ORG021,ORG023,L3,L3
M000993,E04279,2025-09-02,Lateral Transfer,ORG049,ORG049,L6,L6
M000994,E04317,2026-09-09,Role Change,ORG047,ORG047,L6,L6
M000995,E02048,2024-07-26,Lateral Transfer,ORG039,ORG039,L3,L3
M000996,E00870,2026-12-06,Organization Transfer,ORG008,ORG031,L2,L2
M000997,E03104,2025-12-03,Lateral Transfer,ORG041,ORG041,L2,L2
M000998,E01757,2024-10-14,Organization Transfer,ORG016,ORG022,L5,L5
M000999,E04951,2025-06-04,Organization Transfer,ORG023,ORG045,L2,L2
M001000,E03594,2024-07-24,Lateral Transfer,ORG021,ORG021,L5,L5
M001001,E04888,2024-01-30,Role Change,ORG036,ORG008,L3,L3
M001002,E00436,2025-07-10,Organization Transfer,ORG017,ORG011,L3,L3
M001003,E03599,2026-09-08,Organization Transfer,ORG001,ORG033,L4,L4
M001004,E00467,2024-07-24,Promotion,ORG034,ORG034,L3,L4
M001005,E01623,2025-02-06,Lateral Transfer,ORG041,ORG041,L5,L5
M001006,E01227,2024-08-10,Organization Transfer,ORG043,ORG020,L5,L5
M001007,E00421,2024-04-03,Organization Transfer,ORG002,ORG003,L5,L5
M001008,E03543,2026-10-17,Promotion,ORG016,ORG016,L3,L4
M001009,E01448,2025-11-08,Lateral Transfer,ORG017,ORG017,L4,L4
M001010,E02839,2026-09-27,Promotion,ORG010,ORG010,L4,L5
M001011,E02451,2025-04-27,Role Change,ORG006,ORG006,L4,L4
M001012,E00826,2026-06-18,Role Change,ORG043,ORG042,L4,L4
M001013,E01651,2026-09-03,Lateral Transfer,ORG045,ORG045,L5,L5
M001014,E01988,2025-03-07,Promotion,ORG006,ORG006,L3,L4
M001015,E01450,2024-02-22,Role Change,ORG020,ORG020,L4,L5
M001016,E03251,2026-11-05,Promotion,ORG034,ORG034,L4,L5
M001017,E00934,2025-02-16,Organization Transfer,ORG045,ORG017,L4,L4
M001018,E02730,2024-01-21,Lateral Transfer,ORG028,ORG028,L3,L3
M001019,E03176,2026-10-15,Lateral Transfer,ORG046,ORG046,L3,L3
M001020,E04063,2025-12-18,Promotion,ORG009,ORG009,L2,L3
M001021,E02100,2025-01-08,Lateral Transfer,ORG047,ORG047,L5,L5
M001022,E02953,2024-08-14,Promotion,ORG017,ORG017,L5,L6
M001023,E02392,2026-12-19,Lateral Transfer,ORG032,ORG032,L4,L4
M001024,E04323,2026-01-11,Role Change,ORG035,ORG007,L5,L5
M001025,E02130,2026-11-12,Role Change,ORG042,ORG015,L4,L4
M001026,E01009,2024-08-28,Lateral Transfer,ORG003,ORG003,L3,L3
M001027,E02862,2026-10-05,Role Change,ORG027,ORG027,L7,L7
M001028,E03959,2026-12-12,Lateral Transfer,ORG003,ORG003,L3,L3
M001029,E04726,2026-03-13,Promotion,ORG032,ORG032,L2,L3
M001030,E01467,2024-01-19,Organization Transfer,ORG020,ORG043,L5,L5
M001031,E01790,2026-06-05,Organization Transfer,ORG034,ORG032,L4,L4
M001032,E00966,2026-12-10,Role Change,ORG036,ORG036,L2,L2
M001033,E02554,2026-07-20,Lateral Transfer,ORG036,ORG036,L2,L2
M001034,E00515,2024-07-30,Organization Transfer,ORG026,ORG031,L3,L3
M001035,E03022,2025-10-21,Promotion,ORG021,ORG021,L4,L5
M001036,E04184,2024-12-28,Lateral Transfer,ORG029,ORG029,L5,L5
M001037,E02082,2026-09-23,Lateral Transfer,ORG004,ORG004,L4,L4
M001038,E02959,2024-06-16,Lateral Transfer,ORG023,ORG023,L4,L4
M001039,E01537,2024-09-19,Promotion,ORG042,ORG042,L4,L5
M001040,E04599,2024-03-25,Organization Transfer,ORG040,ORG014,L4,L4
M001041,E00514,2025-05-01,Role Change,ORG004,ORG032,L2,L3
M001042,E03784,2026-06-10,Organization Transfer,ORG009,ORG034,L4,L4
M001043,E03279,2025-12-28,Role Change,ORG037,ORG037,L2,L2
M001044,E04058,2026-12-20,Organization Transfer,ORG036,ORG006,L2,L2
M001045,E03626,2025-05-06,Organization Transfer,ORG040,ORG037,L2,L2
M001046,E03895,2025-05-10,Lateral Transfer,ORG042,ORG042,L4,L4
M001047,E03037,2024-01-10,Organization Transfer,ORG038,ORG006,L2,L2
M001048,E02652,2026-02-15,Lateral Transfer,ORG038,ORG038,L5,L5
M001049,E02383,2024-12-20,Role Change,ORG001,ORG021,L2,L2
M001050,E04658,2025-08-03,Promotion,ORG033,ORG033,L4,L5
M001051,E03038,2026-09-20,Role Change,ORG024,ORG024,L4,L4
M001052,E02137,2025-03-11,Organization Transfer,ORG001,ORG005,L2,L2
M001053,E02781,2026-12-11,Promotion,ORG033,ORG033,L6,L7
M001054,E01558,2024-01-05,Role Change,ORG022,ORG022,L3,L3
M001055,E00382,2026-10-25,Organization Transfer,ORG008,ORG031,L3,L3
M001056,E00582,2026-02-10,Organization Transfer,ORG019,ORG001,L4,L4
M001057,E00366,2026-06-23,Promotion,ORG014,ORG014,L6,L7
M001058,E00324,2024-08-13,Organization Transfer,ORG030,ORG041,L7,L7
M001059,E04886,2025-08-20,Promotion,ORG012,ORG012,L5,L6
M001060,E01494,2026-06-04,Organization Transfer,ORG040,ORG022,L4,L4
M001061,E01133,2025-07-15,Organization Transfer,ORG002,ORG008,L5,L5
M001062,E02700,2024-04-28,Role Change,ORG022,ORG003,L7,L7
M001063,E03420,2024-03-29,Organization Transfer,ORG043,ORG003,L4,L4
M001064,E01471,2026-11-17,Role Change,ORG039,ORG039,L4,L4
M001065,E04662,2026-11-24,Promotion,ORG042,ORG042,L4,L5
M001066,E04502,2026-08-21,Organization Transfer,ORG043,ORG049,L4,L4
M001067,E03032,2026-01-19,Role Change,ORG029,ORG029,L4,L5
M001068,E00236,2024-10-15,Promotion,ORG048,ORG048,L4,L5
M001069,E02111,2026-09-16,Promotion,ORG003,ORG003,L5,L6
M001070,E00570,2026-07-16,Organization Transfer,ORG028,ORG007,L3,L3
M001071,E00849,2026-12-27,Organization Transfer,ORG002,ORG028,L4,L4
M001072,E02393,2026-04-12,Organization Transfer,ORG006,ORG021,L4,L4
M001073,E04622,2026-09-13,Lateral Transfer,ORG026,ORG026,L4,L4
M001074,E04372,2025-08-09,Organization Transfer,ORG041,ORG034,L5,L5
M001075,E03138,2026-08-14,Organization Transfer,ORG009,ORG008,L5,L5
M001076,E03447,2026-11-13,Role Change,ORG046,ORG046,L3,L3
M001077,E00301,2025-02-15,Organization Transfer,ORG035,ORG011,L3,L3
M001078,E04894,2025-03-22,Organization Transfer,ORG032,ORG013,L4,L4
M001079,E00474,2025-07-04,Role Change,ORG028,ORG026,L4,L4
M001080,E00839,2025-02-19,Lateral Transfer,ORG041,ORG041,L3,L3
M001081,E01397,2025-05-02,Organization Transfer,ORG031,ORG034,L4,L4
M001082,E01512,2025-01-28,Role Change,ORG011,ORG011,L3,L3
M001083,E04797,2025-03-16,Lateral Transfer,ORG013,ORG013,L3,L3
M001084,E02759,2024-04-16,Promotion,ORG048,ORG048,L2,L3
M001085,E03410,2024-06-10,Organization Transfer,ORG028,ORG013,L7,L7
M001086,E02385,2025-02-28,Lateral Transfer,ORG031,ORG031,L3,L3
M001087,E04887,2026-05-26,Promotion,ORG011,ORG011,L4,L5
M001088,E01304,2026-12-13,Role Change,ORG003,ORG003,L7,L7
M001089,E00316,2025-01-04,Organization Transfer,ORG047,ORG003,L4,L4
M001090,E01709,2024-07-13,Role Change,ORG042,ORG042,L2,L2
M001091,E03500,2025-02-26,Lateral Transfer,ORG010,ORG010,L4,L4
M001092,E04025,2025-12-13,Lateral Transfer,ORG020,ORG020,L3,L3
M001093,E03439,2024-04-26,Organization Transfer,ORG046,ORG001,L6,L6
M001094,E02398,2026-12-29,Promotion,ORG014,ORG014,L6,L7
M001095,E00103,2025-06-16,Role Change,ORG041,ORG016,L5,L5
M001096,E04790,2026-09-23,Role Change,ORG008,ORG008,L4,L4
M001097,E03061,2025-05-13,Promotion,ORG048,ORG048,L3,L4
M001098,E03470,2024-08-14,Role Change,ORG043,ORG043,L5,L5
M001099,E01802,2025-04-28,Organization Transfer,ORG024,ORG003,L5,L5
M001100,E03257,2026-10-03,Promotion,ORG036,ORG036,L3,L4
M001101,E02908,2024-06-13,Promotion,ORG013,ORG013,L3,L4
M001102,E00343,2025-09-30,Organization Transfer,ORG010,ORG014,L4,L4
M001103,E04901,2025-04-20,Lateral Transfer,ORG040,ORG040,L5,L5
M001104,E03317,2025-06-06,Role Change,ORG006,ORG036,L2,L2
M001105,E02882,2026-12-10,Organization Transfer,ORG013,ORG014,L2,L2
M001106,E00912,2024-04-23,Promotion,ORG030,ORG030,L2,L3
M001107,E01752,2026-12-01,Promotion,ORG032,ORG032,L5,L6
M001108,E04917,2025-02-01,Lateral Transfer,ORG011,ORG011,L2,L2
M001109,E01536,2024-01-03,Lateral Transfer,ORG030,ORG030,L3,L3
M001110,E01783,2026-01-14,Organization Transfer,ORG013,ORG022,L2,L2
M001111,E00732,2026-12-17,Organization Transfer,ORG010,ORG039,L3,L3
M001112,E03962,2024-09-21,Organization Transfer,ORG018,ORG031,L3,L3
M001113,E00020,2024-06-27,Promotion,ORG025,ORG025,L4,L5
M001114,E03058,2026-12-10,Organization Transfer,ORG034,ORG018,L3,L3
M001115,E03183,2026-12-30,Organization Transfer,ORG015,ORG019,L4,L4
M001116,E04065,2026-11-15,Lateral Transfer,ORG017,ORG017,L2,L2
M001117,E01266,2024-12-23,Lateral Transfer,ORG039,ORG039,L3,L3
M001118,E00359,2026-04-06,Lateral Transfer,ORG018,ORG018,L3,L3
M001119,E04795,2026-10-31,Role Change,ORG042,ORG013,L6,L6
M001120,E03032,2026-12-23,Organization Transfer,ORG029,ORG017,L4,L4
M001121,E01608,2026-05-02,Organization Transfer,ORG023,ORG050,L2,L2
M001122,E02194,2025-11-05,Lateral Transfer,ORG006,ORG006,L4,L4
M001123,E04123,2025-08-01,Role Change,ORG021,ORG028,L4,L4
M001124,E03586,2026-12-11,Role Change,ORG036,ORG036,L3,L3
M001125,E00292,2026-11-06,Promotion,ORG027,ORG027,L2,L3
M001126,E00445,2024-06-19,Organization Transfer,ORG036,ORG022,L5,L5
M001127,E04763,2025-02-05,Organization Transfer,ORG021,ORG048,L4,L4
M001128,E01831,2025-08-18,Promotion,ORG047,ORG047,L2,L3
M001129,E04539,2025-06-14,Lateral Transfer,ORG035,ORG035,L2,L2
M001130,E00866,2024-12-06,Role Change,ORG006,ORG006,L3,L3
M001131,E04534,2025-12-05,Organization Transfer,ORG019,ORG014,L3,L3
M001132,E02697,2024-08-20,Organization Transfer,ORG048,ORG040,L5,L5
M001133,E01622,2026-12-19,Organization Transfer,ORG002,ORG009,L5,L5
M001134,E03841,2024-06-21,Organization Transfer,ORG006,ORG041,L5,L5
M001135,E03944,2026-09-24,Promotion,ORG004,ORG004,L3,L4
M001136,E03699,2024-06-30,Lateral Transfer,ORG030,ORG030,L3,L3
M001137,E00691,2026-10-23,Organization Transfer,ORG036,ORG032,L5,L5
M001138,E04472,2025-03-05,Organization Transfer,ORG045,ORG019,L2,L2
M001139,E03570,2025-01-11,Organization Transfer,ORG012,ORG025,L3,L3
M001140,E01024,2026-12-19,Promotion,ORG011,ORG011,L2,L3
M001141,E00943,2026-11-05,Lateral Transfer,ORG041,ORG041,L4,L4
M001142,E01505,2025-02-03,Role Change,ORG040,ORG040,L4,L4
M001143,E02000,2025-12-03,Promotion,ORG011,ORG011,L5,L6
M001144,E01007,2026-12-06,Promotion,ORG031,ORG031,L3,L4
M001145,E04758,2024-04-10,Organization Transfer,ORG022,ORG034,L4,L4
M001146,E00675,2024-11-27,Organization Transfer,ORG013,ORG031,L3,L3
M001147,E03992,2024-01-09,Lateral Transfer,ORG040,ORG040,L4,L4
M001148,E00523,2024-08-12,Role Change,ORG002,ORG002,L5,L5
M001149,E04217,2026-05-30,Organization Transfer,ORG015,ORG043,L2,L2
M001150,E02356,2025-10-17,Lateral Transfer,ORG038,ORG038,L4,L4
M001151,E02871,2025-12-27,Role Change,ORG010,ORG010,L3,L3
M001152,E00758,2025-02-04,Lateral Transfer,ORG008,ORG008,L3,L3
M001153,E00958,2025-09-18,Organization Transfer,ORG009,ORG012,L6,L6
M001154,E04914,2026-07-27,Lateral Transfer,ORG023,ORG023,L3,L3
M001155,E00978,2026-04-17,Promotion,ORG015,ORG015,L5,L6
M001156,E01881,2026-02-13,Lateral Transfer,ORG008,ORG008,L7,L7
M001157,E03388,2026-09-13,Lateral Transfer,ORG027,ORG027,L3,L3
M001158,E00228,2026-08-15,Organization Transfer,ORG007,ORG029,L2,L2
M001159,E02439,2026-10-24,Promotion,ORG014,ORG014,L5,L6
M001160,E03309,2025-08-11,Organization Transfer,ORG012,ORG035,L4,L4
M001161,E01905,2026-12-20,Lateral Transfer,ORG025,ORG025,L2,L2
M001162,E04661,2026-07-15,Organization Transfer,ORG040,ORG001,L5,L5
M001163,E04655,2024-03-14,Organization Transfer,ORG012,ORG048,L4,L4
M001164,E01794,2024-08-05,Lateral Transfer,ORG050,ORG050,L5,L5
M001165,E04408,2026-11-27,Lateral Transfer,ORG045,ORG045,L2,L2
M001166,E03903,2024-06-04,Organization Transfer,ORG026,ORG004,L6,L6
M001167,E00740,2024-09-05,Lateral Transfer,ORG004,ORG004,L5,L5
M001168,E03792,2024-12-31,Organization Transfer,ORG004,ORG019,L3,L3
M001169,E01662,2026-02-12,Lateral Transfer,ORG019,ORG019,L5,L5
M001170,E01623,2024-06-15,Lateral Transfer,ORG041,ORG041,L5,L5
M001171,E02875,2026-04-14,Organization Transfer,ORG009,ORG045,L4,L4
M001172,E03742,2024-11-11,Lateral Transfer,ORG008,ORG008,L4,L4
M001173,E00623,2026-11-15,Promotion,ORG018,ORG018,L4,L5
M001174,E01562,2024-09-21,Organization Transfer,ORG003,ORG009,L4,L4
M001175,E04288,2026-02-25,Lateral Transfer,ORG002,ORG002,L5,L5
M001176,E04748,2026-12-02,Promotion,ORG014,ORG014,L3,L4
M001177,E03919,2026-04-05,Role Change,ORG026,ORG026,L3,L3
M001178,E02312,2024-01-22,Organization Transfer,ORG027,ORG007,L5,L5
M001179,E01621,2025-08-03,Promotion,ORG018,ORG018,L4,L5
M001180,E01418,2025-01-21,Promotion,ORG043,ORG043,L5,L6
M001181,E01172,2026-11-25,Role Change,ORG007,ORG007,L4,L4
M001182,E00704,2024-09-06,Role Change,ORG020,ORG023,L4,L4
M001183,E00939,2025-03-30,Lateral Transfer,ORG018,ORG018,L6,L6
M001184,E01426,2024-12-09,Organization Transfer,ORG034,ORG045,L3,L3
M001185,E02529,2025-02-22,Lateral Transfer,ORG015,ORG015,L4,L4
M001186,E01041,2025-10-14,Lateral Transfer,ORG033,ORG033,L5,L5
M001187,E00318,2024-12-13,Organization Transfer,ORG018,ORG008,L3,L3
M001188,E02593,2026-10-03,Role Change,ORG034,ORG034,L2,L2
M001189,E03196,2026-01-24,Role Change,ORG037,ORG037,L5,L5
M001190,E00149,2024-01-31,Role Change,ORG022,ORG022,L3,L3
M001191,E03577,2025-06-29,Lateral Transfer,ORG013,ORG013,L6,L6
M001192,E02707,2025-05-26,Organization Transfer,ORG007,ORG030,L4,L4
M001193,E00898,2026-06-05,Promotion,ORG001,ORG001,L4,L5
M001194,E04339,2026-06-21,Organization Transfer,ORG034,ORG049,L5,L5
M001195,E00458,2024-04-15,Organization Transfer,ORG009,ORG017,L3,L3
M001196,E03817,2024-12-25,Promotion,ORG048,ORG048,L5,L6
M001197,E01159,2026-12-19,Role Change,ORG032,ORG032,L3,L3
M001198,E02480,2024-05-03,Role Change,ORG040,ORG040,L3,L3
M001199,E04356,2024-10-25,Role Change,ORG018,ORG018,L2,L3
M001200,E01874,2025-11-24,Promotion,ORG010,ORG010,L2,L3
M001201,E01685,2026-10-29,Organization Transfer,ORG042,ORG017,L5,L5
M001202,E00673,2024-04-25,Lateral Transfer,ORG010,ORG010,L5,L5
M001203,E01861,2025-08-07,Promotion,ORG015,ORG015,L6,L7
M001204,E01944,2024-03-20,Promotion,ORG025,ORG025,L5,L6
M001205,E02651,2026-08-15,Organization Transfer,ORG014,ORG019,L4,L4
M001206,E02905,2026-08-02,Promotion,ORG004,ORG004,L2,L3
M001207,E04590,2024-07-28,Organization Transfer,ORG014,ORG028,L5,L5
M001208,E02710,2024-06-01,Promotion,ORG041,ORG041,L6,L7
M001209,E03212,2026-06-21,Organization Transfer,ORG008,ORG048,L5,L5
M001210,E04794,2025-07-06,Organization Transfer,ORG004,ORG016,L2,L2
M001211,E03358,2024-07-31,Role Change,ORG032,ORG032,L5,L6
M001212,E04098,2026-06-10,Organization Transfer,ORG020,ORG029,L5,L5
M001213,E04311,2026-12-12,Promotion,ORG039,ORG039,L3,L4
M001214,E03637,2024-07-02,Role Change,ORG038,ORG038,L4,L4
M001215,E04533,2024-11-20,Organization Transfer,ORG015,ORG001,L6,L6
M001216,E03367,2026-12-20,Role Change,ORG011,ORG011,L4,L4
M001217,E03047,2026-05-15,Organization Transfer,ORG030,ORG029,L3,L3
M001218,E02173,2026-03-13,Organization Transfer,ORG022,ORG024,L4,L4
M001219,E04334,2025-03-04,Lateral Transfer,ORG039,ORG039,L3,L3
M001220,E02845,2025-03-10,Role Change,ORG038,ORG032,L5,L5
M001221,E01745,2026-07-06,Role Change,ORG003,ORG003,L5,L5
M001222,E01387,2025-08-24,Lateral Transfer,ORG026,ORG026,L2,L2
M001223,E02310,2026-02-25,Organization Transfer,ORG001,ORG048,L4,L4
M001224,E01939,2024-12-12,Lateral Transfer,ORG031,ORG031,L4,L4
M001225,E03382,2026-10-17,Organization Transfer,ORG026,ORG012,L5,L5
M001226,E01528,2024-02-22,Lateral Transfer,ORG048,ORG048,L3,L3
M001227,E04931,2026-07-26,Role Change,ORG034,ORG033,L5,L5
M001228,E02495,2024-07-13,Organization Transfer,ORG009,ORG047,L2,L2
M001229,E02517,2024-03-08,Organization Transfer,ORG012,ORG034,L6,L6
M001230,E00980,2025-05-14,Organization Transfer,ORG042,ORG027,L6,L6
M001231,E03543,2026-07-08,Organization Transfer,ORG016,ORG012,L3,L3
M001232,E01793,2026-04-29,Promotion,ORG011,ORG011,L3,L4
M001233,E00214,2024-05-16,Organization Transfer,ORG012,ORG032,L4,L4
M001234,E02803,2025-03-11,Organization Transfer,ORG015,ORG025,L5,L5
M001235,E01429,2026-02-26,Lateral Transfer,ORG034,ORG034,L3,L3
M001236,E03914,2024-05-27,Role Change,ORG001,ORG030,L4,L4
M001237,E04083,2024-02-06,Lateral Transfer,ORG032,ORG032,L5,L5
M001238,E00482,2024-04-21,Organization Transfer,ORG046,ORG005,L3,L3
M001239,E01445,2026-01-11,Organization Transfer,ORG041,ORG015,L5,L5
M001240,E00073,2024-11-27,Organization Transfer,ORG037,ORG038,L6,L6
M001241,E01807,2026-01-11,Organization Transfer,ORG001,ORG045,L4,L4
M001242,E03418,2024-09-02,Promotion,ORG039,ORG039,L4,L5
M001243,E03622,2024-02-09,Promotion,ORG006,ORG006,L2,L3
M001244,E01777,2024-08-08,Role Change,ORG004,ORG004,L5,L5
M001245,E01113,2026-09-23,Organization Transfer,ORG024,ORG014,L4,L4
M001246,E03241,2026-08-25,Role Change,ORG021,ORG021,L3,L3
M001247,E02928,2024-07-25,Lateral Transfer,ORG027,ORG027,L2,L2
M001248,E03885,2025-08-05,Organization Transfer,ORG018,ORG012,L5,L5
M001249,E03163,2026-08-03,Promotion,ORG025,ORG025,L2,L3
M001250,E00156,2026-09-03,Lateral Transfer,ORG005,ORG005,L5,L5
M001251,E04614,2025-06-12,Promotion,ORG008,ORG008,L2,L3
M001252,E00059,2026-02-01,Promotion,ORG045,ORG045,L5,L6
M001253,E01261,2025-12-03,Role Change,ORG029,ORG029,L4,L4
M001254,E04261,2026-07-10,Lateral Transfer,ORG026,ORG026,L3,L3
M001255,E00209,2025-06-25,Organization Transfer,ORG025,ORG023,L2,L2
M001256,E02348,2026-12-14,Role Change,ORG004,ORG004,L5,L5
M001257,E02021,2026-04-23,Role Change,ORG019,ORG021,L4,L5
M001258,E01013,2026-06-25,Role Change,ORG038,ORG038,L7,L7
M001259,E02324,2025-02-25,Role Change,ORG027,ORG027,L6,L6
M001260,E01693,2026-01-30,Lateral Transfer,ORG003,ORG003,L2,L2
M001261,E01020,2026-09-14,Organization Transfer,ORG015,ORG038,L4,L4
M001262,E04432,2025-10-14,Lateral Transfer,ORG019,ORG019,L3,L3
M001263,E04874,2025-04-24,Organization Transfer,ORG012,ORG047,L5,L5
M001264,E01559,2026-12-03,Lateral Transfer,ORG046,ORG046,L4,L4
M001265,E01365,2025-09-13,Organization Transfer,ORG036,ORG030,L2,L2
M001266,E03710,2026-12-15,Promotion,ORG008,ORG008,L6,L7
M001267,E01115,2025-02-26,Organization Transfer,ORG018,ORG043,L2,L2
M001268,E01576,2024-06-13,Promotion,ORG012,ORG012,L4,L5
M001269,E04343,2024-12-25,Role Change,ORG017,ORG017,L3,L3
M001270,E02472,2024-10-07,Promotion,ORG041,ORG041,L5,L6
M001271,E02514,2026-03-12,Lateral Transfer,ORG002,ORG002,L5,L5
M001272,E04812,2024-12-14,Organization Transfer,ORG004,ORG009,L5,L5
M001273,E03638,2026-05-23,Organization Transfer,ORG018,ORG036,L4,L4
M001274,E01768,2025-02-16,Organization Transfer,ORG038,ORG028,L3,L3
M001275,E01044,2026-01-31,Organization Transfer,ORG015,ORG046,L6,L6
M001276,E01060,2025-01-26,Lateral Transfer,ORG003,ORG003,L5,L5
M001277,E04509,2025-09-30,Promotion,ORG012,ORG012,L4,L5
M001278,E01336,2026-06-19,Role Change,ORG042,ORG042,L5,L5
M001279,E04547,2025-12-11,Organization Transfer,ORG043,ORG044,L3,L3
M001280,E00627,2024-10-16,Lateral Transfer,ORG047,ORG047,L2,L2
M001281,E01323,2026-10-10,Role Change,ORG012,ORG012,L5,L5
M001282,E02983,2025-12-06,Role Change,ORG021,ORG014,L3,L3
M001283,E04525,2025-06-18,Organization Transfer,ORG006,ORG033,L4,L4
M001284,E02431,2026-11-10,Promotion,ORG008,ORG008,L5,L6
M001285,E03677,2026-02-27,Role Change,ORG014,ORG014,L3,L3
M001286,E01885,2026-08-23,Role Change,ORG031,ORG031,L4,L4
M001287,E03403,2025-09-09,Role Change,ORG011,ORG023,L3,L3
M001288,E00154,2026-09-01,Lateral Transfer,ORG036,ORG036,L3,L3
M001289,E04590,2024-11-26,Organization Transfer,ORG014,ORG010,L5,L5
M001290,E01984,2024-02-05,Role Change,ORG012,ORG006,L5,L5
M001291,E00732,2024-10-30,Role Change,ORG010,ORG010,L3,L3
M001292,E02102,2026-11-03,Lateral Transfer,ORG007,ORG007,L7,L7
M001293,E01783,2026-03-24,Lateral Transfer,ORG013,ORG013,L2,L2
M001294,E04115,2025-11-10,Role Change,ORG026,ORG017,L2,L2
M001295,E00534,2026-08-24,Promotion,ORG029,ORG029,L2,L3
M001296,E04627,2026-02-17,Promotion,ORG008,ORG008,L4,L5
M001297,E02811,2024-08-22,Organization Transfer,ORG028,ORG032,L4,L4
M001298,E01556,2026-10-21,Organization Transfer,ORG016,ORG039,L5,L5
M001299,E03735,2025-01-26,Lateral Transfer,ORG001,ORG001,L5,L5
M001300,E04229,2025-06-24,Role Change,ORG023,ORG023,L3,L3
M001301,E04676,2025-09-22,Promotion,ORG016,ORG016,L5,L6
M001302,E03677,2025-01-24,Organization Transfer,ORG014,ORG016,L3,L3
M001303,E04197,2026-02-03,Role Change,ORG046,ORG046,L5,L5
M001304,E01675,2026-12-18,Promotion,ORG044,ORG044,L4,L5
M001305,E00610,2026-12-25,Promotion,ORG006,ORG006,L4,L5
M001306,E00919,2025-10-19,Lateral Transfer,ORG038,ORG038,L4,L4
M001307,E01270,2026-07-09,Promotion,ORG007,ORG007,L3,L4
M001308,E02491,2026-05-02,Promotion,ORG039,ORG039,L4,L5
M001309,E01537,2026-08-01,Organization Transfer,ORG042,ORG037,L4,L4
M001310,E01583,2026-07-23,Organization Transfer,ORG020,ORG037,L3,L3
M001311,E01181,2025-11-27,Organization Transfer,ORG033,ORG020,L3,L3
M001312,E03034,2025-05-21,Lateral Transfer,ORG015,ORG015,L4,L4
M001313,E00757,2024-12-21,Role Change,ORG036,ORG008,L4,L4
M001314,E00296,2025-11-18,Organization Transfer,ORG047,ORG045,L4,L4
M001315,E00552,2024-11-03,Lateral Transfer,ORG013,ORG013,L5,L5
M001316,E04799,2026-11-01,Lateral Transfer,ORG021,ORG021,L3,L3
M001317,E00687,2025-11-02,Organization Transfer,ORG017,ORG048,L2,L2
M001318,E01412,2025-09-25,Organization Transfer,ORG021,ORG006,L3,L3
M001319,E04245,2024-10-26,Lateral Transfer,ORG009,ORG009,L6,L6
M001320,E01625,2024-06-10,Promotion,ORG021,ORG021,L2,L3
M001321,E00235,2025-05-15,Organization Transfer,ORG032,ORG007,L4,L4
M001322,E02222,2026-05-30,Organization Transfer,ORG011,ORG040,L5,L5
M001323,E00169,2025-03-24,Role Change,ORG013,ORG003,L5,L5
M001324,E03174,2024-05-26,Lateral Transfer,ORG041,ORG041,L2,L2
M001325,E02384,2025-08-17,Lateral Transfer,ORG019,ORG019,L3,L3
M001326,E01535,2025-02-08,Organization Transfer,ORG028,ORG036,L6,L6
M001327,E02825,2025-12-16,Organization Transfer,ORG033,ORG006,L3,L3
M001328,E02626,2025-12-13,Promotion,ORG013,ORG013,L2,L3
M001329,E01404,2025-02-25,Promotion,ORG014,ORG014,L3,L4
M001330,E02850,2026-10-14,Lateral Transfer,ORG014,ORG014,L4,L4
M001331,E03981,2025-09-14,Role Change,ORG010,ORG016,L6,L6
M001332,E04539,2026-12-25,Promotion,ORG035,ORG035,L2,L3
M001333,E02414,2026-01-30,Promotion,ORG015,ORG015,L3,L4
M001334,E02162,2026-11-14,Lateral Transfer,ORG039,ORG039,L2,L2
M001335,E03108,2024-07-08,Promotion,ORG043,ORG043,L4,L5
M001336,E02515,2024-04-13,Organization Transfer,ORG047,ORG016,L4,L4
M001337,E01429,2025-04-24,Lateral Transfer,ORG034,ORG034,L3,L3
M001338,E03732,2024-04-18,Role Change,ORG006,ORG050,L5,L5
M001339,E02948,2024-01-20,Organization Transfer,ORG034,ORG031,L3,L3
M001340,E02991,2024-04-04,Organization Transfer,ORG020,ORG035,L6,L6
M001341,E00196,2026-11-01,Lateral Transfer,ORG010,ORG010,L3,L3
M001342,E04638,2024-07-07,Role Change,ORG035,ORG001,L3,L3
M001343,E01420,2025-06-19,Organization Transfer,ORG024,ORG013,L5,L5
M001344,E01522,2024-08-02,Lateral Transfer,ORG036,ORG036,L6,L6
M001345,E00135,2026-12-21,Organization Transfer,ORG041,ORG013,L7,L7
M001346,E00520,2026-04-22,Promotion,ORG037,ORG037,L6,L7
M001347,E00859,2026-06-29,Promotion,ORG015,ORG015,L3,L4
M001348,E03367,2026-02-07,Organization Transfer,ORG011,ORG044,L4,L4
M001349,E03195,2026-02-09,Promotion,ORG024,ORG024,L4,L5
M001350,E01079,2025-10-24,Organization Transfer,ORG014,ORG015,L6,L6
M001351,E01162,2024-12-01,Organization Transfer,ORG028,ORG049,L2,L2
M001352,E00424,2024-09-17,Organization Transfer,ORG027,ORG006,L4,L4
M001353,E01166,2026-12-23,Lateral Transfer,ORG038,ORG038,L3,L3
M001354,E01189,2026-05-28,Lateral Transfer,ORG047,ORG047,L7,L7
M001355,E01254,2024-11-14,Organization Transfer,ORG032,ORG016,L5,L5
M001356,E03173,2024-04-11,Organization Transfer,ORG023,ORG017,L4,L4
M001357,E03482,2025-03-05,Promotion,ORG011,ORG011,L3,L4
M001358,E03387,2026-07-20,Organization Transfer,ORG020,ORG010,L5,L5
M001359,E00003,2025-02-21,Organization Transfer,ORG019,ORG021,L4,L4
M001360,E02343,2025-04-09,Lateral Transfer,ORG048,ORG048,L3,L3
M001361,E04498,2026-09-02,Organization Transfer,ORG044,ORG037,L5,L5
M001362,E02618,2026-04-30,Promotion,ORG032,ORG032,L3,L4
M001363,E04227,2026-08-28,Lateral Transfer,ORG041,ORG041,L5,L5
M001364,E04568,2024-08-28,Lateral Transfer,ORG002,ORG002,L4,L4
M001365,E00711,2025-07-31,Organization Transfer,ORG001,ORG023,L4,L4
M001366,E02939,2026-05-31,Lateral Transfer,ORG037,ORG037,L3,L3
M001367,E03199,2025-11-17,Organization Transfer,ORG031,ORG041,L7,L7
M001368,E00549,2025-04-18,Organization Transfer,ORG044,ORG031,L6,L6
M001369,E01306,2025-12-16,Lateral Transfer,ORG038,ORG038,L6,L6
M001370,E01925,2024-10-31,Organization Transfer,ORG010,ORG037,L3,L3
M001371,E02121,2024-07-18,Lateral Transfer,ORG014,ORG014,L3,L3
M001372,E02829,2025-08-11,Lateral Transfer,ORG002,ORG002,L5,L5
M001373,E00826,2024-07-11,Promotion,ORG043,ORG043,L4,L5
M001374,E02016,2026-05-19,Lateral Transfer,ORG036,ORG036,L3,L3
M001375,E03688,2024-04-08,Lateral Transfer,ORG016,ORG016,L4,L4
M001376,E00290,2026-08-30,Promotion,ORG013,ORG013,L2,L3
M001377,E04533,2024-06-04,Promotion,ORG015,ORG015,L6,L7
M001378,E02395,2026-03-21,Organization Transfer,ORG041,ORG031,L3,L3
M001379,E03239,2026-08-15,Promotion,ORG006,ORG006,L5,L6
M001380,E03754,2026-07-13,Promotion,ORG012,ORG012,L4,L5
M001381,E00881,2025-02-19,Promotion,ORG041,ORG041,L3,L4
M001382,E03125,2024-11-21,Promotion,ORG027,ORG027,L5,L6
M001383,E00850,2026-06-08,Role Change,ORG043,ORG026,L7,L7
M001384,E01481,2026-02-22,Organization Transfer,ORG039,ORG045,L4,L4
M001385,E00606,2024-11-20,Promotion,ORG031,ORG031,L2,L3
M001386,E00590,2026-11-16,Lateral Transfer,ORG029,ORG029,L5,L5
M001387,E00708,2025-03-13,Promotion,ORG036,ORG036,L3,L4
M001388,E00288,2025-11-08,Role Change,ORG002,ORG002,L4,L4
M001389,E01514,2026-05-05,Promotion,ORG023,ORG023,L4,L5
M001390,E02881,2026-07-17,Organization Transfer,ORG035,ORG007,L5,L5
M001391,E01093,2024-05-02,Role Change,ORG036,ORG036,L6,L6
M001392,E02634,2026-09-07,Organization Transfer,ORG034,ORG005,L3,L3
M001393,E04134,2026-04-09,Role Change,ORG015,ORG015,L5,L5
M001394,E00248,2026-01-15,Organization Transfer,ORG047,ORG042,L3,L3
M001395,E02782,2024-10-26,Lateral Transfer,ORG004,ORG004,L6,L6
M001396,E02189,2026-04-21,Role Change,ORG037,ORG037,L3,L3
M001397,E03626,2025-05-24,Promotion,ORG040,ORG040,L2,L3
M001398,E00010,2026-02-08,Lateral Transfer,ORG040,ORG040,L4,L4
M001399,E04455,2025-12-06,Lateral Transfer,ORG026,ORG026,L5,L5
M001400,E00532,2025-05-30,Organization Transfer,ORG007,ORG050,L4,L4
M001401,E01706,2026-04-11,Role Change,ORG020,ORG019,L7,L7
M001402,E01407,2024-02-29,Role Change,ORG019,ORG019,L7,L7
M001403,E02972,2025-05-30,Organization Transfer,ORG038,ORG010,L5,L5
M001404,E00914,2026-05-22,Lateral Transfer,ORG008,ORG008,L5,L5
M001405,E04676,2026-12-01,Organization Transfer,ORG016,ORG012,L5,L5
M001406,E03010,2025-12-23,Lateral Transfer,ORG030,ORG030,L4,L4
M001407,E02141,2024-07-25,Promotion,ORG018,ORG018,L4,L5
M001408,E04022,2025-06-04,Promotion,ORG010,ORG010,L5,L6
M001409,E00056,2026-01-07,Lateral Transfer,ORG028,ORG028,L5,L5
M001410,E00433,2025-01-04,Promotion,ORG012,ORG012,L5,L6
M001411,E02551,2026-09-04,Lateral Transfer,ORG041,ORG041,L4,L4
M001412,E00675,2025-10-11,Promotion,ORG013,ORG013,L3,L4
M001413,E01192,2026-07-26,Promotion,ORG033,ORG033,L5,L6
M001414,E04470,2025-03-29,Lateral Transfer,ORG005,ORG005,L3,L3
M001415,E00606,2024-06-02,Role Change,ORG031,ORG031,L2,L2
M001416,E04490,2025-12-11,Promotion,ORG018,ORG018,L3,L4
M001417,E00355,2026-10-27,Promotion,ORG012,ORG012,L2,L3
M001418,E04636,2024-08-24,Lateral Transfer,ORG048,ORG048,L3,L3
M001419,E02074,2024-09-13,Lateral Transfer,ORG021,ORG021,L6,L6
M001420,E00629,2025-04-04,Role Change,ORG048,ORG048,L5,L5
M001421,E04297,2025-08-02,Organization Transfer,ORG031,ORG043,L2,L2
M001422,E02785,2026-12-20,Lateral Transfer,ORG022,ORG022,L5,L5
M001423,E04266,2025-05-31,Lateral Transfer,ORG009,ORG009,L3,L3
M001424,E01605,2026-01-20,Organization Transfer,ORG030,ORG006,L2,L2
M001425,E02064,2025-12-30,Organization Transfer,ORG021,ORG008,L6,L6
M001426,E03703,2026-11-21,Promotion,ORG014,ORG014,L4,L5
M001427,E00629,2026-02-08,Promotion,ORG048,ORG048,L5,L6
M001428,E04702,2024-09-22,Promotion,ORG031,ORG031,L6,L7
M001429,E03934,2025-10-19,Role Change,ORG048,ORG048,L5,L6
M001430,E01408,2025-10-24,Lateral Transfer,ORG043,ORG043,L7,L7
M001431,E00408,2024-07-10,Role Change,ORG028,ORG006,L5,L5
M001432,E02489,2024-08-25,Role Change,ORG044,ORG004,L3,L3
M001433,E04589,2024-01-17,Role Change,ORG041,ORG041,L4,L4
M001434,E03911,2026-06-03,Promotion,ORG009,ORG009,L3,L4
M001435,E02547,2026-11-28,Role Change,ORG019,ORG019,L7,L7
M001436,E02010,2025-07-18,Lateral Transfer,ORG045,ORG045,L5,L5
M001437,E00951,2025-06-06,Lateral Transfer,ORG046,ORG046,L3,L3
M001438,E02470,2024-01-11,Promotion,ORG034,ORG034,L4,L5
M001439,E00181,2026-08-08,Organization Transfer,ORG014,ORG035,L3,L3
M001440,E02663,2025-03-01,Role Change,ORG039,ORG039,L4,L4
M001441,E02368,2025-03-12,Lateral Transfer,ORG001,ORG001,L3,L3
M001442,E04782,2026-05-29,Lateral Transfer,ORG048,ORG048,L3,L3
M001443,E03638,2025-08-01,Organization Transfer,ORG018,ORG042,L4,L4
M001444,E02004,2024-06-14,Role Change,ORG016,ORG016,L4,L4
M001445,E01606,2024-11-24,Role Change,ORG037,ORG037,L2,L2
M001446,E03935,2024-06-12,Lateral Transfer,ORG021,ORG021,L4,L4
M001447,E00954,2025-12-26,Organization Transfer,ORG006,ORG022,L3,L3
M001448,E02547,2026-11-07,Organization Transfer,ORG019,ORG009,L7,L7
M001449,E00927,2025-08-07,Promotion,ORG042,ORG042,L3,L4
M001450,E02090,2024-01-05,Lateral Transfer,ORG045,ORG045,L2,L2
M001451,E02241,2025-04-08,Role Change,ORG022,ORG022,L5,L5
M001452,E01546,2024-12-21,Promotion,ORG014,ORG014,L5,L6
M001453,E00569,2024-06-29,Role Change,ORG026,ORG046,L4,L4
M001454,E01235,2026-03-31,Promotion,ORG039,ORG039,L3,L4
M001455,E04417,2024-06-17,Organization Transfer,ORG030,ORG048,L5,L5
M001456,E04846,2025-05-13,Promotion,ORG050,ORG050,L4,L5
M001457,E02111,2026-02-21,Lateral Transfer,ORG003,ORG003,L5,L5
M001458,E01347,2025-03-18,Lateral Transfer,ORG017,ORG017,L6,L6
M001459,E00716,2024-09-01,Role Change,ORG001,ORG001,L4,L4
M001460,E04843,2025-07-17,Lateral Transfer,ORG002,ORG002,L3,L3
M001461,E04794,2026-07-16,Lateral Transfer,ORG004,ORG004,L2,L2
M001462,E04188,2026-12-16,Lateral Transfer,ORG019,ORG019,L3,L3
M001463,E00139,2024-10-12,Promotion,ORG042,ORG042,L5,L6
M001464,E03635,2024-01-27,Lateral Transfer,ORG019,ORG019,L5,L5
M001465,E00600,2026-03-27,Promotion,ORG025,ORG025,L4,L5
M001466,E01452,2025-11-30,Lateral Transfer,ORG023,ORG023,L2,L2
M001467,E01217,2025-08-22,Lateral Transfer,ORG020,ORG020,L3,L3
M001468,E04005,2025-11-26,Organization Transfer,ORG011,ORG014,L7,L7
M001469,E00895,2025-09-05,Promotion,ORG022,ORG022,L6,L7
M001470,E01940,2025-05-24,Organization Transfer,ORG002,ORG026,L5,L5
M001471,E00787,2025-01-03,Lateral Transfer,ORG006,ORG006,L4,L4
M001472,E04720,2024-12-17,Promotion,ORG043,ORG043,L6,L7
M001473,E01428,2026-06-08,Role Change,ORG022,ORG022,L3,L3
M001474,E01599,2025-06-12,Lateral Transfer,ORG005,ORG005,L2,L2
M001475,E03532,2025-11-08,Lateral Transfer,ORG032,ORG032,L4,L4
M001476,E00667,2026-03-14,Organization Transfer,ORG003,ORG016,L4,L4
M001477,E00998,2026-12-17,Role Change,ORG029,ORG019,L5,L5
M001478,E03897,2026-10-01,Organization Transfer,ORG041,ORG046,L3,L3
M001479,E00401,2025-01-28,Organization Transfer,ORG048,ORG045,L4,L4
M001480,E01673,2024-01-17,Organization Transfer,ORG011,ORG040,L2,L2
M001481,E00188,2026-06-04,Role Change,ORG003,ORG003,L3,L3
M001482,E01817,2026-03-01,Organization Transfer,ORG033,ORG031,L5,L5
M001483,E02768,2025-04-26,Role Change,ORG013,ORG013,L6,L6
M001484,E04041,2025-06-21,Lateral Transfer,ORG033,ORG033,L4,L4
M001485,E00485,2025-11-01,Lateral Transfer,ORG020,ORG020,L3,L3
M001486,E00550,2025-03-19,Organization Transfer,ORG039,ORG001,L2,L2
M001487,E02694,2026-04-22,Organization Transfer,ORG037,ORG027,L4,L4
M001488,E00316,2025-11-18,Role Change,ORG047,ORG047,L4,L4
M001489,E04478,2026-03-06,Promotion,ORG006,ORG006,L3,L4
M001490,E04369,2025-01-18,Organization Transfer,ORG022,ORG002,L7,L7
M001491,E02061,2026-04-08,Lateral Transfer,ORG005,ORG005,L2,L2
M001492,E04186,2025-11-08,Lateral Transfer,ORG001,ORG001,L5,L5
M001493,E00179,2026-02-04,Organization Transfer,ORG046,ORG017,L6,L6
M001494,E02633,2024-01-09,Role Change,ORG028,ORG028,L4,L4
M001495,E04526,2025-09-02,Promotion,ORG015,ORG015,L3,L4
M001496,E02823,2026-12-26,Organization Transfer,ORG010,ORG032,L5,L5
M001497,E04011,2026-09-07,Role Change,ORG033,ORG033,L5,L5
M001498,E00796,2025-06-08,Lateral Transfer,ORG020,ORG020,L4,L4
M001499,E02033,2026-07-20,Organization Transfer,ORG022,ORG003,L3,L3
M001500,E01256,2026-10-13,Role Change,ORG009,ORG009,L5,L5
M001501,E03678,2026-12-15,Organization Transfer,ORG028,ORG009,L6,L6
M001502,E03000,2025-10-30,Promotion,ORG025,ORG025,L3,L4
M001503,E03076,2026-06-18,Organization Transfer,ORG023,ORG036,L2,L2
M001504,E01632,2024-01-31,Organization Transfer,ORG001,ORG011,L4,L4
M001505,E01523,2025-04-14,Organization Transfer,ORG036,ORG012,L2,L2
M001506,E01626,2025-06-07,Organization Transfer,ORG012,ORG005,L4,L4
M001507,E01200,2025-07-09,Promotion,ORG047,ORG047,L6,L7
M001508,E02080,2026-09-17,Promotion,ORG013,ORG013,L4,L5
M001509,E03380,2025-09-17,Organization Transfer,ORG047,ORG015,L4,L4
M001510,E04110,2025-10-06,Lateral Transfer,ORG010,ORG010,L6,L6
M001511,E00629,2025-09-17,Lateral Transfer,ORG048,ORG048,L5,L5
M001512,E02239,2025-03-28,Organization Transfer,ORG045,ORG034,L3,L3
M001513,E03821,2025-12-19,Organization Transfer,ORG009,ORG035,L4,L4
M001514,E03669,2026-11-29,Organization Transfer,ORG038,ORG016,L3,L3
M001515,E02637,2024-04-07,Promotion,ORG034,ORG034,L2,L3
M001516,E00941,2025-02-04,Lateral Transfer,ORG021,ORG021,L3,L3
M001517,E03751,2026-11-13,Role Change,ORG021,ORG001,L4,L4
M001518,E04173,2024-12-17,Organization Transfer,ORG033,ORG036,L2,L2
M001519,E00225,2026-01-25,Organization Transfer,ORG017,ORG011,L5,L5
M001520,E02599,2025-04-17,Organization Transfer,ORG030,ORG017,L3,L3
M001521,E03888,2025-02-22,Promotion,ORG020,ORG020,L4,L5
M001522,E03352,2026-05-25,Organization Transfer,ORG019,ORG039,L3,L3
M001523,E03954,2025-02-22,Organization Transfer,ORG025,ORG004,L2,L2
M001524,E03785,2026-04-16,Organization Transfer,ORG039,ORG005,L3,L3
M001525,E01291,2025-08-20,Role Change,ORG038,ORG038,L2,L2
M001526,E03537,2026-06-05,Promotion,ORG033,ORG033,L2,L3
M001527,E02074,2024-05-14,Role Change,ORG021,ORG021,L6,L6
M001528,E02040,2025-07-05,Role Change,ORG046,ORG046,L4,L4
M001529,E02836,2025-07-20,Organization Transfer,ORG001,ORG038,L2,L2
M001530,E01034,2024-03-08,Lateral Transfer,ORG028,ORG028,L3,L3
M001531,E04230,2026-06-28,Organization Transfer,ORG046,ORG042,L3,L3
M001532,E03670,2026-11-14,Role Change,ORG012,ORG043,L4,L4
M001533,E04620,2024-11-06,Lateral Transfer,ORG031,ORG031,L2,L2
M001534,E04132,2026-12-26,Promotion,ORG041,ORG041,L4,L5
M001535,E01263,2024-08-11,Organization Transfer,ORG029,ORG004,L4,L4
M001536,E03674,2026-07-09,Organization Transfer,ORG012,ORG003,L4,L4
M001537,E02231,2025-01-02,Organization Transfer,ORG003,ORG005,L6,L6
M001538,E01135,2026-04-04,Promotion,ORG003,ORG003,L5,L6
M001539,E01126,2025-02-02,Role Change,ORG002,ORG002,L4,L4
M001540,E00784,2024-07-18,Organization Transfer,ORG006,ORG018,L5,L5
M001541,E01411,2026-03-18,Organization Transfer,ORG018,ORG049,L3,L3
M001542,E02616,2025-04-02,Role Change,ORG031,ORG031,L5,L5
M001543,E03141,2026-11-07,Organization Transfer,ORG009,ORG030,L6,L6
M001544,E03538,2026-07-24,Organization Transfer,ORG044,ORG023,L2,L2
M001545,E00978,2026-08-16,Lateral Transfer,ORG015,ORG015,L5,L5
M001546,E01616,2025-04-12,Role Change,ORG015,ORG015,L3,L3
M001547,E04540,2026-06-12,Lateral Transfer,ORG010,ORG010,L6,L6
M001548,E04261,2025-03-07,Role Change,ORG026,ORG008,L3,L3
M001549,E04287,2026-12-02,Promotion,ORG011,ORG011,L4,L5
M001550,E04365,2024-10-20,Role Change,ORG021,ORG042,L5,L5
M001551,E01263,2026-05-26,Promotion,ORG029,ORG029,L4,L5
M001552,E04167,2025-12-31,Lateral Transfer,ORG037,ORG037,L5,L5
M001553,E00130,2026-07-03,Promotion,ORG021,ORG021,L3,L4
M001554,E03228,2024-07-12,Organization Transfer,ORG019,ORG007,L4,L4
M001555,E04903,2026-03-16,Organization Transfer,ORG032,ORG005,L5,L5
M001556,E03969,2025-04-17,Lateral Transfer,ORG042,ORG042,L3,L3
M001557,E04910,2025-11-06,Organization Transfer,ORG024,ORG046,L5,L5
M001558,E02303,2026-08-02,Lateral Transfer,ORG042,ORG042,L5,L5
M001559,E00921,2026-12-10,Organization Transfer,ORG029,ORG012,L4,L4
M001560,E03738,2024-03-09,Role Change,ORG018,ORG018,L3,L4
M001561,E02749,2026-10-17,Promotion,ORG041,ORG041,L5,L6
M001562,E03320,2025-06-01,Organization Transfer,ORG020,ORG027,L2,L2
M001563,E00072,2026-11-30,Organization Transfer,ORG011,ORG047,L4,L4
M001564,E02653,2026-02-19,Lateral Transfer,ORG013,ORG013,L4,L4
M001565,E03858,2025-08-13,Role Change,ORG016,ORG027,L4,L4
M001566,E04839,2024-03-19,Role Change,ORG015,ORG010,L3,L3
M001567,E01019,2025-12-30,Organization Transfer,ORG003,ORG044,L2,L2
M001568,E04291,2024-05-22,Lateral Transfer,ORG001,ORG001,L3,L3
M001569,E03648,2024-01-14,Organization Transfer,ORG003,ORG049,L6,L6
M001570,E02820,2026-12-10,Promotion,ORG025,ORG025,L3,L4
M001571,E02295,2024-09-20,Promotion,ORG042,ORG042,L5,L6
M001572,E01017,2026-10-22,Organization Transfer,ORG020,ORG002,L4,L4
M001573,E00600,2026-03-01,Organization Transfer,ORG025,ORG033,L4,L4
M001574,E00781,2025-07-19,Lateral Transfer,ORG019,ORG019,L4,L4
M001575,E02986,2026-01-27,Organization Transfer,ORG016,ORG046,L3,L3
M001576,E01757,2024-03-16,Organization Transfer,ORG016,ORG026,L5,L5
M001577,E04836,2026-05-30,Organization Transfer,ORG031,ORG033,L4,L4
M001578,E01462,2024-12-05,Promotion,ORG015,ORG015,L4,L5
M001579,E03086,2024-01-23,Organization Transfer,ORG009,ORG001,L4,L4
M001580,E04558,2024-07-02,Promotion,ORG019,ORG019,L4,L5
M001581,E00874,2026-08-30,Lateral Transfer,ORG047,ORG047,L6,L6
M001582,E03734,2024-07-18,Role Change,ORG017,ORG050,L4,L4
M001583,E03135,2026-07-27,Organization Transfer,ORG038,ORG015,L7,L7
M001584,E01124,2026-11-26,Organization Transfer,ORG007,ORG050,L3,L3
M001585,E04927,2026-08-06,Organization Transfer,ORG034,ORG004,L4,L4
M001586,E04503,2025-02-26,Role Change,ORG038,ORG002,L5,L5
M001587,E03509,2024-08-13,Promotion,ORG012,ORG012,L2,L3
M001588,E04555,2025-10-14,Organization Transfer,ORG037,ORG002,L3,L3
M001589,E01827,2025-08-17,Promotion,ORG032,ORG032,L3,L4
M001590,E03433,2025-01-01,Lateral Transfer,ORG028,ORG028,L2,L2
M001591,E02118,2025-07-15,Role Change,ORG004,ORG046,L7,L7
M001592,E03493,2024-07-19,Role Change,ORG016,ORG016,L4,L4
M001593,E03736,2024-12-07,Lateral Transfer,ORG034,ORG034,L4,L4
M001594,E01879,2025-10-25,Promotion,ORG002,ORG002,L4,L5
M001595,E00064,2025-07-14,Promotion,ORG004,ORG004,L5,L6
M001596,E03191,2026-03-21,Organization Transfer,ORG029,ORG033,L4,L4
M001597,E00251,2026-12-17,Organization Transfer,ORG034,ORG003,L5,L5
M001598,E03475,2026-07-04,Organization Transfer,ORG013,ORG003,L4,L4
M001599,E01056,2026-01-24,Lateral Transfer,ORG026,ORG026,L5,L5
M001600,E04092,2024-07-07,Lateral Transfer,ORG001,ORG001,L5,L5
M001601,E04418,2026-04-01,Lateral Transfer,ORG026,ORG026,L5,L5
M001602,E04319,2024-04-18,Organization Transfer,ORG021,ORG031,L4,L4
M001603,E03777,2026-08-11,Promotion,ORG006,ORG006,L4,L5
M001604,E00514,2026-03-05,Lateral Transfer,ORG004,ORG004,L2,L2
M001605,E01603,2025-07-23,Role Change,ORG048,ORG023,L5,L5
M001606,E02666,2025-01-18,Promotion,ORG002,ORG002,L2,L3
M001607,E01837,2025-09-05,Promotion,ORG048,ORG048,L4,L5
M001608,E01578,2026-03-28,Organization Transfer,ORG016,ORG005,L4,L4
M001609,E01643,2024-07-22,Promotion,ORG040,ORG040,L6,L7
M001610,E00532,2025-02-05,Lateral Transfer,ORG007,ORG007,L4,L4
M001611,E04574,2026-12-26,Role Change,ORG041,ORG041,L5,L5
M001612,E03253,2024-03-04,Promotion,ORG004,ORG004,L2,L3
M001613,E02927,2026-09-28,Lateral Transfer,ORG038,ORG038,L4,L4
M001614,E01516,2026-12-07,Organization Transfer,ORG027,ORG020,L5,L5
M001615,E04919,2024-03-31,Organization Transfer,ORG004,ORG030,L5,L5
M001616,E04970,2025-03-19,Organization Transfer,ORG031,ORG009,L3,L3
M001617,E04698,2024-04-10,Organization Transfer,ORG002,ORG039,L5,L5
M001618,E01883,2024-10-29,Organization Transfer,ORG012,ORG020,L2,L2
M001619,E03972,2026-08-22,Lateral Transfer,ORG035,ORG035,L2,L2
M001620,E04756,2024-04-15,Lateral Transfer,ORG036,ORG036,L2,L2
M001621,E03936,2025-07-09,Organization Transfer,ORG012,ORG024,L3,L3
M001622,E00735,2026-11-08,Organization Transfer,ORG043,ORG038,L2,L2
M001623,E03534,2026-11-28,Organization Transfer,ORG009,ORG030,L3,L3
M001624,E01430,2024-02-08,Organization Transfer,ORG044,ORG040,L6,L6
M001625,E02207,2025-04-21,Role Change,ORG044,ORG044,L5,L5
M001626,E03579,2024-08-31,Organization Transfer,ORG035,ORG048,L4,L4
M001627,E02388,2025-09-06,Promotion,ORG035,ORG035,L4,L5
M001628,E03819,2026-10-01,Role Change,ORG028,ORG028,L3,L3
M001629,E01273,2025-09-26,Organization Transfer,ORG009,ORG003,L3,L3
M001630,E02475,2026-10-04,Lateral Transfer,ORG019,ORG019,L4,L4
M001631,E03815,2025-01-31,Organization Transfer,ORG035,ORG036,L2,L2
M001632,E00509,2024-04-03,Lateral Transfer,ORG004,ORG004,L6,L6
M001633,E02803,2026-12-18,Promotion,ORG015,ORG015,L5,L6
M001634,E03300,2025-11-27,Role Change,ORG038,ORG038,L5,L5
M001635,E01956,2024-02-27,Organization Transfer,ORG035,ORG042,L2,L2
M001636,E03831,2024-03-22,Role Change,ORG027,ORG027,L6,L6
M001637,E03449,2025-07-22,Lateral Transfer,ORG013,ORG013,L4,L4
M001638,E00820,2025-04-16,Lateral Transfer,ORG029,ORG029,L4,L4
M001639,E02563,2024-04-07,Organization Transfer,ORG045,ORG030,L5,L5
M001640,E03340,2026-11-08,Lateral Transfer,ORG035,ORG035,L5,L5
M001641,E01947,2025-03-14,Organization Transfer,ORG013,ORG026,L4,L4
M001642,E03992,2025-08-27,Lateral Transfer,ORG040,ORG040,L4,L4
M001643,E00805,2024-03-04,Organization Transfer,ORG029,ORG042,L6,L6
M001644,E03033,2026-01-23,Lateral Transfer,ORG019,ORG019,L3,L3
M001645,E01239,2024-08-06,Role Change,ORG020,ORG042,L4,L4
M001646,E04462,2026-09-09,Organization Transfer,ORG006,ORG048,L7,L7
M001647,E00108,2025-12-11,Organization Transfer,ORG002,ORG021,L6,L6
M001648,E03277,2025-07-02,Lateral Transfer,ORG024,ORG024,L3,L3
M001649,E03526,2026-06-01,Lateral Transfer,ORG021,ORG021,L3,L3
M001650,E00405,2024-07-04,Lateral Transfer,ORG046,ORG046,L4,L4
M001651,E00892,2026-12-19,Lateral Transfer,ORG014,ORG014,L4,L4
M001652,E00960,2026-01-31,Lateral Transfer,ORG016,ORG016,L6,L6
M001653,E02441,2024-01-07,Organization Transfer,ORG050,ORG027,L4,L4
M001654,E04608,2026-09-12,Organization Transfer,ORG032,ORG040,L4,L4
M001655,E04948,2025-04-21,Organization Transfer,ORG009,ORG005,L2,L2
M001656,E03509,2024-02-10,Organization Transfer,ORG012,ORG044,L2,L2
M001657,E04491,2026-11-30,Promotion,ORG003,ORG003,L4,L5
M001658,E04211,2024-07-16,Promotion,ORG009,ORG009,L4,L5
M001659,E00703,2025-04-14,Lateral Transfer,ORG009,ORG009,L4,L4
M001660,E03659,2024-08-06,Lateral Transfer,ORG004,ORG004,L3,L3
M001661,E04581,2024-03-17,Lateral Transfer,ORG035,ORG035,L5,L5
M001662,E01513,2024-05-23,Lateral Transfer,ORG030,ORG030,L3,L3
M001663,E00270,2024-09-01,Organization Transfer,ORG029,ORG035,L5,L5
M001664,E00726,2026-11-24,Lateral Transfer,ORG018,ORG018,L4,L4
M001665,E04344,2026-08-03,Role Change,ORG019,ORG019,L3,L3
M001666,E00500,2025-12-12,Promotion,ORG004,ORG004,L4,L5
M001667,E03011,2025-08-30,Promotion,ORG021,ORG021,L2,L3
M001668,E04496,2026-06-28,Lateral Transfer,ORG007,ORG007,L2,L2
M001669,E01237,2024-06-19,Organization Transfer,ORG044,ORG026,L5,L5
M001670,E03882,2026-07-31,Promotion,ORG043,ORG043,L4,L5
M001671,E02389,2025-06-10,Lateral Transfer,ORG005,ORG005,L2,L2
M001672,E00265,2026-11-23,Organization Transfer,ORG014,ORG024,L2,L2
M001673,E02532,2026-03-18,Lateral Transfer,ORG001,ORG001,L2,L2
M001674,E04377,2026-06-17,Organization Transfer,ORG011,ORG043,L6,L6
M001675,E01282,2025-10-11,Promotion,ORG004,ORG004,L6,L7
M001676,E00937,2026-12-27,Lateral Transfer,ORG006,ORG006,L5,L5
M001677,E03254,2024-12-10,Role Change,ORG017,ORG017,L6,L6
M001678,E03589,2025-08-16,Role Change,ORG035,ORG040,L4,L4
M001679,E02605,2026-11-26,Organization Transfer,ORG017,ORG008,L4,L4
M001680,E03352,2026-02-11,Organization Transfer,ORG019,ORG001,L3,L3
M001681,E00100,2025-05-26,Lateral Transfer,ORG022,ORG022,L2,L2
M001682,E00359,2024-03-30,Lateral Transfer,ORG018,ORG018,L3,L3
M001683,E02116,2026-02-01,Promotion,ORG008,ORG008,L4,L5
M001684,E00913,2024-01-20,Role Change,ORG026,ORG045,L5,L5
M001685,E00105,2026-11-22,Role Change,ORG033,ORG033,L5,L5
M001686,E00937,2024-12-28,Promotion,ORG006,ORG006,L5,L6
M001687,E01698,2024-10-07,Organization Transfer,ORG046,ORG032,L2,L2
M001688,E02423,2025-02-16,Promotion,ORG008,ORG008,L4,L5
M001689,E00329,2025-04-26,Organization Transfer,ORG007,ORG002,L2,L2
M001690,E02795,2026-07-19,Role Change,ORG013,ORG013,L5,L6
M001691,E04386,2024-10-05,Organization Transfer,ORG026,ORG015,L4,L4
M001692,E00086,2026-02-21,Role Change,ORG031,ORG008,L4,L4
M001693,E04609,2026-10-08,Promotion,ORG007,ORG007,L3,L4
M001694,E02288,2026-02-27,Promotion,ORG003,ORG003,L4,L5
M001695,E04719,2026-12-28,Promotion,ORG022,ORG022,L4,L5
M001696,E00097,2026-06-19,Promotion,ORG048,ORG048,L3,L4
M001697,E03195,2026-09-17,Lateral Transfer,ORG024,ORG024,L4,L4
M001698,E01426,2024-09-17,Promotion,ORG034,ORG034,L3,L4
M001699,E02422,2026-03-01,Lateral Transfer,ORG015,ORG015,L2,L2
M001700,E03704,2026-10-31,Organization Transfer,ORG047,ORG008,L4,L4
M001701,E02215,2024-10-18,Promotion,ORG014,ORG014,L4,L5
M001702,E04198,2025-10-11,Organization Transfer,ORG003,ORG050,L3,L3
M001703,E03355,2025-12-11,Lateral Transfer,ORG030,ORG030,L3,L3
M001704,E03204,2026-07-03,Lateral Transfer,ORG036,ORG036,L6,L6
M001705,E01030,2025-03-24,Role Change,ORG032,ORG008,L4,L4
M001706,E03183,2026-12-30,Organization Transfer,ORG015,ORG031,L4,L4
M001707,E01973,2024-01-06,Organization Transfer,ORG001,ORG011,L5,L5
M001708,E02309,2026-02-15,Role Change,ORG025,ORG025,L3,L4
M001709,E04861,2024-02-15,Promotion,ORG011,ORG011,L2,L3
M001710,E01763,2024-02-28,Role Change,ORG028,ORG028,L6,L6
M001711,E01345,2025-07-20,Lateral Transfer,ORG047,ORG047,L5,L5
M001712,E03159,2025-01-03,Lateral Transfer,ORG039,ORG039,L4,L4
M001713,E01168,2024-05-27,Lateral Transfer,ORG035,ORG035,L2,L2
M001714,E03639,2025-06-17,Promotion,ORG032,ORG032,L3,L4
M001715,E02486,2025-07-08,Lateral Transfer,ORG011,ORG011,L3,L3
M001716,E03531,2025-12-19,Promotion,ORG021,ORG021,L6,L7
M001717,E04163,2025-09-20,Organization Transfer,ORG044,ORG020,L2,L2
M001718,E02171,2026-07-07,Lateral Transfer,ORG001,ORG001,L4,L4
M001719,E00671,2025-04-18,Lateral Transfer,ORG041,ORG041,L4,L4
M001720,E00014,2024-01-03,Promotion,ORG015,ORG015,L2,L3
M001721,E03736,2026-06-15,Organization Transfer,ORG034,ORG033,L4,L4
M001722,E04275,2026-10-31,Role Change,ORG027,ORG046,L3,L3
M001723,E00704,2025-05-09,Promotion,ORG020,ORG020,L4,L5
M001724,E03099,2025-07-06,Organization Transfer,ORG041,ORG042,L3,L3
M001725,E02290,2025-04-18,Promotion,ORG032,ORG032,L5,L6
M001726,E01427,2025-08-17,Promotion,ORG002,ORG002,L4,L5
M001727,E02588,2026-05-06,Promotion,ORG025,ORG025,L5,L6
M001728,E03645,2024-01-05,Promotion,ORG035,ORG035,L3,L4
M001729,E02686,2024-02-21,Lateral Transfer,ORG039,ORG039,L6,L6
M001730,E00715,2025-05-31,Promotion,ORG014,ORG014,L4,L5
M001731,E01872,2025-06-28,Lateral Transfer,ORG026,ORG026,L4,L4
M001732,E02246,2025-07-07,Promotion,ORG023,ORG023,L5,L6
M001733,E00988,2025-05-07,Promotion,ORG031,ORG031,L5,L6
M001734,E04580,2026-12-13,Role Change,ORG009,ORG009,L4,L5
M001735,E01054,2026-06-27,Lateral Transfer,ORG013,ORG013,L5,L5
M001736,E03186,2025-12-02,Organization Transfer,ORG039,ORG037,L3,L3
M001737,E02371,2026-02-10,Role Change,ORG024,ORG024,L7,L7
M001738,E03983,2024-01-04,Lateral Transfer,ORG021,ORG021,L5,L5
M001739,E03032,2026-06-21,Organization Transfer,ORG029,ORG039,L4,L4
M001740,E00521,2025-08-27,Organization Transfer,ORG036,ORG040,L5,L5
M001741,E04073,2026-04-27,Organization Transfer,ORG030,ORG003,L3,L3
M001742,E00677,2025-09-11,Promotion,ORG028,ORG028,L2,L3
M001743,E00276,2024-11-30,Role Change,ORG041,ORG039,L5,L5
M001744,E02114,2026-07-06,Promotion,ORG023,ORG023,L4,L5
M001745,E02563,2026-04-17,Role Change,ORG045,ORG033,L5,L6
M001746,E01055,2025-07-23,Lateral Transfer,ORG019,ORG019,L3,L3
M001747,E03630,2026-07-01,Organization Transfer,ORG016,ORG043,L3,L3
M001748,E00672,2025-08-13,Role Change,ORG034,ORG034,L2,L2
M001749,E01660,2026-10-06,Role Change,ORG002,ORG002,L4,L5
M001750,E00191,2024-11-29,Organization Transfer,ORG047,ORG028,L2,L2
M001751,E02376,2026-11-02,Promotion,ORG022,ORG022,L3,L4
M001752,E01520,2025-02-13,Role Change,ORG024,ORG024,L4,L4
M001753,E03575,2024-12-15,Organization Transfer,ORG043,ORG039,L2,L2
M001754,E03280,2025-11-30,Organization Transfer,ORG015,ORG048,L4,L4
M001755,E01932,2026-09-22,Promotion,ORG009,ORG009,L2,L3
M001756,E03555,2025-03-19,Role Change,ORG044,ORG010,L3,L3
M001757,E00536,2025-10-30,Lateral Transfer,ORG020,ORG020,L3,L3
M001758,E00539,2026-04-18,Organization Transfer,ORG029,ORG025,L3,L3
M001759,E01886,2025-04-21,Lateral Transfer,ORG027,ORG027,L7,L7
M001760,E03958,2026-08-16,Promotion,ORG041,ORG041,L6,L7
M001761,E04053,2024-09-12,Organization Transfer,ORG025,ORG018,L3,L3
M001762,E00445,2026-01-19,Role Change,ORG036,ORG019,L5,L6
M001763,E01954,2026-12-14,Organization Transfer,ORG042,ORG004,L5,L5
M001764,E04996,2025-08-16,Lateral Transfer,ORG014,ORG014,L2,L2
M001765,E04106,2025-11-16,Organization Transfer,ORG029,ORG042,L4,L4
M001766,E03832,2025-03-16,Organization Transfer,ORG046,ORG011,L4,L4
M001767,E02836,2025-01-11,Organization Transfer,ORG001,ORG028,L2,L2
M001768,E00499,2025-02-25,Lateral Transfer,ORG030,ORG030,L2,L2
M001769,E02823,2026-12-05,Promotion,ORG010,ORG010,L5,L6
M001770,E01654,2025-02-02,Lateral Transfer,ORG018,ORG018,L3,L3
M001771,E02610,2024-03-15,Organization Transfer,ORG015,ORG038,L2,L2
M001772,E01098,2025-01-24,Lateral Transfer,ORG007,ORG007,L5,L5
M001773,E03396,2024-12-25,Lateral Transfer,ORG026,ORG026,L3,L3
M001774,E02621,2026-10-21,Lateral Transfer,ORG024,ORG024,L4,L4
M001775,E02426,2024-07-28,Lateral Transfer,ORG009,ORG009,L5,L5
M001776,E03021,2024-06-22,Role Change,ORG039,ORG039,L6,L6
M001777,E04250,2024-09-14,Role Change,ORG029,ORG029,L3,L3
M001778,E03489,2024-06-21,Organization Transfer,ORG006,ORG050,L2,L2
M001779,E01681,2024-11-29,Organization Transfer,ORG042,ORG022,L5,L5
M001780,E02421,2025-01-29,Role Change,ORG002,ORG024,L3,L3
M001781,E04246,2026-08-06,Role Change,ORG012,ORG012,L4,L4
M001782,E01711,2024-10-06,Role Change,ORG004,ORG004,L4,L5
M001783,E02757,2026-04-26,Lateral Transfer,ORG035,ORG035,L3,L3
M001784,E00214,2026-08-10,Promotion,ORG012,ORG012,L4,L5
M001785,E04417,2026-10-10,Role Change,ORG030,ORG030,L5,L5
M001786,E03288,2025-05-22,Lateral Transfer,ORG023,ORG023,L4,L4
M001787,E02191,2026-08-30,Role Change,ORG027,ORG011,L4,L4
M001788,E04654,2024-10-20,Role Change,ORG034,ORG034,L3,L3
M001789,E01630,2024-09-05,Promotion,ORG007,ORG007,L4,L5
M001790,E02643,2026-07-02,Promotion,ORG036,ORG036,L4,L5
M001791,E02403,2024-02-11,Organization Transfer,ORG047,ORG001,L3,L3
M001792,E04459,2026-11-04,Lateral Transfer,ORG039,ORG039,L3,L3
M001793,E01386,2025-08-27,Organization Transfer,ORG045,ORG046,L4,L4
M001794,E02325,2024-12-12,Promotion,ORG039,ORG039,L2,L3
M001795,E01168,2025-07-07,Organization Transfer,ORG035,ORG038,L2,L2
M001796,E04494,2025-09-22,Role Change,ORG021,ORG021,L3,L3
M001797,E02925,2025-01-10,Role Change,ORG005,ORG049,L4,L4
M001798,E03489,2026-07-26,Organization Transfer,ORG006,ORG032,L2,L2
M001799,E01233,2024-01-10,Role Change,ORG016,ORG016,L3,L3
M001800,E02000,2024-07-31,Lateral Transfer,ORG011,ORG011,L5,L5
M001801,E02818,2025-06-17,Organization Transfer,ORG045,ORG046,L5,L5
M001802,E00622,2025-11-25,Lateral Transfer,ORG015,ORG015,L6,L6
M001803,E00979,2024-02-08,Lateral Transfer,ORG012,ORG012,L4,L4
M001804,E04274,2026-11-22,Lateral Transfer,ORG011,ORG011,L3,L3
M001805,E00217,2026-12-21,Lateral Transfer,ORG014,ORG014,L5,L5
M001806,E02495,2025-04-09,Lateral Transfer,ORG009,ORG009,L2,L2
M001807,E04786,2025-03-11,Role Change,ORG027,ORG021,L6,L7
M001808,E03390,2025-09-15,Organization Transfer,ORG045,ORG049,L4,L4
M001809,E02774,2025-10-08,Lateral Transfer,ORG024,ORG024,L4,L4
M001810,E04284,2026-12-27,Organization Transfer,ORG018,ORG025,L4,L4
M001811,E00950,2026-10-03,Promotion,ORG010,ORG010,L4,L5
M001812,E02859,2024-03-07,Organization Transfer,ORG019,ORG035,L5,L5
M001813,E04857,2026-12-17,Organization Transfer,ORG021,ORG036,L6,L6
M001814,E02510,2025-09-13,Lateral Transfer,ORG008,ORG008,L3,L3
M001815,E04359,2025-03-12,Organization Transfer,ORG023,ORG018,L4,L4
M001816,E00958,2025-06-09,Role Change,ORG009,ORG009,L6,L6
M001817,E02530,2026-12-29,Organization Transfer,ORG016,ORG047,L5,L5
M001818,E00337,2025-06-21,Lateral Transfer,ORG021,ORG021,L5,L5
M001819,E03006,2026-04-26,Promotion,ORG007,ORG007,L4,L5
M001820,E00834,2026-12-25,Lateral Transfer,ORG046,ORG046,L4,L4
M001821,E03270,2025-03-06,Organization Transfer,ORG030,ORG012,L2,L2
M001822,E02140,2025-04-09,Organization Transfer,ORG024,ORG016,L3,L3
M001823,E01160,2026-12-30,Organization Transfer,ORG009,ORG008,L5,L5
M001824,E04530,2026-12-13,Lateral Transfer,ORG036,ORG036,L5,L5
M001825,E04987,2026-04-02,Lateral Transfer,ORG023,ORG023,L7,L7
M001826,E03083,2026-12-22,Lateral Transfer,ORG031,ORG031,L5,L5
M001827,E00467,2026-08-10,Organization Transfer,ORG034,ORG024,L3,L3
M001828,E02506,2025-02-11,Role Change,ORG008,ORG008,L6,L6
M001829,E02573,2024-11-23,Organization Transfer,ORG017,ORG004,L2,L2
M001830,E03229,2025-10-16,Lateral Transfer,ORG029,ORG029,L2,L2
M001831,E04386,2025-04-15,Organization Transfer,ORG026,ORG042,L4,L4
M001832,E02437,2026-02-21,Organization Transfer,ORG036,ORG003,L4,L4
M001833,E02349,2025-12-23,Organization Transfer,ORG033,ORG032,L4,L4
M001834,E03037,2025-01-12,Role Change,ORG038,ORG038,L2,L3
M001835,E03620,2026-07-01,Lateral Transfer,ORG033,ORG033,L4,L4
M001836,E04172,2024-05-08,Promotion,ORG033,ORG033,L4,L5
M001837,E04408,2026-06-18,Organization Transfer,ORG045,ORG008,L2,L2
M001838,E02358,2025-07-24,Organization Transfer,ORG044,ORG021,L5,L5
M001839,E03503,2026-04-25,Organization Transfer,ORG050,ORG032,L5,L5
M001840,E02845,2025-05-30,Lateral Transfer,ORG038,ORG038,L5,L5
M001841,E04683,2025-08-15,Role Change,ORG005,ORG017,L2,L2
M001842,E03810,2026-06-17,Role Change,ORG035,ORG035,L3,L4
M001843,E02604,2026-03-24,Organization Transfer,ORG029,ORG028,L2,L2
M001844,E00504,2025-10-14,Promotion,ORG046,ORG046,L3,L4
M001845,E02277,2026-09-25,Lateral Transfer,ORG025,ORG025,L3,L3
M001846,E03151,2024-10-27,Role Change,ORG048,ORG048,L6,L6
M001847,E01651,2024-07-19,Organization Transfer,ORG045,ORG030,L5,L5
M001848,E02856,2024-02-26,Organization Transfer,ORG045,ORG035,L6,L6
M001849,E04398,2025-11-08,Organization Transfer,ORG026,ORG034,L7,L7
M001850,E01846,2025-08-18,Promotion,ORG034,ORG034,L3,L4
M001851,E03229,2024-04-02,Organization Transfer,ORG029,ORG001,L2,L2
M001852,E03160,2025-08-15,Promotion,ORG002,ORG002,L5,L6
M001853,E02478,2024-05-08,Promotion,ORG043,ORG043,L3,L4
M001854,E00673,2025-12-03,Role Change,ORG010,ORG025,L5,L5
M001855,E03257,2024-03-27,Role Change,ORG036,ORG037,L3,L3
M001856,E01870,2026-01-22,Organization Transfer,ORG039,ORG045,L4,L4
M001857,E01643,2024-02-25,Lateral Transfer,ORG040,ORG040,L6,L6
M001858,E04285,2025-04-12,Lateral Transfer,ORG038,ORG038,L2,L2
M001859,E04980,2025-04-27,Organization Transfer,ORG037,ORG017,L2,L2
M001860,E01716,2026-08-02,Promotion,ORG032,ORG032,L4,L5
M001861,E04794,2026-12-27,Organization Transfer,ORG004,ORG024,L2,L2
M001862,E00009,2025-11-05,Lateral Transfer,ORG044,ORG044,L6,L6
M001863,E00581,2025-09-17,Lateral Transfer,ORG011,ORG011,L5,L5
M001864,E02315,2025-08-10,Role Change,ORG039,ORG025,L4,L4
M001865,E04665,2025-04-09,Organization Transfer,ORG034,ORG010,L3,L3
M001866,E01616,2025-12-13,Role Change,ORG015,ORG050,L3,L4
M001867,E03448,2025-10-06,Organization Transfer,ORG019,ORG023,L3,L3
M001868,E00111,2025-03-25,Organization Transfer,ORG011,ORG012,L7,L7
M001869,E02607,2025-04-20,Lateral Transfer,ORG011,ORG011,L4,L4
M001870,E01858,2026-10-19,Promotion,ORG028,ORG028,L2,L3
M001871,E03586,2026-11-28,Lateral Transfer,ORG036,ORG036,L3,L3
M001872,E04093,2026-01-10,Organization Transfer,ORG011,ORG047,L2,L2
M001873,E00557,2025-06-03,Promotion,ORG016,ORG016,L3,L4
M001874,E02861,2026-08-16,Organization Transfer,ORG030,ORG032,L5,L5
M001875,E01433,2025-07-30,Lateral Transfer,ORG041,ORG041,L4,L4
M001876,E03157,2025-02-02,Lateral Transfer,ORG019,ORG019,L3,L3
M001877,E03216,2026-11-18,Lateral Transfer,ORG046,ORG046,L4,L4
M001878,E01407,2026-11-26,Lateral Transfer,ORG019,ORG019,L7,L7
M001879,E03365,2024-03-16,Lateral Transfer,ORG040,ORG040,L5,L5
M001880,E03498,2026-09-24,Role Change,ORG032,ORG017,L3,L3
M001881,E01998,2026-07-09,Promotion,ORG035,ORG035,L5,L6
M001882,E00396,2026-12-17,Lateral Transfer,ORG044,ORG044,L5,L5
M001883,E02512,2026-03-21,Role Change,ORG043,ORG043,L7,L7
M001884,E02183,2026-07-05,Organization Transfer,ORG026,ORG025,L3,L3
M001885,E02132,2026-10-11,Promotion,ORG001,ORG001,L4,L5
M001886,E02299,2025-01-31,Role Change,ORG006,ORG006,L4,L4
M001887,E04986,2026-08-05,Lateral Transfer,ORG048,ORG048,L6,L6
M001888,E00115,2025-10-25,Organization Transfer,ORG041,ORG016,L2,L2
M001889,E00215,2026-03-06,Promotion,ORG043,ORG043,L3,L4
M001890,E02421,2025-06-30,Lateral Transfer,ORG002,ORG002,L3,L3
M001891,E04267,2026-12-20,Role Change,ORG003,ORG003,L6,L6
M001892,E01766,2025-04-08,Organization Transfer,ORG034,ORG047,L4,L4
M001893,E01223,2025-11-26,Role Change,ORG027,ORG027,L2,L2
M001894,E04167,2026-05-19,Role Change,ORG037,ORG032,L5,L5
M001895,E00951,2025-02-24,Organization Transfer,ORG046,ORG023,L3,L3
M001896,E04440,2025-07-26,Organization Transfer,ORG016,ORG043,L3,L3
M001897,E02807,2024-09-01,Organization Transfer,ORG010,ORG045,L6,L6
M001898,E03475,2026-06-17,Role Change,ORG013,ORG037,L4,L4
M001899,E03959,2026-09-26,Promotion,ORG003,ORG003,L3,L4
M001900,E00886,2025-07-04,Organization Transfer,ORG026,ORG005,L3,L3
M001901,E03061,2025-02-18,Role Change,ORG048,ORG048,L3,L3
M001902,E04370,2024-11-27,Organization Transfer,ORG005,ORG044,L2,L2
M001903,E01644,2026-10-08,Promotion,ORG050,ORG050,L4,L5
M001904,E00766,2025-07-14,Promotion,ORG002,ORG002,L5,L6
M001905,E00900,2024-08-05,Lateral Transfer,ORG041,ORG041,L5,L5
M001906,E03360,2026-12-16,Lateral Transfer,ORG023,ORG023,L2,L2
M001907,E04607,2026-07-27,Role Change,ORG006,ORG006,L4,L4
M001908,E04490,2025-09-02,Role Change,ORG018,ORG048,L3,L3
M001909,E04190,2024-03-10,Role Change,ORG017,ORG036,L4,L4
M001910,E04481,2026-09-05,Promotion,ORG039,ORG039,L2,L3
M001911,E00847,2024-03-02,Lateral Transfer,ORG029,ORG029,L5,L5
M001912,E01994,2024-04-15,Role Change,ORG008,ORG008,L5,L5
M001913,E00439,2025-12-16,Organization Transfer,ORG013,ORG036,L5,L5
M001914,E03905,2026-08-02,Role Change,ORG043,ORG043,L4,L4
M001915,E01736,2026-11-27,Promotion,ORG038,ORG038,L5,L6
M001916,E04643,2024-10-20,Lateral Transfer,ORG011,ORG011,L2,L2
M001917,E00323,2025-01-06,Lateral Transfer,ORG010,ORG010,L4,L4
M001918,E04227,2025-05-02,Promotion,ORG041,ORG041,L5,L6
M001919,E02231,2024-04-02,Promotion,ORG003,ORG003,L6,L7
M001920,E00986,2026-07-22,Role Change,ORG034,ORG034,L5,L5
M001921,E00797,2026-07-19,Role Change,ORG021,ORG021,L6,L6
M001922,E04695,2025-10-04,Lateral Transfer,ORG033,ORG033,L4,L4
M001923,E01799,2025-11-24,Lateral Transfer,ORG021,ORG021,L3,L3
M001924,E01187,2025-02-04,Organization Transfer,ORG004,ORG003,L4,L4
M001925,E02479,2026-09-25,Lateral Transfer,ORG024,ORG024,L3,L3
M001926,E02448,2025-07-06,Organization Transfer,ORG028,ORG032,L2,L2
M001927,E04317,2025-12-28,Role Change,ORG047,ORG047,L6,L7
M001928,E03618,2024-11-09,Role Change,ORG036,ORG036,L4,L4
M001929,E04593,2026-08-04,Organization Transfer,ORG017,ORG008,L2,L2
M001930,E04693,2025-08-24,Promotion,ORG022,ORG022,L5,L6
M001931,E01698,2026-11-19,Role Change,ORG046,ORG046,L2,L2
M001932,E00035,2026-09-18,Organization Transfer,ORG034,ORG039,L6,L6
M001933,E02553,2025-10-07,Lateral Transfer,ORG011,ORG011,L4,L4
M001934,E04994,2025-07-05,Promotion,ORG021,ORG021,L6,L7
M001935,E01241,2026-12-23,Organization Transfer,ORG036,ORG042,L2,L2
M001936,E01890,2025-05-07,Organization Transfer,ORG001,ORG022,L4,L4
M001937,E02557,2025-01-26,Lateral Transfer,ORG003,ORG003,L5,L5
M001938,E00709,2026-10-01,Organization Transfer,ORG046,ORG031,L5,L5
M001939,E04334,2024-10-31,Promotion,ORG039,ORG039,L3,L4
M001940,E02936,2026-01-18,Organization Transfer,ORG029,ORG027,L2,L2
M001941,E04461,2024-10-07,Lateral Transfer,ORG003,ORG003,L3,L3
M001942,E02088,2025-10-03,Lateral Transfer,ORG014,ORG014,L2,L2
M001943,E00497,2026-11-18,Promotion,ORG048,ORG048,L3,L4
M001944,E04318,2024-07-04,Role Change,ORG005,ORG005,L3,L3
M001945,E01017,2025-04-15,Organization Transfer,ORG020,ORG046,L4,L4
M001946,E00811,2026-10-16,Promotion,ORG034,ORG034,L2,L3
M001947,E01436,2026-03-23,Organization Transfer,ORG035,ORG027,L2,L2
M001948,E01357,2024-01-01,Promotion,ORG046,ORG046,L2,L3
M001949,E01887,2025-12-10,Role Change,ORG011,ORG042,L3,L3
M001950,E01247,2025-09-13,Lateral Transfer,ORG046,ORG046,L4,L4
M001951,E03224,2024-01-06,Lateral Transfer,ORG015,ORG015,L5,L5
M001952,E01226,2025-10-09,Lateral Transfer,ORG045,ORG045,L6,L6
M001953,E01172,2025-10-07,Lateral Transfer,ORG007,ORG007,L4,L4
M001954,E03855,2026-01-26,Role Change,ORG012,ORG038,L3,L3
M001955,E02648,2025-08-05,Organization Transfer,ORG026,ORG023,L5,L5
M001956,E00045,2024-05-25,Role Change,ORG044,ORG044,L3,L3
M001957,E04914,2025-09-01,Role Change,ORG023,ORG048,L3,L3
M001958,E00401,2025-10-29,Organization Transfer,ORG048,ORG013,L4,L4
M001959,E02960,2024-03-02,Organization Transfer,ORG008,ORG013,L4,L4
M001960,E02128,2026-11-28,Lateral Transfer,ORG040,ORG040,L5,L5
M001961,E04352,2024-04-13,Organization Transfer,ORG043,ORG007,L4,L4
M001962,E00620,2025-04-11,Lateral Transfer,ORG013,ORG013,L6,L6
M001963,E02787,2025-08-15,Organization Transfer,ORG048,ORG010,L3,L3
M001964,E00349,2026-04-09,Lateral Transfer,ORG027,ORG027,L3,L3
M001965,E01395,2026-12-22,Lateral Transfer,ORG045,ORG045,L2,L2
M001966,E01131,2025-12-24,Promotion,ORG035,ORG035,L5,L6
M001967,E01514,2026-05-25,Organization Transfer,ORG023,ORG025,L4,L4
M001968,E01938,2025-11-26,Role Change,ORG045,ORG045,L2,L2
M001969,E04731,2026-01-30,Lateral Transfer,ORG024,ORG024,L4,L4
M001970,E02973,2025-07-03,Lateral Transfer,ORG045,ORG045,L6,L6
M001971,E04333,2026-03-30,Role Change,ORG040,ORG040,L6,L6
M001972,E01201,2026-01-05,Lateral Transfer,ORG013,ORG013,L3,L3
M001973,E01547,2024-04-24,Lateral Transfer,ORG032,ORG032,L6,L6
M001974,E01327,2026-11-09,Lateral Transfer,ORG012,ORG012,L5,L5
M001975,E00484,2024-03-23,Lateral Transfer,ORG007,ORG007,L4,L4
M001976,E03504,2026-11-08,Organization Transfer,ORG036,ORG013,L4,L4
M001977,E00240,2026-08-16,Lateral Transfer,ORG016,ORG016,L2,L2
M001978,E02399,2026-05-03,Organization Transfer,ORG001,ORG037,L3,L3
M001979,E01250,2025-05-31,Lateral Transfer,ORG005,ORG005,L4,L4
M001980,E03420,2026-12-21,Lateral Transfer,ORG043,ORG043,L4,L4
M001981,E03560,2025-07-04,Lateral Transfer,ORG035,ORG035,L2,L2
M001982,E01968,2026-01-31,Promotion,ORG045,ORG045,L2,L3
M001983,E03713,2026-11-04,Lateral Transfer,ORG042,ORG042,L5,L5
M001984,E04705,2025-09-24,Organization Transfer,ORG038,ORG042,L2,L2
M001985,E03190,2024-04-03,Organization Transfer,ORG021,ORG001,L3,L3
M001986,E03126,2024-11-26,Organization Transfer,ORG032,ORG042,L2,L2
M001987,E01338,2026-05-07,Lateral Transfer,ORG020,ORG020,L3,L3
M001988,E00813,2024-12-08,Role Change,ORG027,ORG027,L6,L6
M001989,E02087,2025-06-04,Promotion,ORG043,ORG043,L3,L4
M001990,E04453,2026-12-18,Lateral Transfer,ORG043,ORG043,L4,L4
M001991,E02452,2025-11-09,Lateral Transfer,ORG050,ORG050,L4,L4
M001992,E03190,2024-11-26,Organization Transfer,ORG021,ORG019,L3,L3
M001993,E02321,2025-04-29,Role Change,ORG025,ORG047,L6,L6
M001994,E01133,2026-05-24,Organization Transfer,ORG002,ORG012,L5,L5
M001995,E04430,2024-06-27,Lateral Transfer,ORG044,ORG044,L2,L2
M001996,E00310,2026-03-05,Organization Transfer,ORG005,ORG018,L4,L4
M001997,E04061,2026-09-10,Lateral Transfer,ORG030,ORG030,L3,L3
M001998,E01270,2025-12-16,Lateral Transfer,ORG007,ORG007,L3,L3
M001999,E01137,2026-01-01,Promotion,ORG002,ORG002,L4,L5
M002000,E00066,2025-06-30,Organization Transfer,ORG016,ORG031,L5,L5
M002001,E02701,2026-03-23,Lateral Transfer,ORG047,ORG047,L3,L3
M002002,E01589,2026-09-06,Organization Transfer,ORG033,ORG035,L5,L5
M002003,E04881,2025-06-29,Promotion,ORG004,ORG004,L6,L7
M002004,E01375,2024-06-25,Lateral Transfer,ORG032,ORG032,L6,L6
M002005,E01293,2025-08-19,Promotion,ORG015,ORG015,L4,L5
M002006,E02079,2026-07-19,Organization Transfer,ORG037,ORG040,L6,L6
M002007,E01385,2026-10-20,Role Change,ORG016,ORG035,L2,L3
M002008,E02926,2025-10-31,Organization Transfer,ORG001,ORG014,L5,L5
M002009,E03783,2026-12-24,Role Change,ORG045,ORG045,L3,L3
M002010,E00192,2024-10-14,Role Change,ORG034,ORG034,L5,L5
M002011,E02667,2026-08-20,Organization Transfer,ORG046,ORG043,L5,L5
M002012,E04509,2025-11-18,Promotion,ORG012,ORG012,L4,L5
M002013,E03205,2026-03-16,Lateral Transfer,ORG007,ORG007,L5,L5
M002014,E01971,2026-07-23,Organization Transfer,ORG005,ORG031,L5,L5
M002015,E02027,2026-11-30,Role Change,ORG018,ORG025,L7,L7
M002016,E03185,2026-10-20,Role Change,ORG021,ORG021,L4,L4
M002017,E01875,2024-10-03,Role Change,ORG009,ORG009,L4,L4
M002018,E03187,2026-06-01,Organization Transfer,ORG039,ORG030,L5,L5
M002019,E00033,2026-12-30,Promotion,ORG040,ORG040,L4,L5
M002020,E02102,2026-09-03,Role Change,ORG007,ORG016,L7,L7
M002021,E02157,2025-04-17,Role Change,ORG032,ORG039,L4,L4
M002022,E04926,2025-10-04,Role Change,ORG042,ORG042,L4,L4
M002023,E01458,2026-10-30,Organization Transfer,ORG006,ORG031,L4,L4
M002024,E02722,2026-09-08,Lateral Transfer,ORG043,ORG043,L2,L2
M002025,E01867,2024-08-20,Lateral Transfer,ORG017,ORG017,L2,L2
M002026,E03059,2025-10-27,Organization Transfer,ORG041,ORG001,L5,L5
M002027,E04900,2025-04-11,Organization Transfer,ORG005,ORG040,L4,L4
M002028,E04357,2026-01-22,Promotion,ORG036,ORG036,L3,L4
M002029,E04305,2025-07-18,Role Change,ORG006,ORG006,L3,L3
M002030,E02006,2025-01-06,Organization Transfer,ORG038,ORG034,L4,L4
M002031,E03189,2025-11-16,Organization Transfer,ORG015,ORG025,L6,L6
M002032,E04751,2026-09-06,Organization Transfer,ORG015,ORG023,L4,L4
M002033,E02904,2024-05-12,Lateral Transfer,ORG007,ORG007,L6,L6
M002034,E01413,2024-02-19,Organization Transfer,ORG046,ORG049,L2,L2
M002035,E04361,2025-07-20,Role Change,ORG012,ORG012,L4,L4
M002036,E03582,2024-10-24,Promotion,ORG041,ORG041,L6,L7
M002037,E04753,2026-12-28,Promotion,ORG024,ORG024,L6,L7
M002038,E04226,2025-01-29,Lateral Transfer,ORG010,ORG010,L4,L4
M002039,E00988,2024-01-17,Role Change,ORG031,ORG049,L5,L5
M002040,E02492,2024-04-23,Lateral Transfer,ORG009,ORG009,L7,L7
M002041,E04022,2025-06-21,Lateral Transfer,ORG010,ORG010,L5,L5
M002042,E00913,2025-10-22,Promotion,ORG026,ORG026,L5,L6
M002043,E01474,2024-12-01,Organization Transfer,ORG031,ORG020,L3,L3
M002044,E04160,2024-05-27,Lateral Transfer,ORG049,ORG049,L2,L2
M002045,E04668,2026-03-04,Organization Transfer,ORG005,ORG029,L4,L4
M002046,E04375,2026-09-29,Promotion,ORG007,ORG007,L4,L5
M002047,E02580,2025-09-17,Organization Transfer,ORG019,ORG021,L2,L2
M002048,E03140,2026-07-03,Organization Transfer,ORG002,ORG041,L2,L2
M002049,E03764,2026-05-29,Promotion,ORG036,ORG036,L6,L7
M002050,E03229,2024-05-17,Role Change,ORG029,ORG029,L2,L2
M002051,E01043,2026-10-02,Promotion,ORG003,ORG003,L4,L5
M002052,E04360,2025-05-01,Lateral Transfer,ORG012,ORG012,L4,L4
M002053,E03335,2026-08-14,Lateral Transfer,ORG030,ORG030,L5,L5
M002054,E01978,2025-08-31,Role Change,ORG033,ORG023,L7,L7
M002055,E04269,2026-10-30,Promotion,ORG013,ORG013,L3,L4
M002056,E03493,2024-12-21,Lateral Transfer,ORG016,ORG016,L4,L4
M002057,E02227,2026-11-09,Organization Transfer,ORG038,ORG022,L4,L4
M002058,E01893,2026-12-29,Organization Transfer,ORG048,ORG034,L4,L4
M002059,E03617,2024-04-18,Role Change,ORG005,ORG005,L7,L7
M002060,E02073,2026-09-03,Role Change,ORG040,ORG015,L6,L6
M002061,E01561,2024-09-13,Organization Transfer,ORG033,ORG021,L3,L3
M002062,E00550,2024-10-16,Role Change,ORG039,ORG039,L2,L2
M002063,E00684,2026-05-17,Organization Transfer,ORG046,ORG031,L3,L3
M002064,E04786,2024-01-28,Organization Transfer,ORG027,ORG029,L6,L6
M002065,E01240,2024-03-18,Lateral Transfer,ORG031,ORG031,L4,L4
M002066,E00082,2025-04-11,Lateral Transfer,ORG008,ORG008,L4,L4
M002067,E04665,2024-12-06,Lateral Transfer,ORG034,ORG034,L3,L3
M002068,E01519,2025-02-22,Lateral Transfer,ORG026,ORG026,L4,L4
M002069,E04351,2025-12-24,Lateral Transfer,ORG031,ORG031,L5,L5
M002070,E03698,2025-12-05,Role Change,ORG005,ORG005,L5,L5
M002071,E00459,2024-11-28,Lateral Transfer,ORG020,ORG020,L6,L6
M002072,E01880,2026-10-23,Lateral Transfer,ORG014,ORG014,L3,L3
M002073,E02342,2026-06-08,Organization Transfer,ORG005,ORG023,L4,L4
M002074,E03710,2026-12-19,Organization Transfer,ORG008,ORG050,L6,L6
M002075,E01929,2024-11-28,Organization Transfer,ORG022,ORG049,L4,L4
M002076,E00821,2025-03-11,Role Change,ORG041,ORG039,L6,L6
M002077,E00197,2025-02-06,Role Change,ORG035,ORG035,L2,L2
M002078,E00022,2025-11-15,Organization Transfer,ORG044,ORG008,L2,L2
M002079,E03315,2026-02-14,Organization Transfer,ORG037,ORG035,L5,L5
M002080,E00255,2026-04-19,Organization Transfer,ORG035,ORG048,L3,L3
M002081,E02304,2025-11-09,Lateral Transfer,ORG037,ORG037,L2,L2
M002082,E02745,2026-06-08,Organization Transfer,ORG010,ORG030,L6,L6
M002083,E01548,2026-09-12,Role Change,ORG005,ORG045,L5,L5
M002084,E04485,2025-01-03,Organization Transfer,ORG047,ORG045,L6,L6
M002085,E03148,2024-03-16,Lateral Transfer,ORG026,ORG026,L3,L3
M002086,E04309,2026-07-09,Lateral Transfer,ORG008,ORG008,L3,L3
M002087,E04504,2026-06-09,Organization Transfer,ORG031,ORG049,L5,L5
M002088,E04295,2025-11-15,Role Change,ORG002,ORG002,L3,L3
M002089,E03191,2025-01-17,Promotion,ORG029,ORG029,L4,L5
M002090,E01169,2026-04-21,Role Change,ORG021,ORG021,L4,L4
M002091,E02824,2024-07-09,Lateral Transfer,ORG038,ORG038,L3,L3
M002092,E00188,2026-04-25,Promotion,ORG003,ORG003,L3,L4
M002093,E04832,2025-07-22,Role Change,ORG031,ORG031,L4,L4
M002094,E04733,2024-03-26,Promotion,ORG018,ORG018,L3,L4
M002095,E03724,2025-07-07,Organization Transfer,ORG013,ORG006,L5,L5
M002096,E03672,2024-07-17,Role Change,ORG023,ORG023,L6,L7
M002097,E03327,2025-12-30,Lateral Transfer,ORG045,ORG045,L2,L2
M002098,E01300,2026-01-26,Organization Transfer,ORG031,ORG046,L5,L5
M002099,E04286,2024-09-20,Organization Transfer,ORG009,ORG001,L4,L4
M002100,E00029,2026-11-27,Role Change,ORG036,ORG041,L5,L5
M002101,E00991,2026-04-24,Organization Transfer,ORG020,ORG046,L4,L4
M002102,E00400,2024-12-25,Role Change,ORG045,ORG012,L2,L2
M002103,E01964,2024-06-19,Organization Transfer,ORG033,ORG034,L7,L7
M002104,E00918,2026-11-03,Organization Transfer,ORG001,ORG050,L4,L4
M002105,E03165,2024-04-30,Lateral Transfer,ORG041,ORG041,L6,L6
M002106,E00625,2026-03-01,Role Change,ORG017,ORG012,L2,L3
M002107,E03540,2026-02-20,Organization Transfer,ORG033,ORG034,L5,L5
M002108,E02637,2025-01-21,Organization Transfer,ORG034,ORG023,L2,L2
M002109,E00743,2024-03-21,Role Change,ORG011,ORG011,L5,L6
M002110,E04118,2024-10-05,Organization Transfer,ORG019,ORG015,L3,L3
M002111,E01940,2026-12-26,Role Change,ORG002,ORG002,L5,L5
M002112,E01646,2026-12-09,Organization Transfer,ORG038,ORG047,L4,L4
M002113,E04169,2025-12-14,Promotion,ORG006,ORG006,L3,L4
M002114,E02575,2025-12-06,Promotion,ORG039,ORG039,L4,L5
M002115,E04842,2026-03-20,Organization Transfer,ORG012,ORG043,L5,L5
M002116,E01706,2026-12-24,Role Change,ORG020,ORG044,L7,L7
M002117,E02638,2025-07-19,Lateral Transfer,ORG039,ORG039,L2,L2
M002118,E03505,2025-07-02,Organization Transfer,ORG029,ORG041,L3,L3
M002119,E04697,2026-08-21,Organization Transfer,ORG032,ORG046,L5,L5
M002120,E02605,2026-11-18,Organization Transfer,ORG017,ORG040,L4,L4
M002121,E00616,2024-08-21,Organization Transfer,ORG022,ORG004,L2,L2
M002122,E02650,2026-09-05,Lateral Transfer,ORG017,ORG017,L4,L4
M002123,E04381,2024-08-26,Lateral Transfer,ORG012,ORG012,L3,L3
M002124,E00852,2025-01-31,Lateral Transfer,ORG037,ORG037,L2,L2
M002125,E00283,2024-12-12,Promotion,ORG023,ORG023,L2,L3
M002126,E02097,2025-02-08,Promotion,ORG020,ORG020,L6,L7
M002127,E02367,2026-05-09,Promotion,ORG027,ORG027,L5,L6
M002128,E00949,2025-05-10,Lateral Transfer,ORG002,ORG002,L2,L2
M002129,E01006,2026-09-03,Lateral Transfer,ORG024,ORG024,L5,L5
M002130,E00851,2024-08-20,Organization Transfer,ORG032,ORG002,L3,L3
M002131,E03632,2025-09-19,Lateral Transfer,ORG008,ORG008,L3,L3
M002132,E02415,2024-09-22,Role Change,ORG009,ORG009,L4,L5
M002133,E02190,2025-08-12,Role Change,ORG035,ORG028,L2,L2
M002134,E04885,2024-01-16,Lateral Transfer,ORG006,ORG006,L3,L3
M002135,E04665,2024-09-11,Organization Transfer,ORG034,ORG008,L3,L3
M002136,E00081,2026-04-12,Lateral Transfer,ORG046,ORG046,L3,L3
M002137,E00849,2026-11-24,Promotion,ORG002,ORG002,L4,L5
M002138,E03161,2026-09-24,Organization Transfer,ORG040,ORG046,L6,L6
M002139,E02803,2025-08-07,Lateral Transfer,ORG015,ORG015,L5,L5
M002140,E01824,2025-04-18,Promotion,ORG024,ORG024,L6,L7
M002141,E02877,2024-11-26,Lateral Transfer,ORG031,ORG031,L2,L2
M002142,E04984,2025-04-30,Organization Transfer,ORG021,ORG033,L2,L2
M002143,E01169,2025-03-31,Organization Transfer,ORG021,ORG029,L4,L4
M002144,E02633,2026-11-29,Lateral Transfer,ORG028,ORG028,L4,L4
M002145,E04741,2024-02-27,Organization Transfer,ORG018,ORG037,L6,L6
M002146,E04476,2025-09-05,Organization Transfer,ORG019,ORG040,L4,L4
M002147,E01174,2026-05-18,Organization Transfer,ORG014,ORG003,L3,L3
M002148,E01719,2024-04-11,Role Change,ORG018,ORG020,L5,L5
M002149,E00558,2026-12-13,Lateral Transfer,ORG014,ORG014,L3,L3
M002150,E00727,2026-08-24,Organization Transfer,ORG047,ORG046,L2,L2
M002151,E02065,2026-08-11,Promotion,ORG025,ORG025,L3,L4
M002152,E04300,2026-04-02,Promotion,ORG029,ORG029,L3,L4
M002153,E00514,2025-01-07,Promotion,ORG004,ORG004,L2,L3
M002154,E04549,2025-04-12,Role Change,ORG009,ORG009,L5,L5
M002155,E02471,2026-12-03,Lateral Transfer,ORG020,ORG020,L2,L2
M002156,E00899,2026-02-18,Lateral Transfer,ORG009,ORG009,L5,L5
M002157,E01845,2026-10-07,Organization Transfer,ORG022,ORG043,L2,L2
M002158,E04374,2025-01-10,Role Change,ORG037,ORG044,L3,L3
M002159,E04463,2024-06-10,Organization Transfer,ORG034,ORG033,L7,L7
M002160,E04300,2025-10-17,Lateral Transfer,ORG029,ORG029,L3,L3
M002161,E01561,2024-08-02,Organization Transfer,ORG033,ORG010,L3,L3
M002162,E03154,2026-11-28,Lateral Transfer,ORG018,ORG018,L4,L4
M002163,E03561,2025-10-14,Role Change,ORG002,ORG002,L4,L4
M002164,E04882,2026-06-18,Organization Transfer,ORG041,ORG003,L6,L6
M002165,E01259,2026-02-02,Promotion,ORG007,ORG007,L4,L5
M002166,E00254,2025-06-27,Promotion,ORG013,ORG013,L4,L5
M002167,E00505,2026-11-15,Organization Transfer,ORG009,ORG040,L4,L4
M002168,E04548,2026-05-13,Lateral Transfer,ORG025,ORG025,L4,L4
M002169,E00243,2025-12-08,Promotion,ORG011,ORG011,L5,L6
M002170,E03375,2025-11-02,Lateral Transfer,ORG027,ORG027,L2,L2
M002171,E00673,2025-10-14,Promotion,ORG010,ORG010,L5,L6
M002172,E01889,2025-04-07,Promotion,ORG005,ORG005,L3,L4
M002173,E01240,2025-01-27,Organization Transfer,ORG031,ORG042,L4,L4
M002174,E01990,2026-12-05,Promotion,ORG021,ORG021,L3,L4
M002175,E03071,2024-06-26,Lateral Transfer,ORG007,ORG007,L3,L3
M002176,E04836,2024-12-29,Role Change,ORG031,ORG031,L4,L4
M002177,E04094,2024-07-20,Organization Transfer,ORG015,ORG010,L4,L4
M002178,E01151,2025-11-18,Role Change,ORG024,ORG024,L4,L5
M002179,E01410,2024-03-01,Lateral Transfer,ORG007,ORG007,L2,L2
M002180,E00296,2024-09-22,Role Change,ORG047,ORG047,L4,L4
M002181,E02473,2026-07-02,Organization Transfer,ORG009,ORG050,L3,L3
M002182,E03137,2025-06-28,Organization Transfer,ORG028,ORG021,L2,L2
M002183,E01783,2026-03-17,Role Change,ORG013,ORG013,L2,L2
M002184,E02957,2026-04-19,Promotion,ORG047,ORG047,L2,L3
M002185,E00184,2026-08-30,Role Change,ORG036,ORG036,L4,L4
M002186,E00801,2024-02-13,Lateral Transfer,ORG016,ORG016,L4,L4
M002187,E02663,2025-02-17,Role Change,ORG039,ORG039,L4,L4
M002188,E00316,2025-02-23,Promotion,ORG047,ORG047,L4,L5
M002189,E02002,2024-10-26,Lateral Transfer,ORG040,ORG040,L5,L5
M002190,E04171,2025-10-05,Organization Transfer,ORG028,ORG041,L6,L6
M002191,E03287,2026-02-10,Promotion,ORG048,ORG048,L3,L4
M002192,E03258,2026-05-30,Promotion,ORG038,ORG038,L3,L4
M002193,E04265,2025-10-09,Lateral Transfer,ORG025,ORG025,L4,L4
M002194,E01988,2024-02-29,Lateral Transfer,ORG006,ORG006,L3,L3
M002195,E02267,2026-12-17,Organization Transfer,ORG002,ORG030,L5,L5
M002196,E00314,2026-11-19,Lateral Transfer,ORG029,ORG029,L7,L7
M002197,E03512,2024-07-16,Organization Transfer,ORG003,ORG049,L7,L7
M002198,E02658,2026-09-16,Role Change,ORG015,ORG015,L2,L2
M002199,E01185,2024-04-04,Lateral Transfer,ORG048,ORG048,L3,L3
M002200,E00896,2026-11-15,Lateral Transfer,ORG014,ORG014,L6,L6
M002201,E04859,2026-04-08,Promotion,ORG032,ORG032,L5,L6
M002202,E02217,2026-03-24,Promotion,ORG020,ORG020,L5,L6
M002203,E02163,2025-02-25,Lateral Transfer,ORG039,ORG039,L2,L2
M002204,E04139,2025-07-22,Promotion,ORG027,ORG027,L3,L4
M002205,E03821,2026-01-21,Promotion,ORG009,ORG009,L4,L5
M002206,E03727,2024-03-05,Organization Transfer,ORG012,ORG026,L5,L5
M002207,E03993,2024-12-24,Organization Transfer,ORG004,ORG022,L4,L4
M002208,E02359,2026-06-10,Organization Transfer,ORG012,ORG011,L2,L2
M002209,E03573,2025-10-13,Organization Transfer,ORG002,ORG042,L2,L2
M002210,E00294,2024-07-26,Promotion,ORG032,ORG032,L3,L4
M002211,E04669,2024-08-21,Role Change,ORG007,ORG037,L4,L4
M002212,E01574,2024-09-18,Promotion,ORG023,ORG023,L6,L7
M002213,E02345,2026-11-23,Lateral Transfer,ORG002,ORG002,L4,L4
M002214,E04030,2024-06-01,Organization Transfer,ORG012,ORG047,L4,L4
M002215,E00202,2024-12-05,Lateral Transfer,ORG019,ORG019,L3,L3
M002216,E04916,2026-04-11,Role Change,ORG012,ORG012,L5,L6
M002217,E04906,2025-11-17,Promotion,ORG043,ORG043,L3,L4
M002218,E02168,2026-10-16,Role Change,ORG047,ORG047,L3,L4
M002219,E02585,2024-02-04,Promotion,ORG040,ORG040,L5,L6
M002220,E03565,2025-01-06,Promotion,ORG003,ORG003,L3,L4
M002221,E00537,2025-09-18,Lateral Transfer,ORG036,ORG036,L3,L3
M002222,E00565,2026-09-14,Lateral Transfer,ORG010,ORG010,L5,L5
M002223,E03970,2024-05-21,Role Change,ORG028,ORG008,L5,L5
M002224,E01372,2024-04-04,Promotion,ORG023,ORG023,L2,L3
M002225,E03465,2026-02-14,Lateral Transfer,ORG022,ORG022,L2,L2
M002226,E01564,2025-01-02,Organization Transfer,ORG012,ORG046,L2,L2
M002227,E01410,2025-09-21,Promotion,ORG007,ORG007,L2,L3
M002228,E04799,2026-08-19,Promotion,ORG021,ORG021,L3,L4
M002229,E03656,2024-03-20,Role Change,ORG036,ORG036,L5,L5
M002230,E00305,2024-11-07,Promotion,ORG011,ORG011,L6,L7
M002231,E04521,2025-08-12,Lateral Transfer,ORG030,ORG030,L2,L2
M002232,E02259,2026-10-30,Role Change,ORG011,ORG006,L4,L4
M002233,E03748,2025-03-09,Lateral Transfer,ORG030,ORG030,L4,L4
M002234,E03500,2024-03-15,Organization Transfer,ORG010,ORG012,L4,L4
M002235,E03121,2025-01-24,Promotion,ORG033,ORG033,L5,L6
M002236,E04704,2025-10-23,Organization Transfer,ORG027,ORG002,L5,L5
M002237,E00157,2025-05-19,Organization Transfer,ORG022,ORG050,L4,L4
M002238,E00357,2024-11-03,Organization Transfer,ORG031,ORG029,L2,L2
M002239,E01391,2025-11-23,Role Change,ORG003,ORG003,L3,L4
M002240,E00583,2026-11-03,Role Change,ORG033,ORG030,L5,L5
M002241,E00992,2025-09-10,Lateral Transfer,ORG047,ORG047,L3,L3
M002242,E00586,2025-04-19,Promotion,ORG010,ORG010,L2,L3
M002243,E04942,2024-05-28,Promotion,ORG033,ORG033,L3,L4
M002244,E00189,2024-06-24,Lateral Transfer,ORG005,ORG005,L5,L5
M002245,E01842,2024-03-05,Promotion,ORG030,ORG030,L4,L5
M002246,E03868,2026-09-14,Lateral Transfer,ORG041,ORG041,L3,L3
M002247,E04271,2024-04-01,Promotion,ORG044,ORG044,L4,L5
M002248,E04871,2025-07-29,Lateral Transfer,ORG035,ORG035,L4,L4
M002249,E03999,2026-11-11,Lateral Transfer,ORG037,ORG037,L4,L4
M002250,E01995,2025-04-12,Promotion,ORG034,ORG034,L2,L3
M002251,E02152,2026-01-15,Organization Transfer,ORG004,ORG047,L6,L6
M002252,E02518,2026-11-16,Lateral Transfer,ORG048,ORG048,L4,L4
M002253,E00966,2026-11-24,Promotion,ORG036,ORG036,L2,L3
M002254,E03049,2024-04-16,Role Change,ORG015,ORG015,L3,L4
M002255,E00961,2025-01-21,Organization Transfer,ORG048,ORG013,L3,L3
M002256,E00850,2026-12-04,Role Change,ORG043,ORG049,L7,L7
M002257,E02648,2026-10-18,Promotion,ORG026,ORG026,L5,L6
M002258,E00518,2024-09-15,Lateral Transfer,ORG010,ORG010,L6,L6
M002259,E03788,2026-06-27,Organization Transfer,ORG009,ORG022,L6,L6
M002260,E03518,2025-01-15,Lateral Transfer,ORG042,ORG042,L4,L4
M002261,E04177,2024-12-25,Promotion,ORG029,ORG029,L3,L4
M002262,E01220,2025-05-13,Promotion,ORG007,ORG007,L3,L4
M002263,E00854,2025-05-25,Organization Transfer,ORG021,ORG030,L3,L3
M002264,E03327,2026-02-10,Lateral Transfer,ORG045,ORG045,L2,L2
M002265,E00329,2024-10-06,Role Change,ORG007,ORG007,L2,L2
M002266,E01721,2024-02-09,Organization Transfer,ORG028,ORG022,L3,L3
M002267,E02461,2026-05-06,Role Change,ORG032,ORG032,L3,L3
M002268,E02120,2026-03-25,Role Change,ORG048,ORG048,L3,L3
M002269,E01107,2026-10-18,Lateral Transfer,ORG040,ORG040,L3,L3
M002270,E01638,2024-08-14,Role Change,ORG048,ORG048,L3,L3
M002271,E04862,2026-04-30,Organization Transfer,ORG024,ORG014,L2,L2
M002272,E03665,2026-11-08,Organization Transfer,ORG024,ORG021,L7,L7
M002273,E00843,2026-12-07,Promotion,ORG027,ORG027,L4,L5
M002274,E03947,2026-11-28,Promotion,ORG030,ORG030,L2,L3
M002275,E02784,2026-04-25,Promotion,ORG039,ORG039,L4,L5
M002276,E04217,2026-10-31,Promotion,ORG015,ORG015,L2,L3
M002277,E02412,2026-09-06,Organization Transfer,ORG018,ORG008,L4,L4
M002278,E00691,2026-10-12,Organization Transfer,ORG036,ORG030,L5,L5
M002279,E03223,2026-12-14,Role Change,ORG029,ORG048,L5,L5
M002280,E04009,2024-01-15,Role Change,ORG012,ORG012,L5,L5
M002281,E03496,2025-03-10,Lateral Transfer,ORG012,ORG012,L2,L2
M002282,E01606,2025-05-05,Role Change,ORG037,ORG037,L2,L2
M002283,E01987,2025-05-20,Organization Transfer,ORG031,ORG021,L4,L4
M002284,E01719,2025-09-04,Role Change,ORG018,ORG018,L5,L5
M002285,E01226,2024-04-19,Promotion,ORG045,ORG045,L6,L7
M002286,E01992,2024-12-07,Lateral Transfer,ORG003,ORG003,L5,L5
M002287,E02177,2025-05-27,Promotion,ORG012,ORG012,L6,L7
M002288,E02396,2024-11-01,Role Change,ORG006,ORG044,L5,L5
M002289,E03358,2026-10-15,Role Change,ORG032,ORG008,L5,L5
M002290,E01061,2026-05-22,Organization Transfer,ORG016,ORG019,L3,L3
M002291,E02722,2026-12-20,Organization Transfer,ORG043,ORG028,L2,L2
M002292,E01332,2024-07-24,Promotion,ORG021,ORG021,L3,L4
M002293,E02836,2026-04-06,Lateral Transfer,ORG001,ORG001,L2,L2
M002294,E03675,2026-01-14,Lateral Transfer,ORG018,ORG018,L2,L2
M002295,E00651,2024-05-20,Organization Transfer,ORG030,ORG037,L2,L2
M002296,E02456,2024-05-22,Promotion,ORG026,ORG026,L6,L7
M002297,E01436,2025-10-20,Organization Transfer,ORG035,ORG001,L2,L2
M002298,E03045,2026-04-09,Promotion,ORG004,ORG004,L5,L6
M002299,E02416,2026-08-25,Lateral Transfer,ORG019,ORG019,L3,L3
M002300,E00448,2026-12-21,Promotion,ORG029,ORG029,L5,L6
M002301,E02642,2025-05-30,Promotion,ORG036,ORG036,L4,L5
M002302,E01678,2025-03-14,Organization Transfer,ORG048,ORG050,L6,L6
M002303,E04078,2026-05-10,Lateral Transfer,ORG038,ORG038,L3,L3
M002304,E03078,2024-03-01,Role Change,ORG007,ORG012,L4,L4
M002305,E02109,2024-07-29,Lateral Transfer,ORG009,ORG009,L3,L3
M002306,E04167,2026-06-21,Lateral Transfer,ORG037,ORG037,L5,L5
M002307,E04226,2026-04-04,Lateral Transfer,ORG010,ORG010,L4,L4
M002308,E04674,2026-07-16,Promotion,ORG035,ORG035,L4,L5
M002309,E00861,2026-04-17,Lateral Transfer,ORG020,ORG020,L3,L3
M002310,E02451,2025-07-16,Promotion,ORG006,ORG006,L4,L5
M002311,E01875,2026-07-07,Promotion,ORG009,ORG009,L4,L5
M002312,E04759,2026-05-03,Promotion,ORG046,ORG046,L3,L4
M002313,E03258,2026-06-08,Organization Transfer,ORG038,ORG023,L3,L3
M002314,E02996,2024-02-12,Role Change,ORG013,ORG013,L5,L5
M002315,E02136,2026-10-11,Lateral Transfer,ORG041,ORG041,L4,L4
M002316,E00281,2026-06-18,Organization Transfer,ORG025,ORG004,L2,L2
M002317,E00542,2025-06-06,Organization Transfer,ORG046,ORG022,L3,L3
M002318,E00319,2026-11-07,Lateral Transfer,ORG031,ORG031,L6,L6
M002319,E01989,2026-03-25,Role Change,ORG032,ORG016,L6,L6
M002320,E00820,2024-05-13,Organization Transfer,ORG029,ORG017,L4,L4
M002321,E01634,2026-07-16,Organization Transfer,ORG048,ORG030,L5,L5
M002322,E00125,2025-09-21,Organization Transfer,ORG023,ORG045,L3,L3
M002323,E00931,2025-07-02,Lateral Transfer,ORG047,ORG047,L7,L7
M002324,E04540,2025-05-22,Promotion,ORG010,ORG010,L6,L7
M002325,E00685,2024-05-18,Role Change,ORG010,ORG010,L5,L5
M002326,E04282,2024-01-30,Lateral Transfer,ORG018,ORG018,L4,L4
M002327,E04020,2025-11-13,Organization Transfer,ORG013,ORG020,L3,L3
M002328,E04340,2026-08-25,Organization Transfer,ORG036,ORG018,L4,L4
M002329,E03030,2025-10-02,Promotion,ORG043,ORG043,L3,L4
M002330,E02143,2026-02-27,Organization Transfer,ORG039,ORG032,L3,L3
M002331,E02610,2025-10-22,Promotion,ORG015,ORG015,L2,L3
M002332,E00935,2024-07-24,Promotion,ORG008,ORG008,L3,L4
M002333,E04574,2026-12-30,Lateral Transfer,ORG041,ORG041,L5,L5
M002334,E03112,2026-01-27,Role Change,ORG038,ORG038,L5,L5
M002335,E03684,2025-11-04,Lateral Transfer,ORG028,ORG028,L2,L2
M002336,E03801,2024-07-05,Lateral Transfer,ORG026,ORG026,L5,L5
M002337,E02255,2024-01-30,Role Change,ORG023,ORG023,L2,L2
M002338,E02347,2025-02-27,Organization Transfer,ORG025,ORG020,L3,L3
M002339,E04515,2026-05-16,Lateral Transfer,ORG006,ORG006,L3,L3
M002340,E04915,2026-05-06,Lateral Transfer,ORG019,ORG019,L4,L4
M002341,E02375,2024-01-13,Lateral Transfer,ORG007,ORG007,L3,L3
M002342,E01720,2024-04-28,Organization Transfer,ORG012,ORG019,L7,L7
M002343,E00981,2026-02-21,Lateral Transfer,ORG012,ORG012,L3,L3
M002344,E00803,2024-05-10,Lateral Transfer,ORG019,ORG019,L5,L5
M002345,E01352,2025-12-22,Role Change,ORG040,ORG040,L4,L4
M002346,E02459,2024-03-05,Lateral Transfer,ORG025,ORG025,L2,L2
M002347,E01006,2024-08-17,Role Change,ORG024,ORG045,L5,L5
M002348,E02645,2026-01-19,Organization Transfer,ORG004,ORG014,L2,L2
M002349,E01137,2026-03-18,Role Change,ORG002,ORG002,L4,L4
M002350,E03347,2026-12-11,Promotion,ORG018,ORG018,L2,L3
M002351,E02740,2026-07-18,Promotion,ORG011,ORG011,L6,L7
M002352,E02091,2026-11-20,Organization Transfer,ORG026,ORG018,L3,L3
M002353,E03697,2026-08-14,Lateral Transfer,ORG015,ORG015,L2,L2
M002354,E00077,2026-11-25,Promotion,ORG027,ORG027,L3,L4
M002355,E00388,2024-04-12,Promotion,ORG031,ORG031,L4,L5
M002356,E01178,2024-12-17,Lateral Transfer,ORG029,ORG029,L7,L7
M002357,E00110,2025-09-20,Promotion,ORG020,ORG020,L6,L7
M002358,E01083,2026-04-23,Organization Transfer,ORG032,ORG035,L4,L4
M002359,E01603,2026-01-29,Role Change,ORG048,ORG048,L5,L5
M002360,E03262,2026-10-18,Lateral Transfer,ORG011,ORG011,L4,L4
M002361,E02805,2026-05-19,Organization Transfer,ORG030,ORG007,L3,L3
M002362,E04002,2026-01-11,Lateral Transfer,ORG042,ORG042,L4,L4
M002363,E03257,2026-10-04,Lateral Transfer,ORG036,ORG036,L3,L3
M002364,E04720,2024-10-14,Promotion,ORG043,ORG043,L6,L7
M002365,E04660,2024-09-01,Promotion,ORG025,ORG025,L5,L6
M002366,E01140,2026-09-22,Promotion,ORG036,ORG036,L5,L6
M002367,E02726,2026-07-31,Role Change,ORG035,ORG035,L3,L3
M002368,E03951,2025-08-31,Lateral Transfer,ORG036,ORG036,L2,L2
M002369,E03018,2025-09-19,Promotion,ORG036,ORG036,L4,L5
M002370,E02833,2026-08-02,Role Change,ORG047,ORG043,L4,L4
M002371,E01887,2026-06-12,Role Change,ORG011,ORG011,L3,L3
M002372,E04991,2025-09-04,Role Change,ORG013,ORG013,L3,L4
M002373,E02032,2025-01-11,Promotion,ORG003,ORG003,L3,L4
M002374,E04764,2026-08-08,Role Change,ORG008,ORG008,L3,L3
M002375,E02885,2026-06-10,Lateral Transfer,ORG010,ORG010,L2,L2
M002376,E01912,2024-09-27,Role Change,ORG004,ORG004,L3,L3
M002377,E01885,2026-03-06,Lateral Transfer,ORG031,ORG031,L4,L4
M002378,E00412,2024-07-15,Role Change,ORG003,ORG003,L4,L4
M002379,E04976,2026-05-20,Organization Transfer,ORG030,ORG003,L5,L5
M002380,E01108,2025-11-30,Lateral Transfer,ORG025,ORG025,L2,L2
M002381,E00236,2024-04-21,Organization Transfer,ORG048,ORG020,L4,L4
M002382,E04417,2025-02-06,Lateral Transfer,ORG030,ORG030,L5,L5
M002383,E02310,2026-06-13,Promotion,ORG001,ORG001,L4,L5
M002384,E02054,2026-04-26,Lateral Transfer,ORG028,ORG028,L3,L3
M002385,E02365,2024-04-13,Organization Transfer,ORG012,ORG006,L5,L5
M002386,E02014,2026-12-29,Promotion,ORG009,ORG009,L4,L5
M002387,E00796,2025-08-09,Lateral Transfer,ORG020,ORG020,L4,L4
M002388,E03736,2024-09-17,Role Change,ORG034,ORG034,L4,L4
M002389,E03984,2026-10-28,Organization Transfer,ORG023,ORG016,L4,L4
M002390,E02324,2025-12-05,Lateral Transfer,ORG027,ORG027,L6,L6
M002391,E03269,2025-08-25,Promotion,ORG021,ORG021,L6,L7
M002392,E00101,2024-01-18,Role Change,ORG042,ORG042,L4,L5
M002393,E04974,2025-09-15,Role Change,ORG004,ORG021,L3,L3
M002394,E04569,2026-09-23,Organization Transfer,ORG044,ORG008,L5,L5
M002395,E01142,2026-12-23,Promotion,ORG025,ORG025,L5,L6
M002396,E02399,2026-10-01,Organization Transfer,ORG001,ORG038,L3,L3
M002397,E04413,2025-12-22,Organization Transfer,ORG039,ORG010,L5,L5
M002398,E00213,2026-05-14,Role Change,ORG036,ORG036,L4,L5
M002399,E03758,2026-07-18,Lateral Transfer,ORG030,ORG030,L6,L6
M002400,E04268,2024-02-08,Lateral Transfer,ORG007,ORG007,L7,L7
M002401,E01971,2026-11-19,Organization Transfer,ORG005,ORG028,L5,L5
M002402,E04812,2025-08-27,Organization Transfer,ORG004,ORG024,L5,L5
M002403,E01128,2026-06-27,Promotion,ORG035,ORG035,L6,L7
M002404,E03034,2024-01-15,Promotion,ORG015,ORG015,L4,L5
M002405,E00805,2024-02-14,Promotion,ORG029,ORG029,L6,L7
M002406,E00848,2024-04-06,Organization Transfer,ORG001,ORG042,L4,L4
M002407,E01525,2026-01-04,Role Change,ORG022,ORG022,L5,L5
M002408,E04038,2026-04-13,Promotion,ORG039,ORG039,L5,L6
M002409,E03698,2026-10-14,Organization Transfer,ORG005,ORG019,L5,L5
M002410,E04090,2026-08-31,Promotion,ORG023,ORG023,L4,L5
M002411,E01329,2024-07-02,Organization Transfer,ORG025,ORG045,L4,L4
M002412,E01833,2026-06-13,Organization Transfer,ORG028,ORG047,L5,L5
M002413,E00611,2026-12-13,Promotion,ORG045,ORG045,L5,L6
M002414,E01002,2026-12-09,Promotion,ORG042,ORG042,L6,L7
M002415,E04956,2024-03-05,Organization Transfer,ORG042,ORG001,L2,L2
M002416,E02477,2026-09-15,Promotion,ORG048,ORG048,L2,L3
M002417,E03662,2024-02-12,Organization Transfer,ORG040,ORG030,L3,L3
M002418,E04503,2024-07-11,Lateral Transfer,ORG038,ORG038,L5,L5
M002419,E00333,2025-07-12,Organization Transfer,ORG048,ORG050,L2,L2
M002420,E03684,2026-11-13,Promotion,ORG028,ORG028,L2,L3
M002421,E04148,2024-06-29,Role Change,ORG042,ORG042,L5,L5
M002422,E00960,2025-11-09,Lateral Transfer,ORG016,ORG016,L6,L6
M002423,E03697,2026-11-03,Organization Transfer,ORG015,ORG046,L2,L2
M002424,E00647,2025-05-24,Organization Transfer,ORG032,ORG044,L4,L4
M002425,E02596,2026-10-22,Organization Transfer,ORG013,ORG033,L4,L4
M002426,E02040,2025-07-03,Role Change,ORG046,ORG046,L4,L4
M002427,E00126,2026-12-06,Organization Transfer,ORG019,ORG022,L3,L3
M002428,E01806,2026-10-27,Promotion,ORG012,ORG012,L5,L6
M002429,E02029,2026-09-06,Role Change,ORG034,ORG034,L3,L3
M002430,E03936,2025-07-16,Role Change,ORG012,ORG012,L3,L3
M002431,E03017,2025-12-25,Lateral Transfer,ORG044,ORG044,L4,L4
M002432,E02818,2025-01-02,Role Change,ORG045,ORG045,L5,L5
M002433,E04134,2024-06-24,Organization Transfer,ORG015,ORG019,L5,L5
M002434,E00105,2026-05-13,Organization Transfer,ORG033,ORG015,L5,L5
M002435,E03984,2026-10-14,Lateral Transfer,ORG023,ORG023,L4,L4
M002436,E02088,2026-08-06,Lateral Transfer,ORG014,ORG014,L2,L2
M002437,E02550,2026-11-17,Role Change,ORG024,ORG024,L3,L3
M002438,E03731,2026-09-06,Organization Transfer,ORG009,ORG049,L2,L2
M002439,E03933,2026-12-05,Lateral Transfer,ORG018,ORG018,L4,L4
M002440,E00859,2025-08-16,Role Change,ORG015,ORG015,L3,L3
M002441,E02680,2024-03-14,Organization Transfer,ORG004,ORG010,L2,L2
M002442,E00240,2026-07-31,Lateral Transfer,ORG016,ORG016,L2,L2
M002443,E04642,2024-08-29,Lateral Transfer,ORG004,ORG004,L4,L4
M002444,E04905,2026-11-23,Organization Transfer,ORG022,ORG040,L2,L2
M002445,E03894,2026-06-03,Lateral Transfer,ORG008,ORG008,L5,L5
M002446,E00609,2026-04-09,Promotion,ORG042,ORG042,L2,L3
M002447,E01404,2025-01-23,Lateral Transfer,ORG014,ORG014,L3,L3
M002448,E00103,2025-09-13,Promotion,ORG041,ORG041,L5,L6
M002449,E01924,2026-08-16,Lateral Transfer,ORG028,ORG028,L4,L4
M002450,E02732,2026-02-28,Lateral Transfer,ORG035,ORG035,L3,L3
M002451,E03367,2025-07-10,Organization Transfer,ORG011,ORG036,L4,L4
M002452,E02044,2024-05-05,Lateral Transfer,ORG011,ORG011,L5,L5
M002453,E02996,2025-11-13,Lateral Transfer,ORG013,ORG013,L5,L5
M002454,E01326,2026-07-13,Role Change,ORG022,ORG022,L4,L4
M002455,E03880,2026-07-03,Organization Transfer,ORG032,ORG012,L5,L5
M002456,E01256,2025-06-18,Organization Transfer,ORG009,ORG045,L5,L5
M002457,E02639,2026-12-19,Lateral Transfer,ORG035,ORG035,L4,L4
M002458,E04613,2026-12-19,Promotion,ORG008,ORG008,L6,L7
M002459,E02295,2025-07-22,Lateral Transfer,ORG042,ORG042,L5,L5
M002460,E02302,2024-12-28,Lateral Transfer,ORG011,ORG011,L5,L5
M002461,E03379,2025-04-26,Organization Transfer,ORG010,ORG015,L2,L2
M002462,E00732,2026-07-08,Organization Transfer,ORG010,ORG047,L3,L3
M002463,E03192,2026-07-22,Promotion,ORG008,ORG008,L3,L4
M002464,E04799,2025-11-04,Promotion,ORG021,ORG021,L3,L4
M002465,E03023,2026-07-19,Lateral Transfer,ORG006,ORG006,L4,L4
M002466,E00558,2026-12-06,Lateral Transfer,ORG014,ORG014,L3,L3
M002467,E03567,2026-09-17,Role Change,ORG034,ORG048,L5,L5
M002468,E00628,2026-07-04,Promotion,ORG021,ORG021,L3,L4
M002469,E01342,2024-12-18,Lateral Transfer,ORG022,ORG022,L3,L3
M002470,E02850,2026-10-07,Promotion,ORG014,ORG014,L4,L5
M002471,E02261,2024-01-25,Promotion,ORG031,ORG031,L4,L5
M002472,E03117,2026-03-10,Organization Transfer,ORG042,ORG010,L2,L2
M002473,E01503,2026-06-28,Lateral Transfer,ORG005,ORG005,L6,L6
M002474,E04688,2024-03-16,Organization Transfer,ORG043,ORG020,L6,L6
M002475,E01067,2025-03-12,Lateral Transfer,ORG032,ORG032,L5,L5
M002476,E04235,2025-10-10,Lateral Transfer,ORG012,ORG012,L3,L3
M002477,E01794,2025-12-18,Lateral Transfer,ORG050,ORG050,L5,L5
M002478,E03767,2026-05-15,Lateral Transfer,ORG047,ORG047,L5,L5
M002479,E01467,2025-06-15,Lateral Transfer,ORG020,ORG020,L5,L5
M002480,E01696,2026-03-04,Lateral Transfer,ORG016,ORG016,L3,L3
M002481,E00519,2026-05-02,Lateral Transfer,ORG009,ORG009,L3,L3
M002482,E01019,2026-08-26,Organization Transfer,ORG003,ORG001,L2,L2
M002483,E04980,2024-05-04,Lateral Transfer,ORG037,ORG037,L2,L2
M002484,E03741,2026-12-19,Organization Transfer,ORG042,ORG050,L2,L2
M002485,E03674,2025-06-07,Organization Transfer,ORG012,ORG031,L4,L4
M002486,E03234,2026-11-21,Organization Transfer,ORG037,ORG032,L3,L3
M002487,E00365,2025-03-22,Lateral Transfer,ORG021,ORG021,L5,L5
M002488,E01137,2025-05-18,Organization Transfer,ORG002,ORG007,L4,L4
M002489,E03919,2025-03-10,Promotion,ORG026,ORG026,L3,L4
M002490,E02260,2025-05-21,Lateral Transfer,ORG009,ORG009,L3,L3
M002491,E04704,2024-05-29,Promotion,ORG027,ORG027,L5,L6
M002492,E01719,2026-04-12,Lateral Transfer,ORG018,ORG018,L5,L5
M002493,E04098,2026-01-21,Role Change,ORG020,ORG050,L5,L6
M002494,E03980,2025-07-03,Lateral Transfer,ORG022,ORG022,L2,L2
M002495,E04182,2025-06-19,Organization Transfer,ORG046,ORG034,L3,L3
M002496,E04130,2025-06-23,Lateral Transfer,ORG005,ORG005,L3,L3
M002497,E02116,2025-07-29,Lateral Transfer,ORG008,ORG008,L4,L4
M002498,E03001,2026-12-25,Lateral Transfer,ORG023,ORG023,L5,L5
M002499,E01727,2026-11-08,Role Change,ORG032,ORG032,L4,L4
M002500,E00134,2025-05-09,Role Change,ORG027,ORG027,L4,L4
M002501,E02772,2025-08-17,Role Change,ORG023,ORG023,L6,L6
M002502,E03486,2025-10-30,Organization Transfer,ORG021,ORG036,L3,L3
M002503,E00286,2024-10-18,Promotion,ORG029,ORG029,L6,L7
M002504,E03460,2024-04-10,Promotion,ORG036,ORG036,L5,L6
M002505,E00849,2026-12-11,Role Change,ORG002,ORG002,L4,L4
M002506,E03193,2025-05-27,Organization Transfer,ORG017,ORG039,L2,L2
M002507,E02638,2024-11-24,Role Change,ORG039,ORG039,L2,L2
M002508,E00484,2025-11-08,Promotion,ORG007,ORG007,L4,L5
M002509,E02648,2024-06-17,Organization Transfer,ORG026,ORG034,L5,L5
M002510,E00293,2024-01-21,Promotion,ORG006,ORG006,L3,L4
M002511,E02992,2024-05-28,Organization Transfer,ORG040,ORG008,L3,L3
M002512,E04664,2025-04-25,Lateral Transfer,ORG026,ORG026,L6,L6
M002513,E04138,2026-05-28,Organization Transfer,ORG005,ORG040,L3,L3
M002514,E04695,2026-02-14,Role Change,ORG033,ORG033,L4,L4
M002515,E01140,2024-02-15,Lateral Transfer,ORG036,ORG036,L5,L5
M002516,E02024,2026-10-28,Promotion,ORG025,ORG025,L5,L6
M002517,E04280,2026-11-30,Lateral Transfer,ORG041,ORG041,L2,L2
M002518,E03048,2025-02-06,Promotion,ORG008,ORG008,L4,L5
M002519,E03561,2026-06-26,Role Change,ORG002,ORG002,L4,L4
M002520,E01295,2026-04-20,Lateral Transfer,ORG034,ORG034,L6,L6
M002521,E01165,2025-05-01,Promotion,ORG042,ORG042,L6,L7
M002522,E03629,2026-02-09,Organization Transfer,ORG038,ORG041,L5,L5
M002523,E00263,2026-05-27,Role Change,ORG014,ORG014,L4,L4
M002524,E01994,2026-02-15,Promotion,ORG008,ORG008,L5,L6
M002525,E00154,2026-09-17,Lateral Transfer,ORG036,ORG036,L3,L3
M002526,E01328,2025-04-13,Role Change,ORG018,ORG018,L4,L4
M002527,E00023,2025-06-09,Organization Transfer,ORG048,ORG008,L2,L2
M002528,E04895,2024-04-05,Promotion,ORG028,ORG028,L3,L4
M002529,E02756,2026-07-27,Lateral Transfer,ORG016,ORG016,L5,L5
M002530,E01998,2026-03-18,Role Change,ORG035,ORG035,L5,L5
M002531,E01500,2024-07-24,Promotion,ORG006,ORG006,L5,L6
M002532,E01873,2025-08-02,Promotion,ORG007,ORG007,L3,L4
M002533,E03071,2026-05-01,Lateral Transfer,ORG007,ORG007,L3,L3
M002534,E00516,2026-09-25,Organization Transfer,ORG022,ORG046,L3,L3
M002535,E01996,2025-03-09,Promotion,ORG006,ORG006,L4,L5
M002536,E03746,2024-01-05,Lateral Transfer,ORG041,ORG041,L4,L4
M002537,E01319,2024-06-27,Role Change,ORG044,ORG044,L5,L5
M002538,E02911,2025-11-13,Promotion,ORG022,ORG022,L3,L4
M002539,E02803,2024-10-13,Organization Transfer,ORG015,ORG048,L5,L5
M002540,E03784,2025-04-14,Promotion,ORG009,ORG009,L4,L5
M002541,E03074,2024-02-27,Organization Transfer,ORG034,ORG029,L6,L6
M002542,E01112,2025-12-20,Role Change,ORG039,ORG039,L5,L5
M002543,E04213,2024-02-24,Organization Transfer,ORG036,ORG017,L4,L4
M002544,E02401,2026-04-23,Promotion,ORG029,ORG029,L3,L4
M002545,E03563,2024-10-12,Organization Transfer,ORG034,ORG024,L4,L4
M002546,E02293,2026-12-01,Lateral Transfer,ORG018,ORG018,L4,L4
M002547,E04553,2026-10-03,Promotion,ORG026,ORG026,L5,L6
M002548,E02962,2025-04-30,Lateral Transfer,ORG012,ORG012,L4,L4
M002549,E00918,2026-10-10,Promotion,ORG001,ORG001,L4,L5
M002550,E04409,2025-08-27,Lateral Transfer,ORG013,ORG013,L3,L3
M002551,E00278,2026-10-25,Promotion,ORG030,ORG030,L4,L5
M002552,E02838,2025-12-08,Organization Transfer,ORG009,ORG026,L3,L3
M002553,E00268,2024-09-08,Organization Transfer,ORG027,ORG019,L3,L3
M002554,E02810,2025-06-16,Lateral Transfer,ORG028,ORG028,L7,L7
M002555,E02704,2026-12-10,Organization Transfer,ORG044,ORG008,L5,L5
M002556,E02833,2026-12-29,Promotion,ORG047,ORG047,L4,L5
M002557,E03960,2026-12-26,Organization Transfer,ORG021,ORG034,L6,L6
M002558,E01870,2024-08-02,Lateral Transfer,ORG039,ORG039,L4,L4
M002559,E03957,2026-07-02,Lateral Transfer,ORG040,ORG040,L5,L5
M002560,E03114,2024-12-05,Role Change,ORG023,ORG023,L2,L2
M002561,E03658,2025-12-23,Organization Transfer,ORG039,ORG028,L4,L4
M002562,E02093,2026-10-14,Promotion,ORG006,ORG006,L2,L3
M002563,E04292,2024-11-17,Lateral Transfer,ORG025,ORG025,L3,L3
M002564,E04783,2025-05-31,Organization Transfer,ORG044,ORG047,L2,L2
M002565,E01392,2025-03-25,Lateral Transfer,ORG015,ORG015,L2,L2
M002566,E01471,2026-10-23,Lateral Transfer,ORG039,ORG039,L4,L4
M002567,E04292,2025-05-18,Role Change,ORG025,ORG025,L3,L3
M002568,E00837,2026-12-17,Role Change,ORG005,ORG005,L5,L5
M002569,E00563,2025-07-07,Promotion,ORG029,ORG029,L4,L5
M002570,E04078,2026-06-24,Role Change,ORG038,ORG038,L3,L3
M002571,E00177,2026-12-09,Role Change,ORG028,ORG016,L4,L4
M002572,E04698,2024-01-10,Role Change,ORG002,ORG014,L5,L5
M002573,E01235,2026-02-24,Organization Transfer,ORG039,ORG018,L3,L3
M002574,E01679,2025-05-13,Role Change,ORG006,ORG023,L6,L6
M002575,E04447,2024-10-14,Promotion,ORG025,ORG025,L6,L7
M002576,E00680,2024-05-26,Role Change,ORG041,ORG041,L2,L2
M002577,E04903,2026-03-29,Role Change,ORG032,ORG032,L5,L5
M002578,E03944,2025-05-03,Lateral Transfer,ORG004,ORG004,L3,L3
M002579,E00498,2026-06-04,Role Change,ORG011,ORG011,L3,L3
M002580,E02608,2025-07-05,Organization Transfer,ORG046,ORG031,L4,L4
M002581,E03532,2024-12-27,Role Change,ORG032,ORG032,L4,L4
M002582,E01953,2026-03-28,Lateral Transfer,ORG018,ORG018,L2,L2
M002583,E04546,2025-09-03,Organization Transfer,ORG005,ORG014,L5,L5
M002584,E01392,2025-08-25,Organization Transfer,ORG015,ORG048,L2,L2
M002585,E00995,2026-01-30,Promotion,ORG013,ORG013,L3,L4
M002586,E01530,2025-10-19,Promotion,ORG025,ORG025,L5,L6
M002587,E00871,2025-02-23,Lateral Transfer,ORG048,ORG048,L2,L2
M002588,E04550,2024-03-30,Organization Transfer,ORG016,ORG031,L2,L2
M002589,E03304,2024-11-03,Role Change,ORG026,ORG026,L3,L3
M002590,E00853,2026-04-07,Promotion,ORG038,ORG038,L4,L5
M002591,E03722,2025-01-04,Organization Transfer,ORG038,ORG029,L5,L5
M002592,E02488,2024-03-20,Promotion,ORG026,ORG026,L3,L4
M002593,E02459,2026-01-18,Lateral Transfer,ORG025,ORG025,L2,L2
M002594,E00880,2025-06-14,Organization Transfer,ORG032,ORG022,L2,L2
M002595,E01526,2024-05-19,Lateral Transfer,ORG040,ORG040,L6,L6
M002596,E04028,2026-12-24,Organization Transfer,ORG004,ORG027,L5,L5
M002597,E03209,2026-12-04,Organization Transfer,ORG040,ORG011,L5,L5
M002598,E04434,2026-07-24,Lateral Transfer,ORG050,ORG050,L3,L3
M002599,E03507,2026-06-27,Promotion,ORG029,ORG029,L5,L6
M002600,E02360,2026-09-13,Promotion,ORG039,ORG039,L4,L5
M002601,E02496,2026-11-12,Organization Transfer,ORG035,ORG020,L3,L3
M002602,E00514,2026-11-02,Promotion,ORG004,ORG004,L2,L3
M002603,E04074,2025-06-17,Role Change,ORG017,ORG017,L4,L4
M002604,E04285,2024-09-15,Promotion,ORG038,ORG038,L2,L3
M002605,E01032,2026-11-07,Lateral Transfer,ORG006,ORG006,L4,L4
M002606,E00980,2024-11-24,Promotion,ORG042,ORG042,L6,L7
M002607,E00361,2026-05-29,Lateral Transfer,ORG025,ORG025,L3,L3
M002608,E00604,2026-12-01,Organization Transfer,ORG019,ORG004,L5,L5
M002609,E01968,2024-10-28,Promotion,ORG045,ORG045,L2,L3
M002610,E03931,2025-04-04,Organization Transfer,ORG006,ORG018,L5,L5
M002611,E03348,2026-12-12,Organization Transfer,ORG013,ORG050,L7,L7
M002612,E04289,2026-07-14,Promotion,ORG030,ORG030,L4,L5
M002613,E00771,2024-04-27,Role Change,ORG010,ORG005,L3,L3
M002614,E03315,2024-12-25,Organization Transfer,ORG037,ORG020,L5,L5
M002615,E03773,2026-04-09,Promotion,ORG008,ORG008,L4,L5
M002616,E00291,2024-12-14,Lateral Transfer,ORG005,ORG005,L3,L3
M002617,E04899,2026-09-26,Role Change,ORG032,ORG032,L6,L6
M002618,E01660,2026-08-09,Lateral Transfer,ORG002,ORG002,L4,L4
M002619,E02331,2026-07-19,Lateral Transfer,ORG013,ORG013,L6,L6
M002620,E02063,2026-07-26,Organization Transfer,ORG025,ORG044,L7,L7
M002621,E00260,2025-01-12,Lateral Transfer,ORG004,ORG004,L4,L4
M002622,E03036,2026-06-04,Promotion,ORG047,ORG047,L4,L5
M002623,E02987,2026-12-27,Lateral Transfer,ORG046,ORG046,L6,L6
M002624,E04165,2024-09-01,Promotion,ORG008,ORG008,L4,L5
M002625,E01466,2026-11-08,Promotion,ORG049,ORG049,L3,L4
M002626,E04480,2025-07-11,Promotion,ORG034,ORG034,L3,L4
M002627,E00112,2025-07-31,Role Change,ORG012,ORG012,L6,L6
M002628,E03127,2026-05-18,Role Change,ORG033,ORG033,L4,L4
M002629,E00397,2024-12-04,Promotion,ORG022,ORG022,L6,L7
M002630,E04437,2025-11-26,Lateral Transfer,ORG011,ORG011,L4,L4
M002631,E03261,2025-11-20,Role Change,ORG039,ORG039,L4,L4
M002632,E02572,2026-11-20,Role Change,ORG018,ORG018,L2,L2
M002633,E02366,2025-04-21,Organization Transfer,ORG031,ORG045,L4,L4
M002634,E02889,2025-04-01,Promotion,ORG028,ORG028,L2,L3
M002635,E01410,2024-05-31,Organization Transfer,ORG007,ORG024,L2,L2
M002636,E01726,2025-12-24,Role Change,ORG017,ORG017,L6,L7
M002637,E02852,2025-01-02,Organization Transfer,ORG015,ORG014,L5,L5
M002638,E03866,2026-03-27,Promotion,ORG034,ORG034,L5,L6
M002639,E04198,2025-07-25,Lateral Transfer,ORG003,ORG003,L3,L3
M002640,E02389,2025-01-16,Role Change,ORG005,ORG005,L2,L2
M002641,E00575,2024-07-02,Organization Transfer,ORG011,ORG013,L2,L2
M002642,E02867,2026-07-23,Promotion,ORG014,ORG014,L4,L5
M002643,E02654,2025-09-05,Lateral Transfer,ORG040,ORG040,L3,L3
M002644,E04882,2024-06-25,Organization Transfer,ORG041,ORG028,L6,L6
M002645,E01245,2024-10-21,Lateral Transfer,ORG047,ORG047,L3,L3
M002646,E00672,2026-03-31,Role Change,ORG034,ORG017,L2,L2
M002647,E03999,2026-11-24,Lateral Transfer,ORG037,ORG037,L4,L4
M002648,E02448,2025-03-28,Organization Transfer,ORG028,ORG014,L2,L2
M002649,E00258,2026-04-29,Organization Transfer,ORG043,ORG001,L5,L5
M002650,E02743,2026-01-05,Promotion,ORG001,ORG001,L2,L3
M002651,E04184,2025-04-18,Lateral Transfer,ORG029,ORG029,L5,L5
M002652,E04705,2024-12-05,Promotion,ORG038,ORG038,L2,L3
M002653,E04589,2026-08-03,Organization Transfer,ORG041,ORG017,L4,L4
M002654,E00367,2025-10-04,Promotion,ORG044,ORG044,L6,L7
M002655,E00757,2025-05-22,Organization Transfer,ORG036,ORG020,L4,L4
M002656,E02969,2024-11-09,Lateral Transfer,ORG011,ORG011,L2,L2
M002657,E04509,2026-08-15,Promotion,ORG012,ORG012,L4,L5
M002658,E03311,2026-09-14,Role Change,ORG023,ORG023,L5,L5
M002659,E01878,2026-12-06,Organization Transfer,ORG043,ORG050,L4,L4
M002660,E01850,2026-12-11,Lateral Transfer,ORG029,ORG029,L5,L5
M002661,E03568,2024-05-30,Organization Transfer,ORG007,ORG010,L5,L5
M002662,E00762,2026-04-14,Organization Transfer,ORG041,ORG034,L4,L4
M002663,E01220,2026-04-28,Lateral Transfer,ORG007,ORG007,L3,L3
M002664,E01704,2026-10-05,Promotion,ORG043,ORG043,L6,L7
M002665,E04224,2025-11-30,Lateral Transfer,ORG030,ORG030,L4,L4
M002666,E02387,2024-10-31,Organization Transfer,ORG026,ORG025,L4,L4
M002667,E04270,2026-02-17,Role Change,ORG018,ORG018,L5,L5
M002668,E01492,2026-07-08,Promotion,ORG036,ORG036,L2,L3
M002669,E00161,2025-06-25,Organization Transfer,ORG045,ORG030,L5,L5
M002670,E02932,2025-02-15,Organization Transfer,ORG045,ORG001,L2,L2
M002671,E01322,2026-06-18,Promotion,ORG046,ORG046,L3,L4
M002672,E02047,2024-12-08,Promotion,ORG033,ORG033,L3,L4
M002673,E01329,2026-07-10,Organization Transfer,ORG025,ORG015,L4,L4
M002674,E02113,2024-11-05,Role Change,ORG019,ORG018,L5,L5
M002675,E04840,2025-05-07,Promotion,ORG024,ORG024,L3,L4
M002676,E01135,2025-02-18,Organization Transfer,ORG003,ORG034,L5,L5
M002677,E00960,2026-01-22,Organization Transfer,ORG016,ORG023,L6,L6
M002678,E04829,2024-08-08,Lateral Transfer,ORG038,ORG038,L5,L5
M002679,E00290,2024-10-02,Promotion,ORG013,ORG013,L2,L3
M002680,E04997,2024-03-09,Organization Transfer,ORG023,ORG003,L3,L3
M002681,E01718,2026-04-29,Role Change,ORG039,ORG039,L4,L4
M002682,E01081,2024-06-26,Lateral Transfer,ORG045,ORG045,L5,L5
M002683,E03342,2024-07-11,Promotion,ORG015,ORG015,L4,L5
M002684,E01579,2025-04-18,Organization Transfer,ORG042,ORG041,L3,L3
M002685,E03435,2025-09-02,Role Change,ORG020,ORG007,L5,L5
M002686,E00845,2024-05-14,Lateral Transfer,ORG012,ORG012,L6,L6
M002687,E03189,2025-07-16,Promotion,ORG015,ORG015,L6,L7
M002688,E00890,2026-01-22,Lateral Transfer,ORG021,ORG021,L4,L4
M002689,E04799,2026-03-28,Organization Transfer,ORG021,ORG029,L3,L3
M002690,E02080,2025-03-21,Organization Transfer,ORG013,ORG020,L4,L4
M002691,E03601,2024-07-01,Lateral Transfer,ORG042,ORG042,L5,L5
M002692,E00309,2024-06-26,Organization Transfer,ORG045,ORG003,L7,L7
M002693,E01563,2025-03-06,Promotion,ORG035,ORG035,L3,L4
M002694,E01443,2025-10-22,Organization Transfer,ORG026,ORG021,L6,L6
M002695,E03130,2026-06-06,Lateral Transfer,ORG025,ORG025,L7,L7
M002696,E02148,2024-05-27,Lateral Transfer,ORG015,ORG015,L3,L3
M002697,E02267,2026-12-04,Organization Transfer,ORG002,ORG019,L5,L5
M002698,E04301,2026-10-30,Organization Transfer,ORG046,ORG049,L5,L5
M002699,E04599,2024-05-19,Lateral Transfer,ORG040,ORG040,L4,L4
M002700,E03501,2025-06-29,Role Change,ORG035,ORG030,L2,L2
M002701,E03982,2025-10-16,Promotion,ORG008,ORG008,L4,L5
M002702,E03294,2026-09-13,Role Change,ORG012,ORG047,L4,L4
M002703,E04129,2026-06-26,Lateral Transfer,ORG003,ORG003,L5,L5
M002704,E01563,2024-02-24,Role Change,ORG035,ORG035,L3,L3
M002705,E04084,2025-11-07,Promotion,ORG034,ORG034,L5,L6
M002706,E02778,2024-11-16,Organization Transfer,ORG040,ORG028,L4,L4
M002707,E03020,2026-12-18,Promotion,ORG043,ORG043,L6,L7
M002708,E04764,2024-05-15,Lateral Transfer,ORG008,ORG008,L3,L3
M002709,E01984,2024-02-21,Organization Transfer,ORG012,ORG037,L5,L5
M002710,E02442,2024-11-25,Role Change,ORG011,ORG017,L4,L4
M002711,E04548,2026-01-27,Organization Transfer,ORG025,ORG019,L4,L4
M002712,E04324,2024-01-26,Organization Transfer,ORG030,ORG015,L5,L5
M002713,E03839,2024-12-07,Promotion,ORG006,ORG006,L4,L5
M002714,E00563,2026-04-06,Organization Transfer,ORG029,ORG039,L4,L4
M002715,E02578,2026-12-18,Organization Transfer,ORG008,ORG024,L7,L7
M002716,E01916,2025-03-25,Organization Transfer,ORG048,ORG044,L5,L5
M002717,E02952,2024-11-16,Lateral Transfer,ORG008,ORG008,L5,L5
M002718,E01180,2026-11-22,Organization Transfer,ORG014,ORG005,L2,L2
M002719,E01885,2024-02-19,Lateral Transfer,ORG031,ORG031,L4,L4
M002720,E03458,2025-01-18,Role Change,ORG047,ORG047,L4,L4
M002721,E00592,2026-08-24,Lateral Transfer,ORG004,ORG004,L5,L5
M002722,E04294,2025-08-09,Organization Transfer,ORG039,ORG031,L2,L2
M002723,E00017,2024-01-12,Organization Transfer,ORG030,ORG034,L6,L6
M002724,E03629,2025-06-26,Lateral Transfer,ORG038,ORG038,L5,L5
M002725,E02721,2026-06-04,Organization Transfer,ORG027,ORG032,L3,L3
M002726,E03251,2026-12-16,Organization Transfer,ORG034,ORG015,L4,L4
M002727,E00995,2026-04-03,Lateral Transfer,ORG013,ORG013,L3,L3
M002728,E02638,2025-12-16,Lateral Transfer,ORG039,ORG039,L2,L2
M002729,E04815,2026-05-05,Promotion,ORG019,ORG019,L3,L4
M002730,E02199,2025-09-05,Organization Transfer,ORG026,ORG050,L7,L7
M002731,E00605,2026-04-05,Role Change,ORG021,ORG021,L6,L6
M002732,E04533,2026-02-10,Lateral Transfer,ORG015,ORG015,L6,L6
M002733,E02038,2025-11-10,Organization Transfer,ORG009,ORG030,L3,L3
M002734,E01203,2024-01-19,Role Change,ORG012,ORG033,L6,L6
M002735,E04480,2026-02-22,Lateral Transfer,ORG034,ORG034,L3,L3
M002736,E00995,2025-11-30,Promotion,ORG013,ORG013,L3,L4
M002737,E00782,2026-11-28,Promotion,ORG027,ORG027,L3,L4
M002738,E02988,2025-04-16,Role Change,ORG028,ORG007,L2,L2
M002739,E04957,2024-12-08,Lateral Transfer,ORG033,ORG033,L3,L3
M002740,E03577,2025-04-24,Promotion,ORG013,ORG013,L6,L7
M002741,E00466,2024-10-19,Lateral Transfer,ORG027,ORG027,L6,L6
M002742,E03781,2025-09-02,Organization Transfer,ORG015,ORG016,L2,L2
M002743,E04373,2025-12-30,Promotion,ORG032,ORG032,L4,L5
M002744,E03030,2026-12-24,Role Change,ORG043,ORG043,L3,L3
M002745,E03017,2025-07-30,Lateral Transfer,ORG044,ORG044,L4,L4
M002746,E02097,2026-04-09,Lateral Transfer,ORG020,ORG020,L6,L6
M002747,E04091,2024-01-12,Organization Transfer,ORG038,ORG028,L4,L4
M002748,E01395,2026-12-30,Role Change,ORG045,ORG028,L2,L2
M002749,E04710,2025-01-05,Lateral Transfer,ORG011,ORG011,L5,L5
M002750,E00037,2026-10-22,Lateral Transfer,ORG041,ORG041,L6,L6
M002751,E04825,2026-04-24,Lateral Transfer,ORG011,ORG011,L4,L4
M002752,E03310,2024-04-14,Promotion,ORG043,ORG043,L4,L5
M002753,E00603,2026-07-06,Promotion,ORG045,ORG045,L2,L3
M002754,E01624,2025-06-11,Role Change,ORG031,ORG031,L3,L4
M002755,E01818,2025-07-08,Promotion,ORG033,ORG033,L5,L6
M002756,E00159,2025-09-10,Organization Transfer,ORG023,ORG032,L5,L5
M002757,E02533,2026-12-12,Lateral Transfer,ORG022,ORG022,L6,L6
M002758,E02515,2024-04-19,Role Change,ORG047,ORG047,L4,L4
M002759,E00222,2026-04-04,Organization Transfer,ORG011,ORG047,L2,L2
M002760,E03054,2026-03-04,Role Change,ORG047,ORG047,L3,L4
M002761,E02310,2026-03-20,Promotion,ORG001,ORG001,L4,L5
M002762,E01818,2026-01-27,Role Change,ORG033,ORG033,L5,L5
M002763,E00727,2026-06-09,Organization Transfer,ORG047,ORG012,L2,L2
M002764,E03222,2026-12-08,Lateral Transfer,ORG027,ORG027,L4,L4
M002765,E03923,2026-12-02,Promotion,ORG015,ORG015,L2,L3
M002766,E03223,2026-05-14,Lateral Transfer,ORG029,ORG029,L5,L5
M002767,E01901,2026-07-16,Promotion,ORG031,ORG031,L3,L4
M002768,E03431,2024-11-07,Lateral Transfer,ORG014,ORG014,L4,L4
M002769,E01007,2026-12-11,Role Change,ORG031,ORG031,L3,L3
M002770,E00782,2025-02-03,Role Change,ORG027,ORG005,L3,L3
M002771,E00075,2025-07-01,Promotion,ORG038,ORG038,L4,L5
M002772,E02953,2025-10-25,Role Change,ORG017,ORG017,L5,L5
M002773,E00020,2026-03-14,Promotion,ORG025,ORG025,L4,L5
M002774,E03669,2024-09-05,Role Change,ORG038,ORG014,L3,L3
M002775,E00734,2026-12-28,Lateral Transfer,ORG045,ORG045,L5,L5
M002776,E03150,2026-12-23,Lateral Transfer,ORG035,ORG035,L5,L5
M002777,E01648,2025-05-11,Lateral Transfer,ORG004,ORG004,L7,L7
M002778,E01043,2024-11-24,Lateral Transfer,ORG003,ORG003,L4,L4
M002779,E01803,2025-05-07,Lateral Transfer,ORG025,ORG025,L6,L6
M002780,E04034,2026-04-13,Organization Transfer,ORG017,ORG046,L4,L4
M002781,E02287,2024-06-11,Role Change,ORG045,ORG045,L4,L5
M002782,E00471,2025-06-05,Lateral Transfer,ORG035,ORG035,L5,L5
M002783,E01059,2025-07-23,Organization Transfer,ORG048,ORG039,L2,L2
M002784,E02078,2024-01-23,Promotion,ORG018,ORG018,L5,L6
M002785,E03132,2024-04-09,Lateral Transfer,ORG030,ORG030,L2,L2
M002786,E01149,2026-11-10,Promotion,ORG026,ORG026,L6,L7
M002787,E02137,2024-01-17,Organization Transfer,ORG001,ORG049,L2,L2
M002788,E02478,2026-03-06,Lateral Transfer,ORG043,ORG043,L3,L3
M002789,E01071,2025-05-02,Lateral Transfer,ORG006,ORG006,L3,L3
M002790,E00381,2025-02-18,Promotion,ORG035,ORG035,L4,L5
M002791,E02494,2025-11-12,Organization Transfer,ORG027,ORG029,L4,L4
M002792,E01921,2026-02-12,Lateral Transfer,ORG011,ORG011,L4,L4
M002793,E03679,2024-08-01,Lateral Transfer,ORG043,ORG043,L2,L2
M002794,E03259,2026-07-18,Lateral Transfer,ORG031,ORG031,L3,L3
M002795,E04303,2024-09-24,Promotion,ORG020,ORG020,L6,L7
M002796,E03915,2026-12-19,Promotion,ORG048,ORG048,L4,L5
M002797,E01329,2025-02-26,Organization Transfer,ORG025,ORG001,L4,L4
M002798,E03403,2026-11-27,Promotion,ORG011,ORG011,L3,L4
M002799,E03289,2024-02-07,Promotion,ORG008,ORG008,L3,L4
M002800,E04341,2026-10-05,Lateral Transfer,ORG037,ORG037,L4,L4
M002801,E04879,2024-06-02,Organization Transfer,ORG018,ORG024,L4,L4
M002802,E03750,2025-12-03,Lateral Transfer,ORG020,ORG020,L4,L4
M002803,E01499,2025-02-09,Role Change,ORG018,ORG018,L3,L3
M002804,E00482,2026-05-16,Organization Transfer,ORG046,ORG010,L3,L3
M002805,E00186,2025-06-25,Promotion,ORG048,ORG048,L5,L6
M002806,E00796,2024-08-29,Role Change,ORG020,ORG040,L4,L4
M002807,E01681,2025-09-02,Lateral Transfer,ORG042,ORG042,L5,L5
M002808,E03456,2024-01-01,Organization Transfer,ORG027,ORG026,L3,L3
M002809,E01866,2024-07-21,Promotion,ORG012,ORG012,L4,L5
M002810,E01151,2024-06-11,Organization Transfer,ORG024,ORG025,L4,L4
M002811,E04608,2026-12-06,Lateral Transfer,ORG032,ORG032,L4,L4
M002812,E03327,2024-10-25,Role Change,ORG045,ORG032,L2,L3
M002813,E03807,2026-11-15,Organization Transfer,ORG015,ORG004,L3,L3
M002814,E01042,2026-12-12,Role Change,ORG017,ORG032,L5,L5
M002815,E01934,2025-05-25,Organization Transfer,ORG043,ORG039,L4,L4
M002816,E03112,2026-11-22,Role Change,ORG038,ORG038,L5,L5
M002817,E03228,2024-03-08,Lateral Transfer,ORG019,ORG019,L4,L4
M002818,E03568,2026-10-23,Lateral Transfer,ORG007,ORG007,L5,L5
M002819,E01372,2025-01-07,Organization Transfer,ORG023,ORG017,L2,L2
M002820,E00385,2025-06-21,Role Change,ORG042,ORG042,L3,L4
M002821,E03511,2025-10-22,Lateral Transfer,ORG019,ORG019,L4,L4
M002822,E04051,2026-12-08,Organization Transfer,ORG007,ORG038,L4,L4
M002823,E04790,2025-09-10,Lateral Transfer,ORG008,ORG008,L4,L4
M002824,E02822,2025-05-04,Role Change,ORG011,ORG011,L4,L4
M002825,E00787,2026-03-07,Lateral Transfer,ORG006,ORG006,L4,L4
M002826,E04178,2026-12-04,Promotion,ORG021,ORG021,L2,L3
M002827,E03383,2026-06-28,Role Change,ORG007,ORG049,L3,L3
M002828,E00870,2026-12-20,Lateral Transfer,ORG008,ORG008,L2,L2
M002829,E01021,2026-10-30,Organization Transfer,ORG048,ORG008,L3,L3
M002830,E00227,2025-04-13,Organization Transfer,ORG002,ORG021,L3,L3
M002831,E02153,2026-05-01,Promotion,ORG029,ORG029,L5,L6
M002832,E02323,2024-02-05,Lateral Transfer,ORG035,ORG035,L4,L4
M002833,E03887,2026-09-10,Lateral Transfer,ORG037,ORG037,L6,L6
M002834,E01729,2024-05-03,Organization Transfer,ORG028,ORG023,L5,L5
M002835,E01489,2025-06-09,Promotion,ORG016,ORG016,L4,L5
M002836,E04522,2026-11-04,Role Change,ORG030,ORG030,L3,L3
M002837,E02200,2024-10-10,Promotion,ORG032,ORG032,L6,L7
M002838,E04073,2025-10-18,Organization Transfer,ORG030,ORG011,L3,L3
M002839,E02357,2026-04-04,Organization Transfer,ORG035,ORG019,L3,L3
M002840,E03762,2024-01-11,Organization Transfer,ORG034,ORG001,L3,L3
M002841,E02412,2026-07-01,Role Change,ORG018,ORG018,L4,L4
M002842,E00038,2026-06-16,Organization Transfer,ORG016,ORG015,L6,L6
M002843,E01175,2025-10-22,Promotion,ORG009,ORG009,L3,L4
M002844,E01141,2026-01-20,Lateral Transfer,ORG037,ORG037,L4,L4
M002845,E00588,2026-07-25,Organization Transfer,ORG047,ORG022,L7,L7
M002846,E04957,2024-09-10,Role Change,ORG033,ORG033,L3,L3
M002847,E01763,2026-08-05,Role Change,ORG028,ORG005,L6,L7
M002848,E02020,2026-12-18,Organization Transfer,ORG034,ORG017,L7,L7
M002849,E02513,2024-12-24,Lateral Transfer,ORG032,ORG032,L4,L4
M002850,E03711,2024-05-12,Lateral Transfer,ORG027,ORG027,L7,L7
M002851,E03047,2026-08-07,Role Change,ORG030,ORG030,L3,L3
M002852,E02964,2024-05-21,Lateral Transfer,ORG029,ORG029,L7,L7
M002853,E02648,2025-02-08,Organization Transfer,ORG026,ORG021,L5,L5
M002854,E03550,2025-02-20,Lateral Transfer,ORG009,ORG009,L5,L5
M002855,E03981,2026-10-29,Role Change,ORG010,ORG010,L6,L6
M002856,E02250,2026-11-13,Lateral Transfer,ORG035,ORG035,L5,L5
M002857,E04040,2025-10-20,Promotion,ORG024,ORG024,L2,L3
M002858,E04585,2025-03-29,Lateral Transfer,ORG049,ORG049,L3,L3
M002859,E02501,2025-03-29,Lateral Transfer,ORG047,ORG047,L2,L2
M002860,E01097,2024-12-29,Promotion,ORG034,ORG034,L2,L3
M002861,E00600,2025-04-24,Role Change,ORG025,ORG025,L4,L4
M002862,E04184,2025-01-08,Organization Transfer,ORG029,ORG026,L5,L5
M002863,E01914,2026-03-25,Promotion,ORG004,ORG004,L4,L5
M002864,E01260,2026-11-18,Promotion,ORG008,ORG008,L4,L5
M002865,E00481,2024-07-21,Promotion,ORG037,ORG037,L6,L7
M002866,E00364,2024-11-15,Organization Transfer,ORG046,ORG039,L3,L3
M002867,E04628,2024-06-10,Organization Transfer,ORG039,ORG024,L4,L4
M002868,E03318,2024-04-08,Organization Transfer,ORG008,ORG045,L5,L5
M002869,E01212,2026-02-16,Lateral Transfer,ORG028,ORG028,L4,L4
M002870,E00176,2025-08-19,Lateral Transfer,ORG017,ORG017,L5,L5
M002871,E02674,2026-02-04,Promotion,ORG043,ORG043,L4,L5
M002872,E03323,2025-02-26,Organization Transfer,ORG004,ORG014,L6,L6
M002873,E03355,2026-04-05,Lateral Transfer,ORG030,ORG030,L3,L3
M002874,E01217,2024-08-06,Organization Transfer,ORG020,ORG024,L3,L3
M002875,E03246,2026-12-20,Role Change,ORG030,ORG014,L4,L5
M002876,E01596,2026-04-24,Lateral Transfer,ORG038,ORG038,L4,L4
M002877,E03446,2025-11-29,Promotion,ORG024,ORG024,L6,L7
M002878,E04612,2024-09-09,Promotion,ORG013,ORG013,L5,L6
M002879,E02621,2026-09-10,Role Change,ORG024,ORG024,L4,L4
M002880,E02909,2026-06-15,Lateral Transfer,ORG022,ORG022,L5,L5
M002881,E01133,2026-05-17,Promotion,ORG002,ORG002,L5,L6
M002882,E04935,2024-02-13,Organization Transfer,ORG016,ORG043,L5,L5
M002883,E02342,2024-01-03,Organization Transfer,ORG005,ORG007,L4,L4
M002884,E01877,2024-09-04,Lateral Transfer,ORG048,ORG048,L5,L5
M002885,E04161,2025-12-02,Organization Transfer,ORG015,ORG028,L2,L2
M002886,E03745,2026-02-06,Organization Transfer,ORG003,ORG041,L4,L4
M002887,E03713,2025-08-29,Role Change,ORG042,ORG042,L5,L5
M002888,E04000,2024-08-30,Promotion,ORG017,ORG017,L5,L6
M002889,E02765,2024-06-02,Organization Transfer,ORG028,ORG029,L5,L5
M002890,E02100,2026-12-29,Role Change,ORG047,ORG047,L5,L6
M002891,E03135,2026-05-18,Role Change,ORG038,ORG007,L7,L7
M002892,E02487,2026-05-01,Promotion,ORG006,ORG006,L4,L5
M002893,E03360,2026-11-30,Promotion,ORG023,ORG023,L2,L3
M002894,E01319,2025-02-25,Lateral Transfer,ORG044,ORG044,L5,L5
M002895,E02046,2026-11-22,Organization Transfer,ORG046,ORG019,L3,L3
M002896,E04434,2026-05-31,Promotion,ORG050,ORG050,L3,L4
M002897,E02140,2025-09-16,Role Change,ORG024,ORG024,L3,L3
M002898,E00994,2026-01-28,Promotion,ORG002,ORG002,L5,L6
M002899,E00501,2025-07-25,Lateral Transfer,ORG028,ORG028,L5,L5
M002900,E04253,2026-10-24,Lateral Transfer,ORG042,ORG042,L3,L3
M002901,E04100,2026-11-12,Promotion,ORG043,ORG043,L4,L5
M002902,E00488,2024-10-27,Organization Transfer,ORG021,ORG009,L2,L2
M002903,E03403,2026-06-20,Organization Transfer,ORG011,ORG002,L3,L3
M002904,E00413,2025-09-22,Role Change,ORG017,ORG017,L4,L4
M002905,E01660,2026-03-29,Lateral Transfer,ORG002,ORG002,L4,L4
M002906,E01772,2026-11-18,Organization Transfer,ORG034,ORG042,L6,L6
M002907,E01545,2024-11-05,Role Change,ORG030,ORG030,L4,L4
M002908,E02615,2026-11-13,Lateral Transfer,ORG034,ORG034,L3,L3
M002909,E02815,2026-05-28,Lateral Transfer,ORG020,ORG020,L3,L3
M002910,E03408,2026-02-15,Lateral Transfer,ORG030,ORG030,L2,L2
M002911,E02040,2024-07-06,Lateral Transfer,ORG046,ORG046,L4,L4
M002912,E02639,2025-09-19,Promotion,ORG035,ORG035,L4,L5
M002913,E00765,2024-12-29,Promotion,ORG007,ORG007,L4,L5
M002914,E04427,2026-09-18,Lateral Transfer,ORG023,ORG023,L4,L4
M002915,E00592,2026-10-24,Role Change,ORG004,ORG004,L5,L6
M002916,E01711,2026-05-25,Organization Transfer,ORG004,ORG041,L4,L4
M002917,E04834,2026-12-25,Lateral Transfer,ORG045,ORG045,L3,L3
M002918,E01330,2025-04-07,Promotion,ORG031,ORG031,L6,L7
M002919,E04811,2024-09-03,Role Change,ORG003,ORG003,L5,L5
M002920,E02093,2024-03-28,Promotion,ORG006,ORG006,L2,L3
M002921,E04516,2025-08-29,Organization Transfer,ORG042,ORG007,L3,L3
M002922,E00599,2024-05-07,Organization Transfer,ORG037,ORG029,L3,L3
M002923,E04933,2026-06-13,Organization Transfer,ORG037,ORG047,L4,L4
M002924,E02737,2026-05-08,Role Change,ORG021,ORG021,L3,L3
M002925,E03629,2025-10-06,Promotion,ORG038,ORG038,L5,L6
M002926,E00104,2026-10-27,Promotion,ORG025,ORG025,L3,L4
M002927,E03921,2026-10-06,Lateral Transfer,ORG030,ORG030,L6,L6
M002928,E00401,2025-07-01,Role Change,ORG048,ORG048,L4,L4
M002929,E04904,2024-02-18,Organization Transfer,ORG009,ORG016,L3,L3
M002930,E04331,2025-02-04,Lateral Transfer,ORG014,ORG014,L5,L5
M002931,E03033,2025-01-09,Lateral Transfer,ORG019,ORG019,L3,L3
M002932,E04629,2026-12-16,Role Change,ORG003,ORG003,L5,L6
M002933,E02535,2026-03-16,Lateral Transfer,ORG027,ORG027,L5,L5
M002934,E01745,2026-09-02,Lateral Transfer,ORG003,ORG003,L5,L5
M002935,E01484,2026-03-31,Organization Transfer,ORG018,ORG043,L3,L3
M002936,E02955,2026-12-24,Organization Transfer,ORG038,ORG021,L4,L4
M002937,E01098,2025-04-01,Lateral Transfer,ORG007,ORG007,L5,L5
M002938,E00448,2026-11-08,Role Change,ORG029,ORG029,L5,L5
M002939,E02263,2026-01-08,Organization Transfer,ORG027,ORG022,L3,L3
M002940,E01004,2025-10-03,Promotion,ORG007,ORG007,L3,L4
M002941,E01274,2024-10-08,Promotion,ORG043,ORG043,L5,L6
M002942,E00144,2025-08-18,Organization Transfer,ORG006,ORG017,L5,L5
M002943,E04567,2024-04-02,Role Change,ORG027,ORG027,L4,L5
M002944,E01976,2025-06-22,Role Change,ORG026,ORG026,L2,L2
M002945,E01048,2024-03-22,Organization Transfer,ORG025,ORG021,L2,L2
M002946,E01850,2026-06-07,Lateral Transfer,ORG029,ORG029,L5,L5
M002947,E01166,2026-02-07,Organization Transfer,ORG038,ORG048,L3,L3
M002948,E00189,2024-10-16,Role Change,ORG005,ORG005,L5,L5
M002949,E02837,2024-09-29,Promotion,ORG036,ORG036,L3,L4
M002950,E03612,2025-01-28,Organization Transfer,ORG032,ORG002,L2,L2
M002951,E00073,2026-10-30,Role Change,ORG037,ORG037,L6,L6
M002952,E00318,2025-03-08,Organization Transfer,ORG018,ORG041,L3,L3
M002953,E02556,2026-06-06,Promotion,ORG018,ORG018,L3,L4
M002954,E03815,2026-09-11,Lateral Transfer,ORG035,ORG035,L2,L2
M002955,E00429,2026-08-15,Organization Transfer,ORG035,ORG007,L6,L6
M002956,E00216,2025-08-10,Role Change,ORG019,ORG003,L5,L5
M002957,E03694,2024-09-24,Lateral Transfer,ORG007,ORG007,L3,L3
M002958,E01562,2024-01-21,Organization Transfer,ORG003,ORG027,L4,L4
M002959,E00414,2025-07-15,Lateral Transfer,ORG007,ORG007,L4,L4
M002960,E03925,2024-09-01,Lateral Transfer,ORG001,ORG001,L2,L2
M002961,E03328,2024-11-25,Organization Transfer,ORG035,ORG014,L7,L7
M002962,E00134,2025-03-12,Role Change,ORG027,ORG027,L4,L4
M002963,E02836,2024-02-26,Promotion,ORG001,ORG001,L2,L3
M002964,E02976,2024-07-02,Organization Transfer,ORG039,ORG001,L5,L5
M002965,E01337,2025-02-26,Lateral Transfer,ORG037,ORG037,L4,L4
M002966,E03916,2026-11-26,Promotion,ORG026,ORG026,L3,L4
M002967,E02878,2026-10-17,Organization Transfer,ORG048,ORG010,L5,L5
M002968,E02567,2025-05-17,Lateral Transfer,ORG033,ORG033,L3,L3
M002969,E01786,2026-09-13,Organization Transfer,ORG038,ORG039,L2,L2
M002970,E02809,2026-12-25,Promotion,ORG046,ORG046,L3,L4
M002971,E02737,2025-08-06,Lateral Transfer,ORG021,ORG021,L3,L3
M002972,E04097,2025-11-14,Organization Transfer,ORG018,ORG028,L4,L4
M002973,E03742,2025-01-28,Lateral Transfer,ORG008,ORG008,L4,L4
M002974,E04606,2026-10-17,Lateral Transfer,ORG008,ORG008,L3,L3
M002975,E04560,2025-09-04,Promotion,ORG042,ORG042,L5,L6
M002976,E03368,2026-08-14,Organization Transfer,ORG019,ORG046,L3,L3
M002977,E04245,2026-11-17,Organization Transfer,ORG009,ORG037,L6,L6
M002978,E02805,2026-05-18,Lateral Transfer,ORG030,ORG030,L3,L3
M002979,E03266,2026-12-03,Organization Transfer,ORG039,ORG005,L2,L2
M002980,E03816,2025-04-11,Organization Transfer,ORG008,ORG018,L4,L4
M002981,E04789,2026-12-25,Lateral Transfer,ORG010,ORG010,L5,L5
M002982,E01054,2025-09-26,Promotion,ORG013,ORG013,L5,L6
M002983,E04166,2026-10-15,Organization Transfer,ORG016,ORG022,L4,L4
M002984,E02343,2024-03-22,Role Change,ORG048,ORG048,L3,L4
M002985,E00275,2025-05-06,Lateral Transfer,ORG012,ORG012,L4,L4
M002986,E03529,2024-06-14,Role Change,ORG026,ORG026,L3,L4
M002987,E04329,2026-03-22,Promotion,ORG042,ORG042,L4,L5
M002988,E00447,2025-08-20,Promotion,ORG029,ORG029,L3,L4
M002989,E03651,2026-04-04,Promotion,ORG040,ORG040,L3,L4
M002990,E03793,2026-07-24,Promotion,ORG004,ORG004,L3,L4
M002991,E00484,2024-10-24,Role Change,ORG007,ORG007,L4,L4
M002992,E01694,2024-06-23,Role Change,ORG042,ORG021,L4,L4
M002993,E00996,2026-12-18,Organization Transfer,ORG031,ORG008,L5,L5
M002994,E02415,2024-06-11,Role Change,ORG009,ORG009,L4,L4
M002995,E01433,2025-05-16,Organization Transfer,ORG041,ORG009,L4,L4
M002996,E03462,2026-05-30,Organization Transfer,ORG030,ORG018,L4,L4
M002997,E03300,2025-03-11,Role Change,ORG038,ORG038,L5,L6
M002998,E02731,2026-11-13,Role Change,ORG050,ORG050,L4,L5
M002999,E03060,2024-09-21,Lateral Transfer,ORG039,ORG039,L5,L5
M003000,E02979,2025-11-16,Promotion,ORG026,ORG026,L3,L4
