review_id,employee_id,review_cycle,review_date,performance_rating,potential_rating,promotion_recommended,review_status
R000001,E02148,2024_H1,2024-06-15,4,2,False,Completed
R000002,E04765,2024_H1,2024-06-15,3,3,False,Completed
R000003,E02694,2024_H1,2024-06-15,5,2,False,Completed
R000004,E03470,2024_H1,2024-06-15,3,4,False,Pending
R000005,E02846,2024_H1,2024-06-15,4,3,False,Completed
R000006,E01186,2024_H1,2024-06-15,3,4,False,Completed
R000007,E04695,2024_H1,2024-06-15,3,3,False,Completed
R000008,E02622,2024_H1,2024-06-15,4,3,False,Completed
R000009,E01093,2024_H1,2024-06-15,5,4,False,Completed
R000010,E03060,2024_H1,2024-06-15,3,4,False,Completed
R000011,E00807,2024_H1,2024-06-15,3,4,False,Completed
R000012,E00585,2024_H1,2024-06-15,1,2,False,Completed
R000013,E00934,2024_H1,2024-06-15,4,4,False,Completed
R000014,E04956,2024_H1,2024-06-15,3,4,False,Completed
R000015,E01933,2024_H1,2024-06-15,5,2,False,Completed
R000016,E02458,2024_H1,2024-06-15,4,3,False,Pending
R000017,E04275,2024_H1,2024-06-15,3,4,False,Completed
R000018,E01566,2024_H1,2024-06-15,5,3,False,Completed
R000019,E01591,2024_H1,2024-06-15,4,5,False,Completed
R000020,E01874,2024_H1,2024-06-15,3,4,False,Cancelled
R000021,E02579,2024_H1,2024-06-15,2,4,False,Cancelled
R000022,E03796,2024_H1,2024-06-15,4,1,False,Completed
R000023,E02035,2024_H1,2024-06-15,3,5,False,Completed
R000024,E03518,2024_H1,2024-06-15,5,4,False,Completed
R000025,E02881,2024_H1,2024-06-15,4,4,False,Completed
R000026,E03681,2024_H1,2024-06-15,2,5,False,Completed
R000027,E00836,2024_H1,2024-06-15,2,4,False,Completed
R000028,E01042,2024_H1,2024-06-15,3,4,True,Pending
R000029,E02307,2024_H1,2024-06-15,4,4,False,Pending
R000030,E03057,2024_H1,2024-06-15,2,2,False,Completed
R000031,E00803,2024_H1,2024-06-15,3,2,False,Cancelled
R000032,E01094,2024_H1,2024-06-15,2,3,False,Pending
R000033,E04092,2024_H1,2024-06-15,2,3,False,Completed
R000034,E02660,2024_H1,2024-06-15,2,3,False,Completed
R000035,E01951,2024_H1,2024-06-15,2,3,False,Completed
R000036,E00801,2024_H1,2024-06-15,2,3,False,Pending
R000037,E04855,2024_H1,2024-06-15,3,3,False,Completed
R000038,E02008,2024_H1,2024-06-15,3,4,False,Completed
R000039,E03580,2024_H1,2024-06-15,3,3,False,Completed
R000040,E02397,2024_H1,2024-06-15,1,3,False,Completed
R000041,E02547,2024_H1,2024-06-15,4,5,False,Pending
R000042,E03418,2024_H1,2024-06-15,3,2,False,Completed
R000043,E02908,2024_H1,2024-06-15,4,4,False,Completed
R000044,E01675,2024_H1,2024-06-15,4,3,False,Pending
R000045,E04995,2024_H1,2024-06-15,3,5,False,Completed
R000046,E00008,2024_H1,2024-06-15,4,5,False,Completed
R000047,E03983,2024_H1,2024-06-15,3,1,False,Pending
R000048,E00649,2024_H1,2024-06-15,3,2,False,Completed
R000049,E03097,2024_H1,2024-06-15,3,3,False,Completed
R000050,E03719,2024_H1,2024-06-15,4,5,False,Completed
R000051,E00882,2024_H1,2024-06-15,3,3,False,Completed
R000052,E02831,2024_H1,2024-06-15,4,3,False,Completed
R000053,E02087,2024_H1,2024-06-15,2,2,False,Completed
R000054,E01478,2024_H1,2024-06-15,2,2,False,Completed
R000055,E02306,2024_H1,2024-06-15,3,4,False,Completed
R000056,E04951,2024_H1,2024-06-15,3,3,False,Completed
R000057,E03282,2024_H1,2024-06-15,3,4,False,Completed
R000058,E03550,2024_H1,2024-06-15,3,3,False,Pending
R000059,E03701,2024_H1,2024-06-15,4,4,False,Completed
R000060,E02631,2024_H1,2024-06-15,2,3,False,Pending
R000061,E01811,2024_H1,2024-06-15,4,4,False,Completed
R000062,E00523,2024_H1,2024-06-15,3,3,False,Completed
R000063,E02405,2024_H1,2024-06-15,3,2,False,Completed
R000064,E00963,2024_H1,2024-06-15,3,3,False,Completed
R000065,E00335,2024_H1,2024-06-15,2,3,False,Completed
R000066,E00929,2024_H1,2024-06-15,3,3,False,Completed
R000067,E01815,2024_H1,2024-06-15,4,4,False,Completed
R000068,E03197,2024_H1,2024-06-15,3,2,False,Completed
R000069,E03303,2024_H1,2024-06-15,3,3,False,Pending
R000070,E04339,2024_H1,2024-06-15,2,3,False,Completed
R000071,E04906,2024_H1,2024-06-15,5,1,False,Completed
R000072,E04318,2024_H1,2024-06-15,4,3,False,Completed
R000073,E00465,2024_H1,2024-06-15,4,5,False,Completed
R000074,E02078,2024_H1,2024-06-15,4,4,False,Completed
R000075,E01802,2024_H1,2024-06-15,1,5,False,Completed
R000076,E00365,2024_H1,2024-06-15,3,3,False,Completed
R000077,E01414,2024_H1,2024-06-15,4,3,False,Pending
R000078,E04966,2024_H1,2024-06-15,3,4,False,Completed
R000079,E03315,2024_H1,2024-06-15,4,3,False,Completed
R000080,E03759,2024_H1,2024-06-15,2,1,False,Completed
R000081,E01394,2024_H1,2024-06-15,1,2,False,Completed
R000082,E00165,2024_H1,2024-06-15,2,3,False,Completed
R000083,E00483,2024_H1,2024-06-15,3,5,False,Completed
R000084,E02518,2024_H1,2024-06-15,3,4,False,Completed
R000085,E04811,2024_H1,2024-06-15,4,3,False,Pending
R000086,E04507,2024_H1,2024-06-15,1,3,False,Pending
R000087,E00670,2024_H1,2024-06-15,2,4,False,Completed
R000088,E02920,2024_H1,2024-06-15,3,4,False,Completed
R000089,E00729,2024_H1,2024-06-15,2,3,False,Completed
R000090,E01350,2024_H1,2024-06-15,4,3,False,Completed
R000091,E02503,2024_H1,2024-06-15,3,2,False,Completed
R000092,E03317,2024_H1,2024-06-15,2,4,False,Completed
R000093,E04818,2024_H1,2024-06-15,4,3,False,Completed
R000094,E02727,2024_H1,2024-06-15,3,3,False,Completed
R000095,E04419,2024_H1,2024-06-15,3,3,False,Completed
R000096,E03691,2024_H1,2024-06-15,3,4,False,Completed
R000097,E00325,2024_H1,2024-06-15,5,2,False,Completed
R000098,E02613,2024_H1,2024-06-15,3,3,False,Completed
R000099,E00977,2024_H1,2024-06-15,1,3,False,Completed
R000100,E01938,2024_H1,2024-06-15,4,3,False,Completed
R000101,E01284,2024_H1,2024-06-15,2,3,False,Completed
R000102,E03925,2024_H1,2024-06-15,3,3,False,Completed
R000103,E01857,2024_H1,2024-06-15,4,3,False,Completed
R000104,E00417,2024_H1,2024-06-15,3,3,False,Completed
R000105,E03780,2024_H1,2024-06-15,4,1,True,Completed
R000106,E02535,2024_H1,2024-06-15,3,3,False,Completed
R000107,E01756,2024_H1,2024-06-15,5,1,False,Completed
R000108,E03970,2024_H1,2024-06-15,5,3,False,Completed
R000109,E01630,2024_H1,2024-06-15,5,5,False,Completed
R000110,E03437,2024_H1,2024-06-15,3,3,False,Completed
R000111,E02488,2024_H1,2024-06-15,4,3,True,Completed
R000112,E02170,2024_H1,2024-06-15,4,4,True,Cancelled
R000113,E03570,2024_H1,2024-06-15,2,3,False,Completed
R000114,E02465,2024_H1,2024-06-15,3,2,False,Completed
R000115,E01807,2024_H1,2024-06-15,3,4,False,Completed
R000116,E02299,2024_H1,2024-06-15,3,5,False,Completed
R000117,E01017,2024_H1,2024-06-15,2,4,True,Completed
R000118,E03632,2024_H1,2024-06-15,4,5,False,Completed
R000119,E01917,2024_H1,2024-06-15,2,3,False,Completed
R000120,E02659,2024_H1,2024-06-15,4,3,False,Completed
R000121,E02855,2024_H1,2024-06-15,3,4,False,Completed
R000122,E02612,2024_H1,2024-06-15,5,3,False,Completed
R000123,E00261,2024_H1,2024-06-15,5,3,False,Completed
R000124,E01706,2024_H1,2024-06-15,4,5,False,Completed
R000125,E01292,2024_H1,2024-06-15,2,3,False,Completed
R000126,E03740,2024_H1,2024-06-15,4,2,False,Completed
R000127,E00503,2024_H1,2024-06-15,4,2,False,Completed
R000128,E00107,2024_H1,2024-06-15,4,2,False,Pending
R000129,E00093,2024_H1,2024-06-15,5,2,False,Completed
R000130,E03981,2024_H1,2024-06-15,2,2,False,Completed
R000131,E04460,2024_H1,2024-06-15,4,3,False,Completed
R000132,E04243,2024_H1,2024-06-15,4,4,False,Completed
R000133,E04958,2024_H1,2024-06-15,1,3,False,Completed
R000134,E03554,2024_H1,2024-06-15,4,3,False,Completed
R000135,E01515,2024_H1,2024-06-15,1,4,False,Completed
R000136,E01317,2024_H1,2024-06-15,2,3,False,Pending
R000137,E04847,2024_H1,2024-06-15,2,3,False,Completed
R000138,E04148,2024_H1,2024-06-15,5,3,True,Completed
R000139,E03013,2024_H1,2024-06-15,4,3,False,Completed
R000140,E02308,2024_H1,2024-06-15,3,3,False,Completed
R000141,E04043,2024_H1,2024-06-15,3,1,False,Completed
R000142,E02489,2024_H1,2024-06-15,5,4,False,Completed
R000143,E02772,2024_H1,2024-06-15,2,5,False,Completed
R000144,E01889,2024_H1,2024-06-15,3,4,True,Completed
R000145,E04264,2024_H1,2024-06-15,4,3,False,Completed
R000146,E00628,2024_H1,2024-06-15,2,3,False,Completed
R000147,E00620,2024_H1,2024-06-15,3,3,False,Completed
R000148,E03958,2024_H1,2024-06-15,1,1,False,Completed
R000149,E04202,2024_H1,2024-06-15,3,2,False,Completed
R000150,E00098,2024_H1,2024-06-15,4,4,False,Completed
R000151,E00023,2024_H1,2024-06-15,4,3,False,Completed
R000152,E04620,2024_H1,2024-06-15,4,3,False,Completed
R000153,E00379,2024_H1,2024-06-15,4,3,False,Completed
R000154,E02512,2024_H1,2024-06-15,2,3,False,Completed
R000155,E04201,2024_H1,2024-06-15,3,4,False,Pending
R000156,E03932,2024_H1,2024-06-15,2,5,False,Completed
R000157,E03307,2024_H1,2024-06-15,3,4,False,Completed
R000158,E03525,2024_H1,2024-06-15,4,5,False,Completed
R000159,E01988,2024_H1,2024-06-15,3,2,False,Completed
R000160,E03022,2024_H1,2024-06-15,4,2,False,Completed
R000161,E01944,2024_H1,2024-06-15,3,2,False,Pending
R000162,E01636,2024_H1,2024-06-15,3,5,False,Completed
R000163,E00410,2024_H1,2024-06-15,3,4,False,Completed
R000164,E01818,2024_H1,2024-06-15,5,2,False,Completed
R000165,E00821,2024_H1,2024-06-15,3,4,False,Completed
R000166,E01031,2024_H1,2024-06-15,1,3,False,Completed
R000167,E02412,2024_H1,2024-06-15,3,2,False,Completed
R000168,E02234,2024_H1,2024-06-15,4,3,False,Completed
R000169,E00889,2024_H1,2024-06-15,2,1,False,Completed
R000170,E02655,2024_H1,2024-06-15,3,4,False,Completed
R000171,E02196,2024_H1,2024-06-15,3,5,False,Completed
R000172,E04406,2024_H1,2024-06-15,5,2,False,Completed
R000173,E00830,2024_H1,2024-06-15,4,3,False,Completed
R000174,E04555,2024_H1,2024-06-15,3,4,False,Completed
R000175,E01088,2024_H1,2024-06-15,3,2,False,Completed
R000176,E04578,2024_H1,2024-06-15,4,4,True,Completed
R000177,E01821,2024_H1,2024-06-15,4,4,False,Completed
R000178,E02333,2024_H1,2024-06-15,3,3,False,Completed
R000179,E04828,2024_H1,2024-06-15,2,3,False,Completed
R000180,E02126,2024_H1,2024-06-15,5,4,False,Completed
R000181,E02311,2024_H1,2024-06-15,3,1,False,Pending
R000182,E00880,2024_H1,2024-06-15,2,3,False,Completed
R000183,E02839,2024_H1,2024-06-15,3,3,False,Pending
R000184,E03169,2024_H1,2024-06-15,3,5,False,Completed
R000185,E01861,2024_H1,2024-06-15,2,5,False,Completed
R000186,E03994,2024_H1,2024-06-15,4,3,False,Completed
R000187,E00189,2024_H1,2024-06-15,2,4,False,Completed
R000188,E00760,2024_H1,2024-06-15,4,3,False,Completed
R000189,E03946,2024_H1,2024-06-15,4,3,True,Completed
R000190,E01268,2024_H1,2024-06-15,4,4,True,Completed
R000191,E02351,2024_H1,2024-06-15,1,3,False,Completed
R000192,E04539,2024_H1,2024-06-15,3,3,False,Completed
R000193,E01982,2024_H1,2024-06-15,3,2,False,Pending
R000194,E01034,2024_H1,2024-06-15,4,3,False,Completed
R000195,E00980,2024_H1,2024-06-15,3,4,False,Completed
R000196,E02213,2024_H1,2024-06-15,3,3,False,Completed
R000197,E04969,2024_H1,2024-06-15,4,3,False,Completed
R000198,E04702,2024_H1,2024-06-15,3,4,False,Completed
R000199,E03126,2024_H1,2024-06-15,3,3,False,Completed
R000200,E00395,2024_H1,2024-06-15,3,2,False,Pending
R000201,E03419,2024_H1,2024-06-15,3,3,False,Pending
R000202,E00556,2024_H1,2024-06-15,3,5,False,Completed
R000203,E00787,2024_H1,2024-06-15,3,3,False,Completed
R000204,E04067,2024_H1,2024-06-15,5,3,False,Pending
R000205,E00115,2024_H1,2024-06-15,3,4,False,Completed
R000206,E03751,2024_H1,2024-06-15,3,3,False,Completed
R000207,E04770,2024_H1,2024-06-15,4,2,True,Pending
R000208,E01507,2024_H1,2024-06-15,4,3,False,Completed
R000209,E03659,2024_H1,2024-06-15,4,3,False,Pending
R000210,E00591,2024_H1,2024-06-15,3,3,False,Completed
R000211,E02031,2024_H1,2024-06-15,3,3,False,Completed
R000212,E03700,2024_H1,2024-06-15,5,1,False,Pending
R000213,E02592,2024_H1,2024-06-15,3,2,False,Pending
R000214,E04495,2024_H1,2024-06-15,3,4,True,Completed
R000215,E01487,2024_H1,2024-06-15,3,2,False,Completed
R000216,E02725,2024_H1,2024-06-15,3,4,True,Completed
R000217,E02241,2024_H1,2024-06-15,4,3,False,Completed
R000218,E03160,2024_H1,2024-06-15,4,3,False,Completed
R000219,E04343,2024_H1,2024-06-15,2,3,False,Completed
R000220,E00677,2024_H1,2024-06-15,3,3,False,Completed
R000221,E04244,2024_H1,2024-06-15,2,3,False,Completed
R000222,E00305,2024_H1,2024-06-15,1,3,False,Completed
R000223,E04402,2024_H1,2024-06-15,3,2,False,Completed
R000224,E02490,2024_H1,2024-06-15,3,3,False,Completed
R000225,E04166,2024_H1,2024-06-15,1,2,False,Completed
R000226,E02075,2024_H1,2024-06-15,5,3,False,Completed
R000227,E03301,2024_H1,2024-06-15,4,3,False,Completed
R000228,E01103,2024_H1,2024-06-15,4,2,False,Completed
R000229,E03389,2024_H1,2024-06-15,3,4,False,Completed
R000230,E00399,2024_H1,2024-06-15,2,2,False,Completed
R000231,E03776,2024_H1,2024-06-15,5,5,False,Completed
R000232,E01809,2024_H1,2024-06-15,3,3,True,Completed
R000233,E00775,2024_H1,2024-06-15,3,4,False,Completed
R000234,E01742,2024_H1,2024-06-15,2,3,False,Completed
R000235,E00110,2024_H1,2024-06-15,4,3,False,Completed
R000236,E02342,2024_H1,2024-06-15,3,3,False,Completed
R000237,E01413,2024_H1,2024-06-15,3,2,False,Completed
R000238,E02982,2024_H1,2024-06-15,5,2,False,Cancelled
R000239,E00761,2024_H1,2024-06-15,2,2,False,Completed
R000240,E00078,2024_H1,2024-06-15,3,3,False,Completed
R000241,E04660,2024_H1,2024-06-15,3,3,False,Pending
R000242,E03432,2024_H1,2024-06-15,3,3,False,Pending
R000243,E02103,2024_H1,2024-06-15,5,4,True,Completed
R000244,E02176,2024_H1,2024-06-15,3,4,False,Pending
R000245,E00094,2024_H1,2024-06-15,5,3,True,Completed
R000246,E04233,2024_H1,2024-06-15,5,3,False,Completed
R000247,E00588,2024_H1,2024-06-15,1,5,True,Completed
R000248,E02873,2024_H1,2024-06-15,3,3,False,Completed
R000249,E01011,2024_H1,2024-06-15,3,3,False,Completed
R000250,E00001,2024_H1,2024-06-15,3,5,False,Pending
R000251,E01177,2024_H1,2024-06-15,4,3,False,Completed
R000252,E01075,2024_H1,2024-06-15,3,3,False,Completed
R000253,E02197,2024_H1,2024-06-15,3,4,False,Completed
R000254,E03559,2024_H1,2024-06-15,4,3,True,Completed
R000255,E00149,2024_H1,2024-06-15,3,3,False,Completed
R000256,E02117,2024_H1,2024-06-15,3,3,True,Completed
R000257,E00840,2024_H1,2024-06-15,4,3,False,Completed
R000258,E04718,2024_H1,2024-06-15,4,3,False,Completed
R000259,E00981,2024_H1,2024-06-15,2,1,False,Completed
R000260,E00619,2024_H1,2024-06-15,2,1,False,Completed
R000261,E04211,2024_H1,2024-06-15,2,3,False,Completed
R000262,E01440,2024_H1,2024-06-15,3,3,False,Completed
R000263,E04322,2024_H1,2024-06-15,2,4,False,Completed
R000264,E03225,2024_H1,2024-06-15,3,2,False,Pending
R000265,E01332,2024_H1,2024-06-15,3,1,False,Completed
R000266,E00024,2024_H1,2024-06-15,2,2,False,Completed
R000267,E00349,2024_H1,2024-06-15,4,3,False,Completed
R000268,E01192,2024_H1,2024-06-15,1,4,False,Completed
R000269,E01575,2024_H1,2024-06-15,3,3,False,Cancelled
R000270,E04205,2024_H1,2024-06-15,4,4,False,Completed
R000271,E04885,2024_H1,2024-06-15,3,4,False,Pending
R000272,E04823,2024_H1,2024-06-15,3,4,False,Completed
R000273,E03393,2024_H1,2024-06-15,3,3,False,Cancelled
R000274,E00894,2024_H1,2024-06-15,3,3,False,Completed
R000275,E02149,2024_H1,2024-06-15,1,4,False,Completed
R000276,E02436,2024_H1,2024-06-15,4,2,False,Completed
R000277,E02786,2024_H1,2024-06-15,3,4,False,Pending
R000278,E03267,2024_H1,2024-06-15,2,4,False,Completed
R000279,E03250,2024_H1,2024-06-15,3,3,False,Pending
R000280,E03515,2024_H1,2024-06-15,4,3,False,Completed
R000281,E02771,2024_H1,2024-06-15,2,3,False,Pending
R000282,E02998,2024_H1,2024-06-15,3,2,False,Completed
R000283,E02551,2024_H1,2024-06-15,3,3,False,Completed
R000284,E03770,2024_H1,2024-06-15,3,3,False,Completed
R000285,E04900,2024_H1,2024-06-15,2,3,False,Completed
R000286,E02395,2024_H1,2024-06-15,3,3,False,Completed
R000287,E00565,2024_H1,2024-06-15,4,4,False,Completed
R000288,E00644,2024_H1,2024-06-15,5,4,False,Completed
R000289,E00789,2024_H1,2024-06-15,2,2,False,Completed
R000290,E03178,2024_H1,2024-06-15,3,3,False,Completed
R000291,E02179,2024_H1,2024-06-15,5,3,False,Completed
R000292,E01027,2024_H1,2024-06-15,2,4,False,Pending
R000293,E03637,2024_H1,2024-06-15,4,3,False,Cancelled
R000294,E04914,2024_H1,2024-06-15,1,4,False,Completed
R000295,E02664,2024_H1,2024-06-15,2,3,False,Completed
R000296,E04630,2024_H1,2024-06-15,2,2,False,Completed
R000297,E01965,2024_H1,2024-06-15,3,5,False,Completed
R000298,E01556,2024_H1,2024-06-15,3,3,False,Completed
R000299,E04335,2024_H1,2024-06-15,3,1,False,Completed
R000300,E03825,2024_H1,2024-06-15,4,1,False,Completed
R000301,E02706,2024_H1,2024-06-15,2,4,False,Completed
R000302,E04633,2024_H1,2024-06-15,4,2,False,Pending
R000303,E00817,2024_H1,2024-06-15,4,4,True,Completed
R000304,E00318,2024_H1,2024-06-15,3,4,False,Completed
R000305,E03115,2024_H1,2024-06-15,4,3,False,Completed
R000306,E03855,2024_H1,2024-06-15,4,3,False,Pending
R000307,E02017,2024_H1,2024-06-15,1,3,False,Completed
R000308,E04000,2024_H1,2024-06-15,2,3,False,Completed
R000309,E04572,2024_H1,2024-06-15,5,5,False,Completed
R000310,E03928,2024_H1,2024-06-15,4,3,True,Pending
R000311,E03476,2024_H1,2024-06-15,4,4,False,Completed
R000312,E01210,2024_H1,2024-06-15,3,2,False,Completed
R000313,E00518,2024_H1,2024-06-15,3,4,False,Completed
R000314,E04273,2024_H1,2024-06-15,4,1,False,Cancelled
R000315,E02305,2024_H1,2024-06-15,3,1,False,Completed
R000316,E03000,2024_H1,2024-06-15,2,4,False,Completed
R000317,E02039,2024_H1,2024-06-15,3,3,False,Pending
R000318,E04613,2024_H1,2024-06-15,5,3,False,Completed
R000319,E02244,2024_H1,2024-06-15,5,3,False,Completed
R000320,E04839,2024_H1,2024-06-15,4,3,False,Completed
R000321,E01539,2024_H1,2024-06-15,4,2,False,Completed
R000322,E04925,2024_H1,2024-06-15,5,1,False,Completed
R000323,E02274,2024_H1,2024-06-15,3,3,False,Pending
R000324,E03579,2024_H1,2024-06-15,4,4,True,Completed
R000325,E04346,2024_H1,2024-06-15,2,4,False,Completed
R000326,E01297,2024_H1,2024-06-15,4,1,True,Completed
R000327,E04883,2024_H1,2024-06-15,4,3,False,Completed
R000328,E04123,2024_H1,2024-06-15,3,3,False,Completed
R000329,E03278,2024_H1,2024-06-15,2,4,False,Completed
R000330,E03926,2024_H1,2024-06-15,4,4,False,Completed
R000331,E04516,2024_H1,2024-06-15,3,5,False,Completed
R000332,E02064,2024_H1,2024-06-15,5,2,False,Pending
R000333,E00765,2024_H1,2024-06-15,3,3,False,Completed
R000334,E01860,2024_H1,2024-06-15,3,3,False,Completed
R000335,E04486,2024_H1,2024-06-15,4,4,False,Completed
R000336,E01203,2024_H1,2024-06-15,2,4,True,Completed
R000337,E01959,2024_H1,2024-06-15,4,3,False,Completed
R000338,E04087,2024_H1,2024-06-15,1,3,False,Completed
R000339,E04228,2024_H1,2024-06-15,5,3,True,Cancelled
R000340,E03187,2024_H1,2024-06-15,4,1,False,Completed
R000341,E04093,2024_H1,2024-06-15,2,4,False,Pending
R000342,E02370,2024_H1,2024-06-15,4,5,False,Completed
R000343,E02742,2024_H1,2024-06-15,3,4,False,Pending
R000344,E01383,2024_H1,2024-06-15,3,3,False,Completed
R000345,E03450,2024_H1,2024-06-15,4,2,False,Completed
R000346,E04700,2024_H1,2024-06-15,2,3,False,Cancelled
R000347,E03806,2024_H1,2024-06-15,4,4,False,Completed
R000348,E02455,2024_H1,2024-06-15,3,3,False,Completed
R000349,E04436,2024_H1,2024-06-15,3,3,False,Pending
R000350,E02996,2024_H1,2024-06-15,4,4,False,Completed
R000351,E01434,2024_H1,2024-06-15,4,2,False,Pending
R000352,E03362,2024_H1,2024-06-15,2,3,False,Completed
R000353,E02884,2024_H1,2024-06-15,3,3,False,Completed
R000354,E02951,2024_H1,2024-06-15,3,3,False,Pending
R000355,E04435,2024_H1,2024-06-15,3,4,False,Completed
R000356,E02915,2024_H1,2024-06-15,3,3,False,Completed
R000357,E00992,2024_H1,2024-06-15,4,4,False,Completed
R000358,E00184,2024_H1,2024-06-15,3,2,False,Pending
R000359,E00076,2024_H1,2024-06-15,5,4,False,Pending
R000360,E04227,2024_H1,2024-06-15,4,1,False,Completed
R000361,E02707,2024_H1,2024-06-15,3,3,False,Completed
R000362,E02646,2024_H1,2024-06-15,4,2,False,Completed
R000363,E04386,2024_H1,2024-06-15,5,1,False,Completed
R000364,E03964,2024_H1,2024-06-15,3,2,False,Pending
R000365,E01064,2024_H1,2024-06-15,3,5,False,Completed
R000366,E02491,2024_H1,2024-06-15,3,3,False,Pending
R000367,E00554,2024_H1,2024-06-15,2,3,False,Completed
R000368,E00703,2024_H1,2024-06-15,4,5,False,Completed
R000369,E00524,2024_H1,2024-06-15,3,3,False,Completed
R000370,E00172,2024_H1,2024-06-15,2,4,False,Completed
R000371,E04221,2024_H1,2024-06-15,3,3,False,Completed
R000372,E03232,2024_H1,2024-06-15,3,5,False,Completed
R000373,E00667,2024_H1,2024-06-15,3,3,False,Pending
R000374,E03788,2024_H1,2024-06-15,4,3,False,Completed
R000375,E04757,2024_H1,2024-06-15,4,4,False,Pending
R000376,E02476,2024_H1,2024-06-15,2,3,False,Completed
R000377,E00752,2024_H1,2024-06-15,4,3,False,Pending
R000378,E02946,2024_H1,2024-06-15,3,4,False,Completed
R000379,E04544,2024_H1,2024-06-15,2,3,False,Completed
R000380,E03852,2024_H1,2024-06-15,3,2,False,Completed
R000381,E00111,2024_H1,2024-06-15,2,4,False,Completed
R000382,E04644,2024_H1,2024-06-15,2,5,False,Cancelled
R000383,E03972,2024_H1,2024-06-15,3,3,False,Pending
R000384,E02188,2024_H1,2024-06-15,5,3,False,Completed
R000385,E01536,2024_H1,2024-06-15,2,5,False,Completed
R000386,E00764,2024_H1,2024-06-15,3,3,False,Completed
R000387,E02924,2024_H1,2024-06-15,4,5,False,Completed
R000388,E01265,2024_H1,2024-06-15,2,3,False,Completed
R000389,E03204,2024_H1,2024-06-15,2,3,False,Cancelled
R000390,E04677,2024_H1,2024-06-15,3,3,False,Pending
R000391,E00984,2024_H1,2024-06-15,5,3,True,Completed
R000392,E02726,2024_H1,2024-06-15,5,4,False,Completed
R000393,E01110,2024_H1,2024-06-15,2,3,False,Completed
R000394,E03893,2024_H1,2024-06-15,5,1,False,Pending
R000395,E00036,2024_H1,2024-06-15,5,4,False,Completed
R000396,E02675,2024_H1,2024-06-15,3,3,False,Completed
R000397,E01245,2024_H1,2024-06-15,4,4,False,Completed
R000398,E04376,2024_H1,2024-06-15,5,2,False,Pending
R000399,E00169,2024_H1,2024-06-15,2,3,False,Completed
R000400,E03949,2024_H1,2024-06-15,1,4,False,Completed
R000401,E03693,2024_H1,2024-06-15,3,3,False,Completed
R000402,E00260,2024_H1,2024-06-15,3,4,False,Completed
R000403,E01957,2024_H1,2024-06-15,4,4,False,Completed
R000404,E00603,2024_H1,2024-06-15,4,2,False,Cancelled
R000405,E02732,2024_H1,2024-06-15,3,4,False,Completed
R000406,E04558,2024_H1,2024-06-15,3,3,False,Completed
R000407,E01116,2024_H1,2024-06-15,3,3,False,Completed
R000408,E00311,2024_H1,2024-06-15,3,4,True,Pending
R000409,E02186,2024_H1,2024-06-15,4,5,False,Completed
R000410,E02377,2024_H1,2024-06-15,4,3,False,Completed
R000411,E00931,2024_H1,2024-06-15,3,2,False,Completed
R000412,E03213,2024_H1,2024-06-15,4,4,False,Completed
R000413,E04431,2024_H1,2024-06-15,4,4,False,Completed
R000414,E04577,2024_H1,2024-06-15,3,3,False,Completed
R000415,E00320,2024_H1,2024-06-15,3,3,False,Completed
R000416,E02505,2024_H1,2024-06-15,2,4,False,Completed
R000417,E02044,2024_H1,2024-06-15,3,1,True,Completed
R000418,E01325,2024_H1,2024-06-15,3,2,False,Cancelled
R000419,E00419,2024_H1,2024-06-15,4,3,False,Completed
R000420,E02762,2024_H1,2024-06-15,3,5,False,Completed
R000421,E03558,2024_H1,2024-06-15,3,5,False,Pending
R000422,E04277,2024_H1,2024-06-15,3,2,False,Completed
R000423,E03654,2024_H1,2024-06-15,4,5,True,Completed
R000424,E02022,2024_H1,2024-06-15,3,2,False,Completed
R000425,E03834,2024_H1,2024-06-15,4,3,False,Completed
R000426,E04669,2024_H1,2024-06-15,3,5,False,Completed
R000427,E02204,2024_H1,2024-06-15,4,3,False,Completed
R000428,E00352,2024_H1,2024-06-15,3,5,False,Completed
R000429,E04011,2024_H1,2024-06-15,5,2,False,Pending
R000430,E03742,2024_H1,2024-06-15,3,3,False,Completed
R000431,E01753,2024_H1,2024-06-15,2,2,False,Pending
R000432,E04923,2024_H1,2024-06-15,4,3,False,Completed
R000433,E02744,2024_H1,2024-06-15,4,2,False,Completed
R000434,E03942,2024_H1,2024-06-15,3,4,False,Completed
R000435,E04183,2024_H1,2024-06-15,4,3,False,Completed
R000436,E02209,2024_H1,2024-06-15,4,4,False,Completed
R000437,E02160,2024_H1,2024-06-15,3,3,False,Completed
R000438,E02607,2024_H1,2024-06-15,5,4,False,Completed
R000439,E03688,2024_H1,2024-06-15,3,3,False,Completed
R000440,E03274,2024_H1,2024-06-15,3,3,False,Completed
R000441,E02116,2024_H1,2024-06-15,3,3,False,Completed
R000442,E00144,2024_H1,2024-06-15,4,4,False,Completed
R000443,E01080,2024_H1,2024-06-15,2,3,False,Completed
R000444,E01282,2024_H1,2024-06-15,1,3,False,Completed
R000445,E00646,2024_H1,2024-06-15,2,5,False,Completed
R000446,E01823,2024_H1,2024-06-15,3,3,False,Pending
R000447,E04159,2024_H1,2024-06-15,2,3,False,Completed
R000448,E02006,2024_H1,2024-06-15,4,3,False,Completed
R000449,E04400,2024_H1,2024-06-15,3,2,False,Cancelled
R000450,E03228,2024_H1,2024-06-15,3,4,False,Pending
R000451,E01281,2024_H1,2024-06-15,3,1,False,Completed
R000452,E02928,2024_H1,2024-06-15,4,4,False,Completed
R000453,E03821,2024_H1,2024-06-15,5,3,False,Pending
R000454,E03500,2024_H1,2024-06-15,5,4,False,Completed
R000455,E02960,2024_H1,2024-06-15,2,4,True,Completed
R000456,E04327,2024_H1,2024-06-15,3,5,True,Completed
R000457,E01277,2024_H1,2024-06-15,4,4,False,Completed
R000458,E04779,2024_H1,2024-06-15,3,3,False,Completed
R000459,E04835,2024_H1,2024-06-15,4,3,False,Completed
R000460,E02854,2024_H1,2024-06-15,3,1,False,Completed
R000461,E01993,2024_H1,2024-06-15,4,2,False,Completed
R000462,E00317,2024_H1,2024-06-15,4,3,False,Completed
R000463,E03937,2024_H1,2024-06-15,3,2,False,Completed
R000464,E01557,2024_H1,2024-06-15,4,3,True,Pending
R000465,E01183,2024_H1,2024-06-15,4,3,True,Completed
R000466,E03769,2024_H1,2024-06-15,2,4,False,Completed
R000467,E03988,2024_H1,2024-06-15,3,1,False,Pending
R000468,E03281,2024_H1,2024-06-15,4,4,False,Completed
R000469,E00515,2024_H1,2024-06-15,1,5,False,Cancelled
R000470,E04724,2024_H1,2024-06-15,4,5,False,Completed
R000471,E00353,2024_H1,2024-06-15,1,4,False,Completed
R000472,E04179,2024_H1,2024-06-15,2,3,False,Completed
R000473,E03883,2024_H1,2024-06-15,3,3,False,Completed
R000474,E04012,2024_H1,2024-06-15,4,2,True,Completed
R000475,E02107,2024_H1,2024-06-15,2,1,False,Completed
R000476,E00865,2024_H1,2024-06-15,4,3,False,Completed
R000477,E01393,2024_H1,2024-06-15,5,4,False,Completed
R000478,E03121,2024_H1,2024-06-15,3,5,False,Completed
R000479,E00248,2024_H1,2024-06-15,5,2,False,Completed
R000480,E03959,2024_H1,2024-06-15,2,2,False,Pending
R000481,E04530,2024_H1,2024-06-15,3,4,False,Completed
R000482,E04144,2024_H1,2024-06-15,2,3,False,Pending
R000483,E04656,2024_H1,2024-06-15,3,3,False,Completed
R000484,E02347,2024_H1,2024-06-15,5,2,False,Completed
R000485,E03882,2024_H1,2024-06-15,3,4,False,Completed
R000486,E04353,2024_H1,2024-06-15,3,2,False,Completed
R000487,E02040,2024_H1,2024-06-15,3,3,False,Cancelled
R000488,E01984,2024_H1,2024-06-15,2,3,False,Completed
R000489,E03619,2024_H1,2024-06-15,5,2,False,Completed
R000490,E01998,2024_H1,2024-06-15,3,4,False,Pending
R000491,E03384,2024_H1,2024-06-15,4,2,False,Pending
R000492,E02965,2024_H1,2024-06-15,4,3,False,Pending
R000493,E03818,2024_H1,2024-06-15,3,4,False,Cancelled
R000494,E00390,2024_H1,2024-06-15,1,2,False,Completed
R000495,E03596,2024_H1,2024-06-15,2,4,False,Pending
R000496,E01844,2024_H1,2024-06-15,3,4,False,Completed
R000497,E01452,2024_H1,2024-06-15,2,3,False,Completed
R000498,E04457,2024_H1,2024-06-15,4,2,False,Completed
R000499,E04306,2024_H1,2024-06-15,3,3,False,Pending
R000500,E04438,2024_H1,2024-06-15,4,4,False,Completed
R000501,E04407,2024_H1,2024-06-15,3,5,False,Completed
R000502,E01201,2024_H1,2024-06-15,5,2,False,Completed
R000503,E01167,2024_H1,2024-06-15,3,2,False,Completed
R000504,E01777,2024_H1,2024-06-15,4,5,False,Pending
R000505,E03738,2024_H1,2024-06-15,3,4,False,Completed
R000506,E03583,2024_H1,2024-06-15,3,3,False,Completed
R000507,E01816,2024_H1,2024-06-15,3,3,False,Completed
R000508,E04752,2024_H1,2024-06-15,5,3,False,Completed
R000509,E00452,2024_H1,2024-06-15,4,3,False,Pending
R000510,E00028,2024_H1,2024-06-15,3,1,False,Completed
R000511,E00490,2024_H1,2024-06-15,2,2,False,Completed
R000512,E01523,2024_H1,2024-06-15,5,1,False,Completed
R000513,E00339,2024_H1,2024-06-15,1,1,False,Completed
R000514,E04411,2024_H1,2024-06-15,5,4,False,Completed
R000515,E02155,2024_H1,2024-06-15,4,3,False,Completed
R000516,E03629,2024_H1,2024-06-15,3,3,False,Completed
R000517,E02606,2024_H1,2024-06-15,1,3,False,Completed
R000518,E01239,2024_H1,2024-06-15,2,4,False,Completed
R000519,E01741,2024_H1,2024-06-15,4,4,False,Pending
R000520,E00108,2024_H1,2024-06-15,3,5,False,Completed
R000521,E01178,2024_H1,2024-06-15,3,3,False,Completed
R000522,E04271,2024_H1,2024-06-15,3,3,False,Completed
R000523,E01547,2024_H1,2024-06-15,3,1,False,Completed
R000524,E01724,2024_H1,2024-06-15,4,5,False,Completed
R000525,E04392,2024_H1,2024-06-15,3,3,False,Completed
R000526,E01967,2024_H1,2024-06-15,3,2,False,Pending
R000527,E02129,2024_H1,2024-06-15,5,5,False,Completed
R000528,E01788,2024_H1,2024-06-15,1,3,False,Completed
R000529,E03635,2024_H1,2024-06-15,3,3,False,Completed
R000530,E00285,2024_H1,2024-06-15,3,2,False,Pending
R000531,E04639,2024_H1,2024-06-15,5,5,True,Cancelled
R000532,E00406,2024_H1,2024-06-15,3,3,False,Completed
R000533,E00560,2024_H1,2024-06-15,2,3,False,Completed
R000534,E04188,2024_H1,2024-06-15,2,4,False,Completed
R000535,E01124,2024_H1,2024-06-15,3,3,False,Completed
R000536,E03249,2024_H1,2024-06-15,4,3,False,Completed
R000537,E02912,2024_H1,2024-06-15,3,2,False,Completed
R000538,E00083,2024_H1,2024-06-15,3,3,False,Completed
R000539,E04291,2024_H1,2024-06-15,3,3,False,Pending
R000540,E03238,2024_H1,2024-06-15,5,4,False,Completed
R000541,E01195,2024_H1,2024-06-15,1,5,False,Completed
R000542,E03823,2024_H1,2024-06-15,3,4,False,Completed
R000543,E00067,2024_H1,2024-06-15,5,2,False,Completed
R000544,E01168,2024_H1,2024-06-15,3,4,True,Completed
R000545,E02603,2024_H1,2024-06-15,3,4,False,Completed
R000546,E00186,2024_H1,2024-06-15,3,2,False,Completed
R000547,E01915,2024_H1,2024-06-15,5,4,False,Completed
R000548,E01399,2024_H1,2024-06-15,5,3,False,Completed
R000549,E04830,2024_H1,2024-06-15,3,4,False,Completed
R000550,E01743,2024_H1,2024-06-15,2,3,False,Completed
R000551,E01238,2024_H1,2024-06-15,3,3,True,Completed
R000552,E02417,2024_H1,2024-06-15,3,1,False,Completed
R000553,E00637,2024_H1,2024-06-15,3,3,False,Completed
R000554,E01184,2024_H1,2024-06-15,4,2,False,Completed
R000555,E03831,2024_H1,2024-06-15,3,4,False,Completed
R000556,E01082,2024_H1,2024-06-15,3,4,False,Pending
R000557,E02056,2024_H1,2024-06-15,5,5,False,Pending
R000558,E02599,2024_H1,2024-06-15,3,4,False,Completed
R000559,E02780,2024_H1,2024-06-15,2,3,False,Completed
R000560,E02650,2024_H1,2024-06-15,3,4,False,Completed
R000561,E03189,2024_H1,2024-06-15,2,2,False,Completed
R000562,E03395,2024_H1,2024-06-15,4,3,True,Completed
R000563,E01310,2024_H1,2024-06-15,3,3,False,Completed
R000564,E01128,2024_H1,2024-06-15,3,4,False,Completed
R000565,E02076,2024_H1,2024-06-15,3,4,False,Completed
R000566,E03653,2024_H1,2024-06-15,3,3,False,Completed
R000567,E04161,2024_H1,2024-06-15,3,5,False,Completed
R000568,E04283,2024_H1,2024-06-15,3,3,False,Pending
R000569,E01867,2024_H1,2024-06-15,5,2,False,Pending
R000570,E02261,2024_H1,2024-06-15,3,3,False,Completed
R000571,E02715,2024_H1,2024-06-15,3,4,False,Pending
R000572,E03628,2024_H1,2024-06-15,4,4,True,Completed
R000573,E00974,2024_H1,2024-06-15,3,4,False,Completed
R000574,E00135,2024_H1,2024-06-15,3,5,False,Completed
R000575,E04760,2024_H1,2024-06-15,3,3,True,Completed
R000576,E02783,2024_H1,2024-06-15,3,3,False,Completed
R000577,E01221,2024_H1,2024-06-15,3,3,False,Completed
R000578,E03641,2024_H1,2024-06-15,3,4,False,Completed
R000579,E02841,2024_H1,2024-06-15,3,3,False,Completed
R000580,E04420,2024_H1,2024-06-15,3,2,False,Completed
R000581,E02499,2024_H1,2024-06-15,2,3,False,Completed
R000582,E04340,2024_H1,2024-06-15,3,3,False,Completed
R000583,E01081,2024_H1,2024-06-15,4,4,False,Completed
R000584,E03829,2024_H1,2024-06-15,2,4,False,Completed
R000585,E04137,2024_H1,2024-06-15,3,4,False,Completed
R000586,E00856,2024_H1,2024-06-15,5,5,False,Completed
R000587,E03241,2024_H1,2024-06-15,2,3,False,Pending
R000588,E00835,2024_H1,2024-06-15,4,3,False,Pending
R000589,E04045,2024_H1,2024-06-15,3,3,False,Completed
R000590,E03557,2024_H1,2024-06-15,3,3,False,Completed
R000591,E03532,2024_H1,2024-06-15,3,1,False,Pending
R000592,E00437,2024_H1,2024-06-15,3,4,False,Completed
R000593,E03043,2024_H1,2024-06-15,3,4,False,Completed
R000594,E04556,2024_H1,2024-06-15,5,4,True,Completed
R000595,E03618,2024_H1,2024-06-15,4,3,False,Completed
R000596,E02127,2024_H1,2024-06-15,4,3,False,Completed
R000597,E00769,2024_H1,2024-06-15,2,3,False,Pending
R000598,E00814,2024_H1,2024-06-15,5,3,False,Pending
R000599,E00700,2024_H1,2024-06-15,1,3,False,Completed
R000600,E04442,2024_H1,2024-06-15,2,4,False,Pending
R000601,E00242,2024_H1,2024-06-15,3,3,False,Pending
R000602,E00401,2024_H1,2024-06-15,3,4,False,Completed
R000603,E01041,2024_H1,2024-06-15,2,5,False,Completed
R000604,E01433,2024_H1,2024-06-15,1,3,False,Completed
R000605,E01710,2024_H1,2024-06-15,3,2,False,Pending
R000606,E02296,2024_H1,2024-06-15,4,5,False,Completed
R000607,E00580,2024_H1,2024-06-15,3,3,False,Completed
R000608,E02956,2024_H1,2024-06-15,5,1,False,Pending
R000609,E04261,2024_H1,2024-06-15,5,5,False,Completed
R000610,E03873,2024_H1,2024-06-15,3,4,False,Completed
R000611,E03638,2024_H1,2024-06-15,4,4,True,Completed
R000612,E03998,2024_H1,2024-06-15,3,3,False,Completed
R000613,E03480,2024_H1,2024-06-15,4,2,True,Completed
R000614,E02337,2024_H1,2024-06-15,4,3,False,Completed
R000615,E02034,2024_H1,2024-06-15,3,4,False,Cancelled
R000616,E02902,2024_H1,2024-06-15,3,2,False,Completed
R000617,E00688,2024_H1,2024-06-15,3,3,False,Completed
R000618,E00907,2024_H1,2024-06-15,5,3,False,Completed
R000619,E04603,2024_H1,2024-06-15,3,2,False,Completed
R000620,E01770,2024_H1,2024-06-15,3,3,False,Completed
R000621,E02346,2024_H1,2024-06-15,2,5,False,Completed
R000622,E02104,2024_H1,2024-06-15,3,2,False,Pending
R000623,E00441,2024_H1,2024-06-15,2,2,False,Completed
R000624,E01562,2024_H1,2024-06-15,4,3,True,Completed
R000625,E03513,2024_H1,2024-06-15,4,3,False,Completed
R000626,E02925,2024_H1,2024-06-15,3,3,False,Completed
R000627,E04371,2024_H1,2024-06-15,2,3,False,Completed
R000628,E00796,2024_H1,2024-06-15,3,2,False,Completed
R000629,E02958,2024_H1,2024-06-15,2,3,False,Completed
R000630,E04810,2024_H1,2024-06-15,3,2,False,Pending
R000631,E01977,2024_H1,2024-06-15,1,2,False,Completed
R000632,E02423,2024_H1,2024-06-15,4,3,False,Completed
R000633,E00011,2024_H1,2024-06-15,4,3,False,Completed
R000634,E01713,2024_H1,2024-06-15,3,3,False,Completed
R000635,E03536,2024_H1,2024-06-15,3,3,False,Completed
R000636,E03908,2024_H1,2024-06-15,1,3,False,Completed
R000637,E03812,2024_H1,2024-06-15,3,5,False,Pending
R000638,E03173,2024_H1,2024-06-15,3,5,False,Pending
R000639,E02589,2024_H1,2024-06-15,3,3,False,Completed
R000640,E00786,2024_H1,2024-06-15,4,4,False,Completed
R000641,E02977,2024_H1,2024-06-15,3,4,False,Completed
R000642,E04919,2024_H1,2024-06-15,3,4,False,Pending
R000643,E01531,2024_H1,2024-06-15,5,4,False,Completed
R000644,E01793,2024_H1,2024-06-15,4,5,False,Completed
R000645,E04731,2024_H1,2024-06-15,2,4,False,Completed
R000646,E02871,2024_H1,2024-06-15,5,3,False,Completed
R000647,E03816,2024_H1,2024-06-15,4,4,False,Completed
R000648,E02852,2024_H1,2024-06-15,5,4,True,Pending
R000649,E01134,2024_H1,2024-06-15,5,2,True,Completed
R000650,E01204,2024_H1,2024-06-15,4,4,False,Completed
R000651,E00324,2024_H1,2024-06-15,2,4,False,Completed
R000652,E01787,2024_H1,2024-06-15,4,1,False,Completed
R000653,E00579,2024_H1,2024-06-15,3,3,False,Completed
R000654,E01946,2024_H1,2024-06-15,4,3,False,Completed
R000655,E03564,2024_H1,2024-06-15,4,4,False,Completed
R000656,E00792,2024_H1,2024-06-15,3,3,False,Completed
R000657,E03017,2024_H1,2024-06-15,4,3,False,Completed
R000658,E04312,2024_H1,2024-06-15,4,4,False,Cancelled
R000659,E00917,2024_H1,2024-06-15,1,4,False,Completed
R000660,E04342,2024_H1,2024-06-15,4,3,False,Completed
R000661,E04334,2024_H1,2024-06-15,4,3,True,Pending
R000662,E00781,2024_H1,2024-06-15,3,3,False,Completed
R000663,E00440,2024_H1,2024-06-15,2,5,False,Completed
R000664,E03026,2024_H1,2024-06-15,5,5,False,Completed
R000665,E00957,2024_H1,2024-06-15,4,4,False,Pending
R000666,E00049,2024_H1,2024-06-15,3,4,False,Completed
R000667,E01738,2024_H1,2024-06-15,3,5,False,Completed
R000668,E03661,2024_H1,2024-06-15,3,2,False,Completed
R000669,E02894,2024_H1,2024-06-15,3,3,False,Completed
R000670,E04049,2024_H1,2024-06-15,5,3,False,Completed
R000671,E02887,2024_H1,2024-06-15,4,3,False,Pending
R000672,E02260,2024_H1,2024-06-15,3,4,False,Completed
R000673,E02685,2024_H1,2024-06-15,3,4,False,Completed
R000674,E03599,2024_H1,2024-06-15,3,3,False,Completed
R000675,E02811,2024_H1,2024-06-15,3,3,False,Pending
R000676,E01045,2024_H1,2024-06-15,3,3,False,Completed
R000677,E03068,2024_H1,2024-06-15,2,4,True,Completed
R000678,E04215,2024_H1,2024-06-15,3,4,False,Completed
R000679,E02426,2024_H1,2024-06-15,3,2,False,Completed
R000680,E02304,2024_H1,2024-06-15,3,4,False,Completed
R000681,E04416,2024_H1,2024-06-15,3,4,False,Pending
R000682,E00721,2024_H1,2024-06-15,5,3,False,Completed
R000683,E02763,2024_H1,2024-06-15,3,3,True,Completed
R000684,E00085,2024_H1,2024-06-15,3,2,False,Completed
R000685,E03880,2024_H1,2024-06-15,4,3,False,Completed
R000686,E02591,2024_H1,2024-06-15,1,3,False,Completed
R000687,E04897,2024_H1,2024-06-15,5,4,True,Pending
R000688,E04090,2024_H1,2024-06-15,2,2,False,Cancelled
R000689,E03935,2024_H1,2024-06-15,1,4,False,Completed
R000690,E04562,2024_H1,2024-06-15,3,4,False,Completed
R000691,E02090,2024_H1,2024-06-15,4,4,False,Cancelled
R000692,E00647,2024_H1,2024-06-15,3,5,False,Completed
R000693,E04008,2024_H1,2024-06-15,3,4,True,Completed
R000694,E04717,2024_H1,2024-06-15,4,5,False,Completed
R000695,E02050,2024_H1,2024-06-15,4,2,False,Pending
R000696,E00509,2024_H1,2024-06-15,3,4,False,Completed
R000697,E02930,2024_H1,2024-06-15,3,4,False,Completed
R000698,E01912,2024_H1,2024-06-15,3,4,False,Completed
R000699,E04445,2024_H1,2024-06-15,4,4,False,Completed
R000700,E01053,2024_H1,2024-06-15,3,4,False,Completed
R000701,E02256,2024_H1,2024-06-15,3,3,False,Pending
R000702,E02481,2024_H1,2024-06-15,4,1,False,Completed
R000703,E04214,2024_H1,2024-06-15,2,5,False,Completed
R000704,E01307,2024_H1,2024-06-15,3,1,False,Completed
R000705,E04899,2024_H1,2024-06-15,5,1,False,Completed
R000706,E00782,2024_H1,2024-06-15,3,5,False,Completed
R000707,E03069,2024_H1,2024-06-15,2,3,False,Completed
R000708,E02927,2024_H1,2024-06-15,1,5,False,Completed
R000709,E02849,2024_H1,2024-06-15,2,2,False,Completed
R000710,E01506,2024_H1,2024-06-15,4,2,False,Completed
R000711,E01932,2024_H1,2024-06-15,2,1,True,Completed
R000712,E01682,2024_H1,2024-06-15,3,3,False,Completed
R000713,E04349,2024_H1,2024-06-15,3,5,True,Completed
R000714,E02232,2024_H1,2024-06-15,3,2,False,Pending
R000715,E04175,2024_H1,2024-06-15,1,3,False,Completed
R000716,E01040,2024_H1,2024-06-15,3,5,False,Completed
R000717,E02080,2024_H1,2024-06-15,4,4,False,Completed
R000718,E02678,2024_H1,2024-06-15,2,3,False,Completed
R000719,E01975,2024_H1,2024-06-15,3,3,False,Completed
R000720,E04616,2024_H1,2024-06-15,3,3,False,Completed
R000721,E04895,2024_H1,2024-06-15,2,5,False,Completed
R000722,E01270,2024_H1,2024-06-15,2,2,False,Completed
R000723,E02137,2024_H1,2024-06-15,4,4,False,Pending
R000724,E03995,2024_H1,2024-06-15,3,4,False,Pending
R000725,E01023,2024_H1,2024-06-15,4,3,False,Completed
R000726,E03520,2024_H1,2024-06-15,3,1,False,Completed
R000727,E03411,2024_H1,2024-06-15,4,3,False,Pending
R000728,E03750,2024_H1,2024-06-15,3,3,False,Completed
R000729,E03533,2024_H1,2024-06-15,2,2,False,Pending
R000730,E02621,2024_H1,2024-06-15,3,3,False,Pending
R000731,E04679,2024_H1,2024-06-15,3,3,False,Completed
R000732,E04068,2024_H1,2024-06-15,3,4,False,Completed
R000733,E04348,2024_H1,2024-06-15,3,3,False,Completed
R000734,E01632,2024_H1,2024-06-15,3,5,False,Completed
R000735,E00124,2024_H1,2024-06-15,3,5,False,Completed
R000736,E04083,2024_H1,2024-06-15,3,4,False,Completed
R000737,E01501,2024_H1,2024-06-15,4,4,False,Cancelled
R000738,E00946,2024_H1,2024-06-15,4,3,False,Pending
R000739,E00617,2024_H1,2024-06-15,3,4,False,Pending
R000740,E01233,2024_H1,2024-06-15,2,2,False,Completed
R000741,E03456,2024_H1,2024-06-15,2,3,False,Completed
R000742,E03930,2024_H1,2024-06-15,4,4,True,Pending
R000743,E00484,2024_H1,2024-06-15,3,4,False,Pending
R000744,E02674,2024_H1,2024-06-15,3,4,False,Completed
R000745,E02510,2024_H1,2024-06-15,3,4,False,Completed
R000746,E01288,2024_H1,2024-06-15,4,4,False,Completed
R000747,E01792,2024_H1,2024-06-15,3,4,False,Completed
R000748,E03992,2024_H1,2024-06-15,3,3,False,Completed
R000749,E01687,2024_H1,2024-06-15,4,3,False,Completed
R000750,E04053,2024_H1,2024-06-15,2,3,False,Completed
R000751,E01995,2024_H1,2024-06-15,4,3,False,Completed
R000752,E01016,2024_H1,2024-06-15,3,3,False,Pending
R000753,E01797,2024_H1,2024-06-15,1,4,False,Completed
R000754,E00294,2024_H1,2024-06-15,4,3,False,Pending
R000755,E01199,2024_H1,2024-06-15,3,3,False,Completed
R000756,E03582,2024_H1,2024-06-15,4,5,False,Completed
R000757,E03722,2024_H1,2024-06-15,2,4,False,Completed
R000758,E01076,2024_H1,2024-06-15,4,4,False,Completed
R000759,E01996,2024_H1,2024-06-15,3,4,False,Completed
R000760,E02266,2024_H1,2024-06-15,2,4,False,Completed
R000761,E03195,2024_H1,2024-06-15,4,2,False,Completed
R000762,E01152,2024_H1,2024-06-15,2,3,False,Pending
R000763,E00555,2024_H1,2024-06-15,3,2,False,Completed
R000764,E00722,2024_H1,2024-06-15,1,5,False,Completed
R000765,E01651,2024_H1,2024-06-15,3,4,False,Completed
R000766,E04397,2024_H1,2024-06-15,2,5,False,Completed
R000767,E01735,2024_H1,2024-06-15,3,3,False,Completed
R000768,E01754,2024_H1,2024-06-15,3,3,False,Cancelled
R000769,E03524,2024_H1,2024-06-15,5,3,False,Completed
R000770,E04851,2024_H1,2024-06-15,2,3,False,Completed
R000771,E03673,2024_H1,2024-06-15,4,3,False,Completed
R000772,E02201,2024_H1,2024-06-15,4,5,False,Pending
R000773,E02163,2024_H1,2024-06-15,3,3,False,Completed
R000774,E01508,2024_H1,2024-06-15,3,4,False,Completed
R000775,E00122,2024_H1,2024-06-15,4,2,False,Completed
R000776,E00103,2024_H1,2024-06-15,4,1,False,Cancelled
R000777,E01757,2024_H1,2024-06-15,4,4,False,Completed
R000778,E01309,2024_H1,2024-06-15,3,5,False,Pending
R000779,E00738,2024_H1,2024-06-15,4,5,False,Completed
R000780,E01672,2024_H1,2024-06-15,3,3,False,Pending
R000781,E03656,2024_H1,2024-06-15,3,4,False,Completed
R000782,E03792,2024_H1,2024-06-15,3,2,False,Completed
R000783,E00659,2024_H1,2024-06-15,4,3,False,Completed
R000784,E03110,2024_H1,2024-06-15,3,3,False,Completed
R000785,E01517,2024_H1,2024-06-15,3,3,False,Completed
R000786,E00913,2024_H1,2024-06-15,3,4,False,Pending
R000787,E01244,2024_H1,2024-06-15,2,5,False,Completed
R000788,E02193,2024_H1,2024-06-15,4,2,False,Completed
R000789,E03170,2024_H1,2024-06-15,2,2,False,Completed
R000790,E04329,2024_H1,2024-06-15,5,2,False,Completed
R000791,E01328,2024_H1,2024-06-15,2,3,False,Completed
R000792,E03690,2024_H1,2024-06-15,5,3,False,Pending
R000793,E01920,2024_H1,2024-06-15,3,2,False,Completed
R000794,E02289,2024_H1,2024-06-15,3,4,False,Completed
R000795,E00584,2024_H1,2024-06-15,2,5,False,Completed
R000796,E02226,2024_H1,2024-06-15,3,2,False,Completed
R000797,E02482,2024_H1,2024-06-15,5,2,True,Completed
R000798,E00302,2024_H1,2024-06-15,3,3,False,Completed
R000799,E03455,2024_H1,2024-06-15,3,3,False,Completed
R000800,E02144,2024_H1,2024-06-15,4,2,False,Completed
R000801,E04733,2024_H1,2024-06-15,2,5,False,Pending
R000802,E04542,2024_H1,2024-06-15,2,3,False,Completed
R000803,E03577,2024_H1,2024-06-15,3,3,False,Completed
R000804,E01905,2024_H1,2024-06-15,3,3,False,Completed
R000805,E03039,2024_H1,2024-06-15,2,4,True,Completed
R000806,E04396,2024_H1,2024-06-15,3,4,False,Completed
R000807,E01950,2024_H1,2024-06-15,2,4,False,Completed
R000808,E00088,2024_H1,2024-06-15,3,3,False,Completed
R000809,E03390,2024_H1,2024-06-15,3,4,False,Pending
R000810,E04240,2024_H1,2024-06-15,1,3,False,Pending
R000811,E04314,2024_H1,2024-06-15,4,4,False,Completed
R000812,E01223,2024_H1,2024-06-15,2,4,True,Completed
R000813,E03699,2024_H1,2024-06-15,4,1,True,Cancelled
R000814,E03134,2024_H1,2024-06-15,4,1,False,Cancelled
R000815,E03838,2024_H1,2024-06-15,3,4,False,Completed
R000816,E02643,2024_H1,2024-06-15,3,2,False,Completed
R000817,E04299,2024_H1,2024-06-15,1,4,False,Completed
R000818,E01862,2024_H1,2024-06-15,3,2,False,Pending
R000819,E03348,2024_H1,2024-06-15,5,4,False,Completed
R000820,E02419,2024_H1,2024-06-15,5,3,False,Completed
R000821,E03080,2024_H1,2024-06-15,2,4,False,Completed
R000822,E02720,2024_H1,2024-06-15,3,3,False,Completed
R000823,E01477,2024_H1,2024-06-15,3,3,False,Completed
R000824,E00572,2024_H1,2024-06-15,3,4,False,Completed
R000825,E04029,2024_H1,2024-06-15,3,3,False,Completed
R000826,E02235,2024_H1,2024-06-15,3,5,False,Completed
R000827,E01061,2024_H1,2024-06-15,3,4,True,Completed
R000828,E03406,2024_H1,2024-06-15,5,1,False,Completed
R000829,E03736,2024_H1,2024-06-15,3,3,False,Cancelled
R000830,E04725,2024_H1,2024-06-15,3,5,False,Completed
R000831,E00723,2024_H1,2024-06-15,4,3,False,Completed
R000832,E01187,2024_H1,2024-06-15,5,3,False,Completed
R000833,E04304,2024_H1,2024-06-15,4,3,False,Completed
R000834,E03496,2024_H1,2024-06-15,4,2,False,Pending
R000835,E02767,2024_H1,2024-06-15,3,3,False,Pending
R000836,E02283,2024_H1,2024-06-15,2,1,False,Completed
R000837,E01272,2024_H1,2024-06-15,4,2,False,Completed
R000838,E04272,2024_H1,2024-06-15,4,4,False,Pending
R000839,E02453,2024_H1,2024-06-15,3,4,False,Pending
R000840,E00970,2024_H1,2024-06-15,4,3,False,Completed
R000841,E00129,2024_H1,2024-06-15,5,1,False,Completed
R000842,E01010,2024_H1,2024-06-15,3,4,False,Completed
R000843,E01629,2024_H1,2024-06-15,1,5,False,Completed
R000844,E02047,2024_H1,2024-06-15,3,4,False,Pending
R000845,E00309,2024_H1,2024-06-15,3,2,False,Completed
R000846,E02903,2024_H1,2024-06-15,3,1,False,Completed
R000847,E03655,2024_H1,2024-06-15,3,2,False,Completed
R000848,E02072,2024_H1,2024-06-15,4,5,False,Completed
R000849,E00396,2024_H1,2024-06-15,2,3,False,Completed
R000850,E01271,2024_H1,2024-06-15,4,2,False,Completed
R000851,E03466,2024_H1,2024-06-15,2,3,False,Completed
R000852,E01331,2024_H1,2024-06-15,2,3,False,Completed
R000853,E04952,2024_H1,2024-06-15,2,2,False,Completed
R000854,E04414,2024_H1,2024-06-15,2,3,False,Pending
R000855,E04921,2024_H1,2024-06-15,3,3,False,Completed
R000856,E02765,2024_H1,2024-06-15,3,3,False,Completed
R000857,E04850,2024_H1,2024-06-15,2,3,False,Cancelled
R000858,E02330,2024_H1,2024-06-15,3,4,False,Completed
R000859,E02593,2024_H1,2024-06-15,5,4,False,Completed
R000860,E03782,2024_H1,2024-06-15,5,3,False,Completed
R000861,E04590,2024_H1,2024-06-15,3,1,False,Completed
R000862,E03944,2024_H1,2024-06-15,3,3,False,Completed
R000863,E02702,2024_H1,2024-06-15,3,2,True,Completed
R000864,E00099,2024_H1,2024-06-15,3,2,False,Completed
R000865,E04308,2024_H1,2024-06-15,4,3,False,Completed
R000866,E03624,2024_H1,2024-06-15,4,3,False,Completed
R000867,E01800,2024_H1,2024-06-15,4,3,False,Completed
R000868,E01445,2024_H1,2024-06-15,5,2,False,Completed
R000869,E03845,2024_H1,2024-06-15,4,3,False,Cancelled
R000870,E03866,2024_H1,2024-06-15,5,4,False,Completed
R000871,E04323,2024_H1,2024-06-15,2,3,False,Completed
R000872,E02940,2024_H1,2024-06-15,4,5,True,Completed
R000873,E02861,2024_H1,2024-06-15,3,5,True,Completed
R000874,E02070,2024_H1,2024-06-15,3,3,False,Completed
R000875,E00842,2024_H1,2024-06-15,4,4,False,Completed
R000876,E02630,2024_H1,2024-06-15,4,2,False,Completed
R000877,E02934,2024_H1,2024-06-15,3,2,False,Completed
R000878,E01846,2024_H1,2024-06-15,3,3,False,Pending
R000879,E01274,2024_H1,2024-06-15,4,3,False,Completed
R000880,E01786,2024_H1,2024-06-15,4,3,False,Completed
R000881,E04882,2024_H1,2024-06-15,3,3,False,Completed
R000882,E00709,2024_H1,2024-06-15,3,3,False,Pending
R000883,E00979,2024_H1,2024-06-15,5,3,False,Completed
R000884,E03373,2024_H1,2024-06-15,2,4,False,Completed
R000885,E01626,2024_H1,2024-06-15,3,2,False,Completed
R000886,E02085,2024_H1,2024-06-15,5,5,False,Completed
R000887,E03790,2024_H1,2024-06-15,4,3,True,Pending
R000888,E01138,2024_H1,2024-06-15,3,3,False,Completed
R000889,E00235,2024_H1,2024-06-15,3,3,False,Completed
R000890,E03042,2024_H1,2024-06-15,4,4,True,Completed
R000891,E02844,2024_H1,2024-06-15,5,4,False,Pending
R000892,E02954,2024_H1,2024-06-15,3,3,False,Completed
R000893,E03672,2024_H1,2024-06-15,5,1,True,Completed
R000894,E04099,2024_H1,2024-06-15,3,3,False,Completed
R000895,E04199,2024_H1,2024-06-15,3,3,False,Completed
R000896,E02853,2024_H1,2024-06-15,3,3,False,Completed
R000897,E00198,2024_H1,2024-06-15,2,3,False,Pending
R000898,E04156,2024_H1,2024-06-15,3,4,False,Completed
R000899,E04670,2024_H1,2024-06-15,5,4,False,Completed
R000900,E01964,2024_H1,2024-06-15,4,2,False,Completed
R000901,E04391,2024_H1,2024-06-15,3,3,False,Pending
R000902,E01897,2024_H1,2024-06-15,2,4,False,Completed
R000903,E03761,2024_H1,2024-06-15,4,4,False,Completed
R000904,E03771,2024_H1,2024-06-15,3,3,False,Completed
R000905,E03428,2024_H1,2024-06-15,3,3,False,Completed
R000906,E01654,2024_H1,2024-06-15,4,4,True,Pending
R000907,E01658,2024_H1,2024-06-15,5,4,False,Pending
R000908,E01314,2024_H1,2024-06-15,3,3,False,Completed
R000909,E02239,2024_H1,2024-06-15,2,3,False,Completed
R000910,E03381,2024_H1,2024-06-15,4,3,False,Completed
R000911,E01226,2024_H1,2024-06-15,3,4,False,Completed
R000912,E01052,2024_H1,2024-06-15,3,4,False,Completed
R000913,E02515,2024_H1,2024-06-15,2,4,False,Completed
R000914,E02233,2024_H1,2024-06-15,5,2,False,Completed
R000915,E01747,2024_H1,2024-06-15,3,3,False,Completed
R000916,E04060,2024_H1,2024-06-15,4,3,False,Completed
R000917,E04808,2024_H1,2024-06-15,3,3,False,Completed
R000918,E04069,2024_H1,2024-06-15,3,5,False,Completed
R000919,E02973,2024_H1,2024-06-15,3,3,False,Completed
R000920,E04526,2024_H1,2024-06-15,3,3,False,Completed
R000921,E00891,2024_H1,2024-06-15,2,4,True,Completed
R000922,E02635,2024_H1,2024-06-15,3,3,False,Completed
R000923,E00348,2024_H1,2024-06-15,2,3,False,Completed
R000924,E03445,2024_H1,2024-06-15,3,3,False,Completed
R000925,E02952,2024_H1,2024-06-15,2,4,False,Completed
R000926,E00939,2024_H1,2024-06-15,4,2,False,Completed
R000927,E03951,2024_H1,2024-06-15,5,2,True,Completed
R000928,E02362,2024_H1,2024-06-15,2,2,False,Completed
R000929,E04121,2024_H1,2024-06-15,2,3,False,Completed
R000930,E04370,2024_H1,2024-06-15,2,1,False,Pending
R000931,E03597,2024_H1,2024-06-15,1,4,False,Completed
R000932,E04331,2024_H1,2024-06-15,4,4,True,Completed
R000933,E01400,2024_H1,2024-06-15,3,4,False,Completed
R000934,E04693,2024_H1,2024-06-15,3,4,False,Completed
R000935,E02959,2024_H1,2024-06-15,4,2,False,Completed
R000936,E00551,2024_H1,2024-06-15,2,1,False,Completed
R000937,E04465,2024_H1,2024-06-15,5,4,False,Pending
R000938,E00601,2024_H1,2024-06-15,4,4,False,Completed
R000939,E01373,2024_H1,2024-06-15,3,3,False,Completed
R000940,E04597,2024_H1,2024-06-15,2,5,True,Completed
R000941,E02109,2024_H1,2024-06-15,3,2,False,Completed
R000942,E03507,2024_H1,2024-06-15,3,2,True,Completed
R000943,E02164,2024_H1,2024-06-15,2,4,False,Cancelled
R000944,E02856,2024_H1,2024-06-15,3,4,False,Pending
R000945,E03815,2024_H1,2024-06-15,2,3,False,Pending
R000946,E03895,2024_H1,2024-06-15,2,5,False,Completed
R000947,E01644,2024_H1,2024-06-15,3,2,False,Completed
R000948,E03588,2024_H1,2024-06-15,3,4,False,Completed
R000949,E01165,2024_H1,2024-06-15,4,3,False,Completed
R000950,E04549,2024_H1,2024-06-15,3,4,True,Completed
R000951,E03034,2024_H1,2024-06-15,3,5,True,Completed
R000952,E01602,2024_H1,2024-06-15,3,4,False,Completed
R000953,E01217,2024_H1,2024-06-15,5,4,True,Completed
R000954,E04798,2024_H1,2024-06-15,3,2,False,Completed
R000955,E02135,2024_H1,2024-06-15,3,5,False,Completed
R000956,E04241,2024_H1,2024-06-15,1,4,True,Pending
R000957,E04194,2024_H1,2024-06-15,3,3,False,Completed
R000958,E04709,2024_H1,2024-06-15,4,3,False,Cancelled
R000959,E02814,2024_H1,2024-06-15,3,3,False,Completed
R000960,E04293,2024_H1,2024-06-15,3,4,False,Completed
R000961,E04330,2024_H1,2024-06-15,3,4,False,Completed
R000962,E01164,2024_H1,2024-06-15,4,1,False,Completed
R000963,E01581,2024_H1,2024-06-15,3,5,False,Completed
R000964,E02361,2024_H1,2024-06-15,4,4,False,Pending
R000965,E01056,2024_H1,2024-06-15,2,4,False,Pending
R000966,E04026,2024_H1,2024-06-15,3,4,False,Completed
R000967,E00676,2024_H1,2024-06-15,3,4,False,Completed
R000968,E03920,2024_H1,2024-06-15,2,2,False,Cancelled
R000969,E00308,2024_H1,2024-06-15,4,2,False,Pending
R000970,E04928,2024_H1,2024-06-15,4,2,False,Completed
R000971,E03864,2024_H1,2024-06-15,5,4,True,Completed
R000972,E02207,2024_H1,2024-06-15,2,2,False,Completed
R000973,E04311,2024_H1,2024-06-15,3,4,True,Completed
R000974,E00160,2024_H1,2024-06-15,3,3,False,Completed
R000975,E00740,2024_H1,2024-06-15,4,4,False,Completed
R000976,E04559,2024_H1,2024-06-15,3,4,True,Completed
R000977,E00991,2024_H1,2024-06-15,4,3,False,Completed
R000978,E02004,2024_H1,2024-06-15,4,3,False,Completed
R000979,E00013,2024_H1,2024-06-15,1,4,False,Completed
R000980,E02800,2024_H1,2024-06-15,4,4,False,Completed
R000981,E03921,2024_H1,2024-06-15,4,2,False,Completed
R000982,E04807,2024_H1,2024-06-15,3,4,False,Completed
R000983,E01367,2024_H1,2024-06-15,4,5,False,Pending
R000984,E01749,2024_H1,2024-06-15,4,5,False,Completed
R000985,E04003,2024_H1,2024-06-15,4,5,False,Completed
R000986,E00344,2024_H1,2024-06-15,3,5,False,Completed
R000987,E03974,2024_H1,2024-06-15,4,4,False,Pending
R000988,E00199,2024_H1,2024-06-15,2,2,False,Completed
R000989,E00663,2024_H1,2024-06-15,3,2,False,Completed
R000990,E02723,2024_H1,2024-06-15,4,4,False,Completed
R000991,E04866,2024_H1,2024-06-15,4,1,False,Pending
R000992,E04333,2024_H1,2024-06-15,4,2,False,Completed
R000993,E04907,2024_H1,2024-06-15,3,2,False,Pending
R000994,E00949,2024_H1,2024-06-15,4,3,False,Completed
R000995,E03519,2024_H1,2024-06-15,3,2,False,Completed
R000996,E02452,2024_H1,2024-06-15,2,4,False,Pending
R000997,E04025,2024_H1,2024-06-15,3,3,False,Completed
R000998,E04827,2024_H1,2024-06-15,4,2,True,Completed
R000999,E00893,2024_H1,2024-06-15,4,3,False,Completed
R001000,E04520,2024_H1,2024-06-15,3,3,False,Completed
R001001,E01329,2024_H1,2024-06-15,1,3,False,Cancelled
R001002,E04803,2024_H1,2024-06-15,5,4,False,Completed
R001003,E01981,2024_H1,2024-06-15,5,3,False,Completed
R001004,E02910,2024_H1,2024-06-15,5,2,False,Completed
R001005,E04651,2024_H1,2024-06-15,3,3,False,Completed
R001006,E00987,2024_H1,2024-06-15,3,3,False,Completed
R001007,E01570,2024_H1,2024-06-15,3,3,False,Completed
R001008,E00015,2024_H1,2024-06-15,5,2,False,Completed
R001009,E04004,2024_H1,2024-06-15,4,4,False,Completed
R001010,E03781,2024_H1,2024-06-15,1,3,False,Completed
R001011,E00680,2024_H1,2024-06-15,4,1,False,Completed
R001012,E01381,2024_H1,2024-06-15,2,5,True,Completed
R001013,E02645,2024_H1,2024-06-15,3,4,False,Completed
R001014,E01430,2024_H1,2024-06-15,3,1,False,Completed
R001015,E04113,2024_H1,2024-06-15,3,3,False,Completed
R001016,E03872,2024_H1,2024-06-15,5,4,False,Completed
R001017,E01424,2024_H1,2024-06-15,3,4,False,Completed
R001018,E02741,2024_H1,2024-06-15,2,3,False,Completed
R001019,E01739,2024_H1,2024-06-15,3,3,False,Completed
R001020,E04338,2024_H1,2024-06-15,3,3,False,Completed
R001021,E04412,2024_H1,2024-06-15,4,1,False,Completed
R001022,E03172,2024_H1,2024-06-15,4,3,False,Completed
R001023,E01135,2024_H1,2024-06-15,3,3,False,Completed
R001024,E00719,2024_H1,2024-06-15,3,4,False,Completed
R001025,E01006,2024_H1,2024-06-15,3,2,False,Pending
R001026,E03412,2024_H1,2024-06-15,4,3,False,Completed
R001027,E02042,2024_H1,2024-06-15,5,3,False,Completed
R001028,E02639,2024_H1,2024-06-15,3,3,False,Completed
R001029,E01961,2024_H1,2024-06-15,5,4,False,Completed
R001030,E04594,2024_H1,2024-06-15,3,3,False,Completed
R001031,E01715,2024_H1,2024-06-15,4,2,False,Pending
R001032,E04832,2024_H1,2024-06-15,3,3,False,Pending
R001033,E04876,2024_H1,2024-06-15,4,3,False,Pending
R001034,E01403,2024_H1,2024-06-15,3,4,False,Completed
R001035,E00543,2024_H1,2024-06-15,4,2,False,Completed
R001036,E00497,2024_H1,2024-06-15,3,4,False,Completed
R001037,E03048,2024_H1,2024-06-15,3,3,False,Pending
R001038,E03253,2024_H1,2024-06-15,3,4,False,Completed
R001039,E04541,2024_H1,2024-06-15,5,3,True,Pending
R001040,E00342,2024_H1,2024-06-15,3,4,False,Pending
R001041,E03105,2024_H1,2024-06-15,4,2,True,Completed
R001042,E02587,2024_H1,2024-06-15,4,1,False,Completed
R001043,E01114,2024_H1,2024-06-15,3,4,False,Completed
R001044,E04738,2024_H1,2024-06-15,3,3,False,Completed
R001045,E03511,2024_H1,2024-06-15,4,3,False,Completed
R001046,E04097,2024_H1,2024-06-15,3,3,False,Completed
R001047,E01473,2024_H1,2024-06-15,3,3,False,Completed
R001048,E03902,2024_H1,2024-06-15,3,4,False,Completed
R001049,E00702,2024_H1,2024-06-15,3,3,False,Completed
R001050,E02983,2024_H1,2024-06-15,3,5,False,Completed
R001051,E03041,2024_H1,2024-06-15,4,4,False,Completed
R001052,E01639,2024_H1,2024-06-15,2,4,False,Completed
R001053,E02268,2024_H1,2024-06-15,3,3,False,Completed
R001054,E01117,2024_H1,2024-06-15,3,4,False,Completed
R001055,E01702,2024_H1,2024-06-15,5,4,False,Completed
R001056,E04533,2024_H1,2024-06-15,4,4,False,Completed
R001057,E04266,2024_H1,2024-06-15,3,4,False,Cancelled
R001058,E04673,2024_H1,2024-06-15,2,2,False,Pending
R001059,E02212,2024_H1,2024-06-15,4,4,False,Completed
R001060,E00902,2024_H1,2024-06-15,3,3,False,Completed
R001061,E02509,2024_H1,2024-06-15,2,5,True,Completed
R001062,E03218,2024_H1,2024-06-15,4,3,False,Completed
R001063,E03264,2024_H1,2024-06-15,4,2,False,Completed
R001064,E00916,2024_H1,2024-06-15,3,2,False,Completed
R001065,E00500,2024_H1,2024-06-15,3,5,False,Completed
R001066,E04080,2024_H1,2024-06-15,5,4,False,Pending
R001067,E02440,2024_H1,2024-06-15,4,4,False,Completed
R001068,E00519,2024_H1,2024-06-15,4,5,False,Completed
R001069,E04608,2024_H1,2024-06-15,3,3,False,Completed
R001070,E00716,2024_H1,2024-06-15,5,4,False,Completed
R001071,E04704,2024_H1,2024-06-15,4,4,False,Completed
R001072,E01336,2024_H1,2024-06-15,3,4,False,Completed
R001073,E00092,2024_H1,2024-06-15,4,5,True,Completed
R001074,E01866,2024_H1,2024-06-15,4,4,True,Completed
R001075,E03171,2024_H1,2024-06-15,3,5,False,Completed
R001076,E00627,2024_H1,2024-06-15,4,2,True,Completed
R001077,E01324,2024_H1,2024-06-15,2,4,False,Completed
R001078,E02700,2024_H1,2024-06-15,3,3,False,Completed
R001079,E03575,2024_H1,2024-06-15,1,2,False,Completed
R001080,E04502,2024_H1,2024-06-15,4,1,False,Completed
R001081,E03190,2024_H1,2024-06-15,4,3,True,Completed
R001082,E04301,2024_H1,2024-06-15,4,3,False,Completed
R001083,E03757,2024_H1,2024-06-15,2,5,True,Completed
R001084,E00748,2024_H1,2024-06-15,3,5,True,Completed
R001085,E01667,2024_H1,2024-06-15,3,3,False,Completed
R001086,E00457,2024_H1,2024-06-15,3,2,False,Completed
R001087,E01576,2024_H1,2024-06-15,3,3,False,Completed
R001088,E03073,2024_H1,2024-06-15,4,4,False,Completed
R001089,E00570,2024_H1,2024-06-15,5,5,True,Completed
R001090,E00197,2024_H1,2024-06-15,4,2,False,Completed
R001091,E04688,2024_H1,2024-06-15,3,3,False,Completed
R001092,E00291,2024_H1,2024-06-15,4,2,False,Completed
R001093,E03773,2024_H1,2024-06-15,4,3,False,Cancelled
R001094,E03714,2024_H1,2024-06-15,3,1,False,Completed
R001095,E01371,2024_H1,2024-06-15,3,1,False,Pending
R001096,E00159,2024_H1,2024-06-15,3,3,False,Pending
R001097,E03168,2024_H1,2024-06-15,2,4,False,Completed
R001098,E01908,2024_H1,2024-06-15,2,3,False,Cancelled
R001099,E03066,2024_H1,2024-06-15,4,4,False,Completed
R001100,E03465,2024_H1,2024-06-15,2,4,False,Completed
R001101,E03947,2024_H1,2024-06-15,2,5,False,Pending
R001102,E00289,2024_H1,2024-06-15,1,3,False,Completed
R001103,E03021,2024_H1,2024-06-15,3,3,False,Cancelled
R001104,E00898,2024_H1,2024-06-15,3,4,False,Completed
R001105,E02883,2024_H1,2024-06-15,4,1,False,Completed
R001106,E01640,2024_H1,2024-06-15,5,4,False,Completed
R001107,E02344,2024_H1,2024-06-15,3,3,False,Completed
R001108,E03394,2024_H1,2024-06-15,3,3,False,Completed
R001109,E01758,2024_H1,2024-06-15,3,5,False,Completed
R001110,E01585,2024_H1,2024-06-15,3,4,False,Completed
R001111,E01171,2024_H1,2024-06-15,3,3,False,Completed
R001112,E03684,2024_H1,2024-06-15,3,4,False,Completed
R001113,E02497,2024_H1,2024-06-15,3,3,False,Pending
R001114,E02571,2024_H1,2024-06-15,3,4,False,Completed
R001115,E02231,2024_H1,2024-06-15,2,3,False,Completed
R001116,E04595,2024_H1,2024-06-15,3,3,False,Completed
R001117,E04441,2024_H1,2024-06-15,3,3,False,Completed
R001118,E00641,2024_H1,2024-06-15,4,1,False,Pending
R001119,E00525,2024_H1,2024-06-15,3,4,False,Completed
R001120,E02252,2024_H1,2024-06-15,3,2,False,Cancelled
R001121,E04259,2024_H1,2024-06-15,3,2,False,Completed
R001122,E00182,2024_H1,2024-06-15,3,3,False,Completed
R001123,E02676,2024_H1,2024-06-15,5,3,False,Completed
R001124,E02498,2024_H1,2024-06-15,3,3,False,Completed
R001125,E04106,2024_H1,2024-06-15,2,2,False,Completed
R001126,E02860,2024_H1,2024-06-15,3,2,False,Pending
R001127,E01952,2024_H1,2024-06-15,3,4,False,Completed
R001128,E01493,2024_H1,2024-06-15,4,4,False,Completed
R001129,E01837,2024_H1,2024-06-15,4,3,False,Completed
R001130,E01213,2024_H1,2024-06-15,2,2,False,Completed
R001131,E01276,2024_H1,2024-06-15,3,3,False,Completed
R001132,E03368,2024_H1,2024-06-15,3,4,False,Pending
R001133,E04030,2024_H1,2024-06-15,3,4,False,Completed
R001134,E01311,2024_H1,2024-06-15,5,3,False,Completed
R001135,E03639,2024_H1,2024-06-15,3,5,False,Completed
R001136,E01264,2024_H1,2024-06-15,3,4,False,Completed
R001137,E04184,2024_H1,2024-06-15,2,3,False,Completed
R001138,E04498,2024_H1,2024-06-15,3,5,False,Pending
R001139,E01839,2024_H1,2024-06-15,3,4,False,Completed
R001140,E02506,2024_H1,2024-06-15,3,1,False,Completed
R001141,E01983,2024_H1,2024-06-15,4,3,False,Completed
R001142,E04501,2024_H1,2024-06-15,3,3,False,Completed
R001143,E02218,2024_H1,2024-06-15,4,4,True,Completed
R001144,E02159,2024_H1,2024-06-15,3,5,False,Completed
R001145,E03152,2024_H1,2024-06-15,3,3,False,Pending
R001146,E04309,2024_H1,2024-06-15,5,3,False,Pending
R001147,E03897,2024_H1,2024-06-15,4,2,False,Completed
R001148,E00423,2024_H1,2024-06-15,3,5,True,Completed
R001149,E00459,2024_H1,2024-06-15,3,2,False,Completed
R001150,E00630,2024_H1,2024-06-15,4,3,False,Completed
R001151,E03059,2024_H1,2024-06-15,4,3,False,Completed
R001152,E02383,2024_H1,2024-06-15,5,4,True,Completed
R001153,E01703,2024_H1,2024-06-15,4,3,False,Completed
R001154,E03563,2024_H1,2024-06-15,2,3,False,Completed
R001155,E04523,2024_H1,2024-06-15,3,5,False,Completed
R001156,E01299,2024_H1,2024-06-15,2,3,False,Completed
R001157,E01835,2024_H1,2024-06-15,1,3,False,Cancelled
R001158,E04636,2024_H1,2024-06-15,3,1,False,Pending
R001159,E01717,2024_H1,2024-06-15,3,3,False,Pending
R001160,E04064,2024_H1,2024-06-15,2,3,False,Completed
R001161,E00116,2024_H1,2024-06-15,2,3,False,Completed
R001162,E01796,2024_H1,2024-06-15,3,5,False,Pending
R001163,E02051,2024_H1,2024-06-15,3,1,False,Completed
R001164,E02520,2024_H1,2024-06-15,2,1,False,Pending
R001165,E02420,2024_H1,2024-06-15,4,1,False,Completed
R001166,E00444,2024_H1,2024-06-15,4,5,False,Completed
R001167,E01074,2024_H1,2024-06-15,3,5,False,Completed
R001168,E04380,2024_H1,2024-06-15,3,3,False,Completed
R001169,E02993,2024_H1,2024-06-15,5,3,False,Completed
R001170,E01940,2024_H1,2024-06-15,3,2,False,Completed
R001171,E04224,2024_H1,2024-06-15,3,3,False,Completed
R001172,E03739,2024_H1,2024-06-15,4,5,False,Completed
R001173,E04294,2024_H1,2024-06-15,4,4,False,Completed
R001174,E00439,2024_H1,2024-06-15,2,3,False,Completed
R001175,E02633,2024_H1,2024-06-15,2,2,False,Completed
R001176,E01535,2024_H1,2024-06-15,3,1,False,Cancelled
R001177,E01516,2024_H1,2024-06-15,2,3,True,Completed
R001178,E03236,2024_H1,2024-06-15,3,4,False,Completed
R001179,E00176,2024_H1,2024-06-15,3,3,False,Completed
R001180,E00664,2024_H1,2024-06-15,2,3,False,Completed
R001181,E03224,2024_H1,2024-06-15,3,5,False,Pending
R001182,E03196,2024_H1,2024-06-15,3,2,False,Completed
R001183,E03665,2024_H1,2024-06-15,3,4,False,Completed
R001184,E00621,2024_H1,2024-06-15,4,4,False,Completed
R001185,E03817,2024_H1,2024-06-15,3,4,False,Completed
R001186,E04635,2024_H1,2024-06-15,3,4,False,Completed
R001187,E04016,2024_H1,2024-06-15,3,3,False,Completed
R001188,E04815,2024_H1,2024-06-15,3,3,False,Completed
R001189,E01123,2024_H1,2024-06-15,3,4,True,Completed
R001190,E01489,2024_H1,2024-06-15,3,5,False,Completed
R001191,E04260,2024_H1,2024-06-15,1,4,False,Completed
R001192,E01832,2024_H1,2024-06-15,3,5,True,Completed
R001193,E04579,2024_H1,2024-06-15,2,4,False,Completed
R001194,E00456,2024_H1,2024-06-15,3,2,False,Completed
R001195,E03226,2024_H1,2024-06-15,4,2,False,Completed
R001196,E03938,2024_H1,2024-06-15,4,3,False,Completed
R001197,E02834,2024_H1,2024-06-15,4,3,False,Completed
R001198,E03124,2024_H1,2024-06-15,1,2,False,Completed
R001199,E04802,2024_H1,2024-06-15,4,3,False,Completed
R001200,E03422,2024_H1,2024-06-15,3,3,False,Completed
R001201,E01571,2024_H1,2024-06-15,3,2,False,Completed
R001202,E04814,2024_H1,2024-06-15,3,4,False,Pending
R001203,E02962,2024_H1,2024-06-15,2,3,False,Completed
R001204,E04141,2024_H1,2024-06-15,3,4,False,Pending
R001205,E01767,2024_H1,2024-06-15,3,3,False,Pending
R001206,E02112,2024_H1,2024-06-15,3,5,True,Pending
R001207,E02716,2024_H1,2024-06-15,4,5,False,Completed
R001208,E00498,2024_H1,2024-06-15,2,3,False,Completed
R001209,E03509,2024_H1,2024-06-15,4,2,True,Completed
R001210,E01701,2024_H1,2024-06-15,4,3,True,Completed
R001211,E02561,2024_H1,2024-06-15,3,3,False,Completed
R001212,E03114,2024_H1,2024-06-15,3,2,False,Completed
R001213,E03545,2024_H1,2024-06-15,4,2,False,Completed
R001214,E01448,2024_H1,2024-06-15,3,4,False,Completed
R001215,E01330,2024_H1,2024-06-15,1,2,False,Pending
R001216,E04871,2024_H1,2024-06-15,2,4,False,Completed
R001217,E03106,2024_H1,2024-06-15,3,3,True,Completed
R001218,E03543,2024_H1,2024-06-15,4,4,False,Completed
R001219,E02750,2024_H1,2024-06-15,2,5,True,Pending
R001220,E02525,2024_H1,2024-06-15,3,4,False,Pending
R001221,E00652,2024_H1,2024-06-15,3,2,True,Completed
R001222,E00297,2024_H1,2024-06-15,4,4,False,Completed
R001223,E03602,2024_H1,2024-06-15,4,4,False,Completed
R001224,E03774,2024_H1,2024-06-15,4,3,False,Completed
R001225,E02620,2024_H1,2024-06-15,3,4,False,Pending
R001226,E00080,2024_H1,2024-06-15,3,3,False,Cancelled
R001227,E00236,2024_H1,2024-06-15,4,3,False,Completed
R001228,E03369,2024_H1,2024-06-15,5,4,False,Pending
R001229,E04051,2024_H1,2024-06-15,3,5,True,Completed
R001230,E00675,2024_H1,2024-06-15,4,3,False,Completed
R001231,E01820,2024_H1,2024-06-15,4,3,False,Completed
R001232,E02758,2024_H1,2024-06-15,3,4,False,Completed
R001233,E01902,2024_H1,2024-06-15,2,3,False,Completed
R001234,E04728,2024_H1,2024-06-15,5,3,False,Completed
R001235,E00956,2024_H1,2024-06-15,2,4,False,Completed
R001236,E03461,2024_H1,2024-06-15,4,3,False,Completed
R001237,E03038,2024_H1,2024-06-15,4,3,False,Completed
R001238,E00327,2024_H1,2024-06-15,2,3,False,Completed
R001239,E03349,2024_H1,2024-06-15,5,5,False,Completed
R001240,E02533,2024_H1,2024-06-15,3,4,False,Completed
R001241,E04968,2024_H1,2024-06-15,3,1,False,Completed
R001242,E04177,2024_H1,2024-06-15,3,1,False,Completed
R001243,E01841,2024_H1,2024-06-15,3,5,False,Completed
R001244,E02459,2024_H1,2024-06-15,3,5,True,Completed
R001245,E03874,2024_H1,2024-06-15,3,3,False,Completed
R001246,E01935,2024_H1,2024-06-15,3,3,False,Completed
R001247,E04002,2024_H1,2024-06-15,4,5,True,Completed
R001248,E01855,2024_H1,2024-06-15,5,3,False,Completed
R001249,E04131,2024_H1,2024-06-15,4,4,False,Completed
R001250,E03522,2024_H1,2024-06-15,4,4,False,Completed
R001251,E03966,2024_H1,2024-06-15,3,3,False,Pending
R001252,E04117,2024_H1,2024-06-15,2,2,True,Completed
R001253,E03912,2024_H1,2024-06-15,3,2,False,Pending
R001254,E00581,2024_H1,2024-06-15,3,4,False,Completed
R001255,E04044,2024_H1,2024-06-15,3,2,False,Pending
R001256,E04429,2024_H1,2024-06-15,3,3,False,Completed
R001257,E00661,2024_H1,2024-06-15,3,1,False,Completed
R001258,E01901,2024_H1,2024-06-15,3,4,False,Completed
R001259,E00275,2024_H1,2024-06-15,3,3,False,Completed
R001260,E01333,2024_H1,2024-06-15,3,1,False,Completed
R001261,E04836,2024_H1,2024-06-15,4,3,False,Completed
R001262,E03562,2024_H1,2024-06-15,4,3,False,Pending
R001263,E03366,2024_H1,2024-06-15,1,3,False,Cancelled
R001264,E02002,2024_H1,2024-06-15,4,1,False,Completed
R001265,E01871,2024_H1,2024-06-15,2,1,False,Pending
R001266,E00216,2024_H1,2024-06-15,4,4,False,Completed
R001267,E02246,2024_H1,2024-06-15,2,3,False,Completed
R001268,E04751,2024_H1,2024-06-15,4,3,False,Completed
R001269,E04491,2024_H1,2024-06-15,2,4,False,Completed
R001270,E03909,2024_H1,2024-06-15,2,3,False,Completed
R001271,E01278,2024_H1,2024-06-15,4,3,False,Completed
R001272,E00512,2024_H1,2024-06-15,2,4,False,Completed
R001273,E02052,2024_H1,2024-06-15,3,3,False,Pending
R001274,E01923,2024_H1,2024-06-15,5,4,True,Completed
R001275,E03415,2024_H1,2024-06-15,2,3,False,Pending
R001276,E01779,2024_H1,2024-06-15,4,3,False,Completed
R001277,E00927,2024_H1,2024-06-15,1,3,False,Completed
R001278,E04784,2024_H1,2024-06-15,4,1,False,Completed
R001279,E01669,2024_H1,2024-06-15,3,3,False,Completed
R001280,E01432,2024_H1,2024-06-15,4,4,False,Pending
R001281,E01564,2024_H1,2024-06-15,1,3,False,Completed
R001282,E01382,2024_H1,2024-06-15,3,4,False,Completed
R001283,E04657,2024_H1,2024-06-15,3,3,False,Completed
R001284,E04842,2024_H1,2024-06-15,3,4,False,Completed
R001285,E01197,2024_H1,2024-06-15,3,4,False,Completed
R001286,E02840,2024_H1,2024-06-15,4,1,False,Completed
R001287,E02038,2024_H1,2024-06-15,2,3,False,Completed
R001288,E04111,2024_H1,2024-06-15,3,2,False,Cancelled
R001289,E01098,2024_H1,2024-06-15,3,3,False,Completed
R001290,E04410,2024_H1,2024-06-15,2,3,False,Completed
R001291,E03896,2024_H1,2024-06-15,3,3,False,Pending
R001292,E03166,2024_H1,2024-06-15,3,5,False,Completed
R001293,E01491,2024_H1,2024-06-15,3,1,False,Completed
R001294,E03478,2024_H1,2024-06-15,4,2,True,Completed
R001295,E02778,2024_H1,2024-06-15,1,5,False,Completed
R001296,E02943,2024_H1,2024-06-15,2,4,False,Pending
R001297,E02926,2024_H1,2024-06-15,2,5,False,Completed
R001298,E00371,2024_H1,2024-06-15,2,2,False,Completed
R001299,E03112,2024_H1,2024-06-15,4,3,False,Completed
R001300,E00529,2024_H1,2024-06-15,5,3,False,Completed
R001301,E04840,2024_H1,2024-06-15,3,2,False,Completed
R001302,E02400,2024_H1,2024-06-15,2,3,False,Completed
R001303,E04444,2024_H1,2024-06-15,3,4,False,Completed
R001304,E01460,2024_H1,2024-06-15,3,2,False,Completed
R001305,E00698,2024_H1,2024-06-15,3,3,False,Completed
R001306,E00040,2024_H1,2024-06-15,3,4,True,Completed
R001307,E03694,2024_H1,2024-06-15,2,2,False,Completed
R001308,E03146,2024_H1,2024-06-15,5,3,False,Completed
R001309,E01633,2024_H1,2024-06-15,1,3,False,Cancelled
R001310,E00945,2024_H1,2024-06-15,2,4,False,Completed
R001311,E02399,2024_H1,2024-06-15,3,3,True,Completed
R001312,E00526,2024_H1,2024-06-15,3,3,False,Completed
R001313,E01538,2024_H1,2024-06-15,3,2,False,Completed
R001314,E04281,2024_H1,2024-06-15,3,4,False,Completed
R001315,E02391,2024_H1,2024-06-15,2,4,False,Pending
R001316,E04893,2024_H1,2024-06-15,3,5,False,Pending
R001317,E02964,2024_H1,2024-06-15,3,3,False,Completed
R001318,E00833,2024_H1,2024-06-15,3,5,False,Completed
R001319,E00247,2024_H1,2024-06-15,1,3,False,Completed
R001320,E04155,2024_H1,2024-06-15,2,4,False,Completed
R001321,E01422,2024_H1,2024-06-15,5,5,False,Completed
R001322,E01769,2024_H1,2024-06-15,4,3,False,Pending
R001323,E03098,2024_H1,2024-06-15,4,4,False,Completed
R001324,E00212,2024_H1,2024-06-15,4,3,False,Completed
R001325,E03948,2024_H1,2024-06-15,3,2,False,Completed
R001326,E01101,2024_H1,2024-06-15,4,2,False,Completed
R001327,E04782,2024_H1,2024-06-15,3,3,False,Completed
R001328,E02328,2024_H1,2024-06-15,3,3,False,Cancelled
R001329,E02648,2024_H1,2024-06-15,3,5,False,Pending
R001330,E01262,2024_H1,2024-06-15,3,3,False,Completed
R001331,E00622,2024_H1,2024-06-15,1,3,False,Completed
R001332,E00343,2024_H1,2024-06-15,4,3,False,Completed
R001333,E00374,2024_H1,2024-06-15,3,3,False,Completed
R001334,E00037,2024_H1,2024-06-15,3,4,False,Completed
R001335,E00012,2024_H1,2024-06-15,3,3,False,Completed
R001336,E00178,2024_H1,2024-06-15,2,3,False,Completed
R001337,E00501,2024_H1,2024-06-15,2,4,False,Completed
R001338,E03156,2024_H1,2024-06-15,3,4,False,Pending
R001339,E01851,2024_H1,2024-06-15,4,2,False,Completed
R001340,E04168,2024_H1,2024-06-15,5,4,False,Completed
R001341,E01853,2024_H1,2024-06-15,3,3,False,Completed
R001342,E00784,2024_H1,2024-06-15,2,4,False,Completed
R001343,E01784,2024_H1,2024-06-15,3,3,False,Completed
R001344,E04557,2024_H1,2024-06-15,3,1,False,Completed
R001345,E02947,2024_H1,2024-06-15,5,2,True,Completed
R001346,E00496,2024_H1,2024-06-15,5,3,False,Pending
R001347,E01872,2024_H1,2024-06-15,3,4,False,Completed
R001348,E01254,2024_H1,2024-06-15,3,2,False,Completed
R001349,E02279,2024_H1,2024-06-15,2,3,False,Pending
R001350,E02429,2024_H1,2024-06-15,3,3,False,Completed
R001351,E02485,2024_H1,2024-06-15,3,4,False,Completed
R001352,E04912,2024_H1,2024-06-15,4,3,False,Pending
R001353,E04920,2024_H1,2024-06-15,2,3,False,Pending
R001354,E03721,2024_H1,2024-06-15,3,4,True,Completed
R001355,E00152,2024_H1,2024-06-15,4,2,False,Completed
R001356,E04357,2024_H1,2024-06-15,3,3,False,Completed
R001357,E02667,2024_H1,2024-06-15,5,4,False,Completed
R001358,E04826,2024_H1,2024-06-15,4,3,False,Completed
R001359,E01885,2024_H1,2024-06-15,2,4,False,Completed
R001360,E02511,2024_H1,2024-06-15,3,5,False,Completed
R001361,E04646,2024_H1,2024-06-15,2,2,False,Completed
R001362,E00367,2024_H1,2024-06-15,2,3,False,Pending
R001363,E01390,2024_H1,2024-06-15,3,4,False,Completed
R001364,E01518,2024_H1,2024-06-15,4,3,False,Completed
R001365,E02326,2024_H1,2024-06-15,1,4,False,Completed
R001366,E03521,2024_H1,2024-06-15,2,5,False,Completed
R001367,E00982,2024_H1,2024-06-15,3,4,False,Completed
R001368,E04118,2024_H1,2024-06-15,4,4,False,Completed
R001369,E03467,2024_H1,2024-06-15,3,3,False,Completed
R001370,E00533,2024_H1,2024-06-15,3,4,False,Completed
R001371,E00640,2024_H1,2024-06-15,3,4,False,Completed
R001372,E03070,2024_H1,2024-06-15,3,4,False,Completed
R001373,E01895,2024_H1,2024-06-15,3,3,False,Completed
R001374,E02286,2024_H1,2024-06-15,2,4,False,Pending
R001375,E03542,2024_H1,2024-06-15,3,3,False,Pending
R001376,E03358,2024_H1,2024-06-15,1,3,False,Completed
R001377,E01193,2024_H1,2024-06-15,2,2,False,Completed
R001378,E04104,2024_H1,2024-06-15,5,4,False,Pending
R001379,E03643,2024_H1,2024-06-15,5,5,False,Completed
R001380,E00069,2024_H1,2024-06-15,2,3,False,Completed
R001381,E02089,2024_H1,2024-06-15,4,4,False,Completed
R001382,E03255,2024_H1,2024-06-15,3,5,False,Completed
R001383,E01527,2024_H1,2024-06-15,3,3,False,Completed
R001384,E01530,2024_H1,2024-06-15,4,2,False,Completed
R001385,E00767,2024_H1,2024-06-15,1,2,False,Completed
R001386,E01863,2024_H1,2024-06-15,2,3,False,Pending
R001387,E01253,2024_H1,2024-06-15,3,2,False,Completed
R001388,E03955,2024_H1,2024-06-15,3,5,False,Completed
R001389,E04052,2024_H1,2024-06-15,4,4,True,Pending
R001390,E04666,2024_H1,2024-06-15,2,4,False,Pending
R001391,E04583,2024_H1,2024-06-15,5,4,False,Pending
R001392,E04472,2024_H1,2024-06-15,2,5,False,Completed
R001393,E00999,2024_H1,2024-06-15,5,3,True,Completed
R001394,E00844,2024_H1,2024-06-15,3,5,False,Cancelled
R001395,E02949,2024_H1,2024-06-15,4,5,False,Completed
R001396,E04964,2024_H1,2024-06-15,3,3,True,Pending
R001397,E00031,2024_H1,2024-06-15,4,1,False,Completed
R001398,E04047,2024_H1,2024-06-15,4,4,True,Completed
R001399,E03749,2024_H1,2024-06-15,4,3,False,Completed
R001400,E00059,2024_H1,2024-06-15,3,1,False,Completed
R001401,E01619,2024_H1,2024-06-15,3,3,False,Completed
R001402,E01645,2024_H1,2024-06-15,5,3,False,Completed
R001403,E03231,2024_H1,2024-06-15,4,2,False,Completed
R001404,E00017,2024_H1,2024-06-15,5,3,False,Completed
R001405,E01755,2024_H1,2024-06-15,4,2,False,Completed
R001406,E00658,2024_H1,2024-06-15,5,2,True,Completed
R001407,E00090,2024_H1,2024-06-15,3,2,False,Completed
R001408,E00050,2024_H1,2024-06-15,3,4,False,Completed
R001409,E04534,2024_H1,2024-06-15,2,3,False,Pending
R001410,E02349,2024_H1,2024-06-15,3,3,False,Cancelled
R001411,E00802,2024_H1,2024-06-15,3,4,False,Completed
R001412,E02564,2024_H1,2024-06-15,4,3,False,Completed
R001413,E00813,2024_H1,2024-06-15,4,2,True,Completed
R001414,E04629,2024_H1,2024-06-15,3,4,True,Completed
R001415,E03248,2024_H1,2024-06-15,4,3,False,Pending
R001416,E01665,2024_H1,2024-06-15,5,3,False,Completed
R001417,E04980,2024_H1,2024-06-15,2,3,False,Completed
R001418,E02764,2024_H1,2024-06-15,3,3,False,Completed
R001419,E03808,2024_H1,2024-06-15,3,2,False,Completed
R001420,E01347,2024_H1,2024-06-15,3,4,False,Completed
R001421,E03295,2024_H1,2024-06-15,4,5,False,Completed
R001422,E02041,2024_H1,2024-06-15,3,2,False,Cancelled
R001423,E04077,2024_H1,2024-06-15,3,4,False,Cancelled
R001424,E00283,2024_H1,2024-06-15,3,3,False,Completed
R001425,E00695,2024_H1,2024-06-15,2,3,False,Completed
R001426,E00185,2024_H1,2024-06-15,4,1,False,Completed
R001427,E03361,2024_H1,2024-06-15,3,4,False,Completed
R001428,E01719,2024_H1,2024-06-15,3,3,False,Cancelled
R001429,E02195,2024_H1,2024-06-15,3,4,True,Pending
R001430,E04730,2024_H1,2024-06-15,4,4,True,Pending
R001431,E04317,2024_H1,2024-06-15,3,3,False,Completed
R001432,E00624,2024_H1,2024-06-15,3,3,True,Cancelled
R001433,E02334,2024_H1,2024-06-15,3,3,False,Completed
R001434,E04213,2024_H1,2024-06-15,3,3,False,Completed
R001435,E01810,2024_H1,2024-06-15,3,3,False,Pending
R001436,E02238,2024_H1,2024-06-15,3,3,False,Completed
R001437,E01225,2024_H1,2024-06-15,4,2,False,Pending
R001438,E01723,2024_H1,2024-06-15,3,3,False,Completed
R001439,E00132,2024_H1,2024-06-15,4,1,False,Completed
R001440,E02875,2024_H1,2024-06-15,3,5,False,Completed
R001441,E04258,2024_H1,2024-06-15,3,3,False,Completed
R001442,E00391,2024_H1,2024-06-15,3,4,False,Pending
R001443,E04786,2024_H1,2024-06-15,4,5,False,Cancelled
R001444,E00361,2024_H1,2024-06-15,4,3,False,Completed
R001445,E00937,2024_H1,2024-06-15,3,4,False,Completed
R001446,E02259,2024_H1,2024-06-15,3,3,False,Completed
R001447,E01033,2024_H1,2024-06-15,4,1,False,Completed
R001448,E04600,2024_H1,2024-06-15,5,4,False,Completed
R001449,E01015,2024_H1,2024-06-15,1,3,False,Completed
R001450,E01606,2024_H1,2024-06-15,2,3,False,Completed
R001451,E02770,2024_H1,2024-06-15,3,2,False,Cancelled
R001452,E00900,2024_H1,2024-06-15,3,4,False,Completed
R001453,E04692,2024_H1,2024-06-15,2,2,False,Completed
R001454,E00756,2024_H1,2024-06-15,4,3,False,Completed
R001455,E04581,2024_H1,2024-06-15,5,2,False,Completed
R001456,E00211,2024_H1,2024-06-15,4,4,False,Completed
R001457,E03566,2024_H1,2024-06-15,3,2,False,Completed
R001458,E01185,2024_H1,2024-06-15,4,5,True,Completed
R001459,E01880,2024_H1,2024-06-15,1,2,False,Completed
R001460,E01937,2024_H1,2024-06-15,3,1,False,Completed
R001461,E02083,2024_H1,2024-06-15,3,4,False,Completed
R001462,E04898,2024_H1,2024-06-15,3,3,False,Completed
R001463,E04805,2024_H1,2024-06-15,4,4,False,Completed
R001464,E03894,2024_H1,2024-06-15,4,4,True,Completed
R001465,E00270,2024_H1,2024-06-15,4,2,False,Pending
R001466,E01156,2024_H1,2024-06-15,1,4,False,Completed
R001467,E02492,2024_H1,2024-06-15,3,3,False,Completed
R001468,E02944,2024_H1,2024-06-15,2,4,False,Completed
R001469,E02967,2024_H1,2024-06-15,2,3,False,Completed
R001470,E04226,2024_H1,2024-06-15,2,3,False,Completed
R001471,E03288,2024_H1,2024-06-15,2,2,False,Completed
R001472,E02679,2024_H1,2024-06-15,4,2,False,Completed
R001473,E02045,2024_H1,2024-06-15,3,3,False,Completed
R001474,E00961,2024_H1,2024-06-15,4,3,False,Cancelled
R001475,E04947,2024_H1,2024-06-15,3,3,False,Completed
R001476,E00510,2024_H1,2024-06-15,4,5,False,Completed
R001477,E03273,2024_H1,2024-06-15,2,3,False,Completed
R001478,E03622,2024_H1,2024-06-15,2,3,False,Completed
R001479,E03843,2024_H1,2024-06-15,2,3,False,Completed
R001480,E01578,2024_H1,2024-06-15,3,4,False,Pending
R001481,E04252,2024_H1,2024-06-15,3,2,False,Completed
R001482,E00312,2024_H1,2024-06-15,3,3,False,Completed
R001483,E01085,2024_H1,2024-06-15,3,3,False,Completed
R001484,E02898,2024_H1,2024-06-15,3,4,False,Pending
R001485,E03417,2024_H1,2024-06-15,3,5,False,Completed
R001486,E00728,2024_H1,2024-06-15,3,3,False,Completed
R001487,E03720,2024_H1,2024-06-15,3,3,False,Completed
R001488,E02654,2024_H1,2024-06-15,4,3,False,Completed
R001489,E04576,2024_H1,2024-06-15,4,2,True,Completed
R001490,E02192,2024_H1,2024-06-15,4,4,False,Completed
R001491,E04010,2024_H1,2024-06-15,4,4,False,Completed
R001492,E01263,2024_H1,2024-06-15,3,2,False,Completed
R001493,E01072,2024_H1,2024-06-15,3,2,False,Pending
R001494,E00505,2024_H1,2024-06-15,4,5,False,Completed
R001495,E02748,2024_H1,2024-06-15,3,3,False,Completed
R001496,E02546,2024_H1,2024-06-15,2,3,False,Pending
R001497,E04601,2024_H1,2024-06-15,5,3,True,Completed
R001498,E02460,2024_H1,2024-06-15,3,2,False,Completed
R001499,E03035,2024_H1,2024-06-15,3,2,False,Completed
R001500,E03916,2024_H1,2024-06-15,5,4,False,Completed
R001501,E04382,2024_H1,2024-06-15,3,3,False,Completed
R001502,E01175,2024_H1,2024-06-15,3,4,False,Completed
R001503,E02689,2024_H1,2024-06-15,2,3,False,Completed
R001504,E02442,2024_H1,2024-06-15,3,2,False,Completed
R001505,E04463,2024_H1,2024-06-15,4,4,True,Pending
R001506,E03258,2024_H1,2024-06-15,4,3,True,Completed
R001507,E02896,2024_H1,2024-06-15,3,4,False,Completed
R001508,E00162,2024_H1,2024-06-15,4,2,False,Completed
R001509,E01763,2024_H1,2024-06-15,4,3,False,Completed
R001510,E04759,2024_H1,2024-06-15,3,2,False,Completed
R001511,E01449,2024_H1,2024-06-15,4,2,False,Completed
R001512,E04163,2024_H1,2024-06-15,3,3,False,Completed
R001513,E04249,2024_H1,2024-06-15,2,4,False,Completed
R001514,E02975,2024_H1,2024-06-15,3,3,False,Completed
R001515,E04071,2024_H1,2024-06-15,4,4,False,Completed
R001516,E00018,2024_H1,2024-06-15,3,3,False,Pending
R001517,E00790,2024_H1,2024-06-15,4,3,False,Cancelled
R001518,E01720,2024_H1,2024-06-15,4,3,False,Completed
R001519,E01176,2024_H1,2024-06-15,1,4,False,Completed
R001520,E04095,2024_H1,2024-06-15,3,2,False,Pending
R001521,E02937,2024_H1,2024-06-15,3,1,False,Completed
R001522,E00922,2024_H1,2024-06-15,5,4,False,Completed
R001523,E01261,2024_H1,2024-06-15,4,2,True,Completed
R001524,E00133,2024_H1,2024-06-15,4,2,False,Pending
R001525,E04390,2024_H1,2024-06-15,2,3,False,Completed
R001526,E00388,2024_H1,2024-06-15,3,3,False,Completed
R001527,E02988,2024_H1,2024-06-15,4,5,False,Completed
R001528,E00478,2024_H1,2024-06-15,4,4,True,Completed
R001529,E04253,2024_H1,2024-06-15,1,4,False,Completed
R001530,E03612,2024_H1,2024-06-15,3,2,False,Completed
R001531,E04150,2024_H1,2024-06-15,5,3,True,Cancelled
R001532,E00488,2024_H1,2024-06-15,3,3,False,Cancelled
R001533,E01443,2024_H1,2024-06-15,4,3,False,Completed
R001534,E02177,2024_H1,2024-06-15,3,5,False,Completed
R001535,E02480,2024_H1,2024-06-15,3,1,False,Cancelled
R001536,E00930,2024_H1,2024-06-15,4,5,False,Pending
R001537,E04846,2024_H1,2024-06-15,3,3,False,Completed
R001538,E03279,2024_H1,2024-06-15,4,2,False,Completed
R001539,E00710,2024_H1,2024-06-15,2,3,False,Completed
R001540,E00720,2024_H1,2024-06-15,2,3,False,Completed
R001541,E01495,2024_H1,2024-06-15,4,4,True,Completed
R001542,E02454,2024_H1,2024-06-15,3,1,False,Completed
R001543,E04525,2024_H1,2024-06-15,3,3,False,Completed
R001544,E02672,2024_H1,2024-06-15,3,3,False,Completed
R001545,E03660,2024_H1,2024-06-15,3,2,False,Completed
R001546,E03555,2024_H1,2024-06-15,3,4,False,Completed
R001547,E01971,2024_H1,2024-06-15,5,2,False,Completed
R001548,E01334,2024_H1,2024-06-15,4,4,False,Pending
R001549,E04255,2024_H1,2024-06-15,1,4,False,Completed
R001550,E00255,2024_H1,2024-06-15,4,3,False,Completed
R001551,E03326,2024_H1,2024-06-15,3,2,False,Completed
R001552,E01650,2024_H1,2024-06-15,3,3,False,Pending
R001553,E01907,2024_H1,2024-06-15,2,3,False,Completed
R001554,E01127,2024_H1,2024-06-15,3,2,False,Completed
R001555,E04303,2024_H1,2024-06-15,3,5,False,Pending
R001556,E04395,2024_H1,2024-06-15,2,4,False,Completed
R001557,E03950,2024_H1,2024-06-15,3,4,False,Pending
R001558,E04354,2024_H1,2024-06-15,3,3,False,Completed
R001559,E02065,2024_H1,2024-06-15,3,3,False,Pending
R001560,E04032,2024_H1,2024-06-15,3,3,False,Completed
R001561,E04755,2024_H1,2024-06-15,3,2,False,Completed
R001562,E03486,2024_H1,2024-06-15,5,3,False,Completed
R001563,E04585,2024_H1,2024-06-15,1,3,False,Completed
R001564,E02043,2024_H1,2024-06-15,1,3,False,Completed
R001565,E00568,2024_H1,2024-06-15,5,3,False,Pending
R001566,E04456,2024_H1,2024-06-15,3,2,False,Completed
R001567,E02182,2024_H1,2024-06-15,5,3,False,Completed
R001568,E04059,2024_H1,2024-06-15,3,3,False,Completed
R001569,E00815,2024_H1,2024-06-15,5,2,False,Completed
R001570,E02441,2024_H1,2024-06-15,4,4,True,Completed
R001571,E01911,2024_H1,2024-06-15,1,3,False,Completed
R001572,E01209,2024_H1,2024-06-15,5,4,False,Pending
R001573,E00187,2024_H1,2024-06-15,3,4,False,Completed
R001574,E03651,2024_H1,2024-06-15,5,3,False,Completed
R001575,E01652,2024_H1,2024-06-15,3,3,False,Completed
R001576,E02094,2024_H1,2024-06-15,4,4,True,Pending
R001577,E01252,2024_H1,2024-06-15,3,1,False,Completed
R001578,E04904,2024_H1,2024-06-15,4,4,False,Completed
R001579,E01237,2024_H1,2024-06-15,3,4,False,Pending
R001580,E00269,2024_H1,2024-06-15,4,3,False,Completed
R001581,E03299,2024_H1,2024-06-15,3,2,False,Completed
R001582,E02721,2024_H1,2024-06-15,3,3,False,Completed
R001583,E00434,2024_H1,2024-06-15,3,3,False,Completed
R001584,E01894,2024_H1,2024-06-15,2,5,False,Completed
R001585,E00021,2024_H1,2024-06-15,3,2,False,Completed
R001586,E02495,2024_H1,2024-06-15,3,3,False,Completed
R001587,E01207,2024_H1,2024-06-15,2,2,False,Pending
R001588,E00539,2024_H1,2024-06-15,3,4,False,Completed
R001589,E04178,2024_H1,2024-06-15,3,2,False,Completed
R001590,E00857,2024_H1,2024-06-15,3,3,False,Pending
R001591,E04758,2024_H1,2024-06-15,4,3,False,Pending
R001592,E00516,2024_H1,2024-06-15,1,3,False,Pending
R001593,E03849,2024_H1,2024-06-15,4,3,False,Completed
R001594,E03669,2024_H1,2024-06-15,4,5,False,Pending
R001595,E04034,2024_H1,2024-06-15,3,2,False,Completed
R001596,E03957,2024_H1,2024-06-15,4,4,False,Completed
R001597,E02421,2024_H1,2024-06-15,3,3,False,Completed
R001598,E04014,2024_H1,2024-06-15,2,3,False,Completed
R001599,E02433,2024_H1,2024-06-15,5,3,False,Completed
R001600,E04021,2024_H1,2024-06-15,5,3,False,Completed
R001601,E01218,2024_H1,2024-06-15,3,3,False,Completed
R001602,E00583,2024_H1,2024-06-15,4,4,False,Pending
R001603,E02390,2024_H1,2024-06-15,4,2,False,Completed
R001604,E02368,2024_H1,2024-06-15,5,3,False,Completed
R001605,E04545,2024_H1,2024-06-15,3,5,True,Completed
R001606,E03941,2024_H1,2024-06-15,4,4,False,Pending
R001607,E01764,2024_H1,2024-06-15,3,1,False,Completed
R001608,E01627,2024_H1,2024-06-15,4,3,False,Completed
R001609,E01612,2024_H1,2024-06-15,3,5,False,Completed
R001610,E04424,2024_H1,2024-06-15,4,3,False,Completed
R001611,E01062,2024_H1,2024-06-15,4,3,False,Completed
R001612,E03758,2024_H1,2024-06-15,3,3,False,Completed
R001613,E00746,2024_H1,2024-06-15,2,4,False,Pending
R001614,E02889,2024_H1,2024-06-15,4,5,False,Completed
R001615,E03712,2024_H1,2024-06-15,5,4,True,Pending
R001616,E03488,2024_H1,2024-06-15,1,5,False,Completed
R001617,E02619,2024_H1,2024-06-15,3,3,False,Completed
R001618,E01294,2024_H1,2024-06-15,4,4,True,Pending
R001619,E01845,2024_H1,2024-06-15,4,4,True,Completed
R001620,E00454,2024_H1,2024-06-15,3,3,False,Pending
R001621,E01423,2024_H1,2024-06-15,3,3,False,Completed
R001622,E00911,2024_H1,2024-06-15,1,3,False,Completed
R001623,E02712,2024_H1,2024-06-15,4,3,False,Completed
R001624,E00650,2024_H1,2024-06-15,3,2,False,Completed
R001625,E04218,2024_H1,2024-06-15,3,3,False,Completed
R001626,E03836,2024_H1,2024-06-15,5,3,False,Completed
R001627,E00947,2024_H1,2024-06-15,3,5,True,Completed
R001628,E04321,2024_H1,2024-06-15,3,3,False,Completed
R001629,E00772,2024_H1,2024-06-15,5,1,False,Completed
R001630,E01678,2024_H1,2024-06-15,3,4,True,Completed
R001631,E04584,2024_H1,2024-06-15,2,2,False,Completed
R001632,E01610,2024_H1,2024-06-15,3,1,False,Completed
R001633,E03709,2024_H1,2024-06-15,3,3,False,Pending
R001634,E00600,2024_H1,2024-06-15,4,1,False,Completed
R001635,E01540,2024_H1,2024-06-15,4,4,True,Completed
R001636,E04286,2024_H1,2024-06-15,4,3,False,Pending
R001637,E00292,2024_H1,2024-06-15,2,3,False,Completed
R001638,E03230,2024_H1,2024-06-15,3,3,False,Completed
R001639,E01705,2024_H1,2024-06-15,4,4,False,Pending
R001640,E02536,2024_H1,2024-06-15,3,3,False,Completed
R001641,E03091,2024_H1,2024-06-15,3,2,False,Completed
R001642,E02585,2024_H1,2024-06-15,3,3,False,Completed
R001643,E03006,2024_H1,2024-06-15,2,4,False,Pending
R001644,E02760,2024_H1,2024-06-15,3,4,False,Completed
R001645,E02941,2024_H1,2024-06-15,5,5,False,Completed
R001646,E03490,2024_H1,2024-06-15,3,4,False,Completed
R001647,E00449,2024_H1,2024-06-15,3,2,False,Completed
R001648,E01067,2024_H1,2024-06-15,4,2,False,Completed
R001649,E04671,2024_H1,2024-06-15,2,5,False,Completed
R001650,E04684,2024_H1,2024-06-15,1,2,False,Completed
R001651,E03889,2024_H1,2024-06-15,4,3,False,Completed
R001652,E03973,2024_H1,2024-06-15,3,3,False,Completed
R001653,E00253,2024_H1,2024-06-15,3,2,False,Completed
R001654,E04368,2024_H1,2024-06-15,3,5,False,Completed
R001655,E00685,2024_H1,2024-06-15,5,3,False,Pending
R001656,E04617,2024_H1,2024-06-15,1,3,False,Pending
R001657,E00068,2024_H1,2024-06-15,2,4,False,Completed
R001658,E00268,2024_H1,2024-06-15,5,3,False,Completed
R001659,E01980,2024_H1,2024-06-15,3,2,False,Pending
R001660,E04537,2024_H1,2024-06-15,4,3,False,Completed
R001661,E01148,2024_H1,2024-06-15,2,3,False,Pending
R001662,E00805,2024_H1,2024-06-15,3,5,False,Completed
R001663,E00120,2024_H1,2024-06-15,4,3,True,Completed
R001664,E01543,2024_H1,2024-06-15,4,3,False,Pending
R001665,E04514,2024_H1,2024-06-15,4,3,False,Pending
R001666,E03881,2024_H1,2024-06-15,3,4,False,Completed
R001667,E00386,2024_H1,2024-06-15,4,2,True,Completed
R001668,E01078,2024_H1,2024-06-15,3,2,False,Pending
R001669,E00368,2024_H1,2024-06-15,4,3,False,Completed
R001670,E04180,2024_H1,2024-06-15,4,3,False,Pending
R001671,E01428,2024_H1,2024-06-15,3,3,False,Completed
R001672,E04345,2024_H1,2024-06-15,3,4,False,Completed
R001673,E04171,2024_H1,2024-06-15,2,3,False,Pending
R001674,E04094,2024_H1,2024-06-15,5,4,False,Completed
R001675,E02369,2024_H1,2024-06-15,4,4,False,Completed
R001676,E02905,2024_H1,2024-06-15,4,3,False,Completed
R001677,E04705,2024_H1,2024-06-15,5,2,True,Completed
R001678,E00041,2024_H1,2024-06-15,3,3,False,Completed
R001679,E04918,2024_H1,2024-06-15,3,5,False,Completed
R001680,E02382,2024_H1,2024-06-15,4,2,False,Completed
R001681,E02649,2024_H1,2024-06-15,4,1,False,Cancelled
R001682,E03132,2024_H1,2024-06-15,3,4,False,Completed
R001683,E01462,2024_H1,2024-06-15,3,2,False,Completed
R001684,E02272,2024_H1,2024-06-15,3,4,False,Completed
R001685,E03634,2024_H1,2024-06-15,3,5,False,Pending
R001686,E00780,2024_H1,2024-06-15,3,2,False,Completed
R001687,E02552,2024_H1,2024-06-15,3,2,False,Completed
R001688,E01230,2024_H1,2024-06-15,5,3,False,Completed
R001689,E03676,2024_H1,2024-06-15,2,3,False,Completed
R001690,E01709,2024_H1,2024-06-15,3,4,False,Completed
R001691,E03794,2024_H1,2024-06-15,3,3,False,Completed
R001692,E01526,2024_H1,2024-06-15,3,3,False,Completed
R001693,E01427,2024_H1,2024-06-15,2,3,False,Completed
R001694,E03040,2024_H1,2024-06-15,3,3,False,Completed
R001695,E04979,2024_H1,2024-06-15,5,3,False,Completed
R001696,E00141,2024_H1,2024-06-15,3,3,False,Pending
R001697,E02393,2024_H1,2024-06-15,2,4,False,Pending
R001698,E00965,2024_H1,2024-06-15,2,3,False,Pending
R001699,E04943,2024_H1,2024-06-15,3,3,False,Completed
R001700,E03789,2024_H1,2024-06-15,3,2,False,Completed
R001701,E01091,2024_H1,2024-06-15,3,3,False,Pending
R001702,E00369,2024_H1,2024-06-15,5,3,False,Completed
R001703,E04182,2024_H1,2024-06-15,4,2,False,Pending
R001704,E03493,2024_H1,2024-06-15,2,3,False,Completed
R001705,E03153,2024_H1,2024-06-15,4,3,True,Completed
R001706,E04831,2024_H1,2024-06-15,3,3,False,Completed
R001707,E02184,2024_H1,2024-06-15,3,5,False,Cancelled
R001708,E00082,2024_H1,2024-06-15,3,3,False,Completed
R001709,E00672,2024_H1,2024-06-15,3,3,False,Completed
R001710,E04548,2024_H1,2024-06-15,3,3,False,Completed
R001711,E01859,2024_H1,2024-06-15,3,4,False,Pending
R001712,E01622,2024_H1,2024-06-15,1,3,False,Completed
R001713,E00158,2024_H1,2024-06-15,4,3,False,Pending
R001714,E03777,2024_H1,2024-06-15,4,4,False,Completed
R001715,E01655,2024_H1,2024-06-15,4,4,False,Completed
R001716,E02028,2024_H1,2024-06-15,3,4,True,Completed
R001717,E03138,2024_H1,2024-06-15,3,4,False,Pending
R001718,E01744,2024_H1,2024-06-15,4,3,False,Completed
R001719,E01335,2024_H1,2024-06-15,3,2,False,Pending
R001720,E02557,2024_H1,2024-06-15,5,3,False,Completed
R001721,E03454,2024_H1,2024-06-15,4,4,False,Pending
R001722,E03435,2024_H1,2024-06-15,3,1,False,Pending
R001723,E00950,2024_H1,2024-06-15,4,2,False,Completed
R001724,E01921,2024_H1,2024-06-15,4,1,False,Completed
R001725,E01616,2024_H1,2024-06-15,2,3,False,Pending
R001726,E00022,2024_H1,2024-06-15,3,4,False,Pending
R001727,E04664,2024_H1,2024-06-15,3,4,False,Completed
R001728,E03962,2024_H1,2024-06-15,5,3,False,Pending
R001729,E03516,2024_H1,2024-06-15,3,3,False,Completed
R001730,E00376,2024_H1,2024-06-15,3,3,False,Completed
R001731,E00030,2024_H1,2024-06-15,3,3,False,Pending
R001732,E01695,2024_H1,2024-06-15,3,3,False,Completed
R001733,E02684,2024_H1,2024-06-15,3,5,False,Completed
R001734,E00666,2024_H1,2024-06-15,4,3,False,Completed
R001735,E02309,2024_H1,2024-06-15,4,3,False,Pending
R001736,E02837,2024_H1,2024-06-15,3,3,False,Completed
R001737,E03640,2024_H1,2024-06-15,2,4,False,Completed
R001738,E02586,2024_H1,2024-06-15,2,4,False,Pending
R001739,E01590,2024_H1,2024-06-15,2,1,False,Completed
R001740,E02020,2024_H1,2024-06-15,5,3,False,Completed
R001741,E03096,2024_H1,2024-06-15,3,2,False,Completed
R001742,E01242,2024_H1,2024-06-15,3,3,False,Completed
R001743,E01850,2024_H1,2024-06-15,5,3,False,Completed
R001744,E00645,2024_H1,2024-06-15,3,4,False,Completed
R001745,E04957,2024_H1,2024-06-15,2,2,False,Completed
R001746,E01038,2024_H1,2024-06-15,4,3,False,Completed
R001747,E03388,2024_H1,2024-06-15,5,3,False,Completed
R001748,E00674,2024_H1,2024-06-15,3,3,False,Completed
R001749,E02012,2024_H1,2024-06-15,4,4,True,Completed
R001750,E03755,2024_H1,2024-06-15,5,2,False,Pending
R001751,E04934,2024_H1,2024-06-15,5,4,True,Pending
R001752,E03585,2024_H1,2024-06-15,3,3,False,Pending
R001753,E00438,2024_H1,2024-06-15,2,4,True,Pending
R001754,E04829,2024_H1,2024-06-15,1,4,False,Completed
R001755,E02005,2024_H1,2024-06-15,3,1,False,Pending
R001756,E02069,2024_H1,2024-06-15,4,3,False,Completed
R001757,E00460,2024_H1,2024-06-15,4,3,False,Completed
R001758,E04767,2024_H1,2024-06-15,4,4,False,Completed
R001759,E04809,2024_H1,2024-06-15,3,4,True,Completed
R001760,E00075,2024_H1,2024-06-15,3,4,False,Completed
R001761,E00188,2024_H1,2024-06-15,5,4,False,Pending
R001762,E04173,2024_H1,2024-06-15,4,5,False,Completed
R001763,E01162,2024_H1,2024-06-15,4,2,False,Pending
R001764,E00366,2024_H1,2024-06-15,5,3,False,Completed
R001765,E01150,2024_H1,2024-06-15,3,3,False,Completed
R001766,E00851,2024_H1,2024-06-15,3,5,False,Completed
R001767,E03216,2024_H1,2024-06-15,4,3,True,Completed
R001768,E03018,2024_H1,2024-06-15,2,3,False,Completed
R001769,E00446,2024_H1,2024-06-15,2,3,False,Completed
R001770,E02446,2024_H1,2024-06-15,4,2,False,Cancelled
R001771,E01621,2024_H1,2024-06-15,5,3,False,Completed
R001772,E03552,2024_H1,2024-06-15,4,4,False,Completed
R001773,E01055,2024_H1,2024-06-15,5,2,False,Completed
R001774,E02036,2024_H1,2024-06-15,3,2,False,Completed
R001775,E01320,2024_H1,2024-06-15,5,3,False,Completed
R001776,E04313,2024_H1,2024-06-15,3,2,False,Completed
R001777,E03692,2024_H1,2024-06-15,3,4,False,Completed
R001778,E02403,2024_H1,2024-06-15,2,4,False,Completed
R001779,E04698,2024_H1,2024-06-15,4,3,False,Completed
R001780,E00170,2024_H1,2024-06-15,3,4,True,Completed
R001781,E02544,2024_H1,2024-06-15,3,2,False,Pending
R001782,E02953,2024_H1,2024-06-15,3,3,False,Completed
R001783,E03436,2024_H1,2024-06-15,2,2,False,Completed
R001784,E00196,2024_H1,2024-06-15,4,2,True,Completed
R001785,E02120,2024_H1,2024-06-15,3,3,False,Pending
R001786,E02473,2024_H1,2024-06-15,3,4,False,Pending
R001787,E00909,2024_H1,2024-06-15,3,3,False,Completed
R001788,E01528,2024_H1,2024-06-15,4,4,False,Completed
R001789,E00879,2024_H1,2024-06-15,3,2,False,Completed
R001790,E02791,2024_H1,2024-06-15,2,3,False,Pending
R001791,E01561,2024_H1,2024-06-15,3,3,False,Completed
R001792,E01266,2024_H1,2024-06-15,3,3,False,Completed
R001793,E03180,2024_H1,2024-06-15,3,4,False,Pending
R001794,E01144,2024_H1,2024-06-15,5,3,False,Completed
R001795,E04488,2024_H1,2024-06-15,3,3,False,Completed
R001796,E00296,2024_H1,2024-06-15,4,3,False,Completed
R001797,E03604,2024_H1,2024-06-15,4,5,False,Completed
R001798,E03870,2024_H1,2024-06-15,3,3,False,Completed
R001799,E04675,2024_H1,2024-06-15,5,1,False,Completed
R001800,E00208,2024_H1,2024-06-15,2,3,False,Completed
R001801,E02389,2024_H1,2024-06-15,3,4,False,Completed
R001802,E00338,2024_H1,2024-06-15,3,3,False,Cancelled
R001803,E01925,2024_H1,2024-06-15,4,3,False,Completed
R001804,E02662,2024_H1,2024-06-15,3,3,False,Completed
R001805,E00065,2024_H1,2024-06-15,3,3,False,Completed
R001806,E02521,2024_H1,2024-06-15,3,2,False,Completed
R001807,E04307,2024_H1,2024-06-15,4,3,False,Completed
R001808,E00288,2024_H1,2024-06-15,4,2,False,Pending
R001809,E04999,2024_H1,2024-06-15,3,3,False,Pending
R001810,E02979,2024_H1,2024-06-15,2,2,False,Completed
R001811,E02868,2024_H1,2024-06-15,3,3,False,Pending
R001812,E02059,2024_H1,2024-06-15,4,4,False,Pending
R001813,E01212,2024_H1,2024-06-15,5,3,False,Pending
R001814,E02003,2024_H1,2024-06-15,1,2,False,Completed
R001815,E00100,2024_H1,2024-06-15,5,3,False,Pending
R001816,E03675,2024_H1,2024-06-15,1,4,False,Completed
R001817,E01302,2024_H1,2024-06-15,3,4,False,Pending
R001818,E04055,2024_H1,2024-06-15,3,1,False,Completed
R001819,E00827,2024_H1,2024-06-15,3,5,False,Completed
R001820,E04360,2024_H1,2024-06-15,3,3,False,Completed
R001821,E00499,2024_H1,2024-06-15,1,4,False,Completed
R001822,E01386,2024_H1,2024-06-15,3,3,False,Completed
R001823,E02291,2024_H1,2024-06-15,3,4,False,Completed
R001824,E04909,2024_H1,2024-06-15,4,3,False,Completed
R001825,E04217,2024_H1,2024-06-15,4,4,False,Completed
R001826,E00904,2024_H1,2024-06-15,5,3,False,Pending
R001827,E04965,2024_H1,2024-06-15,3,5,False,Completed
R001828,E01353,2024_H1,2024-06-15,3,3,False,Completed
R001829,E04489,2024_H1,2024-06-15,5,3,False,Completed
R001830,E03414,2024_H1,2024-06-15,3,3,False,Completed
R001831,E04295,2024_H1,2024-06-15,1,2,False,Pending
R001832,E03512,2024_H1,2024-06-15,3,3,False,Completed
R001833,E03387,2024_H1,2024-06-15,3,5,False,Completed
R001834,E04819,2024_H1,2024-06-15,3,4,False,Pending
R001835,E01043,2024_H1,2024-06-15,3,4,False,Completed
R001836,E02598,2024_H1,2024-06-15,3,2,False,Completed
R001837,E04235,2024_H1,2024-06-15,4,1,False,Pending
R001838,E02637,2024_H1,2024-06-15,3,2,False,Completed
R001839,E03072,2024_H1,2024-06-15,3,3,False,Completed
R001840,E03413,2024_H1,2024-06-15,2,1,False,Completed
R001841,E02384,2024_H1,2024-06-15,3,2,False,Completed
R001842,E00328,2024_H1,2024-06-15,3,2,False,Completed
R001843,E02692,2024_H1,2024-06-15,3,3,False,Completed
R001844,E00697,2024_H1,2024-06-15,2,5,False,Completed
R001845,E04110,2024_H1,2024-06-15,2,4,False,Completed
R001846,E00233,2024_H1,2024-06-15,3,4,False,Pending
R001847,E02605,2024_H1,2024-06-15,3,4,False,Completed
R001848,E04263,2024_H1,2024-06-15,5,4,False,Pending
R001849,E04787,2024_H1,2024-06-15,5,1,False,Pending
R001850,E04833,2024_H1,2024-06-15,2,3,False,Completed
R001851,E02240,2024_H1,2024-06-15,3,3,False,Pending
R001852,E02789,2024_H1,2024-06-15,3,5,False,Completed
R001853,E02886,2024_H1,2024-06-15,3,3,False,Completed
R001854,E03360,2024_H1,2024-06-15,5,3,False,Completed
R001855,E00915,2024_H1,2024-06-15,4,2,False,Completed
R001856,E01537,2024_H1,2024-06-15,4,3,False,Pending
R001857,E04886,2024_H1,2024-06-15,2,4,True,Completed
R001858,E03743,2024_H1,2024-06-15,1,3,True,Completed
R001859,E03978,2024_H1,2024-06-15,4,4,False,Completed
R001860,E03203,2024_H1,2024-06-15,3,4,False,Completed
R001861,E01026,2024_H1,2024-06-15,2,3,False,Completed
R001862,E02730,2024_H1,2024-06-15,3,3,False,Pending
R001863,E04401,2024_H1,2024-06-15,2,3,False,Pending
R001864,E02549,2024_H1,2024-06-15,3,3,False,Completed
R001865,E04605,2024_H1,2024-06-15,1,5,True,Completed
R001866,E00207,2024_H1,2024-06-15,5,4,True,Pending
R001867,E03987,2024_H1,2024-06-15,4,2,False,Completed
R001868,E01105,2024_H1,2024-06-15,3,3,False,Completed
R001869,E00860,2024_H1,2024-06-15,4,2,False,Pending
R001870,E04164,2024_H1,2024-06-15,3,4,False,Completed
R001871,E02909,2024_H1,2024-06-15,3,4,False,Completed
R001872,E00290,2024_H1,2024-06-15,3,3,False,Pending
R001873,E01047,2024_H1,2024-06-15,2,4,False,Completed
R001874,E04821,2024_H1,2024-06-15,3,2,False,Completed
R001875,E04647,2024_H1,2024-06-15,4,3,False,Pending
R001876,E01003,2024_H1,2024-06-15,3,3,False,Pending
R001877,E00148,2024_H1,2024-06-15,3,2,False,Completed
R001878,E04586,2024_H1,2024-06-15,3,3,False,Completed
R001879,E01812,2024_H1,2024-06-15,3,2,False,Cancelled
R001880,E01664,2024_H1,2024-06-15,3,3,False,Completed
R001881,E00372,2024_H1,2024-06-15,3,3,False,Completed
R001882,E04450,2024_H1,2024-06-15,3,2,False,Completed
R001883,E00763,2024_H1,2024-06-15,3,3,False,Completed
R001884,E01219,2024_H1,2024-06-15,4,3,False,Pending
R001885,E04837,2024_H1,2024-06-15,3,3,False,Cancelled
R001886,E03277,2024_H1,2024-06-15,1,3,False,Completed
R001887,E03329,2024_H1,2024-06-15,4,4,False,Pending
R001888,E04470,2024_H1,2024-06-15,4,3,False,Completed
R001889,E01989,2024_H1,2024-06-15,2,2,False,Completed
R001890,E04573,2024_H1,2024-06-15,2,2,False,Pending
R001891,E01447,2024_H1,2024-06-15,4,3,True,Completed
R001892,E01012,2024_H1,2024-06-15,4,3,False,Completed
R001893,E00492,2024_H1,2024-06-15,3,3,False,Pending
R001894,E00493,2024_H1,2024-06-15,3,3,False,Completed
R001895,E02032,2024_H1,2024-06-15,4,5,True,Pending
R001896,E02243,2024_H1,2024-06-15,3,3,True,Completed
R001897,E04974,2024_H1,2024-06-15,4,4,True,Completed
R001898,E04864,2024_H1,2024-06-15,3,3,False,Completed
R001899,E02165,2024_H1,2024-06-15,2,1,False,Completed
R001900,E03954,2024_H1,2024-06-15,4,3,False,Completed
R001901,E03819,2024_H1,2024-06-15,5,3,False,Cancelled
R001902,E02281,2024_H1,2024-06-15,4,3,False,Pending
R001903,E03735,2024_H1,2024-06-15,4,5,False,Completed
R001904,E03784,2024_H1,2024-06-15,3,3,False,Completed
R001905,E04172,2024_H1,2024-06-15,3,4,True,Pending
R001906,E02608,2024_H1,2024-06-15,5,3,False,Pending
R001907,E03014,2024_H1,2024-06-15,3,1,False,Completed
R001908,E04723,2024_H1,2024-06-15,3,1,False,Completed
R001909,E04250,2024_H1,2024-06-15,3,3,False,Completed
R001910,E01039,2024_H1,2024-06-15,4,3,False,Completed
R001911,E02068,2024_H1,2024-06-15,3,4,False,Completed
R001912,E00254,2024_H1,2024-06-15,3,2,False,Completed
R001913,E04206,2024_H1,2024-06-15,3,2,False,Completed
R001914,E00920,2024_H1,2024-06-15,3,4,False,Completed
R001915,E02317,2024_H1,2024-06-15,5,4,False,Completed
R001916,E02074,2024_H1,2024-06-15,3,3,False,Completed
R001917,E02018,2024_H1,2024-06-15,5,1,True,Completed
R001918,E01613,2024_H1,2024-06-15,5,3,False,Completed
R001919,E01726,2024_H1,2024-06-15,3,5,False,Pending
R001920,E02900,2024_H1,2024-06-15,4,3,False,Completed
R001921,E01942,2024_H1,2024-06-15,3,2,False,Completed
R001922,E03609,2024_H1,2024-06-15,4,4,True,Completed
R001923,E03565,2024_H1,2024-06-15,4,3,False,Completed
R001924,E00215,2024_H1,2024-06-15,4,4,False,Completed
R001925,E04145,2024_H1,2024-06-15,3,2,False,Completed
R001926,E02203,2024_H1,2024-06-15,3,3,False,Completed
R001927,E00942,2024_H1,2024-06-15,4,4,False,Completed
R001928,E02437,2024_H1,2024-06-15,2,3,False,Pending
R001929,E02624,2024_H1,2024-06-15,5,4,False,Completed
R001930,E00443,2024_H1,2024-06-15,3,3,False,Completed
R001931,E03085,2024_H1,2024-06-15,3,3,False,Pending
R001932,E03713,2024_H1,2024-06-15,4,3,False,Pending
R001933,E04754,2024_H1,2024-06-15,5,2,False,Pending
R001934,E04494,2024_H1,2024-06-15,4,3,False,Completed
R001935,E01255,2024_H1,2024-06-15,3,4,False,Completed
R001936,E02336,2024_H1,2024-06-15,3,4,False,Completed
R001937,E01104,2024_H1,2024-06-15,1,4,False,Completed
R001938,E04891,2024_H1,2024-06-15,4,3,False,Completed
R001939,E02067,2024_H1,2024-06-15,1,3,False,Completed
R001940,E04278,2024_H1,2024-06-15,2,4,False,Completed
R001941,E04474,2024_H1,2024-06-15,3,4,False,Completed
R001942,E01069,2024_H1,2024-06-15,2,2,False,Completed
R001943,E01604,2024_H1,2024-06-15,3,4,False,Completed
R001944,E01466,2024_H1,2024-06-15,1,4,False,Completed
R001945,E01896,2024_H1,2024-06-15,4,4,False,Completed
R001946,E03193,2024_H1,2024-06-15,3,5,False,Pending
R001947,E03050,2024_H1,2024-06-15,5,4,False,Completed
R001948,E03484,2024_H1,2024-06-15,3,3,False,Completed
R001949,E03404,2024_H1,2024-06-15,3,4,True,Completed
R001950,E00279,2024_H1,2024-06-15,4,2,False,Completed
R001951,E02812,2024_H1,2024-06-15,4,3,False,Completed
R001952,E03711,2024_H1,2024-06-15,4,4,True,Completed
R001953,E02877,2024_H1,2024-06-15,3,3,False,Completed
R001954,E04735,2024_H1,2024-06-15,3,3,False,Completed
R001955,E01761,2024_H1,2024-06-15,3,3,False,Completed
R001956,E00095,2024_H1,2024-06-15,2,2,False,Completed
R001957,E00106,2024_H1,2024-06-15,2,3,False,Completed
R001958,E03644,2024_H1,2024-06-15,5,3,False,Pending
R001959,E02888,2024_H1,2024-06-15,4,3,False,Completed
R001960,E01300,2024_H1,2024-06-15,3,4,False,Pending
R001961,E03327,2024_H1,2024-06-15,3,2,False,Completed
R001962,E03853,2024_H1,2024-06-15,4,2,False,Pending
R001963,E01973,2024_H1,2024-06-15,3,3,False,Completed
R001964,E04347,2024_H1,2024-06-15,3,4,False,Completed
R001965,E00843,2024_H1,2024-06-15,3,4,False,Completed
R001966,E02657,2024_H1,2024-06-15,3,4,False,Pending
R001967,E01036,2024_H1,2024-06-15,3,2,False,Pending
R001968,E03888,2024_H1,2024-06-15,3,4,False,Completed
R001969,E03015,2024_H1,2024-06-15,3,4,True,Completed
R001970,E04873,2024_H1,2024-06-15,4,3,False,Cancelled
R001971,E01510,2024_H1,2024-06-15,2,4,False,Completed
R001972,E01315,2024_H1,2024-06-15,2,4,False,Completed
R001973,E03408,2024_H1,2024-06-15,3,3,False,Completed
R001974,E03726,2024_H1,2024-06-15,4,3,False,Completed
R001975,E03905,2024_H1,2024-06-15,3,5,False,Completed
R001976,E01617,2024_H1,2024-06-15,3,3,False,Pending
R001977,E00531,2024_H1,2024-06-15,2,2,False,Completed
R001978,E01953,2024_H1,2024-06-15,3,2,True,Completed
R001979,E02319,2024_H1,2024-06-15,3,3,False,Completed
R001980,E03202,2024_H1,2024-06-15,4,3,False,Completed
R001981,E02822,2024_H1,2024-06-15,4,2,False,Completed
R001982,E02669,2024_H1,2024-06-15,3,3,False,Completed
R001983,E00890,2024_H1,2024-06-15,3,3,False,Completed
R001984,E00474,2024_H1,2024-06-15,3,4,False,Completed
R001985,E03682,2024_H1,2024-06-15,5,4,False,Completed
R001986,E01065,2024_H1,2024-06-15,2,3,False,Completed
R001987,E02574,2024_H1,2024-06-15,4,4,False,Completed
R001988,E02386,2024_H1,2024-06-15,3,3,False,Completed
R001989,E02189,2024_H1,2024-06-15,3,3,False,Pending
R001990,E00687,2024_H1,2024-06-15,3,3,False,Completed
R001991,E04046,2024_H1,2024-06-15,3,3,False,Pending
R001992,E03283,2024_H1,2024-06-15,3,5,True,Pending
R001993,E03242,2024_H1,2024-06-15,5,3,False,Completed
R001994,E00839,2024_H1,2024-06-15,4,2,False,Completed
R001995,E00313,2024_H1,2024-06-15,4,2,False,Completed
R001996,E02290,2024_H1,2024-06-15,3,1,False,Completed
R001997,E02794,2024_H1,2024-06-15,3,2,True,Pending
R001998,E03934,2024_H1,2024-06-15,5,3,False,Completed
R001999,E00869,2024_H1,2024-06-15,4,4,False,Pending
R002000,E02668,2024_H1,2024-06-15,3,3,False,Completed
R002001,E02469,2024_H1,2024-06-15,3,4,False,Completed
R002002,E01931,2024_H1,2024-06-15,4,3,False,Completed
R002003,E01529,2024_H1,2024-06-15,4,4,True,Completed
R002004,E04328,2024_H1,2024-06-15,3,2,False,Completed
R002005,E01579,2024_H1,2024-06-15,4,4,False,Pending
R002006,E02802,2024_H1,2024-06-15,2,3,False,Cancelled
R002007,E02180,2024_H1,2024-06-15,4,3,False,Completed
R002008,E02099,2024_H1,2024-06-15,3,2,False,Completed
R002009,E02576,2024_H1,2024-06-15,5,5,False,Completed
R002010,E00768,2024_H1,2024-06-15,3,2,True,Completed
R002011,E04374,2024_H1,2024-06-15,1,3,False,Completed
R002012,E03312,2024_H1,2024-06-15,1,2,False,Completed
R002013,E03298,2024_H1,2024-06-15,2,3,False,Completed
R002014,E00785,2024_H1,2024-06-15,5,4,False,Completed
R002015,E02824,2024_H1,2024-06-15,3,3,False,Completed
R002016,E00598,2024_H1,2024-06-15,5,4,False,Completed
R002017,E04509,2024_H1,2024-06-15,3,4,True,Completed
R002018,E00156,2024_H1,2024-06-15,4,3,False,Completed
R002019,E04310,2024_H1,2024-06-15,3,3,False,Pending
R002020,E01392,2024_H1,2024-06-15,3,3,False,Completed
R002021,E04568,2024_H1,2024-06-15,3,3,False,Completed
R002022,E02374,2024_H1,2024-06-15,1,3,False,Completed
R002023,E01416,2024_H1,2024-06-15,1,2,False,Completed
R002024,E03262,2024_H1,2024-06-15,1,3,False,Completed
R002025,E01267,2024_H1,2024-06-15,4,3,False,Completed
R002026,E00681,2024_H1,2024-06-15,3,4,False,Completed
R002027,E02904,2024_H1,2024-06-15,2,3,False,Completed
R002028,E00562,2024_H1,2024-06-15,2,4,False,Pending
R002029,E02428,2024_H1,2024-06-15,3,3,False,Pending
R002030,E04926,2024_H1,2024-06-15,4,3,False,Completed
R002031,E02406,2024_H1,2024-06-15,2,3,False,Pending
R002032,E03716,2024_H1,2024-06-15,5,1,True,Pending
R002033,E03615,2024_H1,2024-06-15,2,3,False,Completed
R002034,E01376,2024_H1,2024-06-15,2,4,False,Completed
R002035,E00451,2024_H1,2024-06-15,4,2,False,Completed
R002036,E03649,2024_H1,2024-06-15,4,4,False,Completed
R002037,E00119,2024_H1,2024-06-15,4,5,False,Completed
R002038,E03969,2024_H1,2024-06-15,4,3,False,Completed
R002039,E04648,2024_H1,2024-06-15,3,5,False,Completed
R002040,E03029,2024_H1,2024-06-15,4,4,False,Pending
R002041,E00405,2024_H1,2024-06-15,4,2,False,Completed
R002042,E01439,2024_H1,2024-06-15,4,1,False,Completed
R002043,E00656,2024_H1,2024-06-15,4,4,False,Completed
R002044,E03151,2024_H1,2024-06-15,4,5,False,Cancelled
R002045,E02199,2024_H1,2024-06-15,5,2,False,Completed
R002046,E00747,2024_H1,2024-06-15,3,3,False,Pending
R002047,E01956,2024_H1,2024-06-15,4,3,False,Completed
R002048,E02178,2024_H1,2024-06-15,1,3,False,Pending
R002049,E02992,2024_H1,2024-06-15,3,5,False,Completed
R002050,E01220,2024_H1,2024-06-15,4,5,True,Completed
R002051,E03549,2024_H1,2024-06-15,3,3,False,Completed
R002052,E01831,2024_H1,2024-06-15,4,2,False,Cancelled
R002053,E03354,2024_H1,2024-06-15,4,5,False,Completed
R002054,E04720,2024_H1,2024-06-15,3,3,False,Completed
R002055,E01100,2024_H1,2024-06-15,4,4,False,Completed
R002056,E03747,2024_H1,2024-06-15,3,2,False,Completed
R002057,E00303,2024_H1,2024-06-15,2,1,False,Completed
R002058,E02776,2024_H1,2024-06-15,4,3,False,Completed
R002059,E03696,2024_H1,2024-06-15,2,3,False,Completed
R002060,E00127,2024_H1,2024-06-15,4,3,False,Completed
R002061,E03745,2024_H1,2024-06-15,4,3,False,Completed
R002062,E01819,2024_H1,2024-06-15,5,2,False,Completed
R002063,E01019,2024_H1,2024-06-15,2,4,False,Completed
R002064,E01976,2024_H1,2024-06-15,3,2,False,Completed
R002065,E04191,2024_H1,2024-06-15,3,5,False,Completed
R002066,E01343,2024_H1,2024-06-15,4,3,False,Completed
R002067,E00151,2024_H1,2024-06-15,2,4,False,Completed
R002068,E02443,2024_H1,2024-06-15,5,4,True,Completed
R002069,E04367,2024_H1,2024-06-15,3,4,True,Completed
R002070,E01521,2024_H1,2024-06-15,3,2,False,Completed
R002071,E04425,2024_H1,2024-06-15,4,3,False,Completed
R002072,E04945,2024_H1,2024-06-15,2,1,False,Completed
R002073,E02373,2024_H1,2024-06-15,4,3,False,Completed
R002074,E02225,2024_H1,2024-06-15,5,2,False,Completed
R002075,E03405,2024_H1,2024-06-15,2,2,False,Completed
R002076,E02516,2024_H1,2024-06-15,2,5,False,Completed
R002077,E04954,2024_H1,2024-06-15,2,3,False,Completed
R002078,E00613,2024_H1,2024-06-15,4,3,False,Completed
R002079,E04119,2024_H1,2024-06-15,3,5,False,Completed
R002080,E01628,2024_H1,2024-06-15,3,5,False,Completed
R002081,E04942,2024_H1,2024-06-15,3,4,False,Pending
R002082,E03095,2024_H1,2024-06-15,3,2,False,Pending
R002083,E00693,2024_H1,2024-06-15,3,3,False,Completed
R002084,E01496,2024_H1,2024-06-15,2,1,False,Completed
R002085,E01836,2024_H1,2024-06-15,2,3,False,Completed
R002086,E03993,2024_H1,2024-06-15,3,2,False,Completed
R002087,E04451,2024_H1,2024-06-15,3,2,False,Completed
R002088,E02222,2024_H1,2024-06-15,4,4,False,Completed
R002089,E03848,2024_H1,2024-06-15,4,3,False,Pending
R002090,E01125,2024_H1,2024-06-15,3,4,False,Cancelled
R002091,E00487,2024_H1,2024-06-15,2,5,False,Pending
R002092,E01442,2024_H1,2024-06-15,5,1,False,Completed
R002093,E00322,2024_H1,2024-06-15,3,3,False,Completed
R002094,E03416,2024_H1,2024-06-15,4,3,False,Completed
R002095,E00027,2024_H1,2024-06-15,3,1,False,Completed
R002096,E00394,2024_H1,2024-06-15,4,3,False,Pending
R002097,E01899,2024_H1,2024-06-15,3,3,False,Completed
R002098,E03357,2024_H1,2024-06-15,3,3,False,Completed
R002099,E04024,2024_H1,2024-06-15,2,5,False,Completed
R002100,E01532,2024_H1,2024-06-15,3,2,False,Completed
R002101,E01637,2024_H1,2024-06-15,4,5,False,Completed
R002102,E00633,2024_H1,2024-06-15,2,4,False,Completed
R002103,E00884,2024_H1,2024-06-15,2,3,False,Completed
R002104,E04569,2024_H1,2024-06-15,4,2,False,Completed
R002105,E04984,2024_H1,2024-06-15,3,5,False,Completed
R002106,E03810,2024_H1,2024-06-15,3,4,False,Completed
R002107,E04062,2024_H1,2024-06-15,4,4,False,Completed
R002108,E04366,2024_H1,2024-06-15,3,5,False,Completed
R002109,E00589,2024_H1,2024-06-15,3,3,False,Completed
R002110,E00357,2024_H1,2024-06-15,4,2,False,Completed
R002111,E04035,2024_H1,2024-06-15,3,3,False,Completed
R002112,E02766,2024_H1,2024-06-15,3,4,False,Completed
R002113,E04678,2024_H1,2024-06-15,3,5,False,Completed
R002114,E00912,2024_H1,2024-06-15,4,3,False,Pending
R002115,E01534,2024_H1,2024-06-15,4,4,False,Completed
R002116,E02986,2024_H1,2024-06-15,3,2,False,Pending
R002117,E02025,2024_H1,2024-06-15,4,4,True,Completed
R002118,E03251,2024_H1,2024-06-15,5,3,False,Pending
R002119,E03444,2024_H1,2024-06-15,3,3,True,Completed
R002120,E03805,2024_H1,2024-06-15,4,3,False,Pending
R002121,E00473,2024_H1,2024-06-15,4,4,False,Completed
R002122,E02717,2024_H1,2024-06-15,3,3,False,Completed
R002123,E01441,2024_H1,2024-06-15,3,4,False,Pending
R002124,E01172,2024_H1,2024-06-15,3,2,False,Completed
R002125,E03847,2024_H1,2024-06-15,3,4,False,Completed
R002126,E03754,2024_H1,2024-06-15,3,4,True,Completed
R002127,E01789,2024_H1,2024-06-15,3,2,False,Pending
R002128,E02743,2024_H1,2024-06-15,2,1,False,Pending
R002129,E04642,2024_H1,2024-06-15,1,4,False,Completed
R002130,E00964,2024_H1,2024-06-15,3,4,False,Completed
R002131,E02554,2024_H1,2024-06-15,1,3,False,Pending
R002132,E00412,2024_H1,2024-06-15,2,3,False,Completed
R002133,E01415,2024_H1,2024-06-15,3,2,False,Cancelled
R002134,E01882,2024_H1,2024-06-15,3,3,False,Completed
R002135,E04848,2024_H1,2024-06-15,3,3,False,Pending
R002136,E01614,2024_H1,2024-06-15,3,3,False,Completed
R002137,E03569,2024_H1,2024-06-15,4,4,False,Completed
R002138,E00573,2024_H1,2024-06-15,5,2,False,Completed
R002139,E03163,2024_H1,2024-06-15,3,4,False,Completed
R002140,E03396,2024_H1,2024-06-15,3,4,False,Completed
R002141,E01890,2024_H1,2024-06-15,4,3,False,Cancelled
R002142,E03503,2024_H1,2024-06-15,3,2,False,Pending
R002143,E04403,2024_H1,2024-06-15,3,3,False,Completed
R002144,E03481,2024_H1,2024-06-15,1,4,False,Completed
R002145,E00553,2024_H1,2024-06-15,4,4,False,Completed
R002146,E02682,2024_H1,2024-06-15,5,3,True,Pending
R002147,E00171,2024_H1,2024-06-15,4,1,False,Completed
R002148,E04203,2024_H1,2024-06-15,4,2,False,Pending
R002149,E03025,2024_H1,2024-06-15,3,3,False,Pending
R002150,E04626,2024_H1,2024-06-15,5,3,False,Completed
R002151,E02150,2024_H1,2024-06-15,3,3,False,Completed
R002152,E00179,2024_H1,2024-06-15,4,3,False,Cancelled
R002153,E00596,2024_H1,2024-06-15,3,3,False,Completed
R002154,E00114,2024_H1,2024-06-15,4,3,True,Completed
R002155,E04446,2024_H1,2024-06-15,4,4,False,Completed
R002156,E03989,2024_H1,2024-06-15,3,3,False,Cancelled
R002157,E04428,2024_H1,2024-06-15,1,3,False,Completed
R002158,E00359,2024_H1,2024-06-15,3,5,False,Completed
R002159,E04361,2024_H1,2024-06-15,4,3,False,Completed
R002160,E01363,2024_H1,2024-06-15,3,5,False,Completed
R002161,E01411,2024_H1,2024-06-15,4,4,False,Completed
R002162,E02451,2024_H1,2024-06-15,4,5,False,Cancelled
R002163,E00375,2024_H1,2024-06-15,5,2,False,Completed
R002164,E03485,2024_H1,2024-06-15,4,3,True,Completed
R002165,E00004,2024_H1,2024-06-15,4,2,False,Pending
R002166,E02055,2024_H1,2024-06-15,3,3,False,Completed
R002167,E02366,2024_H1,2024-06-15,3,2,False,Completed
R002168,E01158,2024_H1,2024-06-15,4,3,False,Completed
R002169,E01143,2024_H1,2024-06-15,2,3,False,Completed
R002170,E04852,2024_H1,2024-06-15,3,2,False,Completed
R002171,E00201,2024_H1,2024-06-15,3,4,False,Completed
R002172,E03016,2024_H1,2024-06-15,3,3,False,Completed
R002173,E04887,2024_H1,2024-06-15,3,4,False,Completed
R002174,E03122,2024_H1,2024-06-15,3,4,True,Completed
R002175,E04458,2024_H1,2024-06-15,3,3,False,Completed
R002176,E04393,2024_H1,2024-06-15,4,5,False,Completed
R002177,E03123,2024_H1,2024-06-15,4,4,False,Cancelled
R002178,E00346,2024_H1,2024-06-15,5,3,False,Completed
R002179,E02236,2024_H1,2024-06-15,2,5,False,Completed
R002180,E04365,2024_H1,2024-06-15,3,3,False,Completed
R002181,E03198,2024_H1,2024-06-15,3,5,False,Completed
R002182,E00420,2024_H1,2024-06-15,2,2,False,Completed
R002183,E00061,2024_H1,2024-06-15,3,3,False,Cancelled
R002184,E04689,2024_H1,2024-06-15,3,4,False,Completed
R002185,E00546,2024_H1,2024-06-15,2,2,False,Completed
R002186,E02254,2024_H1,2024-06-15,3,3,False,Completed
R002187,E02463,2024_H1,2024-06-15,3,2,False,Completed
R002188,E03832,2024_H1,2024-06-15,4,4,True,Pending
R002189,E04359,2024_H1,2024-06-15,2,4,True,Completed
R002190,E01405,2024_H1,2024-06-15,2,4,False,Completed
R002191,E02541,2024_H1,2024-06-15,3,3,False,Completed
R002192,E03851,2024_H1,2024-06-15,3,5,False,Pending
R002193,E01035,2024_H1,2024-06-15,4,4,False,Completed
R002194,E04483,2024_H1,2024-06-15,5,4,False,Pending
R002195,E01750,2024_H1,2024-06-15,4,2,True,Completed
R002196,E04878,2024_H1,2024-06-15,4,5,False,Completed
R002197,E00385,2024_H1,2024-06-15,5,1,False,Pending
R002198,E01519,2024_H1,2024-06-15,3,1,False,Completed
R002199,E04074,2024_H1,2024-06-15,3,3,False,Pending
R002200,E04130,2024_H1,2024-06-15,4,4,False,Completed
R002201,E03257,2024_H1,2024-06-15,4,3,False,Completed
R002202,E03372,2024_H1,2024-06-15,3,3,False,Completed
R002203,E04152,2024_H1,2024-06-15,3,5,False,Pending
R002204,E00205,2024_H1,2024-06-15,5,4,True,Completed
R002205,E00936,2024_H1,2024-06-15,3,2,False,Completed
R002206,E02119,2024_H1,2024-06-15,3,4,False,Completed
R002207,E00097,2024_H1,2024-06-15,4,1,True,Pending
R002208,E03667,2024_H1,2024-06-15,5,1,False,Completed
R002209,E04079,2024_H1,2024-06-15,3,3,False,Pending
R002210,E03244,2024_H1,2024-06-15,5,3,False,Completed
R002211,E02185,2024_H1,2024-06-15,1,3,False,Completed
R002212,E03229,2024_H1,2024-06-15,3,2,False,Completed
R002213,E02616,2024_H1,2024-06-15,3,4,True,Pending
R002214,E03530,2024_H1,2024-06-15,4,3,False,Completed
R002215,E02302,2024_H1,2024-06-15,4,5,False,Pending
R002216,E04499,2024_H1,2024-06-15,3,3,False,Cancelled
R002217,E01587,2024_H1,2024-06-15,3,3,False,Completed
R002218,E03200,2024_H1,2024-06-15,3,1,False,Completed
R002219,E02724,2024_H1,2024-06-15,3,2,False,Completed
R002220,E02363,2024_H1,2024-06-15,2,3,False,Completed
R002221,E00340,2024_H1,2024-06-15,2,3,False,Pending
R002222,E00195,2024_H1,2024-06-15,5,2,False,Completed
R002223,E02316,2024_H1,2024-06-15,4,3,False,Pending
R002224,E03254,2024_H1,2024-06-15,4,2,False,Pending
R002225,E00718,2024_H1,2024-06-15,3,3,False,Cancelled
R002226,E01605,2024_H1,2024-06-15,3,4,False,Pending
R002227,E03181,2024_H1,2024-06-15,5,4,False,Pending
R002228,E04915,2024_H1,2024-06-15,2,3,False,Completed
R002229,E03177,2024_H1,2024-06-15,3,4,False,Completed
R002230,E02711,2024_H1,2024-06-15,2,3,False,Completed
R002231,E03300,2024_H1,2024-06-15,3,3,False,Cancelled
R002232,E02858,2024_H1,2024-06-15,1,2,False,Completed
R002233,E04041,2024_H1,2024-06-15,4,5,False,Completed
R002234,E01666,2024_H1,2024-06-15,3,3,False,Completed
R002235,E02208,2024_H1,2024-06-15,3,5,False,Pending
R002236,E00071,2024_H1,2024-06-15,3,3,False,Completed
R002237,E00180,2024_H1,2024-06-15,1,4,False,Completed
R002238,E01438,2024_H1,2024-06-15,2,3,False,Completed
R002239,E03089,2024_H1,2024-06-15,3,4,True,Completed
R002240,E03420,2024_H1,2024-06-15,4,3,False,Completed
R002241,E02806,2024_H1,2024-06-15,3,5,False,Cancelled
R002242,E01273,2024_H1,2024-06-15,3,2,False,Completed
R002243,E04023,2024_H1,2024-06-15,4,4,False,Completed
R002244,E04622,2024_H1,2024-06-15,3,5,False,Completed
R002245,E02693,2024_H1,2024-06-15,3,3,False,Completed
R002246,E02995,2024_H1,2024-06-15,3,4,False,Completed
R002247,E03499,2024_H1,2024-06-15,5,1,False,Completed
R002248,E00121,2024_H1,2024-06-15,3,5,False,Pending
R002249,E02851,2024_H1,2024-06-15,4,5,False,Completed
R002250,E02157,2024_H1,2024-06-15,3,3,False,Completed
R002251,E01361,2024_H1,2024-06-15,3,4,False,Completed
R002252,E02830,2024_H1,2024-06-15,5,5,False,Completed
R002253,E02577,2024_H1,2024-06-15,3,4,False,Completed
R002254,E03803,2024_H1,2024-06-15,4,3,False,Cancelled
R002255,E02517,2024_H1,2024-06-15,3,3,False,Pending
R002256,E00442,2024_H1,2024-06-15,4,4,True,Pending
R002257,E00445,2024_H1,2024-06-15,3,3,False,Completed
R002258,E00167,2024_H1,2024-06-15,1,3,False,Completed
R002259,E03839,2024_H1,2024-06-15,5,3,False,Completed
R002260,E03078,2024_H1,2024-06-15,3,3,False,Pending
R002261,E03086,2024_H1,2024-06-15,3,4,False,Pending
R002262,E00227,2024_H1,2024-06-15,4,5,False,Pending
R002263,E04659,2024_H1,2024-06-15,3,1,False,Completed
R002264,E01778,2024_H1,2024-06-15,4,3,False,Completed
R002265,E02486,2024_H1,2024-06-15,4,3,False,Completed
R002266,E01198,2024_H1,2024-06-15,3,3,False,Completed
R002267,E02097,2024_H1,2024-06-15,5,3,False,Completed
R002268,E00809,2024_H1,2024-06-15,2,4,False,Completed
R002269,E02652,2024_H1,2024-06-15,3,5,False,Completed
R002270,E04665,2024_H1,2024-06-15,5,4,False,Cancelled
R002271,E01598,2024_H1,2024-06-15,3,4,False,Cancelled
R002272,E01731,2024_H1,2024-06-15,4,3,False,Pending
R002273,E00552,2024_H1,2024-06-15,2,3,False,Pending
R002274,E02923,2024_H1,2024-06-15,4,3,False,Completed
R002275,E00861,2024_H1,2024-06-15,3,3,False,Completed
R002276,E01865,2024_H1,2024-06-15,4,3,False,Pending
R002277,E00183,2024_H1,2024-06-15,3,3,False,Completed
R002278,E02380,2024_H1,2024-06-15,3,4,False,Pending
R002279,E03185,2024_H1,2024-06-15,2,3,False,Completed
R002280,E03102,2024_H1,2024-06-15,3,2,False,Completed
R002281,E00643,2024_H1,2024-06-15,2,5,False,Completed
R002282,E03601,2024_H1,2024-06-15,4,2,False,Completed
R002283,E01384,2024_H1,2024-06-15,3,3,False,Completed
R002284,E00300,2024_H1,2024-06-15,5,3,False,Completed
R002285,E00020,2024_H1,2024-06-15,4,1,False,Pending
R002286,E03474,2024_H1,2024-06-15,2,3,False,Completed
R002287,E03679,2024_H1,2024-06-15,3,3,False,Completed
R002288,E01155,2024_H1,2024-06-15,3,4,False,Completed
R002289,E04208,2024_H1,2024-06-15,2,4,False,Completed
R002290,E02524,2024_H1,2024-06-15,5,2,False,Completed
R002291,E03844,2024_H1,2024-06-15,3,2,False,Pending
R002292,E00053,2024_H1,2024-06-15,3,4,False,Completed
R002293,E02496,2024_H1,2024-06-15,3,2,False,Completed
R002294,E02695,2024_H1,2024-06-15,3,4,True,Completed
R002295,E00732,2024_H1,2024-06-15,3,3,False,Completed
R002296,E02781,2024_H1,2024-06-15,1,2,False,Completed
R002297,E01992,2024_H1,2024-06-15,3,4,False,Completed
R002298,E00481,2024_H1,2024-06-15,5,3,False,Pending
R002299,E04970,2024_H1,2024-06-15,5,5,False,Completed
R002300,E03440,2024_H1,2024-06-15,3,5,True,Completed
R002301,E01999,2024_H1,2024-06-15,3,3,False,Pending
R002302,E03990,2024_H1,2024-06-15,2,4,False,Completed
R002303,E02335,2024_H1,2024-06-15,5,4,False,Completed
R002304,E01552,2024_H1,2024-06-15,4,4,False,Completed
R002305,E00873,2024_H1,2024-06-15,1,2,False,Cancelled
R002306,E04356,2024_H1,2024-06-15,3,2,False,Completed
R002307,E03795,2024_H1,2024-06-15,4,4,True,Completed
R002308,E01504,2024_H1,2024-06-15,3,3,False,Completed
R002309,E01113,2024_H1,2024-06-15,4,4,False,Completed
R002310,E04739,2024_H1,2024-06-15,2,3,True,Completed
R002311,E01970,2024_H1,2024-06-15,4,3,False,Pending
R002312,E03165,2024_H1,2024-06-15,2,4,False,Completed
R002313,E02276,2024_H1,2024-06-15,3,5,False,Completed
R002314,E04430,2024_H1,2024-06-15,3,4,False,Pending
R002315,E00771,2024_H1,2024-06-15,3,3,False,Completed
R002316,E02681,2024_H1,2024-06-15,4,3,False,Pending
R002317,E01417,2024_H1,2024-06-15,3,4,False,Completed
R002318,E03271,2024_H1,2024-06-15,3,3,False,Pending
R002319,E02215,2024_H1,2024-06-15,3,2,False,Completed
R002320,E02807,2024_H1,2024-06-15,2,4,False,Completed
R002321,E01646,2024_H1,2024-06-15,3,5,False,Completed
R002322,E00310,2024_H1,2024-06-15,4,5,False,Completed
R002323,E03850,2024_H1,2024-06-15,4,3,False,Completed
R002324,E02719,2024_H1,2024-06-15,3,5,False,Completed
R002325,E03434,2024_H1,2024-06-15,3,4,False,Completed
R002326,E01279,2024_H1,2024-06-15,5,5,False,Completed
R002327,E04599,2024_H1,2024-06-15,4,1,False,Completed
R002328,E03287,2024_H1,2024-06-15,1,3,False,Completed
R002329,E03707,2024_H1,2024-06-15,3,4,False,Completed
R002330,E00277,2024_H1,2024-06-15,4,3,False,Completed
R002331,E04484,2024_H1,2024-06-15,3,3,False,Completed
R002332,E02131,2024_H1,2024-06-15,4,2,False,Pending
R002333,E03976,2024_H1,2024-06-15,3,5,False,Completed
R002334,E02255,2024_H1,2024-06-15,3,2,False,Completed
R002335,E03460,2024_H1,2024-06-15,3,4,False,Completed
R002336,E01662,2024_H1,2024-06-15,4,5,False,Completed
R002337,E01323,2024_H1,2024-06-15,4,2,True,Pending
R002338,E00574,2024_H1,2024-06-15,3,4,False,Pending
R002339,E00350,2024_H1,2024-06-15,3,3,False,Completed
R002340,E00549,2024_H1,2024-06-15,3,3,False,Pending
R002341,E00364,2024_H1,2024-06-15,3,3,False,Cancelled
R002342,E04953,2024_H1,2024-06-15,3,4,False,Completed
R002343,E03207,2024_H1,2024-06-15,2,3,False,Completed
R002344,E01339,2024_H1,2024-06-15,4,4,False,Completed
R002345,E00286,2024_H1,2024-06-15,4,5,False,Completed
R002346,E02897,2024_H1,2024-06-15,2,5,False,Completed
R002347,E00972,2024_H1,2024-06-15,3,3,False,Completed
R002348,E00271,2024_H1,2024-06-15,2,2,False,Completed
R002349,E03945,2024_H1,2024-06-15,3,3,False,Completed
R002350,E03140,2024_H1,2024-06-15,4,1,False,Completed
R002351,E02122,2024_H1,2024-06-15,2,4,False,Completed
R002352,E03472,2024_H1,2024-06-15,2,3,False,Pending
R002353,E03614,2024_H1,2024-06-15,4,5,False,Completed
R002354,E00548,2024_H1,2024-06-15,4,4,False,Pending
R002355,E00140,2024_H1,2024-06-15,1,3,False,Completed
R002356,E02738,2024_H1,2024-06-15,2,4,True,Completed
R002357,E03049,2024_H1,2024-06-15,3,3,False,Completed
R002358,E01774,2024_H1,2024-06-15,3,2,False,Completed
R002359,E01594,2024_H1,2024-06-15,4,4,False,Completed
R002360,E01305,2024_H1,2024-06-15,3,4,False,Completed
R002361,E00547,2024_H1,2024-06-15,3,4,False,Completed
R002362,E01829,2024_H1,2024-06-15,4,4,True,Completed
R002363,E02375,2024_H1,2024-06-15,4,3,False,Completed
R002364,E02456,2024_H1,2024-06-15,2,2,False,Completed
R002365,E03219,2024_H1,2024-06-15,3,5,False,Completed
R002366,E04972,2024_H1,2024-06-15,2,4,False,Completed
R002367,E01121,2024_H1,2024-06-15,2,2,False,Completed
R002368,E01319,2024_H1,2024-06-15,3,3,False,Completed
R002369,E03090,2024_H1,2024-06-15,3,1,False,Cancelled
R002370,E04766,2024_H1,2024-06-15,4,3,False,Completed
R002371,E04853,2024_H1,2024-06-15,4,2,False,Completed
R002372,E00863,2024_H1,2024-06-15,3,2,False,Completed
R002373,E00210,2024_H1,2024-06-15,5,4,False,Completed
R002374,E02321,2024_H1,2024-06-15,4,5,False,Completed
R002375,E04551,2024_H1,2024-06-15,2,3,False,Completed
R002376,E01119,2024_H1,2024-06-15,1,3,False,Completed
R002377,E03766,2024_H1,2024-06-15,1,4,False,Completed
R002378,E03365,2024_H1,2024-06-15,3,3,False,Pending
R002379,E03159,2024_H1,2024-06-15,3,3,False,Completed
R002380,E03862,2024_H1,2024-06-15,3,3,True,Completed
R002381,E02198,2024_H1,2024-06-15,3,2,False,Completed
R002382,E00823,2024_H1,2024-06-15,4,3,False,Completed
R002383,E04896,2024_H1,2024-06-15,2,3,False,Completed
R002384,E01520,2024_H1,2024-06-15,5,3,False,Completed
R002385,E02670,2024_H1,2024-06-15,3,3,False,Completed
R002386,E03953,2024_H1,2024-06-15,3,2,True,Completed
R002387,E04181,2024_H1,2024-06-15,5,3,False,Completed
R002388,E02827,2024_H1,2024-06-15,3,2,False,Completed
R002389,E00872,2024_H1,2024-06-15,3,4,False,Completed
R002390,E03094,2024_H1,2024-06-15,5,5,False,Completed
R002391,E04385,2024_H1,2024-06-15,3,3,False,Completed
R002392,E02409,2024_H1,2024-06-15,3,4,False,Completed
R002393,E01693,2024_H1,2024-06-15,2,3,True,Completed
R002394,E01544,2024_H1,2024-06-15,3,4,False,Cancelled
R002395,E03553,2024_H1,2024-06-15,4,3,False,Completed
R002396,E01599,2024_H1,2024-06-15,3,5,False,Completed
R002397,E04988,2024_H1,2024-06-15,2,4,False,Completed
R002398,E01511,2024_H1,2024-06-15,4,3,False,Completed
R002399,E01563,2024_H1,2024-06-15,4,4,False,Completed
R002400,E04146,2024_H1,2024-06-15,3,4,False,Completed
R002401,E02287,2024_H1,2024-06-15,4,3,False,Pending
R002402,E04939,2024_H1,2024-06-15,4,4,True,Completed
R002403,E03787,2024_H1,2024-06-15,3,1,False,Pending
R002404,E00421,2024_H1,2024-06-15,3,4,False,Completed
R002405,E00871,2024_H1,2024-06-15,4,3,False,Pending
R002406,E00232,2024_H1,2024-06-15,1,3,False,Completed
R002407,E00976,2024_H1,2024-06-15,3,2,False,Completed
R002408,E02627,2024_H1,2024-06-15,3,3,False,Completed
R002409,E00629,2024_H1,2024-06-15,3,3,False,Completed
R002410,E01698,2024_H1,2024-06-15,3,3,False,Completed
R002411,E01139,2024_H1,2024-06-15,4,3,False,Cancelled
R002412,E01492,2024_H1,2024-06-15,3,4,False,Completed
R002413,E01795,2024_H1,2024-06-15,4,3,False,Completed
R002414,E02680,2024_H1,2024-06-15,3,3,False,Pending
R002415,E04504,2024_H1,2024-06-15,3,3,False,Pending
R002416,E01058,2024_H1,2024-06-15,3,1,False,Pending
R002417,E01260,2024_H1,2024-06-15,2,4,False,Completed
R002418,E04195,2024_H1,2024-06-15,2,3,False,Pending
R002419,E00973,2024_H1,2024-06-15,5,4,False,Completed
R002420,E01498,2024_H1,2024-06-15,4,4,False,Completed
R002421,E04950,2024_H1,2024-06-15,3,3,False,Pending
R002422,E03878,2024_H1,2024-06-15,3,3,False,Completed
R002423,E00751,2024_H1,2024-06-15,4,2,False,Completed
R002424,E00508,2024_H1,2024-06-15,4,5,False,Pending
R002425,E02365,2024_H1,2024-06-15,3,3,False,Completed
R002426,E03919,2024_H1,2024-06-15,4,3,False,Completed
R002427,E02911,2024_H1,2024-06-15,2,3,False,Completed
R002428,E00431,2024_H1,2024-06-15,3,4,False,Completed
R002429,E04222,2024_H1,2024-06-15,3,5,False,Completed
R002430,E00883,2024_H1,2024-06-15,3,4,False,Pending
R002431,E02093,2024_H1,2024-06-15,4,5,False,Completed
R002432,E01205,2024_H1,2024-06-15,3,4,False,Completed
R002433,E04992,2024_H1,2024-06-15,5,3,True,Completed
R002434,E03914,2024_H1,2024-06-15,5,3,False,Pending
R002435,E03431,2024_H1,2024-06-15,4,3,False,Completed
R002436,E02836,2024_H1,2024-06-15,3,5,False,Completed
R002437,E03077,2024_H1,2024-06-15,4,3,False,Completed
R002438,E04269,2024_H1,2024-06-15,3,2,False,Completed
R002439,E02430,2024_H1,2024-06-15,4,4,False,Completed
R002440,E02487,2024_H1,2024-06-15,5,4,False,Completed
R002441,E00345,2024_H1,2024-06-15,5,2,False,Completed
R002442,E04187,2024_H1,2024-06-15,3,4,False,Completed
R002443,E00971,2024_H1,2024-06-15,3,2,False,Completed
R002444,E03311,2024_H1,2024-06-15,5,5,False,Pending
R002445,E00866,2024_H1,2024-06-15,2,4,False,Completed
R002446,E00471,2024_H1,2024-06-15,3,3,False,Cancelled
R002447,E04088,2024_H1,2024-06-15,3,5,False,Completed
R002448,E02264,2024_H1,2024-06-15,3,3,False,Completed
R002449,E03108,2024_H1,2024-06-15,4,3,False,Completed
R002450,E01533,2024_H1,2024-06-15,4,5,True,Cancelled
R002451,E03996,2024_H1,2024-06-15,3,4,False,Completed
R002452,E03685,2024_H1,2024-06-15,3,3,False,Completed
R002453,E01686,2024_H1,2024-06-15,4,3,False,Completed
R002454,E03497,2024_H1,2024-06-15,4,1,False,Pending
R002455,E02145,2024_H1,2024-06-15,5,2,False,Completed
R002456,E02134,2024_H1,2024-06-15,3,4,False,Completed
R002457,E01994,2024_H1,2024-06-15,4,4,False,Completed
R002458,E03648,2024_H1,2024-06-15,2,2,False,Completed
R002459,E01054,2024_H1,2024-06-15,3,2,False,Completed
R002460,E02595,2024_H1,2024-06-15,4,3,False,Completed
R002461,E03666,2024_H1,2024-06-15,3,4,False,Completed
R002462,E03906,2024_H1,2024-06-15,2,3,False,Pending
R002463,E03447,2024_H1,2024-06-15,3,4,False,Completed
R002464,E01327,2024_H1,2024-06-15,5,2,False,Completed
R002465,E00770,2024_H1,2024-06-15,2,3,True,Completed
R002466,E01638,2024_H1,2024-06-15,4,3,False,Completed
R002467,E02434,2024_H1,2024-06-15,2,3,False,Completed
R002468,E01583,2024_H1,2024-06-15,4,3,False,Pending
R002469,E02761,2024_H1,2024-06-15,3,3,False,Completed
R002470,E04417,2024_H1,2024-06-15,3,3,False,Completed
R002471,E03576,2024_H1,2024-06-15,3,3,False,Completed
R002472,E04780,2024_H1,2024-06-15,2,3,False,Completed
R002473,E01137,2024_H1,2024-06-15,4,1,False,Completed
R002474,E02869,2024_H1,2024-06-15,4,4,True,Completed
R002475,E01450,2024_H1,2024-06-15,4,3,False,Completed
R002476,E01768,2024_H1,2024-06-15,4,3,False,Completed
R002477,E01892,2024_H1,2024-06-15,3,3,False,Completed
R002478,E03345,2024_H1,2024-06-15,5,4,False,Completed
R002479,E03479,2024_H1,2024-06-15,5,5,False,Pending
R002480,E01794,2024_H1,2024-06-15,4,4,True,Completed
R002481,E02414,2024_H1,2024-06-15,3,2,False,Completed
R002482,E00522,2024_H1,2024-06-15,4,5,True,Completed
R002483,E02584,2024_H1,2024-06-15,4,3,False,Completed
R002484,E00838,2024_H1,2024-06-15,4,4,False,Completed
R002485,E00193,2024_H1,2024-06-15,5,4,False,Completed
R002486,E03526,2024_H1,2024-06-15,2,4,False,Completed
R002487,E02500,2024_H1,2024-06-15,3,3,False,Completed
R002488,E00797,2024_H1,2024-06-15,3,2,False,Completed
R002489,E01068,2024_H1,2024-06-15,5,3,False,Pending
R002490,E04749,2024_H1,2024-06-15,3,3,False,Completed
R002491,E02402,2024_H1,2024-06-15,3,3,False,Completed
R002492,E00948,2024_H1,2024-06-15,3,2,False,Pending
R002493,E01500,2024_H1,2024-06-15,3,3,False,Pending
R002494,E03053,2024_H1,2024-06-15,5,4,False,Pending
R002495,E04540,2024_H1,2024-06-15,2,2,True,Completed
R002496,E01668,2024_H1,2024-06-15,3,3,False,Completed
R002497,E01153,2024_H1,2024-06-15,3,4,False,Completed
R002498,E03798,2024_H1,2024-06-15,3,2,False,Completed
R002499,E01446,2024_H1,2024-06-15,4,3,True,Completed
R002500,E01676,2024_H1,2024-06-15,5,3,False,Completed
R002501,E03742,2024_H2,2024-12-15,3,4,False,Completed
R002502,E02840,2024_H2,2024-12-15,3,3,False,Completed
R002503,E01894,2024_H2,2024-12-15,3,3,False,Completed
R002504,E00613,2024_H2,2024-12-15,4,3,False,Completed
R002505,E02941,2024_H2,2024-12-15,3,3,False,Completed
R002506,E00760,2024_H2,2024-12-15,3,3,False,Completed
R002507,E00579,2024_H2,2024-12-15,3,5,False,Cancelled
R002508,E03916,2024_H2,2024-12-15,3,3,False,Completed
R002509,E01250,2024_H2,2024-12-15,4,3,False,Completed
R002510,E00490,2024_H2,2024-12-15,3,2,False,Completed
R002511,E00027,2024_H2,2024-12-15,3,3,False,Completed
R002512,E03823,2024_H2,2024-12-15,2,5,False,Completed
R002513,E03566,2024_H2,2024-12-15,2,3,False,Completed
R002514,E04490,2024_H2,2024-12-15,4,4,False,Pending
R002515,E03011,2024_H2,2024-12-15,4,3,True,Completed
R002516,E01466,2024_H2,2024-12-15,2,3,False,Completed
R002517,E04168,2024_H2,2024-12-15,4,3,False,Completed
R002518,E00944,2024_H2,2024-12-15,5,2,False,Completed
R002519,E00290,2024_H2,2024-12-15,3,1,False,Completed
R002520,E00297,2024_H2,2024-12-15,4,3,False,Completed
R002521,E03073,2024_H2,2024-12-15,3,4,False,Completed
R002522,E00425,2024_H2,2024-12-15,3,3,False,Completed
R002523,E01071,2024_H2,2024-12-15,3,4,False,Cancelled
R002524,E00987,2024_H2,2024-12-15,1,3,False,Completed
R002525,E03131,2024_H2,2024-12-15,3,2,False,Completed
R002526,E01288,2024_H2,2024-12-15,3,4,False,Completed
R002527,E02989,2024_H2,2024-12-15,4,5,False,Completed
R002528,E00167,2024_H2,2024-12-15,3,3,False,Completed
R002529,E03395,2024_H2,2024-12-15,2,3,False,Pending
R002530,E01489,2024_H2,2024-12-15,3,3,False,Completed
R002531,E00839,2024_H2,2024-12-15,4,3,False,Completed
R002532,E00516,2024_H2,2024-12-15,2,2,False,Completed
R002533,E00127,2024_H2,2024-12-15,4,3,False,Completed
R002534,E03632,2024_H2,2024-12-15,1,3,False,Completed
R002535,E01080,2024_H2,2024-12-15,3,2,False,Completed
R002536,E04177,2024_H2,2024-12-15,4,3,False,Completed
R002537,E03783,2024_H2,2024-12-15,3,3,False,Completed
R002538,E04832,2024_H2,2024-12-15,4,3,False,Pending
R002539,E04507,2024_H2,2024-12-15,3,3,False,Completed
R002540,E00518,2024_H2,2024-12-15,3,5,True,Completed
R002541,E03107,2024_H2,2024-12-15,4,3,False,Completed
R002542,E02103,2024_H2,2024-12-15,4,5,False,Completed
R002543,E00979,2024_H2,2024-12-15,3,4,False,Completed
R002544,E01233,2024_H2,2024-12-15,2,3,False,Cancelled
R002545,E02777,2024_H2,2024-12-15,2,2,False,Completed
R002546,E04809,2024_H2,2024-12-15,4,2,False,Completed
R002547,E02215,2024_H2,2024-12-15,4,3,False,Pending
R002548,E01334,2024_H2,2024-12-15,4,4,False,Completed
R002549,E01427,2024_H2,2024-12-15,4,5,True,Completed
R002550,E03097,2024_H2,2024-12-15,4,2,False,Completed
R002551,E04799,2024_H2,2024-12-15,3,3,False,Completed
R002552,E03524,2024_H2,2024-12-15,3,2,False,Completed
R002553,E00833,2024_H2,2024-12-15,2,3,False,Completed
R002554,E03618,2024_H2,2024-12-15,4,3,False,Completed
R002555,E03730,2024_H2,2024-12-15,2,3,False,Completed
R002556,E04984,2024_H2,2024-12-15,2,4,True,Completed
R002557,E01868,2024_H2,2024-12-15,3,4,False,Completed
R002558,E04660,2024_H2,2024-12-15,4,4,False,Completed
R002559,E01197,2024_H2,2024-12-15,4,2,False,Completed
R002560,E02369,2024_H2,2024-12-15,3,4,False,Completed
R002561,E00992,2024_H2,2024-12-15,3,3,False,Completed
R002562,E04449,2024_H2,2024-12-15,5,3,False,Pending
R002563,E00267,2024_H2,2024-12-15,4,2,False,Completed
R002564,E00901,2024_H2,2024-12-15,3,3,False,Completed
R002565,E01986,2024_H2,2024-12-15,4,5,False,Completed
R002566,E00780,2024_H2,2024-12-15,1,3,False,Completed
R002567,E00894,2024_H2,2024-12-15,5,2,False,Completed
R002568,E04728,2024_H2,2024-12-15,5,2,False,Completed
R002569,E03230,2024_H2,2024-12-15,3,4,False,Completed
R002570,E03780,2024_H2,2024-12-15,4,3,False,Pending
R002571,E00957,2024_H2,2024-12-15,3,1,False,Completed
R002572,E01627,2024_H2,2024-12-15,5,2,False,Completed
R002573,E01399,2024_H2,2024-12-15,2,4,False,Completed
R002574,E00757,2024_H2,2024-12-15,3,3,False,Completed
R002575,E00456,2024_H2,2024-12-15,5,4,True,Completed
R002576,E03007,2024_H2,2024-12-15,3,3,False,Completed
R002577,E02685,2024_H2,2024-12-15,3,3,False,Completed
R002578,E02513,2024_H2,2024-12-15,4,3,False,Completed
R002579,E04342,2024_H2,2024-12-15,4,2,False,Completed
R002580,E03896,2024_H2,2024-12-15,2,3,False,Completed
R002581,E02765,2024_H2,2024-12-15,3,4,False,Pending
R002582,E00058,2024_H2,2024-12-15,3,3,False,Completed
R002583,E03178,2024_H2,2024-12-15,3,2,False,Pending
R002584,E03418,2024_H2,2024-12-15,2,4,True,Completed
R002585,E00449,2024_H2,2024-12-15,3,4,False,Completed
R002586,E01705,2024_H2,2024-12-15,3,3,False,Completed
R002587,E04655,2024_H2,2024-12-15,4,4,False,Completed
R002588,E01886,2024_H2,2024-12-15,4,3,False,Completed
R002589,E01559,2024_H2,2024-12-15,2,5,False,Completed
R002590,E01574,2024_H2,2024-12-15,1,2,False,Completed
R002591,E03871,2024_H2,2024-12-15,3,3,False,Completed
R002592,E04271,2024_H2,2024-12-15,4,3,False,Completed
R002593,E04940,2024_H2,2024-12-15,3,2,False,Completed
R002594,E04681,2024_H2,2024-12-15,4,3,True,Completed
R002595,E01813,2024_H2,2024-12-15,4,4,False,Completed
R002596,E03257,2024_H2,2024-12-15,3,3,False,Completed
R002597,E00365,2024_H2,2024-12-15,3,4,False,Completed
R002598,E04724,2024_H2,2024-12-15,1,4,False,Completed
R002599,E02447,2024_H2,2024-12-15,4,3,False,Completed
R002600,E01773,2024_H2,2024-12-15,3,5,False,Completed
R002601,E01519,2024_H2,2024-12-15,5,2,False,Completed
R002602,E02571,2024_H2,2024-12-15,4,4,False,Pending
R002603,E03423,2024_H2,2024-12-15,3,4,False,Completed
R002604,E00186,2024_H2,2024-12-15,1,4,False,Completed
R002605,E02228,2024_H2,2024-12-15,4,4,False,Completed
R002606,E03269,2024_H2,2024-12-15,3,3,True,Completed
R002607,E03417,2024_H2,2024-12-15,3,4,False,Completed
R002608,E02817,2024_H2,2024-12-15,3,3,False,Completed
R002609,E03663,2024_H2,2024-12-15,2,3,False,Pending
R002610,E03523,2024_H2,2024-12-15,5,3,False,Pending
R002611,E02818,2024_H2,2024-12-15,4,3,False,Completed
R002612,E00509,2024_H2,2024-12-15,3,3,False,Completed
R002613,E00820,2024_H2,2024-12-15,3,4,False,Completed
R002614,E01853,2024_H2,2024-12-15,4,2,False,Completed
R002615,E00098,2024_H2,2024-12-15,1,5,False,Pending
R002616,E00339,2024_H2,2024-12-15,3,2,False,Cancelled
R002617,E01751,2024_H2,2024-12-15,3,4,False,Completed
R002618,E03533,2024_H2,2024-12-15,4,3,False,Pending
R002619,E02189,2024_H2,2024-12-15,1,4,False,Pending
R002620,E02147,2024_H2,2024-12-15,3,3,False,Completed
R002621,E02621,2024_H2,2024-12-15,2,3,False,Completed
R002622,E00465,2024_H2,2024-12-15,3,5,False,Completed
R002623,E03729,2024_H2,2024-12-15,3,3,False,Completed
R002624,E04113,2024_H2,2024-12-15,3,4,False,Completed
R002625,E03958,2024_H2,2024-12-15,4,3,False,Completed
R002626,E01321,2024_H2,2024-12-15,3,2,False,Completed
R002627,E04024,2024_H2,2024-12-15,5,4,True,Completed
R002628,E02088,2024_H2,2024-12-15,3,3,False,Completed
R002629,E00046,2024_H2,2024-12-15,4,3,False,Pending
R002630,E04784,2024_H2,2024-12-15,4,3,True,Completed
R002631,E04260,2024_H2,2024-12-15,5,3,False,Completed
R002632,E03037,2024_H2,2024-12-15,5,3,False,Completed
R002633,E02843,2024_H2,2024-12-15,3,3,False,Completed
R002634,E04553,2024_H2,2024-12-15,3,4,True,Pending
R002635,E01736,2024_H2,2024-12-15,3,4,False,Completed
R002636,E00927,2024_H2,2024-12-15,3,2,False,Completed
R002637,E01523,2024_H2,2024-12-15,4,4,False,Completed
R002638,E01831,2024_H2,2024-12-15,3,3,False,Completed
R002639,E00801,2024_H2,2024-12-15,3,2,False,Completed
R002640,E03665,2024_H2,2024-12-15,3,3,False,Completed
R002641,E04579,2024_H2,2024-12-15,4,2,False,Completed
R002642,E04074,2024_H2,2024-12-15,2,4,False,Completed
R002643,E04110,2024_H2,2024-12-15,4,3,False,Completed
R002644,E02484,2024_H2,2024-12-15,3,3,False,Completed
R002645,E01446,2024_H2,2024-12-15,3,3,False,Completed
R002646,E04948,2024_H2,2024-12-15,4,4,False,Completed
R002647,E04225,2024_H2,2024-12-15,4,3,False,Completed
R002648,E03389,2024_H2,2024-12-15,3,3,False,Completed
R002649,E03531,2024_H2,2024-12-15,3,5,False,Completed
R002650,E00664,2024_H2,2024-12-15,3,3,False,Completed
R002651,E04062,2024_H2,2024-12-15,1,5,False,Cancelled
R002652,E00560,2024_H2,2024-12-15,4,2,False,Completed
R002653,E04333,2024_H2,2024-12-15,4,2,False,Completed
R002654,E02574,2024_H2,2024-12-15,3,5,False,Completed
R002655,E03236,2024_H2,2024-12-15,4,4,False,Completed
R002656,E01516,2024_H2,2024-12-15,3,5,False,Completed
R002657,E04629,2024_H2,2024-12-15,3,3,False,Completed
R002658,E03721,2024_H2,2024-12-15,3,3,False,Completed
R002659,E03279,2024_H2,2024-12-15,3,4,False,Completed
R002660,E00865,2024_H2,2024-12-15,3,2,True,Completed
R002661,E02816,2024_H2,2024-12-15,2,5,False,Completed
R002662,E00915,2024_H2,2024-12-15,3,3,False,Pending
R002663,E00976,2024_H2,2024-12-15,1,4,False,Completed
R002664,E04670,2024_H2,2024-12-15,4,2,False,Completed
R002665,E01764,2024_H2,2024-12-15,3,3,False,Completed
R002666,E04277,2024_H2,2024-12-15,5,4,False,Completed
R002667,E02529,2024_H2,2024-12-15,2,2,False,Completed
R002668,E03529,2024_H2,2024-12-15,3,4,False,Pending
R002669,E00356,2024_H2,2024-12-15,3,5,False,Completed
R002670,E00155,2024_H2,2024-12-15,4,3,False,Completed
R002671,E04539,2024_H2,2024-12-15,3,3,False,Completed
R002672,E03696,2024_H2,2024-12-15,3,1,False,Completed
R002673,E01426,2024_H2,2024-12-15,5,3,False,Completed
R002674,E02264,2024_H2,2024-12-15,4,2,False,Completed
R002675,E03361,2024_H2,2024-12-15,4,2,True,Completed
R002676,E02891,2024_H2,2024-12-15,4,1,False,Cancelled
R002677,E03557,2024_H2,2024-12-15,5,5,False,Pending
R002678,E04914,2024_H2,2024-12-15,2,2,False,Completed
R002679,E03159,2024_H2,2024-12-15,3,2,False,Cancelled
R002680,E02679,2024_H2,2024-12-15,3,3,False,Completed
R002681,E02873,2024_H2,2024-12-15,3,3,False,Completed
R002682,E00503,2024_H2,2024-12-15,4,2,False,Pending
R002683,E02107,2024_H2,2024-12-15,4,5,True,Completed
R002684,E00162,2024_H2,2024-12-15,3,4,False,Pending
R002685,E00427,2024_H2,2024-12-15,3,3,False,Pending
R002686,E00635,2024_H2,2024-12-15,5,3,False,Completed
R002687,E01474,2024_H2,2024-12-15,3,2,False,Pending
R002688,E04115,2024_H2,2024-12-15,3,2,False,Completed
R002689,E04243,2024_H2,2024-12-15,3,3,False,Completed
R002690,E04544,2024_H2,2024-12-15,5,3,False,Cancelled
R002691,E00467,2024_H2,2024-12-15,4,4,False,Completed
R002692,E01760,2024_H2,2024-12-15,5,5,True,Pending
R002693,E04542,2024_H2,2024-12-15,4,2,False,Pending
R002694,E01716,2024_H2,2024-12-15,3,3,False,Completed
R002695,E03989,2024_H2,2024-12-15,3,2,False,Completed
R002696,E00974,2024_H2,2024-12-15,4,4,False,Completed
R002697,E04008,2024_H2,2024-12-15,1,1,False,Completed
R002698,E00788,2024_H2,2024-12-15,2,4,False,Completed
R002699,E04336,2024_H2,2024-12-15,3,3,False,Completed
R002700,E04737,2024_H2,2024-12-15,3,3,False,Completed
R002701,E03059,2024_H2,2024-12-15,4,4,False,Completed
R002702,E04092,2024_H2,2024-12-15,4,3,False,Completed
R002703,E00031,2024_H2,2024-12-15,3,3,False,Pending
R002704,E00786,2024_H2,2024-12-15,1,2,False,Pending
R002705,E01397,2024_H2,2024-12-15,4,2,True,Pending
R002706,E02669,2024_H2,2024-12-15,3,2,False,Completed
R002707,E01292,2024_H2,2024-12-15,3,3,False,Pending
R002708,E00320,2024_H2,2024-12-15,3,3,False,Completed
R002709,E04303,2024_H2,2024-12-15,2,4,False,Completed
R002710,E03008,2024_H2,2024-12-15,1,5,False,Cancelled
R002711,E00856,2024_H2,2024-12-15,3,4,False,Completed
R002712,E02821,2024_H2,2024-12-15,3,3,False,Completed
R002713,E04995,2024_H2,2024-12-15,1,2,False,Pending
R002714,E04644,2024_H2,2024-12-15,5,4,False,Completed
R002715,E04379,2024_H2,2024-12-15,3,3,False,Completed
R002716,E02313,2024_H2,2024-12-15,3,1,False,Completed
R002717,E00202,2024_H2,2024-12-15,4,3,False,Completed
R002718,E02589,2024_H2,2024-12-15,2,3,False,Completed
R002719,E00777,2024_H2,2024-12-15,2,3,False,Completed
R002720,E01386,2024_H2,2024-12-15,4,3,False,Completed
R002721,E01691,2024_H2,2024-12-15,2,5,True,Completed
R002722,E04802,2024_H2,2024-12-15,4,3,False,Completed
R002723,E01850,2024_H2,2024-12-15,4,3,False,Completed
R002724,E02905,2024_H2,2024-12-15,3,4,False,Completed
R002725,E01537,2024_H2,2024-12-15,3,4,True,Completed
R002726,E00766,2024_H2,2024-12-15,4,4,True,Completed
R002727,E03675,2024_H2,2024-12-15,2,3,False,Completed
R002728,E03628,2024_H2,2024-12-15,3,3,True,Completed
R002729,E04352,2024_H2,2024-12-15,3,4,True,Completed
R002730,E03938,2024_H2,2024-12-15,3,4,False,Completed
R002731,E01144,2024_H2,2024-12-15,4,2,False,Completed
R002732,E01948,2024_H2,2024-12-15,2,2,False,Completed
R002733,E02344,2024_H2,2024-12-15,4,5,False,Completed
R002734,E00677,2024_H2,2024-12-15,4,5,False,Completed
R002735,E04852,2024_H2,2024-12-15,3,3,True,Cancelled
R002736,E01209,2024_H2,2024-12-15,2,4,False,Completed
R002737,E00804,2024_H2,2024-12-15,3,3,False,Completed
R002738,E04798,2024_H2,2024-12-15,4,4,True,Completed
R002739,E03573,2024_H2,2024-12-15,3,4,True,Completed
R002740,E04505,2024_H2,2024-12-15,4,3,True,Completed
R002741,E04047,2024_H2,2024-12-15,3,3,False,Completed
R002742,E04137,2024_H2,2024-12-15,2,5,False,Completed
R002743,E01967,2024_H2,2024-12-15,2,5,False,Completed
R002744,E01121,2024_H2,2024-12-15,1,3,False,Completed
R002745,E04016,2024_H2,2024-12-15,5,3,False,Completed
R002746,E02076,2024_H2,2024-12-15,4,4,False,Completed
R002747,E01734,2024_H2,2024-12-15,4,2,True,Completed
R002748,E00997,2024_H2,2024-12-15,3,4,False,Pending
R002749,E01069,2024_H2,2024-12-15,3,3,True,Completed
R002750,E00962,2024_H2,2024-12-15,4,3,False,Completed
R002751,E04667,2024_H2,2024-12-15,3,2,False,Completed
R002752,E02864,2024_H2,2024-12-15,3,5,False,Completed
R002753,E03227,2024_H2,2024-12-15,5,2,False,Pending
R002754,E01611,2024_H2,2024-12-15,4,2,False,Completed
R002755,E01959,2024_H2,2024-12-15,4,4,True,Cancelled
R002756,E04811,2024_H2,2024-12-15,2,5,False,Completed
R002757,E00315,2024_H2,2024-12-15,1,3,False,Pending
R002758,E02062,2024_H2,2024-12-15,3,4,True,Completed
R002759,E02319,2024_H2,2024-12-15,3,2,False,Completed
R002760,E03398,2024_H2,2024-12-15,5,3,False,Completed
R002761,E04593,2024_H2,2024-12-15,3,4,False,Completed
R002762,E03790,2024_H2,2024-12-15,3,3,False,Completed
R002763,E02752,2024_H2,2024-12-15,4,2,False,Completed
R002764,E02963,2024_H2,2024-12-15,3,3,False,Completed
R002765,E03604,2024_H2,2024-12-15,1,3,False,Pending
R002766,E00317,2024_H2,2024-12-15,2,3,False,Completed
R002767,E04689,2024_H2,2024-12-15,4,3,False,Cancelled
R002768,E01280,2024_H2,2024-12-15,4,3,False,Completed
R002769,E00827,2024_H2,2024-12-15,3,4,False,Completed
R002770,E02846,2024_H2,2024-12-15,3,3,False,Completed
R002771,E00536,2024_H2,2024-12-15,4,4,False,Pending
R002772,E00389,2024_H2,2024-12-15,3,2,False,Pending
R002773,E01793,2024_H2,2024-12-15,3,5,False,Completed
R002774,E00876,2024_H2,2024-12-15,4,4,False,Completed
R002775,E01139,2024_H2,2024-12-15,3,3,False,Completed
R002776,E02647,2024_H2,2024-12-15,3,5,False,Pending
R002777,E02463,2024_H2,2024-12-15,5,3,True,Completed
R002778,E03560,2024_H2,2024-12-15,5,1,False,Completed
R002779,E02804,2024_H2,2024-12-15,4,3,True,Completed
R002780,E00463,2024_H2,2024-12-15,3,3,False,Completed
R002781,E00295,2024_H2,2024-12-15,3,5,False,Completed
R002782,E01256,2024_H2,2024-12-15,3,5,False,Completed
R002783,E03367,2024_H2,2024-12-15,4,3,False,Completed
R002784,E04937,2024_H2,2024-12-15,5,3,False,Completed
R002785,E02388,2024_H2,2024-12-15,4,2,False,Completed
R002786,E01041,2024_H2,2024-12-15,5,3,False,Completed
R002787,E03286,2024_H2,2024-12-15,3,3,False,Completed
R002788,E04215,2024_H2,2024-12-15,4,3,False,Completed
R002789,E04378,2024_H2,2024-12-15,3,5,False,Completed
R002790,E04674,2024_H2,2024-12-15,5,3,False,Completed
R002791,E02101,2024_H2,2024-12-15,4,3,False,Completed
R002792,E00105,2024_H2,2024-12-15,3,3,False,Completed
R002793,E04466,2024_H2,2024-12-15,3,3,False,Completed
R002794,E03766,2024_H2,2024-12-15,3,4,True,Completed
R002795,E02906,2024_H2,2024-12-15,4,2,False,Completed
R002796,E02143,2024_H2,2024-12-15,3,4,False,Completed
R002797,E04718,2024_H2,2024-12-15,4,3,False,Completed
R002798,E04465,2024_H2,2024-12-15,3,3,False,Pending
R002799,E03133,2024_H2,2024-12-15,2,3,False,Completed
R002800,E02452,2024_H2,2024-12-15,3,4,False,Completed
R002801,E00563,2024_H2,2024-12-15,2,4,False,Completed
R002802,E02155,2024_H2,2024-12-15,2,1,False,Completed
R002803,E02117,2024_H2,2024-12-15,3,3,False,Pending
R002804,E04611,2024_H2,2024-12-15,4,1,True,Completed
R002805,E00228,2024_H2,2024-12-15,5,2,False,Pending
R002806,E01112,2024_H2,2024-12-15,2,5,False,Pending
R002807,E00661,2024_H2,2024-12-15,3,3,False,Completed
R002808,E01847,2024_H2,2024-12-15,3,5,False,Pending
R002809,E02869,2024_H2,2024-12-15,3,4,False,Cancelled
R002810,E03168,2024_H2,2024-12-15,3,3,False,Completed
R002811,E04783,2024_H2,2024-12-15,4,4,False,Completed
R002812,E02191,2024_H2,2024-12-15,4,4,False,Completed
R002813,E01870,2024_H2,2024-12-15,2,2,False,Completed
R002814,E02225,2024_H2,2024-12-15,4,3,False,Completed
R002815,E03304,2024_H2,2024-12-15,4,3,False,Completed
R002816,E01077,2024_H2,2024-12-15,3,3,False,Completed
R002817,E03190,2024_H2,2024-12-15,3,1,False,Completed
R002818,E01993,2024_H2,2024-12-15,3,5,False,Completed
R002819,E03172,2024_H2,2024-12-15,2,4,False,Completed
R002820,E00148,2024_H2,2024-12-15,3,4,False,Pending
R002821,E03667,2024_H2,2024-12-15,3,4,True,Completed
R002822,E03238,2024_H2,2024-12-15,3,3,False,Completed
R002823,E00583,2024_H2,2024-12-15,5,3,False,Completed
R002824,E03195,2024_H2,2024-12-15,3,2,False,Completed
R002825,E02053,2024_H2,2024-12-15,2,4,False,Cancelled
R002826,E04740,2024_H2,2024-12-15,3,3,False,Completed
R002827,E01545,2024_H2,2024-12-15,3,3,False,Completed
R002828,E01031,2024_H2,2024-12-15,4,2,False,Completed
R002829,E02170,2024_H2,2024-12-15,2,2,False,Completed
R002830,E00068,2024_H2,2024-12-15,4,3,False,Completed
R002831,E00182,2024_H2,2024-12-15,3,5,False,Completed
R002832,E02173,2024_H2,2024-12-15,4,4,False,Completed
R002833,E04979,2024_H2,2024-12-15,3,4,True,Pending
R002834,E04494,2024_H2,2024-12-15,4,2,False,Pending
R002835,E01511,2024_H2,2024-12-15,3,3,False,Cancelled
R002836,E03021,2024_H2,2024-12-15,4,3,False,Completed
R002837,E02098,2024_H2,2024-12-15,4,5,False,Pending
R002838,E02150,2024_H2,2024-12-15,4,4,False,Completed
R002839,E04541,2024_H2,2024-12-15,3,5,False,Completed
R002840,E01322,2024_H2,2024-12-15,3,4,False,Completed
R002841,E03077,2024_H2,2024-12-15,3,2,False,Pending
R002842,E01267,2024_H2,2024-12-15,3,2,False,Completed
R002843,E04355,2024_H2,2024-12-15,4,3,False,Completed
R002844,E03264,2024_H2,2024-12-15,5,3,False,Completed
R002845,E03852,2024_H2,2024-12-15,5,5,False,Completed
R002846,E02272,2024_H2,2024-12-15,3,2,False,Completed
R002847,E02709,2024_H2,2024-12-15,3,3,False,Completed
R002848,E03349,2024_H2,2024-12-15,2,5,False,Completed
R002849,E04175,2024_H2,2024-12-15,4,3,False,Pending
R002850,E03732,2024_H2,2024-12-15,3,4,False,Completed
R002851,E04587,2024_H2,2024-12-15,3,1,False,Completed
R002852,E00853,2024_H2,2024-12-15,2,3,False,Completed
R002853,E00640,2024_H2,2024-12-15,4,4,False,Completed
R002854,E00395,2024_H2,2024-12-15,3,3,False,Completed
R002855,E01410,2024_H2,2024-12-15,4,3,False,Completed
R002856,E01264,2024_H2,2024-12-15,3,3,False,Completed
R002857,E02219,2024_H2,2024-12-15,3,2,False,Completed
R002858,E01754,2024_H2,2024-12-15,4,1,False,Completed
R002859,E01767,2024_H2,2024-12-15,2,4,False,Completed
R002860,E02437,2024_H2,2024-12-15,5,3,False,Completed
R002861,E01246,2024_H2,2024-12-15,3,2,False,Completed
R002862,E00221,2024_H2,2024-12-15,3,3,False,Completed
R002863,E01664,2024_H2,2024-12-15,3,3,True,Completed
R002864,E03885,2024_H2,2024-12-15,3,4,False,Completed
R002865,E02515,2024_H2,2024-12-15,3,4,False,Cancelled
R002866,E02341,2024_H2,2024-12-15,5,4,False,Completed
R002867,E03350,2024_H2,2024-12-15,5,4,False,Completed
R002868,E01682,2024_H2,2024-12-15,3,2,False,Completed
R002869,E01150,2024_H2,2024-12-15,3,3,False,Completed
R002870,E01403,2024_H2,2024-12-15,4,3,False,Completed
R002871,E01525,2024_H2,2024-12-15,3,4,False,Completed
R002872,E01148,2024_H2,2024-12-15,3,4,False,Completed
R002873,E00922,2024_H2,2024-12-15,1,3,False,Completed
R002874,E04286,2024_H2,2024-12-15,5,4,False,Completed
R002875,E00393,2024_H2,2024-12-15,5,3,False,Completed
R002876,E03923,2024_H2,2024-12-15,3,3,False,Cancelled
R002877,E01704,2024_H2,2024-12-15,3,4,True,Completed
R002878,E01653,2024_H2,2024-12-15,4,5,False,Completed
R002879,E04928,2024_H2,2024-12-15,3,2,False,Completed
R002880,E03035,2024_H2,2024-12-15,1,3,False,Completed
R002881,E03748,2024_H2,2024-12-15,4,3,False,Pending
R002882,E02625,2024_H2,2024-12-15,4,4,False,Pending
R002883,E01401,2024_H2,2024-12-15,4,4,False,Completed
R002884,E04967,2024_H2,2024-12-15,3,4,False,Completed
R002885,E04939,2024_H2,2024-12-15,3,3,False,Completed
R002886,E00803,2024_H2,2024-12-15,3,5,False,Pending
R002887,E03930,2024_H2,2024-12-15,1,3,False,Completed
R002888,E04138,2024_H2,2024-12-15,1,5,False,Completed
R002889,E04241,2024_H2,2024-12-15,4,5,True,Completed
R002890,E03305,2024_H2,2024-12-15,2,4,False,Pending
R002891,E00553,2024_H2,2024-12-15,4,3,False,Completed
R002892,E00676,2024_H2,2024-12-15,3,2,False,Pending
R002893,E01417,2024_H2,2024-12-15,2,4,False,Completed
R002894,E01162,2024_H2,2024-12-15,3,3,False,Completed
R002895,E04294,2024_H2,2024-12-15,3,3,False,Completed
R002896,E03295,2024_H2,2024-12-15,3,1,False,Completed
R002897,E02791,2024_H2,2024-12-15,4,4,False,Completed
R002898,E04316,2024_H2,2024-12-15,3,2,False,Completed
R002899,E04663,2024_H2,2024-12-15,4,1,False,Completed
R002900,E03169,2024_H2,2024-12-15,3,2,False,Completed
R002901,E04388,2024_H2,2024-12-15,5,4,False,Completed
R002902,E00967,2024_H2,2024-12-15,3,4,True,Completed
R002903,E00401,2024_H2,2024-12-15,2,3,False,Completed
R002904,E02244,2024_H2,2024-12-15,3,4,True,Cancelled
R002905,E00772,2024_H2,2024-12-15,3,3,False,Completed
R002906,E00060,2024_H2,2024-12-15,2,4,False,Pending
R002907,E00708,2024_H2,2024-12-15,4,4,False,Completed
R002908,E03145,2024_H2,2024-12-15,3,3,False,Completed
R002909,E04501,2024_H2,2024-12-15,4,3,False,Pending
R002910,E02081,2024_H2,2024-12-15,3,2,False,Completed
R002911,E01282,2024_H2,2024-12-15,3,3,False,Completed
R002912,E00191,2024_H2,2024-12-15,2,3,False,Completed
R002913,E01536,2024_H2,2024-12-15,2,3,False,Pending
R002914,E00488,2024_H2,2024-12-15,3,4,False,Completed
R002915,E04208,2024_H2,2024-12-15,2,3,False,Pending
R002916,E03866,2024_H2,2024-12-15,3,5,True,Pending
R002917,E01416,2024_H2,2024-12-15,4,2,False,Completed
R002918,E00713,2024_H2,2024-12-15,3,2,False,Completed
R002919,E00817,2024_H2,2024-12-15,2,3,False,Completed
R002920,E00229,2024_H2,2024-12-15,4,3,True,Completed
R002921,E04756,2024_H2,2024-12-15,2,4,False,Completed
R002922,E01373,2024_H2,2024-12-15,1,4,False,Completed
R002923,E04523,2024_H2,2024-12-15,5,3,False,Pending
R002924,E03761,2024_H2,2024-12-15,3,3,False,Completed
R002925,E01494,2024_H2,2024-12-15,3,3,False,Pending
R002926,E02593,2024_H2,2024-12-15,4,3,False,Completed
R002927,E00135,2024_H2,2024-12-15,3,5,False,Completed
R002928,E01763,2024_H2,2024-12-15,4,2,False,Completed
R002929,E03206,2024_H2,2024-12-15,3,3,False,Completed
R002930,E02459,2024_H2,2024-12-15,5,4,True,Completed
R002931,E00141,2024_H2,2024-12-15,3,2,False,Completed
R002932,E04067,2024_H2,2024-12-15,3,3,False,Completed
R002933,E01620,2024_H2,2024-12-15,2,5,False,Completed
R002934,E02921,2024_H2,2024-12-15,5,3,True,Completed
R002935,E03394,2024_H2,2024-12-15,3,3,False,Completed
R002936,E02039,2024_H2,2024-12-15,3,2,False,Completed
R002937,E00529,2024_H2,2024-12-15,4,4,True,Completed
R002938,E04393,2024_H2,2024-12-15,2,4,True,Completed
R002939,E04951,2024_H2,2024-12-15,4,4,False,Completed
R002940,E01382,2024_H2,2024-12-15,4,4,False,Pending
R002941,E02470,2024_H2,2024-12-15,5,3,False,Completed
R002942,E02316,2024_H2,2024-12-15,3,5,False,Pending
R002943,E04545,2024_H2,2024-12-15,2,3,False,Completed
R002944,E03478,2024_H2,2024-12-15,3,4,False,Completed
R002945,E03337,2024_H2,2024-12-15,3,2,False,Completed
R002946,E01929,2024_H2,2024-12-15,3,2,False,Pending
R002947,E00064,2024_H2,2024-12-15,3,3,False,Completed
R002948,E01860,2024_H2,2024-12-15,4,3,False,Completed
R002949,E04657,2024_H2,2024-12-15,4,1,False,Pending
R002950,E02497,2024_H2,2024-12-15,2,5,True,Completed
R002951,E01097,2024_H2,2024-12-15,4,3,False,Completed
R002952,E03795,2024_H2,2024-12-15,4,1,False,Completed
R002953,E02858,2024_H2,2024-12-15,1,3,False,Completed
R002954,E00056,2024_H2,2024-12-15,4,2,False,Completed
R002955,E02448,2024_H2,2024-12-15,5,3,False,Completed
R002956,E04513,2024_H2,2024-12-15,4,3,False,Completed
R002957,E04447,2024_H2,2024-12-15,3,2,False,Completed
R002958,E03534,2024_H2,2024-12-15,4,4,False,Pending
R002959,E03792,2024_H2,2024-12-15,4,3,False,Pending
R002960,E04469,2024_H2,2024-12-15,3,3,False,Completed
R002961,E02535,2024_H2,2024-12-15,4,5,True,Completed
R002962,E01391,2024_H2,2024-12-15,4,5,True,Completed
R002963,E03714,2024_H2,2024-12-15,3,3,False,Pending
R002964,E03888,2024_H2,2024-12-15,4,4,False,Completed
R002965,E04622,2024_H2,2024-12-15,1,2,False,Completed
R002966,E04919,2024_H2,2024-12-15,2,4,False,Completed
R002967,E02078,2024_H2,2024-12-15,2,2,False,Completed
R002968,E04222,2024_H2,2024-12-15,4,1,False,Completed
R002969,E02738,2024_H2,2024-12-15,3,2,False,Completed
R002970,E04005,2024_H2,2024-12-15,3,2,False,Completed
R002971,E03461,2024_H2,2024-12-15,3,3,False,Completed
R002972,E01477,2024_H2,2024-12-15,4,3,False,Completed
R002973,E04904,2024_H2,2024-12-15,3,4,False,Completed
R002974,E04493,2024_H2,2024-12-15,2,3,False,Completed
R002975,E02280,2024_H2,2024-12-15,3,1,False,Completed
R002976,E01541,2024_H2,2024-12-15,3,4,False,Pending
R002977,E02545,2024_H2,2024-12-15,3,5,False,Completed
R002978,E00349,2024_H2,2024-12-15,4,3,False,Completed
R002979,E03416,2024_H2,2024-12-15,3,4,False,Completed
R002980,E04923,2024_H2,2024-12-15,4,2,False,Completed
R002981,E02415,2024_H2,2024-12-15,3,4,False,Completed
R002982,E04012,2024_H2,2024-12-15,4,3,False,Pending
R002983,E00844,2024_H2,2024-12-15,2,4,False,Completed
R002984,E00296,2024_H2,2024-12-15,3,3,False,Completed
R002985,E00023,2024_H2,2024-12-15,3,3,False,Pending
R002986,E04814,2024_H2,2024-12-15,4,4,False,Completed
R002987,E04485,2024_H2,2024-12-15,5,5,False,Completed
R002988,E00945,2024_H2,2024-12-15,2,1,False,Completed
R002989,E01084,2024_H2,2024-12-15,1,2,False,Completed
R002990,E00716,2024_H2,2024-12-15,3,3,True,Completed
R002991,E00982,2024_H2,2024-12-15,4,5,False,Completed
R002992,E02158,2024_H2,2024-12-15,2,5,True,Completed
R002993,E03293,2024_H2,2024-12-15,4,4,False,Completed
R002994,E00431,2024_H2,2024-12-15,5,2,False,Completed
R002995,E02422,2024_H2,2024-12-15,1,4,False,Completed
R002996,E04537,2024_H2,2024-12-15,3,3,False,Completed
R002997,E00588,2024_H2,2024-12-15,3,3,False,Completed
R002998,E02281,2024_H2,2024-12-15,3,1,False,Completed
R002999,E03859,2024_H2,2024-12-15,2,3,False,Completed
R003000,E03466,2024_H2,2024-12-15,1,3,False,Completed
R003001,E02924,2024_H2,2024-12-15,3,5,False,Pending
R003002,E01518,2024_H2,2024-12-15,2,1,False,Completed
R003003,E01390,2024_H2,2024-12-15,4,4,False,Pending
R003004,E02861,2024_H2,2024-12-15,4,3,False,Pending
R003005,E02135,2024_H2,2024-12-15,2,2,False,Pending
R003006,E00208,2024_H2,2024-12-15,4,3,False,Completed
R003007,E00081,2024_H2,2024-12-15,3,4,False,Completed
R003008,E03251,2024_H2,2024-12-15,3,5,False,Pending
R003009,E04661,2024_H2,2024-12-15,4,5,False,Pending
R003010,E00310,2024_H2,2024-12-15,4,4,False,Completed
R003011,E00095,2024_H2,2024-12-15,4,3,False,Completed
R003012,E00562,2024_H2,2024-12-15,3,3,False,Completed
R003013,E03778,2024_H2,2024-12-15,4,4,False,Pending
R003014,E01448,2024_H2,2024-12-15,3,3,False,Completed
R003015,E01843,2024_H2,2024-12-15,3,3,False,Completed
R003016,E02648,2024_H2,2024-12-15,3,3,True,Completed
R003017,E02627,2024_H2,2024-12-15,3,3,False,Completed
R003018,E00258,2024_H2,2024-12-15,4,3,False,Completed
R003019,E00385,2024_H2,2024-12-15,2,3,False,Completed
R003020,E03914,2024_H2,2024-12-15,3,3,False,Completed
R003021,E03654,2024_H2,2024-12-15,3,1,False,Completed
R003022,E01085,2024_H2,2024-12-15,3,2,False,Completed
R003023,E00158,2024_H2,2024-12-15,3,3,False,Completed
R003024,E04377,2024_H2,2024-12-15,4,3,False,Completed
R003025,E01126,2024_H2,2024-12-15,5,2,False,Pending
R003026,E01614,2024_H2,2024-12-15,3,5,False,Completed
R003027,E01900,2024_H2,2024-12-15,2,4,False,Completed
R003028,E01064,2024_H2,2024-12-15,4,2,True,Completed
R003029,E00243,2024_H2,2024-12-15,5,3,False,Completed
R003030,E02371,2024_H2,2024-12-15,3,5,False,Completed
R003031,E02190,2024_H2,2024-12-15,4,4,False,Completed
R003032,E00099,2024_H2,2024-12-15,5,5,False,Completed
R003033,E04321,2024_H2,2024-12-15,2,2,False,Pending
R003034,E00076,2024_H2,2024-12-15,3,4,False,Completed
R003035,E04907,2024_H2,2024-12-15,4,2,True,Completed
R003036,E01275,2024_H2,2024-12-15,3,3,False,Completed
R003037,E00869,2024_H2,2024-12-15,4,2,False,Completed
R003038,E04347,2024_H2,2024-12-15,4,4,False,Completed
R003039,E00939,2024_H2,2024-12-15,3,5,False,Completed
R003040,E02976,2024_H2,2024-12-15,4,3,False,Completed
R003041,E03281,2024_H2,2024-12-15,3,4,False,Completed
R003042,E01278,2024_H2,2024-12-15,4,2,False,Completed
R003043,E02509,2024_H2,2024-12-15,3,3,False,Completed
R003044,E01436,2024_H2,2024-12-15,3,3,False,Completed
R003045,E00680,2024_H2,2024-12-15,4,3,False,Completed
R003046,E04883,2024_H2,2024-12-15,3,2,False,Completed
R003047,E03101,2024_H2,2024-12-15,3,5,False,Cancelled
R003048,E01729,2024_H2,2024-12-15,5,3,False,Completed
R003049,E00473,2024_H2,2024-12-15,3,4,False,Completed
R003050,E00020,2024_H2,2024-12-15,3,4,False,Pending
R003051,E02113,2024_H2,2024-12-15,3,4,False,Completed
R003052,E00637,2024_H2,2024-12-15,5,3,False,Completed
R003053,E01184,2024_H2,2024-12-15,2,3,False,Cancelled
R003054,E02119,2024_H2,2024-12-15,1,2,False,Completed
R003055,E01738,2024_H2,2024-12-15,4,3,False,Pending
R003056,E02208,2024_H2,2024-12-15,3,3,False,Completed
R003057,E03486,2024_H2,2024-12-15,4,3,False,Completed
R003058,E03457,2024_H2,2024-12-15,3,2,False,Completed
R003059,E04647,2024_H2,2024-12-15,3,3,True,Completed
R003060,E03980,2024_H2,2024-12-15,1,4,False,Completed
R003061,E01273,2024_H2,2024-12-15,3,4,False,Completed
R003062,E02384,2024_H2,2024-12-15,4,2,False,Completed
R003063,E04602,2024_H2,2024-12-15,3,3,False,Completed
R003064,E02165,2024_H2,2024-12-15,4,3,False,Completed
R003065,E03500,2024_H2,2024-12-15,3,5,False,Completed
R003066,E04265,2024_H2,2024-12-15,2,3,False,Completed
R003067,E04403,2024_H2,2024-12-15,4,3,False,Pending
R003068,E03708,2024_H2,2024-12-15,4,3,False,Completed
R003069,E03924,2024_H2,2024-12-15,3,3,False,Cancelled
R003070,E00845,2024_H2,2024-12-15,4,2,True,Pending
R003071,E02780,2024_H2,2024-12-15,1,1,False,Completed
R003072,E02630,2024_H2,2024-12-15,4,5,False,Completed
R003073,E00773,2024_H2,2024-12-15,3,4,False,Completed
R003074,E01937,2024_H2,2024-12-15,5,4,True,Completed
R003075,E03791,2024_H2,2024-12-15,3,3,False,Completed
R003076,E04985,2024_H2,2024-12-15,3,5,False,Pending
R003077,E04124,2024_H2,2024-12-15,3,5,False,Completed
R003078,E01971,2024_H2,2024-12-15,3,4,False,Completed
R003079,E02012,2024_H2,2024-12-15,4,3,False,Completed
R003080,E02251,2024_H2,2024-12-15,2,3,False,Completed
R003081,E00130,2024_H2,2024-12-15,5,5,True,Completed
R003082,E00151,2024_H2,2024-12-15,4,3,False,Completed
R003083,E00732,2024_H2,2024-12-15,3,3,False,Completed
R003084,E04309,2024_H2,2024-12-15,2,5,False,Completed
R003085,E01777,2024_H2,2024-12-15,3,3,False,Completed
R003086,E03934,2024_H2,2024-12-15,4,2,False,Completed
R003087,E04569,2024_H2,2024-12-15,2,1,False,Completed
R003088,E04417,2024_H2,2024-12-15,2,3,False,Completed
R003089,E03091,2024_H2,2024-12-15,4,3,False,Pending
R003090,E04977,2024_H2,2024-12-15,5,2,False,Completed
R003091,E03106,2024_H2,2024-12-15,4,3,False,Completed
R003092,E02148,2024_H2,2024-12-15,2,3,False,Pending
R003093,E02246,2024_H2,2024-12-15,2,3,False,Completed
R003094,E00951,2024_H2,2024-12-15,4,1,False,Completed
R003095,E04664,2024_H2,2024-12-15,4,4,False,Completed
R003096,E04926,2024_H2,2024-12-15,3,4,False,Completed
R003097,E04721,2024_H2,2024-12-15,2,3,False,Completed
R003098,E00342,2024_H2,2024-12-15,5,3,False,Pending
R003099,E02712,2024_H2,2024-12-15,1,5,False,Completed
R003100,E00378,2024_H2,2024-12-15,2,2,False,Completed
R003101,E04427,2024_H2,2024-12-15,3,3,False,Completed
R003102,E02831,2024_H2,2024-12-15,3,2,False,Completed
R003103,E01429,2024_H2,2024-12-15,3,4,False,Completed
R003104,E02718,2024_H2,2024-12-15,5,3,False,Completed
R003105,E02442,2024_H2,2024-12-15,2,3,False,Completed
R003106,E04019,2024_H2,2024-12-15,4,2,False,Pending
R003107,E00124,2024_H2,2024-12-15,3,3,False,Pending
R003108,E03253,2024_H2,2024-12-15,2,3,False,Completed
R003109,E04256,2024_H2,2024-12-15,3,3,False,Completed
R003110,E00103,2024_H2,2024-12-15,4,3,False,Completed
R003111,E00891,2024_H2,2024-12-15,3,4,False,Completed
R003112,E01315,2024_H2,2024-12-15,3,3,False,Completed
R003113,E03918,2024_H2,2024-12-15,4,4,False,Cancelled
R003114,E02481,2024_H2,2024-12-15,3,5,True,Completed
R003115,E00073,2024_H2,2024-12-15,4,3,False,Completed
R003116,E00419,2024_H2,2024-12-15,3,2,False,Pending
R003117,E00265,2024_H2,2024-12-15,5,3,False,Completed
R003118,E00257,2024_H2,2024-12-15,3,2,False,Completed
R003119,E03105,2024_H2,2024-12-15,3,3,False,Pending
R003120,E02408,2024_H2,2024-12-15,5,2,True,Completed
R003121,E04305,2024_H2,2024-12-15,3,2,False,Completed
R003122,E00881,2024_H2,2024-12-15,4,4,False,Completed
R003123,E00372,2024_H2,2024-12-15,1,3,False,Completed
R003124,E01502,2024_H2,2024-12-15,3,3,False,Completed
R003125,E02602,2024_H2,2024-12-15,4,5,True,Completed
R003126,E03619,2024_H2,2024-12-15,3,4,False,Completed
R003127,E01027,2024_H2,2024-12-15,3,4,False,Completed
R003128,E04820,2024_H2,2024-12-15,3,4,True,Completed
R003129,E04217,2024_H2,2024-12-15,4,4,True,Completed
R003130,E04420,2024_H2,2024-12-15,2,3,False,Completed
R003131,E00986,2024_H2,2024-12-15,2,4,False,Completed
R003132,E02404,2024_H2,2024-12-15,2,3,False,Completed
R003133,E01128,2024_H2,2024-12-15,3,3,False,Completed
R003134,E04741,2024_H2,2024-12-15,3,2,False,Completed
R003135,E01969,2024_H2,2024-12-15,3,4,True,Pending
R003136,E02499,2024_H2,2024-12-15,2,3,False,Completed
R003137,E01475,2024_H2,2024-12-15,4,2,False,Completed
R003138,E01048,2024_H2,2024-12-15,3,3,False,Completed
R003139,E02888,2024_H2,2024-12-15,4,4,True,Completed
R003140,E01873,2024_H2,2024-12-15,4,3,False,Cancelled
R003141,E03390,2024_H2,2024-12-15,2,3,False,Completed
R003142,E03173,2024_H2,2024-12-15,5,4,False,Completed
R003143,E02396,2024_H2,2024-12-15,3,4,False,Completed
R003144,E04419,2024_H2,2024-12-15,3,3,False,Completed
R003145,E03520,2024_H2,2024-12-15,1,3,False,Completed
R003146,E03046,2024_H2,2024-12-15,3,5,False,Completed
R003147,E02276,2024_H2,2024-12-15,4,3,False,Pending
R003148,E03701,2024_H2,2024-12-15,3,3,False,Completed
R003149,E01534,2024_H2,2024-12-15,3,3,False,Completed
R003150,E00381,2024_H2,2024-12-15,4,4,False,Completed
R003151,E00017,2024_H2,2024-12-15,3,3,False,Completed
R003152,E04088,2024_H2,2024-12-15,1,4,False,Completed
R003153,E02503,2024_H2,2024-12-15,4,2,True,Completed
R003154,E02104,2024_H2,2024-12-15,5,4,False,Completed
R003155,E03853,2024_H2,2024-12-15,3,4,False,Completed
R003156,E01779,2024_H2,2024-12-15,4,5,False,Completed
R003157,E01172,2024_H2,2024-12-15,2,2,False,Completed
R003158,E04588,2024_H2,2024-12-15,3,3,False,Completed
R003159,E03720,2024_H2,2024-12-15,3,3,True,Completed
R003160,E03015,2024_H2,2024-12-15,3,4,True,Completed
R003161,E01055,2024_H2,2024-12-15,2,2,False,Completed
R003162,E01394,2024_H2,2024-12-15,3,5,False,Completed
R003163,E01294,2024_H2,2024-12-15,2,2,False,Completed
R003164,E01229,2024_H2,2024-12-15,1,4,False,Completed
R003165,E02083,2024_H2,2024-12-15,3,3,False,Completed
R003166,E00180,2024_H2,2024-12-15,1,3,False,Pending
R003167,E02886,2024_H2,2024-12-15,4,3,False,Completed
R003168,E02478,2024_H2,2024-12-15,3,5,False,Pending
R003169,E02490,2024_H2,2024-12-15,3,2,False,Completed
R003170,E00227,2024_H2,2024-12-15,3,2,False,Pending
R003171,E03031,2024_H2,2024-12-15,3,3,False,Completed
R003172,E03216,2024_H2,2024-12-15,3,3,False,Completed
R003173,E03084,2024_H2,2024-12-15,2,4,False,Completed
R003174,E04166,2024_H2,2024-12-15,4,4,False,Completed
R003175,E03577,2024_H2,2024-12-15,5,3,False,Completed
R003176,E03404,2024_H2,2024-12-15,2,2,False,Pending
R003177,E00285,2024_H2,2024-12-15,3,1,False,Completed
R003178,E01133,2024_H2,2024-12-15,3,3,True,Cancelled
R003179,E02429,2024_H2,2024-12-15,3,5,False,Pending
R003180,E02283,2024_H2,2024-12-15,4,4,False,Completed
R003181,E01883,2024_H2,2024-12-15,3,3,False,Pending
R003182,E01864,2024_H2,2024-12-15,4,5,False,Completed
R003183,E03120,2024_H2,2024-12-15,2,1,False,Completed
R003184,E01207,2024_H2,2024-12-15,3,3,False,Completed
R003185,E00433,2024_H2,2024-12-15,4,4,False,Completed
R003186,E04775,2024_H2,2024-12-15,2,4,False,Completed
R003187,E01529,2024_H2,2024-12-15,3,3,False,Completed
R003188,E00703,2024_H2,2024-12-15,3,2,False,Cancelled
R003189,E01586,2024_H2,2024-12-15,2,3,False,Completed
R003190,E02094,2024_H2,2024-12-15,5,3,False,Completed
R003191,E01056,2024_H2,2024-12-15,3,4,True,Completed
R003192,E04934,2024_H2,2024-12-15,3,1,False,Completed
R003193,E03425,2024_H2,2024-12-15,3,3,False,Completed
R003194,E02947,2024_H2,2024-12-15,3,2,False,Completed
R003195,E04423,2024_H2,2024-12-15,2,3,False,Completed
R003196,E03358,2024_H2,2024-12-15,3,4,False,Pending
R003197,E02927,2024_H2,2024-12-15,3,2,False,Pending
R003198,E02852,2024_H2,2024-12-15,2,4,False,Completed
R003199,E02089,2024_H2,2024-12-15,3,2,False,Completed
R003200,E04234,2024_H2,2024-12-15,5,4,False,Completed
R003201,E00322,2024_H2,2024-12-15,3,5,True,Completed
R003202,E03678,2024_H2,2024-12-15,2,3,False,Completed
R003203,E02534,2024_H2,2024-12-15,3,2,False,Completed
R003204,E03709,2024_H2,2024-12-15,2,1,False,Pending
R003205,E03763,2024_H2,2024-12-15,4,4,False,Completed
R003206,E04184,2024_H2,2024-12-15,5,3,False,Completed
R003207,E02760,2024_H2,2024-12-15,5,1,False,Completed
R003208,E03648,2024_H2,2024-12-15,4,5,True,Completed
R003209,E00814,2024_H2,2024-12-15,3,3,False,Completed
R003210,E03881,2024_H2,2024-12-15,3,4,False,Completed
R003211,E00028,2024_H2,2024-12-15,3,4,False,Completed
R003212,E02782,2024_H2,2024-12-15,3,3,False,Pending
R003213,E04042,2024_H2,2024-12-15,3,3,False,Completed
R003214,E03629,2024_H2,2024-12-15,3,4,False,Completed
R003215,E02961,2024_H2,2024-12-15,3,3,False,Completed
R003216,E00783,2024_H2,2024-12-15,2,3,False,Completed
R003217,E04736,2024_H2,2024-12-15,3,5,False,Completed
R003218,E03726,2024_H2,2024-12-15,4,2,False,Completed
R003219,E00733,2024_H2,2024-12-15,4,4,True,Completed
R003220,E02273,2024_H2,2024-12-15,1,2,False,Completed
R003221,E03968,2024_H2,2024-12-15,4,5,False,Completed
R003222,E03222,2024_H2,2024-12-15,3,4,False,Pending
R003223,E00119,2024_H2,2024-12-15,3,3,False,Completed
R003224,E01175,2024_H2,2024-12-15,3,3,False,Cancelled
R003225,E04103,2024_H2,2024-12-15,3,3,False,Completed
R003226,E04837,2024_H2,2024-12-15,3,3,False,Completed
R003227,E00538,2024_H2,2024-12-15,1,4,False,Completed
R003228,E00436,2024_H2,2024-12-15,3,2,False,Completed
R003229,E02390,2024_H2,2024-12-15,3,3,False,Completed
R003230,E01684,2024_H2,2024-12-15,2,4,False,Cancelled
R003231,E01006,2024_H2,2024-12-15,4,3,True,Completed
R003232,E04461,2024_H2,2024-12-15,1,2,False,Completed
R003233,E00896,2024_H2,2024-12-15,3,4,False,Completed
R003234,E00391,2024_H2,2024-12-15,4,4,True,Completed
R003235,E01079,2024_H2,2024-12-15,3,3,False,Completed
R003236,E01350,2024_H2,2024-12-15,3,3,False,Completed
R003237,E00872,2024_H2,2024-12-15,4,3,False,Pending
R003238,E04504,2024_H2,2024-12-15,3,5,True,Completed
R003239,E02351,2024_H2,2024-12-15,5,3,False,Completed
R003240,E03353,2024_H2,2024-12-15,2,2,False,Completed
R003241,E02926,2024_H2,2024-12-15,2,3,False,Completed
R003242,E00767,2024_H2,2024-12-15,5,3,True,Completed
R003243,E02698,2024_H2,2024-12-15,3,4,False,Pending
R003244,E04290,2024_H2,2024-12-15,4,3,False,Completed
R003245,E01947,2024_H2,2024-12-15,3,3,False,Completed
R003246,E00859,2024_H2,2024-12-15,3,2,False,Completed
R003247,E01115,2024_H2,2024-12-15,4,4,False,Completed
R003248,E04146,2024_H2,2024-12-15,1,5,False,Completed
R003249,E00796,2024_H2,2024-12-15,2,2,False,Completed
R003250,E02872,2024_H2,2024-12-15,3,3,False,Completed
R003251,E00806,2024_H2,2024-12-15,3,4,False,Completed
R003252,E00012,2024_H2,2024-12-15,3,2,False,Completed
R003253,E02335,2024_H2,2024-12-15,5,4,False,Completed
R003254,E01988,2024_H2,2024-12-15,3,4,False,Completed
R003255,E02417,2024_H2,2024-12-15,4,2,False,Completed
R003256,E03576,2024_H2,2024-12-15,3,3,False,Completed
R003257,E04696,2024_H2,2024-12-15,3,2,False,Completed
R003258,E03682,2024_H2,2024-12-15,2,2,False,Completed
R003259,E03940,2024_H2,2024-12-15,4,3,False,Cancelled
R003260,E02432,2024_H2,2024-12-15,4,2,False,Completed
R003261,E03086,2024_H2,2024-12-15,5,3,False,Pending
R003262,E02895,2024_H2,2024-12-15,2,3,False,Completed
R003263,E03554,2024_H2,2024-12-15,3,2,False,Completed
R003264,E02412,2024_H2,2024-12-15,3,2,False,Completed
R003265,E01821,2024_H2,2024-12-15,3,2,False,Completed
R003266,E02935,2024_H2,2024-12-15,2,2,False,Completed
R003267,E00420,2024_H2,2024-12-15,3,5,False,Completed
R003268,E04221,2024_H2,2024-12-15,3,2,False,Completed
R003269,E00308,2024_H2,2024-12-15,4,2,False,Completed
R003270,E00338,2024_H2,2024-12-15,3,3,True,Completed
R003271,E04341,2024_H2,2024-12-15,3,2,False,Cancelled
R003272,E00633,2024_H2,2024-12-15,3,3,False,Pending
R003273,E02140,2024_H2,2024-12-15,4,3,False,Pending
R003274,E00813,2024_H2,2024-12-15,3,4,False,Completed
R003275,E04917,2024_H2,2024-12-15,3,4,False,Completed
R003276,E00942,2024_H2,2024-12-15,3,2,False,Pending
R003277,E02262,2024_H2,2024-12-15,3,3,False,Completed
R003278,E02061,2024_H2,2024-12-15,3,4,False,Completed
R003279,E02949,2024_H2,2024-12-15,5,2,False,Pending
R003280,E03670,2024_H2,2024-12-15,2,2,False,Completed
R003281,E01656,2024_H2,2024-12-15,4,3,True,Completed
R003282,E00353,2024_H2,2024-12-15,4,3,False,Completed
R003283,E01039,2024_H2,2024-12-15,2,2,False,Completed
R003284,E04830,2024_H2,2024-12-15,3,3,True,Completed
R003285,E04605,2024_H2,2024-12-15,3,1,False,Completed
R003286,E00589,2024_H2,2024-12-15,3,4,False,Completed
R003287,E02662,2024_H2,2024-12-15,3,1,False,Completed
R003288,E01666,2024_H2,2024-12-15,4,5,False,Completed
R003289,E03419,2024_H2,2024-12-15,3,3,False,Pending
R003290,E00534,2024_H2,2024-12-15,3,5,False,Pending
R003291,E02229,2024_H2,2024-12-15,2,2,False,Completed
R003292,E03815,2024_H2,2024-12-15,3,3,False,Completed
R003293,E01123,2024_H2,2024-12-15,4,3,False,Pending
R003294,E02451,2024_H2,2024-12-15,2,2,False,Completed
R003295,E03564,2024_H2,2024-12-15,3,2,False,Completed
R003296,E01370,2024_H2,2024-12-15,5,3,False,Completed
R003297,E04120,2024_H2,2024-12-15,5,3,False,Completed
R003298,E00163,2024_H2,2024-12-15,2,4,False,Pending
R003299,E03969,2024_H2,2024-12-15,3,2,False,Completed
R003300,E00524,2024_H2,2024-12-15,3,4,True,Completed
R003301,E02072,2024_H2,2024-12-15,4,4,False,Cancelled
R003302,E04224,2024_H2,2024-12-15,2,3,False,Completed
R003303,E01430,2024_H2,2024-12-15,3,3,False,Completed
R003304,E04604,2024_H2,2024-12-15,3,2,False,Completed
R003305,E04712,2024_H2,2024-12-15,3,3,False,Completed
R003306,E03944,2024_H2,2024-12-15,3,4,False,Completed
R003307,E00275,2024_H2,2024-12-15,4,5,False,Completed
R003308,E01925,2024_H2,2024-12-15,1,3,False,Cancelled
R003309,E01421,2024_H2,2024-12-15,3,2,False,Completed
R003310,E02695,2024_H2,2024-12-15,3,2,False,Pending
R003311,E01170,2024_H2,2024-12-15,3,2,False,Completed
R003312,E02333,2024_H2,2024-12-15,5,4,False,Completed
R003313,E03009,2024_H2,2024-12-15,2,4,False,Completed
R003314,E01741,2024_H2,2024-12-15,3,2,False,Completed
R003315,E00599,2024_H2,2024-12-15,4,4,False,Completed
R003316,E01871,2024_H2,2024-12-15,1,4,False,Completed
R003317,E03118,2024_H2,2024-12-15,2,2,False,Completed
R003318,E01393,2024_H2,2024-12-15,5,3,False,Completed
R003319,E01618,2024_H2,2024-12-15,3,3,False,Completed
R003320,E02144,2024_H2,2024-12-15,3,4,False,Completed
R003321,E01517,2024_H2,2024-12-15,2,4,False,Completed
R003322,E02610,2024_H2,2024-12-15,4,4,True,Completed
R003323,E01662,2024_H2,2024-12-15,3,3,True,Completed
R003324,E03519,2024_H2,2024-12-15,3,2,False,Completed
R003325,E03702,2024_H2,2024-12-15,3,3,False,Completed
R003326,E04950,2024_H2,2024-12-15,2,5,False,Completed
R003327,E00249,2024_H2,2024-12-15,1,4,False,Completed
R003328,E04279,2024_H2,2024-12-15,3,3,False,Pending
R003329,E00843,2024_H2,2024-12-15,3,4,True,Completed
R003330,E00581,2024_H2,2024-12-15,3,2,False,Completed
R003331,E01999,2024_H2,2024-12-15,5,4,False,Completed
R003332,E03988,2024_H2,2024-12-15,3,5,False,Pending
R003333,E00254,2024_H2,2024-12-15,2,3,False,Completed
R003334,E00224,2024_H2,2024-12-15,4,3,False,Completed
R003335,E04673,2024_H2,2024-12-15,4,4,False,Completed
R003336,E01992,2024_H2,2024-12-15,4,3,False,Completed
R003337,E03262,2024_H2,2024-12-15,2,1,False,Completed
R003338,E01217,2024_H2,2024-12-15,4,3,False,Completed
R003339,E00815,2024_H2,2024-12-15,5,2,True,Completed
R003340,E01202,2024_H2,2024-12-15,2,3,False,Completed
R003341,E02665,2024_H2,2024-12-15,3,3,False,Completed
R003342,E00471,2024_H2,2024-12-15,4,3,False,Completed
R003343,E02260,2024_H2,2024-12-15,4,3,False,Completed
R003344,E00482,2024_H2,2024-12-15,4,2,False,Completed
R003345,E01052,2024_H2,2024-12-15,3,4,True,Completed
R003346,E03134,2024_H2,2024-12-15,3,4,False,Completed
R003347,E03857,2024_H2,2024-12-15,5,4,False,Completed
R003348,E00739,2024_H2,2024-12-15,4,3,False,Completed
R003349,E00720,2024_H2,2024-12-15,3,4,False,Completed
R003350,E01631,2024_H2,2024-12-15,1,4,False,Completed
R003351,E03242,2024_H2,2024-12-15,3,3,False,Cancelled
R003352,E00666,2024_H2,2024-12-15,3,3,False,Completed
R003353,E04495,2024_H2,2024-12-15,2,2,False,Completed
R003354,E02934,2024_H2,2024-12-15,5,4,False,Completed
R003355,E00668,2024_H2,2024-12-15,4,3,False,Completed
R003356,E02139,2024_H2,2024-12-15,3,4,False,Completed
R003357,E02635,2024_H2,2024-12-15,3,3,False,Cancelled
R003358,E03255,2024_H2,2024-12-15,4,3,False,Pending
R003359,E04723,2024_H2,2024-12-15,2,2,False,Pending
R003360,E02776,2024_H2,2024-12-15,2,4,False,Completed
R003361,E01337,2024_H2,2024-12-15,3,3,False,Cancelled
R003362,E01739,2024_H2,2024-12-15,5,4,False,Completed
R003363,E00580,2024_H2,2024-12-15,2,3,False,Completed
R003364,E01659,2024_H2,2024-12-15,3,5,False,Pending
R003365,E04648,2024_H2,2024-12-15,3,3,False,Pending
R003366,E03550,2024_H2,2024-12-15,2,3,False,Completed
R003367,E03260,2024_H2,2024-12-15,5,3,False,Completed
R003368,E00376,2024_H2,2024-12-15,5,4,True,Completed
R003369,E02004,2024_H2,2024-12-15,3,4,False,Completed
R003370,E02120,2024_H2,2024-12-15,3,3,False,Completed
R003371,E02370,2024_H2,2024-12-15,4,5,False,Completed
R003372,E01348,2024_H2,2024-12-15,5,2,False,Completed
R003373,E00053,2024_H2,2024-12-15,5,3,False,Completed
R003374,E00667,2024_H2,2024-12-15,3,3,False,Pending
R003375,E01570,2024_H2,2024-12-15,2,5,False,Completed
R003376,E03739,2024_H2,2024-12-15,3,3,False,Completed
R003377,E04918,2024_H2,2024-12-15,3,5,False,Completed
R003378,E01687,2024_H2,2024-12-15,2,2,False,Pending
R003379,E03141,2024_H2,2024-12-15,5,5,True,Completed
R003380,E04887,2024_H2,2024-12-15,5,3,False,Completed
R003381,E02212,2024_H2,2024-12-15,2,3,True,Pending
R003382,E00920,2024_H2,2024-12-15,3,2,False,Completed
R003383,E00631,2024_H2,2024-12-15,4,2,False,Completed
R003384,E01832,2024_H2,2024-12-15,4,3,False,Completed
R003385,E04978,2024_H2,2024-12-15,4,1,False,Pending
R003386,E01717,2024_H2,2024-12-15,3,5,False,Completed
R003387,E04972,2024_H2,2024-12-15,1,2,False,Completed
R003388,E03953,2024_H2,2024-12-15,3,2,False,Pending
R003389,E04807,2024_H2,2024-12-15,3,4,False,Completed
R003390,E02564,2024_H2,2024-12-15,3,3,False,Completed
R003391,E03882,2024_H2,2024-12-15,1,3,False,Completed
R003392,E02480,2024_H2,2024-12-15,3,4,False,Completed
R003393,E03806,2024_H2,2024-12-15,4,3,False,Completed
R003394,E02650,2024_H2,2024-12-15,4,3,False,Pending
R003395,E02059,2024_H2,2024-12-15,4,3,False,Completed
R003396,E01828,2024_H2,2024-12-15,4,4,True,Completed
R003397,E00007,2024_H2,2024-12-15,4,3,False,Completed
R003398,E02505,2024_H2,2024-12-15,1,3,False,Completed
R003399,E03205,2024_H2,2024-12-15,2,3,False,Completed
R003400,E04594,2024_H2,2024-12-15,3,3,False,Completed
R003401,E04000,2024_H2,2024-12-15,5,2,False,Completed
R003402,E02440,2024_H2,2024-12-15,4,2,False,Completed
R003403,E01816,2024_H2,2024-12-15,3,4,False,Completed
R003404,E00345,2024_H2,2024-12-15,3,3,False,Completed
R003405,E02544,2024_H2,2024-12-15,3,2,False,Completed
R003406,E03818,2024_H2,2024-12-15,4,4,True,Completed
R003407,E01856,2024_H2,2024-12-15,5,4,False,Completed
R003408,E02812,2024_H2,2024-12-15,4,5,False,Completed
R003409,E04189,2024_H2,2024-12-15,3,3,False,Completed
R003410,E04944,2024_H2,2024-12-15,1,2,False,Completed
R003411,E03375,2024_H2,2024-12-15,3,3,False,Completed
R003412,E00092,2024_H2,2024-12-15,4,3,False,Completed
R003413,E01845,2024_H2,2024-12-15,3,5,True,Completed
R003414,E00457,2024_H2,2024-12-15,3,2,False,Completed
R003415,E04627,2024_H2,2024-12-15,5,4,False,Completed
R003416,E01799,2024_H2,2024-12-15,5,4,False,Completed
R003417,E03591,2024_H2,2024-12-15,4,3,False,Completed
R003418,E03144,2024_H2,2024-12-15,5,3,False,Completed
R003419,E02025,2024_H2,2024-12-15,3,5,False,Pending
R003420,E00489,2024_H2,2024-12-15,3,3,False,Completed
R003421,E04395,2024_H2,2024-12-15,2,2,True,Completed
R003422,E02670,2024_H2,2024-12-15,4,5,False,Completed
R003423,E04884,2024_H2,2024-12-15,4,1,False,Completed
R003424,E00187,2024_H2,2024-12-15,3,1,False,Pending
R003425,E03061,2024_H2,2024-12-15,3,3,False,Completed
R003426,E04540,2024_H2,2024-12-15,4,3,False,Completed
R003427,E04642,2024_H2,2024-12-15,4,3,False,Completed
R003428,E00013,2024_H2,2024-12-15,4,3,False,Pending
R003429,E04068,2024_H2,2024-12-15,3,4,False,Completed
R003430,E03787,2024_H2,2024-12-15,3,3,False,Completed
R003431,E03725,2024_H2,2024-12-15,3,4,False,Cancelled
R003432,E02050,2024_H2,2024-12-15,5,3,False,Completed
R003433,E04023,2024_H2,2024-12-15,3,5,False,Completed
R003434,E02612,2024_H2,2024-12-15,3,3,False,Completed
R003435,E04730,2024_H2,2024-12-15,4,4,False,Completed
R003436,E01203,2024_H2,2024-12-15,3,3,False,Completed
R003437,E02830,2024_H2,2024-12-15,3,3,False,Completed
R003438,E01556,2024_H2,2024-12-15,3,2,False,Completed
R003439,E02176,2024_H2,2024-12-15,3,2,False,Completed
R003440,E02405,2024_H2,2024-12-15,4,3,False,Completed
R003441,E02315,2024_H2,2024-12-15,5,4,False,Completed
R003442,E04585,2024_H2,2024-12-15,3,2,False,Completed
R003443,E02992,2024_H2,2024-12-15,3,5,False,Pending
R003444,E04470,2024_H2,2024-12-15,5,3,False,Pending
R003445,E02942,2024_H2,2024-12-15,3,2,False,Completed
R003446,E01078,2024_H2,2024-12-15,3,3,False,Completed
R003447,E02002,2024_H2,2024-12-15,3,5,False,Pending
R003448,E03750,2024_H2,2024-12-15,3,5,False,Completed
R003449,E00622,2024_H2,2024-12-15,3,5,False,Pending
R003450,E04828,2024_H2,2024-12-15,3,3,False,Pending
R003451,E02595,2024_H2,2024-12-15,3,3,False,Completed
R003452,E01230,2024_H2,2024-12-15,4,1,False,Completed
R003453,E03713,2024_H2,2024-12-15,5,3,False,Cancelled
R003454,E00656,2024_H2,2024-12-15,2,4,False,Cancelled
R003455,E04335,2024_H2,2024-12-15,3,3,False,Completed
R003456,E02391,2024_H2,2024-12-15,4,3,False,Completed
R003457,E02453,2024_H2,2024-12-15,4,4,True,Completed
R003458,E01790,2024_H2,2024-12-15,3,3,False,Completed
R003459,E04057,2024_H2,2024-12-15,5,5,False,Completed
R003460,E02137,2024_H2,2024-12-15,3,2,False,Completed
R003461,E04614,2024_H2,2024-12-15,3,2,False,Completed
R003462,E03115,2024_H2,2024-12-15,4,2,False,Completed
R003463,E03338,2024_H2,2024-12-15,5,4,False,Completed
R003464,E02592,2024_H2,2024-12-15,3,5,False,Completed
R003465,E04842,2024_H2,2024-12-15,2,4,False,Completed
R003466,E01755,2024_H2,2024-12-15,5,3,False,Completed
R003467,E01375,2024_H2,2024-12-15,3,3,False,Completed
R003468,E04889,2024_H2,2024-12-15,3,3,False,Completed
R003469,E03476,2024_H2,2024-12-15,3,3,True,Completed
R003470,E03762,2024_H2,2024-12-15,2,3,False,Pending
R003471,E00821,2024_H2,2024-12-15,4,5,False,Completed
R003472,E04595,2024_H2,2024-12-15,2,5,False,Completed
R003473,E04955,2024_H2,2024-12-15,3,3,False,Completed
R003474,E00749,2024_H2,2024-12-15,3,4,False,Completed
R003475,E04443,2024_H2,2024-12-15,3,3,False,Completed
R003476,E03706,2024_H2,2024-12-15,3,5,False,Completed
R003477,E02732,2024_H2,2024-12-15,3,3,False,Completed
R003478,E01602,2024_H2,2024-12-15,1,5,False,Cancelled
R003479,E01036,2024_H2,2024-12-15,3,4,False,Completed
R003480,E00507,2024_H2,2024-12-15,3,2,False,Completed
R003481,E04565,2024_H2,2024-12-15,3,2,False,Completed
R003482,E03198,2024_H2,2024-12-15,4,4,False,Completed
R003483,E04041,2024_H2,2024-12-15,4,3,False,Pending
R003484,E01681,2024_H2,2024-12-15,3,4,False,Completed
R003485,E03199,2024_H2,2024-12-15,4,2,False,Pending
R003486,E04774,2024_H2,2024-12-15,2,5,False,Completed
R003487,E03978,2024_H2,2024-12-15,3,3,False,Completed
R003488,E03424,2024_H2,2024-12-15,3,3,False,Completed
R003489,E04912,2024_H2,2024-12-15,4,4,True,Completed
R003490,E00230,2024_H2,2024-12-15,3,4,False,Completed
R003491,E02041,2024_H2,2024-12-15,2,2,False,Completed
R003492,E01220,2024_H2,2024-12-15,3,3,False,Completed
R003493,E04901,2024_H2,2024-12-15,3,3,False,Completed
R003494,E02911,2024_H2,2024-12-15,3,4,False,Completed
R003495,E01513,2024_H2,2024-12-15,5,2,False,Completed
R003496,E03646,2024_H2,2024-12-15,3,2,True,Completed
R003497,E03422,2024_H2,2024-12-15,3,3,False,Completed
R003498,E00832,2024_H2,2024-12-15,4,3,False,Completed
R003499,E04072,2024_H2,2024-12-15,4,4,False,Completed
R003500,E02116,2024_H2,2024-12-15,3,5,False,Completed
R003501,E02611,2024_H2,2024-12-15,3,4,False,Completed
R003502,E02134,2024_H2,2024-12-15,2,2,False,Completed
R003503,E01538,2024_H2,2024-12-15,2,3,False,Completed
R003504,E00573,2024_H2,2024-12-15,4,3,False,Completed
R003505,E02197,2024_H2,2024-12-15,5,4,False,Completed
R003506,E02126,2024_H2,2024-12-15,3,2,False,Pending
R003507,E01404,2024_H2,2024-12-15,3,5,False,Completed
R003508,E03254,2024_H2,2024-12-15,3,3,False,Completed
R003509,E01699,2024_H2,2024-12-15,2,4,True,Completed
R003510,E00169,2024_H2,2024-12-15,4,2,False,Completed
R003511,E02268,2024_H2,2024-12-15,4,2,False,Completed
R003512,E00402,2024_H2,2024-12-15,4,3,False,Completed
R003513,E02247,2024_H2,2024-12-15,4,4,False,Completed
R003514,E03556,2024_H2,2024-12-15,4,2,False,Completed
R003515,E04133,2024_H2,2024-12-15,3,3,False,Completed
R003516,E03437,2024_H2,2024-12-15,2,3,False,Completed
R003517,E04036,2024_H2,2024-12-15,5,1,False,Completed
R003518,E01731,2024_H2,2024-12-15,4,3,False,Completed
R003519,E03540,2024_H2,2024-12-15,2,5,False,Completed
R003520,E01794,2024_H2,2024-12-15,4,3,True,Completed
R003521,E02584,2024_H2,2024-12-15,4,4,True,Completed
R003522,E04679,2024_H2,2024-12-15,4,3,True,Completed
R003523,E03796,2024_H2,2024-12-15,3,3,False,Completed
R003524,E01465,2024_H2,2024-12-15,3,3,False,Completed
R003525,E01839,2024_H2,2024-12-15,4,3,False,Completed
R003526,E03568,2024_H2,2024-12-15,5,3,False,Completed
R003527,E03074,2024_H2,2024-12-15,3,3,False,Pending
R003528,E03189,2024_H2,2024-12-15,3,3,False,Completed
R003529,E00977,2024_H2,2024-12-15,2,3,False,Completed
R003530,E04289,2024_H2,2024-12-15,4,3,False,Completed
R003531,E03094,2024_H2,2024-12-15,2,4,False,Completed
R003532,E00434,2024_H2,2024-12-15,4,2,False,Pending
R003533,E02699,2024_H2,2024-12-15,4,4,False,Completed
R003534,E01117,2024_H2,2024-12-15,3,3,False,Completed
R003535,E00132,2024_H2,2024-12-15,4,2,False,Completed
R003536,E03357,2024_H2,2024-12-15,3,4,False,Completed
R003537,E03406,2024_H2,2024-12-15,3,2,False,Completed
R003538,E03965,2024_H2,2024-12-15,3,3,False,Completed
R003539,E03384,2024_H2,2024-12-15,2,5,False,Completed
R003540,E03006,2024_H2,2024-12-15,3,2,False,Completed
R003541,E00897,2024_H2,2024-12-15,2,1,False,Completed
R003542,E02774,2024_H2,2024-12-15,4,3,False,Completed
R003543,E03872,2024_H2,2024-12-15,3,3,False,Completed
R003544,E04974,2024_H2,2024-12-15,3,4,False,Completed
R003545,E02443,2024_H2,2024-12-15,3,5,True,Completed
R003546,E03166,2024_H2,2024-12-15,4,2,True,Completed
R003547,E00369,2024_H2,2024-12-15,4,3,False,Pending
R003548,E01060,2024_H2,2024-12-15,2,2,False,Pending
R003549,E02993,2024_H2,2024-12-15,2,5,False,Completed
R003550,E02160,2024_H2,2024-12-15,3,2,False,Completed
R003551,E04382,2024_H2,2024-12-15,3,3,False,Completed
R003552,E00291,2024_H2,2024-12-15,2,3,False,Completed
R003553,E02482,2024_H2,2024-12-15,3,5,False,Completed
R003554,E00751,2024_H2,2024-12-15,1,4,False,Completed
R003555,E03876,2024_H2,2024-12-15,2,5,False,Completed
R003556,E03429,2024_H2,2024-12-15,3,4,True,Completed
R003557,E01926,2024_H2,2024-12-15,2,2,False,Pending
R003558,E03889,2024_H2,2024-12-15,4,3,False,Completed
R003559,E04250,2024_H2,2024-12-15,3,5,True,Completed
R003560,E01005,2024_H2,2024-12-15,4,3,False,Completed
R003561,E00651,2024_H2,2024-12-15,2,3,False,Completed
R003562,E01476,2024_H2,2024-12-15,2,4,False,Completed
R003563,E02619,2024_H2,2024-12-15,3,5,False,Completed
R003564,E01827,2024_H2,2024-12-15,3,5,True,Completed
R003565,E03845,2024_H2,2024-12-15,3,5,False,Completed
R003566,E01061,2024_H2,2024-12-15,3,3,False,Completed
R003567,E01880,2024_H2,2024-12-15,2,4,False,Completed
R003568,E04044,2024_H2,2024-12-15,4,4,False,Completed
R003569,E04968,2024_H2,2024-12-15,4,4,True,Completed
R003570,E00662,2024_H2,2024-12-15,3,1,False,Completed
R003571,E04863,2024_H2,2024-12-15,4,4,False,Completed
R003572,E02474,2024_H2,2024-12-15,3,1,False,Completed
R003573,E01715,2024_H2,2024-12-15,3,5,False,Completed
R003574,E01449,2024_H2,2024-12-15,4,3,False,Completed
R003575,E01413,2024_H2,2024-12-15,5,5,True,Completed
R003576,E03233,2024_H2,2024-12-15,1,3,False,Completed
R003577,E04237,2024_H2,2024-12-15,3,3,False,Completed
R003578,E00350,2024_H2,2024-12-15,4,5,False,Completed
R003579,E00286,2024_H2,2024-12-15,3,2,False,Completed
R003580,E00359,2024_H2,2024-12-15,3,4,False,Completed
R003581,E00970,2024_H2,2024-12-15,3,2,False,Completed
R003582,E04147,2024_H2,2024-12-15,3,3,False,Completed
R003583,E04173,2024_H2,2024-12-15,4,3,False,Completed
R003584,E03716,2024_H2,2024-12-15,4,4,True,Completed
R003585,E01316,2024_H2,2024-12-15,4,5,False,Completed
R003586,E03878,2024_H2,2024-12-15,3,3,False,Completed
R003587,E02231,2024_H2,2024-12-15,3,1,False,Pending
R003588,E01647,2024_H2,2024-12-15,1,3,False,Completed
R003589,E04897,2024_H2,2024-12-15,4,3,True,Completed
R003590,E03570,2024_H2,2024-12-15,3,2,False,Completed
R003591,E01447,2024_H2,2024-12-15,4,3,False,Completed
R003592,E02110,2024_H2,2024-12-15,2,4,False,Completed
R003593,E02834,2024_H2,2024-12-15,3,3,False,Completed
R003594,E03737,2024_H2,2024-12-15,2,3,False,Completed
R003595,E01376,2024_H2,2024-12-15,5,2,False,Completed
R003596,E01797,2024_H2,2024-12-15,2,5,False,Completed
R003597,E00400,2024_H2,2024-12-15,3,3,False,Pending
R003598,E03470,2024_H2,2024-12-15,4,2,False,Completed
R003599,E01287,2024_H2,2024-12-15,3,2,False,Completed
R003600,E00964,2024_H2,2024-12-15,4,4,False,Completed
R003601,E02082,2024_H2,2024-12-15,5,4,False,Completed
R003602,E00444,2024_H2,2024-12-15,4,3,False,Completed
R003603,E03232,2024_H2,2024-12-15,3,3,False,Pending
R003604,E03203,2024_H2,2024-12-15,5,3,False,Completed
R003605,E01952,2024_H2,2024-12-15,3,3,False,Cancelled
R003606,E02844,2024_H2,2024-12-15,3,2,False,Completed
R003607,E04207,2024_H2,2024-12-15,2,3,False,Completed
R003608,E03366,2024_H2,2024-12-15,3,2,False,Completed
R003609,E03060,2024_H2,2024-12-15,5,3,False,Completed
R003610,E00233,2024_H2,2024-12-15,2,4,False,Completed
R003611,E04691,2024_H2,2024-12-15,1,4,False,Completed
R003612,E01443,2024_H2,2024-12-15,5,4,False,Completed
R003613,E04346,2024_H2,2024-12-15,3,3,False,Completed
R003614,E01958,2024_H2,2024-12-15,1,3,False,Cancelled
R003615,E02974,2024_H2,2024-12-15,3,3,False,Completed
R003616,E01945,2024_H2,2024-12-15,3,4,False,Completed
R003617,E01591,2024_H2,2024-12-15,2,3,False,Completed
R003618,E00061,2024_H2,2024-12-15,3,3,False,Completed
R003619,E01964,2024_H2,2024-12-15,3,3,False,Cancelled
R003620,E00360,2024_H2,2024-12-15,3,1,False,Completed
R003621,E02767,2024_H2,2024-12-15,3,3,False,Completed
R003622,E02469,2024_H2,2024-12-15,4,1,False,Completed
R003623,E02192,2024_H2,2024-12-15,2,4,False,Pending
R003624,E00301,2024_H2,2024-12-15,3,3,False,Completed
R003625,E03485,2024_H2,2024-12-15,3,3,False,Completed
R003626,E01617,2024_H2,2024-12-15,2,5,False,Completed
R003627,E04946,2024_H2,2024-12-15,4,4,False,Completed
R003628,E02311,2024_H2,2024-12-15,3,5,False,Completed
R003629,E02394,2024_H2,2024-12-15,3,5,False,Completed
R003630,E00115,2024_H2,2024-12-15,5,4,False,Completed
R003631,E03220,2024_H2,2024-12-15,4,4,False,Completed
R003632,E02163,2024_H2,2024-12-15,2,4,False,Completed
R003633,E02954,2024_H2,2024-12-15,4,1,False,Completed
R003634,E04202,2024_H2,2024-12-15,4,3,False,Completed
R003635,E04114,2024_H2,2024-12-15,1,3,False,Completed
R003636,E01956,2024_H2,2024-12-15,4,4,False,Completed
R003637,E03219,2024_H2,2024-12-15,4,3,False,Completed
R003638,E01341,2024_H2,2024-12-15,3,3,False,Completed
R003639,E03788,2024_H2,2024-12-15,3,4,True,Completed
R003640,E03521,2024_H2,2024-12-15,3,4,False,Completed
R003641,E02003,2024_H2,2024-12-15,4,2,False,Completed
R003642,E01995,2024_H2,2024-12-15,4,3,False,Completed
R003643,E04546,2024_H2,2024-12-15,3,4,False,Completed
R003644,E04758,2024_H2,2024-12-15,4,4,False,Completed
R003645,E04165,2024_H2,2024-12-15,5,4,False,Completed
R003646,E01297,2024_H2,2024-12-15,3,5,False,Completed
R003647,E03800,2024_H2,2024-12-15,3,3,False,Completed
R003648,E01688,2024_H2,2024-12-15,3,4,False,Completed
R003649,E04206,2024_H2,2024-12-15,1,4,False,Completed
R003650,E03344,2024_H2,2024-12-15,4,2,False,Completed
R003651,E01349,2024_H2,2024-12-15,3,5,False,Completed
R003652,E01702,2024_H2,2024-12-15,3,4,False,Completed
R003653,E04529,2024_H2,2024-12-15,3,2,False,Completed
R003654,E02604,2024_H2,2024-12-15,2,4,False,Completed
R003655,E04612,2024_H2,2024-12-15,4,1,False,Completed
R003656,E00630,2024_H2,2024-12-15,3,3,False,Completed
R003657,E02048,2024_H2,2024-12-15,3,1,True,Completed
R003658,E00816,2024_H2,2024-12-15,4,2,False,Completed
R003659,E00936,2024_H2,2024-12-15,4,4,False,Completed
R003660,E01701,2024_H2,2024-12-15,4,3,False,Completed
R003661,E02060,2024_H2,2024-12-15,3,3,False,Completed
R003662,E00555,2024_H2,2024-12-15,2,3,False,Completed
R003663,E04957,2024_H2,2024-12-15,3,4,False,Completed
R003664,E03472,2024_H2,2024-12-15,3,2,False,Completed
R003665,E00746,2024_H2,2024-12-15,3,3,False,Completed
R003666,E03449,2024_H2,2024-12-15,3,3,False,Completed
R003667,E03072,2024_H2,2024-12-15,4,5,False,Pending
R003668,E03152,2024_H2,2024-12-15,2,5,True,Pending
R003669,E03758,2024_H2,2024-12-15,4,4,True,Completed
R003670,E04566,2024_H2,2024-12-15,5,3,True,Completed
R003671,E00502,2024_H2,2024-12-15,4,5,True,Completed
R003672,E01994,2024_H2,2024-12-15,4,4,False,Completed
R003673,E00495,2024_H2,2024-12-15,3,3,False,Completed
R003674,E01434,2024_H2,2024-12-15,3,3,False,Completed
R003675,E03563,2024_H2,2024-12-15,5,3,False,Completed
R003676,E03627,2024_H2,2024-12-15,2,2,False,Completed
R003677,E02746,2024_H2,2024-12-15,2,3,False,Completed
R003678,E03468,2024_H2,2024-12-15,3,3,False,Completed
R003679,E04182,2024_H2,2024-12-15,3,4,False,Completed
R003680,E02986,2024_H2,2024-12-15,4,3,False,Pending
R003681,E04486,2024_H2,2024-12-15,4,1,False,Completed
R003682,E01260,2024_H2,2024-12-15,3,5,False,Completed
R003683,E02410,2024_H2,2024-12-15,3,4,False,Completed
R003684,E00195,2024_H2,2024-12-15,4,2,False,Completed
R003685,E01594,2024_H2,2024-12-15,2,4,False,Pending
R003686,E03814,2024_H2,2024-12-15,4,3,False,Pending
R003687,E03798,2024_H2,2024-12-15,3,4,False,Completed
R003688,E02174,2024_H2,2024-12-15,3,2,False,Completed
R003689,E03674,2024_H2,2024-12-15,2,3,False,Completed
R003690,E03789,2024_H2,2024-12-15,4,2,False,Completed
R003691,E00211,2024_H2,2024-12-15,3,2,False,Completed
R003692,E02378,2024_H2,2024-12-15,4,2,False,Pending
R003693,E00618,2024_H2,2024-12-15,3,2,False,Completed
R003694,E03331,2024_H2,2024-12-15,5,3,True,Completed
R003695,E01330,2024_H2,2024-12-15,3,4,False,Completed
R003696,E04188,2024_H2,2024-12-15,3,5,False,Completed
R003697,E04412,2024_H2,2024-12-15,3,5,False,Completed
R003698,E00669,2024_H2,2024-12-15,4,2,True,Completed
R003699,E04413,2024_H2,2024-12-15,5,3,False,Completed
R003700,E01920,2024_H2,2024-12-15,3,4,False,Completed
R003701,E02563,2024_H2,2024-12-15,5,5,False,Completed
R003702,E01707,2024_H2,2024-12-15,3,3,False,Completed
R003703,E00375,2024_H2,2024-12-15,4,4,False,Completed
R003704,E01324,2024_H2,2024-12-15,2,4,False,Pending
R003705,E02516,2024_H2,2024-12-15,3,4,False,Completed
R003706,E00086,2024_H2,2024-12-15,4,3,True,Completed
R003707,E04683,2024_H2,2024-12-15,4,1,False,Completed
R003708,E00963,2024_H2,2024-12-15,4,3,False,Pending
R003709,E00253,2024_H2,2024-12-15,3,3,False,Completed
R003710,E00715,2024_H2,2024-12-15,4,4,False,Completed
R003711,E02977,2024_H2,2024-12-15,3,4,False,Pending
R003712,E02558,2024_H2,2024-12-15,4,2,False,Completed
R003713,E00550,2024_H2,2024-12-15,3,3,False,Cancelled
R003714,E03455,2024_H2,2024-12-15,3,1,False,Completed
R003715,E00042,2024_H2,2024-12-15,3,2,False,Completed
R003716,E03488,2024_H2,2024-12-15,4,3,True,Pending
R003717,E01692,2024_H2,2024-12-15,4,2,False,Completed
R003718,E04608,2024_H2,2024-12-15,4,3,False,Pending
R003719,E04600,2024_H2,2024-12-15,1,3,False,Completed
R003720,E03649,2024_H2,2024-12-15,3,3,False,Completed
R003721,E00368,2024_H2,2024-12-15,5,3,False,Completed
R003722,E02194,2024_H2,2024-12-15,4,4,True,Cancelled
R003723,E04836,2024_H2,2024-12-15,4,3,False,Completed
R003724,E01695,2024_H2,2024-12-15,1,4,False,Completed
R003725,E02601,2024_H2,2024-12-15,3,3,False,Completed
R003726,E02385,2024_H2,2024-12-15,4,2,False,Completed
R003727,E03192,2024_H2,2024-12-15,4,4,False,Cancelled
R003728,E03694,2024_H2,2024-12-15,4,5,True,Completed
R003729,E04998,2024_H2,2024-12-15,5,3,False,Completed
R003730,E02233,2024_H2,2024-12-15,4,3,False,Completed
R003731,E02502,2024_H2,2024-12-15,4,2,True,Completed
R003732,E03617,2024_H2,2024-12-15,2,3,False,Completed
R003733,E04678,2024_H2,2024-12-15,4,4,False,Completed
R003734,E01359,2024_H2,2024-12-15,5,4,False,Completed
R003735,E00111,2024_H2,2024-12-15,3,3,False,Completed
R003736,E01110,2024_H2,2024-12-15,2,3,False,Completed
R003737,E02458,2024_H2,2024-12-15,3,4,False,Pending
R003738,E01075,2024_H2,2024-12-15,3,3,False,Completed
R003739,E03187,2024_H2,2024-12-15,4,3,False,Completed
R003740,E00723,2024_H2,2024-12-15,3,3,False,Completed
R003741,E04654,2024_H2,2024-12-15,2,3,False,Completed
R003742,E00611,2024_H2,2024-12-15,4,3,False,Completed
R003743,E01750,2024_H2,2024-12-15,4,4,False,Completed
R003744,E01728,2024_H2,2024-12-15,4,5,True,Completed
R003745,E00688,2024_H2,2024-12-15,3,3,False,Completed
R003746,E02841,2024_H2,2024-12-15,2,3,False,Completed
R003747,E03151,2024_H2,2024-12-15,3,5,False,Completed
R003748,E02773,2024_H2,2024-12-15,3,4,False,Completed
R003749,E03246,2024_H2,2024-12-15,3,3,False,Pending
R003750,E03986,2024_H2,2024-12-15,2,4,False,Completed
R003751,E03960,2024_H2,2024-12-15,2,3,False,Completed
R003752,E03171,2024_H2,2024-12-15,3,4,False,Completed
R003753,E01051,2024_H2,2024-12-15,4,5,False,Completed
R003754,E04228,2024_H2,2024-12-15,3,3,False,Pending
R003755,E04121,2024_H2,2024-12-15,3,4,False,Completed
R003756,E01677,2024_H2,2024-12-15,3,3,False,Completed
R003757,E02856,2024_H2,2024-12-15,2,3,True,Completed
R003758,E02982,2024_H2,2024-12-15,4,3,False,Completed
R003759,E01774,2024_H2,2024-12-15,3,4,True,Pending
R003760,E01865,2024_H2,2024-12-15,4,3,False,Completed
R003761,E00694,2024_H2,2024-12-15,4,3,False,Completed
R003762,E02235,2024_H2,2024-12-15,4,2,False,Completed
R003763,E00926,2024_H2,2024-12-15,4,2,False,Completed
R003764,E02205,2024_H2,2024-12-15,3,3,False,Completed
R003765,E04606,2024_H2,2024-12-15,5,5,False,Completed
R003766,E04226,2024_H2,2024-12-15,3,3,False,Completed
R003767,E01127,2024_H2,2024-12-15,3,3,False,Pending
R003768,E02807,2024_H2,2024-12-15,3,4,False,Completed
R003769,E04839,2024_H2,2024-12-15,3,4,False,Completed
R003770,E02318,2024_H2,2024-12-15,4,3,False,Pending
R003771,E01646,2024_H2,2024-12-15,3,3,False,Completed
R003772,E02427,2024_H2,2024-12-15,3,1,False,Completed
R003773,E04365,2024_H2,2024-12-15,3,3,False,Completed
R003774,E03880,2024_H2,2024-12-15,3,3,False,Pending
R003775,E02678,2024_H2,2024-12-15,1,3,False,Cancelled
R003776,E04254,2024_H2,2024-12-15,3,3,False,Pending
R003777,E04295,2024_H2,2024-12-15,5,2,True,Completed
R003778,E01609,2024_H2,2024-12-15,4,3,False,Completed
R003779,E02922,2024_H2,2024-12-15,3,3,False,Completed
R003780,E00764,2024_H2,2024-12-15,3,2,False,Pending
R003781,E03480,2024_H2,2024-12-15,3,5,True,Completed
R003782,E03311,2024_H2,2024-12-15,4,3,False,Completed
R003783,E02770,2024_H2,2024-12-15,2,2,False,Completed
R003784,E03160,2024_H2,2024-12-15,2,4,False,Completed
R003785,E02579,2024_H2,2024-12-15,3,3,False,Completed
R003786,E04966,2024_H2,2024-12-15,3,4,True,Completed
R003787,E03276,2024_H2,2024-12-15,3,3,False,Completed
R003788,E03310,2024_H2,2024-12-15,3,3,False,Completed
R003789,E01744,2024_H2,2024-12-15,4,3,False,Completed
R003790,E00466,2024_H2,2024-12-15,3,3,False,Completed
R003791,E00274,2024_H2,2024-12-15,3,2,False,Completed
R003792,E01290,2024_H2,2024-12-15,3,1,False,Completed
R003793,E00316,2024_H2,2024-12-15,4,5,False,Pending
R003794,E04768,2024_H2,2024-12-15,3,4,False,Completed
R003795,E02164,2024_H2,2024-12-15,5,3,False,Completed
R003796,E02964,2024_H2,2024-12-15,4,3,False,Completed
R003797,E03068,2024_H2,2024-12-15,4,4,False,Completed
R003798,E01792,2024_H2,2024-12-15,2,3,False,Pending
R003799,E03705,2024_H2,2024-12-15,4,3,False,Completed
R003800,E02761,2024_H2,2024-12-15,4,5,False,Pending
R003801,E04196,2024_H2,2024-12-15,3,3,False,Completed
R003802,E00658,2024_H2,2024-12-15,4,4,False,Completed
R003803,E00475,2024_H2,2024-12-15,3,3,False,Cancelled
R003804,E01637,2024_H2,2024-12-15,4,3,False,Completed
R003805,E01553,2024_H2,2024-12-15,3,3,False,Cancelled
R003806,E03284,2024_H2,2024-12-15,4,2,False,Completed
R003807,E02306,2024_H2,2024-12-15,3,2,False,Completed
R003808,E00647,2024_H2,2024-12-15,4,4,True,Completed
R003809,E02586,2024_H2,2024-12-15,2,2,False,Completed
R003810,E03051,2024_H2,2024-12-15,3,3,False,Completed
R003811,E00699,2024_H2,2024-12-15,3,4,False,Completed
R003812,E00675,2024_H2,2024-12-15,3,2,False,Completed
R003813,E03493,2024_H2,2024-12-15,5,5,False,Completed
R003814,E04710,2024_H2,2024-12-15,4,4,False,Completed
R003815,E03911,2024_H2,2024-12-15,3,3,False,Completed
R003816,E02735,2024_H2,2024-12-15,3,4,False,Completed
R003817,E03474,2024_H2,2024-12-15,4,1,False,Cancelled
R003818,E01808,2024_H2,2024-12-15,4,4,False,Completed
R003819,E04348,2024_H2,2024-12-15,4,4,False,Completed
R003820,E04630,2024_H2,2024-12-15,4,2,False,Completed
R003821,E01409,2024_H2,2024-12-15,3,1,False,Pending
R003822,E04151,2024_H2,2024-12-15,2,3,False,Cancelled
R003823,E04580,2024_H2,2024-12-15,3,2,False,Completed
R003824,E01521,2024_H2,2024-12-15,3,2,True,Completed
R003825,E04322,2024_H2,2024-12-15,5,4,True,Pending
R003826,E03244,2024_H2,2024-12-15,3,4,False,Completed
R003827,E04987,2024_H2,2024-12-15,5,4,False,Completed
R003828,E03273,2024_H2,2024-12-15,4,3,True,Completed
R003829,E03138,2024_H2,2024-12-15,3,4,False,Completed
R003830,E01042,2024_H2,2024-12-15,2,3,False,Completed
R003831,E00396,2024_H2,2024-12-15,4,4,True,Completed
R003832,E02950,2024_H2,2024-12-15,1,3,False,Completed
R003833,E00430,2024_H2,2024-12-15,3,3,False,Completed
R003834,E02710,2024_H2,2024-12-15,4,2,True,Completed
R003835,E04372,2024_H2,2024-12-15,2,4,False,Completed
R003836,E01423,2024_H2,2024-12-15,4,4,False,Completed
R003837,E01943,2024_H2,2024-12-15,2,3,False,Pending
R003838,E04531,2024_H2,2024-12-15,3,4,False,Cancelled
R003839,E02324,2024_H2,2024-12-15,3,4,False,Completed
R003840,E04526,2024_H2,2024-12-15,4,4,False,Completed
R003841,E01706,2024_H2,2024-12-15,3,2,False,Completed
R003842,E02866,2024_H2,2024-12-15,3,4,False,Completed
R003843,E00196,2024_H2,2024-12-15,4,4,False,Completed
R003844,E00116,2024_H2,2024-12-15,3,4,True,Completed
R003845,E00938,2024_H2,2024-12-15,3,5,False,Completed
R003846,E03193,2024_H2,2024-12-15,4,4,False,Completed
R003847,E00771,2024_H2,2024-12-15,3,2,False,Pending
R003848,E02068,2024_H2,2024-12-15,3,3,False,Completed
R003849,E04127,2024_H2,2024-12-15,3,2,False,Completed
R003850,E03746,2024_H2,2024-12-15,2,2,False,Completed
R003851,E04211,2024_H2,2024-12-15,2,3,False,Completed
R003852,E03431,2024_H2,2024-12-15,2,4,False,Pending
R003853,E02069,2024_H2,2024-12-15,4,4,False,Cancelled
R003854,E04167,2024_H2,2024-12-15,3,2,False,Completed
R003855,E02234,2024_H2,2024-12-15,1,2,False,Completed
R003856,E03527,2024_H2,2024-12-15,4,2,False,Completed
R003857,E04779,2024_H2,2024-12-15,4,5,False,Completed
R003858,E00423,2024_H2,2024-12-15,4,3,False,Completed
R003859,E01145,2024_H2,2024-12-15,5,3,False,Completed
R003860,E03062,2024_H2,2024-12-15,3,5,False,Completed
R003861,E03676,2024_H2,2024-12-15,3,3,False,Completed
R003862,E02323,2024_H2,2024-12-15,2,3,False,Completed
R003863,E01624,2024_H2,2024-12-15,5,3,False,Completed
R003864,E00484,2024_H2,2024-12-15,4,5,False,Completed
R003865,E03235,2024_H2,2024-12-15,5,3,False,Pending
R003866,E01176,2024_H2,2024-12-15,5,5,False,Pending
R003867,E01311,2024_H2,2024-12-15,4,3,False,Completed
R003868,E00091,2024_H2,2024-12-15,3,4,False,Completed
R003869,E00498,2024_H2,2024-12-15,1,3,False,Completed
R003870,E02677,2024_H2,2024-12-15,4,4,False,Completed
R003871,E02874,2024_H2,2024-12-15,1,4,False,Completed
R003872,E03442,2024_H2,2024-12-15,3,5,True,Pending
R003873,E03962,2024_H2,2024-12-15,4,3,False,Completed
R003874,E03132,2024_H2,2024-12-15,3,3,False,Completed
R003875,E00168,2024_H2,2024-12-15,2,4,False,Completed
R003876,E00237,2024_H2,2024-12-15,2,3,False,Completed
R003877,E04045,2024_H2,2024-12-15,3,4,False,Completed
R003878,E01412,2024_H2,2024-12-15,4,3,False,Pending
R003879,E03722,2024_H2,2024-12-15,4,5,False,Pending
R003880,E03027,2024_H2,2024-12-15,3,5,True,Cancelled
R003881,E02299,2024_H2,2024-12-15,3,3,False,Completed
R003882,E00450,2024_H2,2024-12-15,4,2,False,Completed
R003883,E02684,2024_H2,2024-12-15,3,3,False,Completed
R003884,E00535,2024_H2,2024-12-15,5,4,False,Completed
R003885,E01678,2024_H2,2024-12-15,3,3,False,Pending
R003886,E04930,2024_H2,2024-12-15,3,2,False,Completed
R003887,E02696,2024_H2,2024-12-15,4,3,False,Pending
R003888,E01689,2024_H2,2024-12-15,4,4,False,Completed
R003889,E00549,2024_H2,2024-12-15,3,3,False,Pending
R003890,E00279,2024_H2,2024-12-15,4,3,False,Completed
R003891,E00406,2024_H2,2024-12-15,3,3,False,Completed
R003892,E02486,2024_H2,2024-12-15,3,4,False,Pending
R003893,E00024,2024_H2,2024-12-15,2,2,False,Cancelled
R003894,E02562,2024_H2,2024-12-15,2,1,False,Completed
R003895,E04552,2024_H2,2024-12-15,3,4,False,Completed
R003896,E01185,2024_H2,2024-12-15,4,3,False,Completed
R003897,E01153,2024_H2,2024-12-15,1,4,False,Completed
R003898,E04690,2024_H2,2024-12-15,5,4,False,Pending
R003899,E01319,2024_H2,2024-12-15,5,5,False,Completed
R003900,E00930,2024_H2,2024-12-15,3,3,False,Completed
R003901,E03067,2024_H2,2024-12-15,2,4,False,Completed
R003902,E02065,2024_H2,2024-12-15,3,2,False,Cancelled
R003903,E04361,2024_H2,2024-12-15,4,3,False,Completed
R003904,E04035,2024_H2,2024-12-15,3,2,False,Pending
R003905,E04266,2024_H2,2024-12-15,3,3,False,Pending
R003906,E03089,2024_H2,2024-12-15,3,4,False,Completed
R003907,E04743,2024_H2,2024-12-15,4,4,False,Completed
R003908,E04315,2024_H2,2024-12-15,4,2,False,Completed
R003909,E01371,2024_H2,2024-12-15,4,3,False,Completed
R003910,E03738,2024_H2,2024-12-15,4,4,False,Completed
R003911,E01030,2024_H2,2024-12-15,3,2,False,Completed
R003912,E03453,2024_H2,2024-12-15,3,3,False,Completed
R003913,E01826,2024_H2,2024-12-15,3,5,False,Pending
R003914,E01713,2024_H2,2024-12-15,3,4,False,Completed
R003915,E02498,2024_H2,2024-12-15,4,3,False,Completed
R003916,E02322,2024_H2,2024-12-15,3,3,False,Completed
R003917,E01645,2024_H2,2024-12-15,3,2,False,Completed
R003918,E02112,2024_H2,2024-12-15,4,5,True,Pending
R003919,E04299,2024_H2,2024-12-15,3,3,False,Completed
R003920,E02339,2024_H2,2024-12-15,3,4,False,Cancelled
R003921,E04007,2024_H2,2024-12-15,3,3,False,Completed
R003922,E03643,2024_H2,2024-12-15,2,1,False,Pending
R003923,E01266,2024_H2,2024-12-15,4,3,False,Completed
R003924,E03831,2024_H2,2024-12-15,4,2,False,Completed
R003925,E00071,2024_H2,2024-12-15,3,3,False,Completed
R003926,E00575,2024_H2,2024-12-15,4,3,False,Completed
R003927,E00016,2024_H2,2024-12-15,3,1,False,Completed
R003928,E02912,2024_H2,2024-12-15,3,3,False,Completed
R003929,E02379,2024_H2,2024-12-15,3,3,False,Completed
R003930,E00684,2024_H2,2024-12-15,3,5,True,Completed
R003931,E00515,2024_H2,2024-12-15,3,2,False,Completed
R003932,E01000,2024_H2,2024-12-15,4,5,False,Pending
R003933,E00525,2024_H2,2024-12-15,4,1,False,Pending
R003934,E01374,2024_H2,2024-12-15,4,3,False,Pending
R003935,E03194,2024_H2,2024-12-15,3,2,False,Completed
R003936,E01026,2024_H2,2024-12-15,5,3,False,Completed
R003937,E00743,2024_H2,2024-12-15,4,5,False,Completed
R003938,E03994,2024_H2,2024-12-15,3,2,False,Completed
R003939,E02848,2024_H2,2024-12-15,3,3,False,Completed
R003940,E02271,2024_H2,2024-12-15,3,3,False,Completed
R003941,E03063,2024_H2,2024-12-15,4,3,False,Completed
R003942,E04891,2024_H2,2024-12-15,3,4,False,Completed
R003943,E04205,2024_H2,2024-12-15,4,5,False,Completed
R003944,E01655,2024_H2,2024-12-15,3,3,False,Completed
R003945,E03452,2024_H2,2024-12-15,3,4,False,Completed
R003946,E02624,2024_H2,2024-12-15,4,3,False,Completed
R003947,E04860,2024_H2,2024-12-15,1,3,False,Completed
R003948,E00748,2024_H2,2024-12-15,3,3,False,Completed
R003949,E01528,2024_H2,2024-12-15,3,3,False,Completed
R003950,E02464,2024_H2,2024-12-15,5,3,False,Completed
R003951,E02084,2024_H2,2024-12-15,3,5,False,Cancelled
R003952,E03408,2024_H2,2024-12-15,3,3,True,Completed
R003953,E04080,2024_H2,2024-12-15,2,3,False,Completed
R003954,E00442,2024_H2,2024-12-15,4,3,False,Completed
R003955,E00537,2024_H2,2024-12-15,3,4,False,Completed
R003956,E00413,2024_H2,2024-12-15,4,3,False,Completed
R003957,E00366,2024_H2,2024-12-15,4,2,False,Completed
R003958,E02645,2024_H2,2024-12-15,1,4,False,Completed
R003959,E04030,2024_H2,2024-12-15,4,3,False,Completed
R003960,E02097,2024_H2,2024-12-15,2,5,False,Completed
R003961,E03050,2024_H2,2024-12-15,3,1,False,Completed
R003962,E04015,2024_H2,2024-12-15,4,2,False,Completed
R003963,E04476,2024_H2,2024-12-15,3,2,False,Completed
R003964,E03897,2024_H2,2024-12-15,5,3,True,Completed
R003965,E01216,2024_H2,2024-12-15,5,4,False,Completed
R003966,E00088,2024_H2,2024-12-15,3,4,False,Completed
R003967,E03582,2024_H2,2024-12-15,3,3,False,Completed
R003968,E02968,2024_H2,2024-12-15,4,3,False,Completed
R003969,E04706,2024_H2,2024-12-15,3,1,False,Completed
R003970,E00512,2024_H2,2024-12-15,3,3,False,Completed
R003971,E02557,2024_H2,2024-12-15,5,3,False,Completed
R003972,E01237,2024_H2,2024-12-15,3,4,False,Completed
R003973,E04172,2024_H2,2024-12-15,4,3,False,Completed
R003974,E04861,2024_H2,2024-12-15,2,4,False,Completed
R003975,E00379,2024_H2,2024-12-15,3,3,False,Completed
R003976,E01838,2024_H2,2024-12-15,2,3,False,Completed
R003977,E03401,2024_H2,2024-12-15,3,2,False,Completed
R003978,E03402,2024_H2,2024-12-15,2,1,False,Pending
R003979,E04368,2024_H2,2024-12-15,3,1,False,Completed
R003980,E04366,2024_H2,2024-12-15,3,4,False,Completed
R003981,E02676,2024_H2,2024-12-15,2,4,False,Completed
R003982,E01493,2024_H2,2024-12-15,4,3,False,Completed
R003983,E00177,2024_H2,2024-12-15,2,4,False,Completed
R003984,E00867,2024_H2,2024-12-15,2,3,False,Completed
R003985,E04458,2024_H2,2024-12-15,5,4,False,Completed
R003986,E04249,2024_H2,2024-12-15,3,4,False,Completed
R003987,E04965,2024_H2,2024-12-15,3,3,False,Completed
R003988,E00644,2024_H2,2024-12-15,2,4,False,Completed
R003989,E04199,2024_H2,2024-12-15,4,3,False,Completed
R003990,E01500,2024_H2,2024-12-15,4,3,False,Completed
R003991,E01540,2024_H2,2024-12-15,3,5,True,Completed
R003992,E03887,2024_H2,2024-12-15,4,2,False,Completed
R003993,E02633,2024_H2,2024-12-15,3,3,True,Completed
R003994,E03013,2024_H2,2024-12-15,3,3,False,Completed
R003995,E03149,2024_H2,2024-12-15,3,2,False,Pending
R003996,E01806,2024_H2,2024-12-15,3,4,False,Completed
R003997,E03207,2024_H2,2024-12-15,1,2,False,Completed
R003998,E00337,2024_H2,2024-12-15,4,1,True,Pending
R003999,E03712,2024_H2,2024-12-15,4,5,False,Completed
R004000,E04471,2024_H2,2024-12-15,3,3,False,Pending
R004001,E02145,2024_H2,2024-12-15,4,2,True,Completed
R004002,E00454,2024_H2,2024-12-15,4,5,False,Completed
R004003,E00256,2024_H2,2024-12-15,2,3,False,Pending
R004004,E01532,2024_H2,2024-12-15,4,4,False,Completed
R004005,E04956,2024_H2,2024-12-15,2,3,False,Completed
R004006,E01343,2024_H2,2024-12-15,4,3,False,Cancelled
R004007,E04520,2024_H2,2024-12-15,3,3,False,Completed
R004008,E03032,2024_H2,2024-12-15,2,2,False,Completed
R004009,E04261,2024_H2,2024-12-15,3,3,False,Completed
R004010,E04616,2024_H2,2024-12-15,5,2,False,Pending
R004011,E02304,2024_H2,2024-12-15,3,4,False,Pending
R004012,E01298,2024_H2,2024-12-15,4,5,True,Completed
R004013,E02533,2024_H2,2024-12-15,3,3,False,Completed
R004014,E01168,2024_H2,2024-12-15,2,1,False,Completed
R004015,E00654,2024_H2,2024-12-15,2,4,True,Completed
R004016,E03016,2024_H2,2024-12-15,2,3,False,Completed
R004017,E02822,2024_H2,2024-12-15,3,1,False,Completed
R004018,E00791,2024_H2,2024-12-15,5,3,False,Completed
R004019,E02898,2024_H2,2024-12-15,4,4,False,Pending
R004020,E03660,2024_H2,2024-12-15,3,3,False,Completed
R004021,E04099,2024_H2,2024-12-15,4,3,False,Completed
R004022,E03025,2024_H2,2024-12-15,1,2,False,Completed
R004023,E01361,2024_H2,2024-12-15,3,5,True,Completed
R004024,E01265,2024_H2,2024-12-15,3,5,False,Completed
R004025,E02569,2024_H2,2024-12-15,5,4,False,Completed
R004026,E02043,2024_H2,2024-12-15,2,3,False,Pending
R004027,E04913,2024_H2,2024-12-15,3,4,False,Completed
R004028,E04105,2024_H2,2024-12-15,1,4,False,Completed
R004029,E02793,2024_H2,2024-12-15,2,4,True,Completed
R004030,E01546,2024_H2,2024-12-15,4,3,False,Completed
R004031,E00178,2024_H2,2024-12-15,3,3,True,Completed
R004032,E03087,2024_H2,2024-12-15,3,4,False,Completed
R004033,E03511,2024_H2,2024-12-15,4,3,False,Completed
R004034,E04646,2024_H2,2024-12-15,2,1,False,Completed
R004035,E03364,2024_H2,2024-12-15,2,3,False,Completed
R004036,E02616,2024_H2,2024-12-15,2,2,False,Completed
R004037,E02142,2024_H2,2024-12-15,2,3,False,Completed
R004038,E00541,2024_H2,2024-12-15,3,4,False,Completed
R004039,E01137,2024_H2,2024-12-15,5,2,True,Pending
R004040,E01462,2024_H2,2024-12-15,4,3,False,Completed
R004041,E04117,2024_H2,2024-12-15,2,5,False,Pending
R004042,E03990,2024_H2,2024-12-15,3,3,False,Completed
R004043,E03280,2024_H2,2024-12-15,3,3,False,Completed
R004044,E03928,2024_H2,2024-12-15,3,1,False,Cancelled
R004045,E04831,2024_H2,2024-12-15,3,4,False,Completed
R004046,E03893,2024_H2,2024-12-15,4,3,True,Pending
R004047,E02555,2024_H2,2024-12-15,3,4,False,Cancelled
R004048,E04847,2024_H2,2024-12-15,3,3,False,Cancelled
R004049,E01963,2024_H2,2024-12-15,4,2,False,Completed
R004050,E04793,2024_H2,2024-12-15,3,4,False,Completed
R004051,E00479,2024_H2,2024-12-15,3,3,False,Completed
R004052,E02074,2024_H2,2024-12-15,2,5,False,Pending
R004053,E04213,2024_H2,2024-12-15,3,2,False,Completed
R004054,E03588,2024_H2,2024-12-15,3,1,False,Completed
R004055,E00094,2024_H2,2024-12-15,2,3,False,Completed
R004056,E02483,2024_H2,2024-12-15,3,3,False,Completed
R004057,E03672,2024_H2,2024-12-15,3,1,False,Completed
R004058,E04613,2024_H2,2024-12-15,4,5,False,Completed
R004059,E00367,2024_H2,2024-12-15,4,4,False,Completed
R004060,E01119,2024_H2,2024-12-15,2,2,False,Completed
R004061,E02789,2024_H2,2024-12-15,1,3,False,Completed
R004062,E01247,2024_H2,2024-12-15,2,3,False,Completed
R004063,E00294,2024_H2,2024-12-15,4,3,True,Completed
R004064,E02336,2024_H2,2024-12-15,3,3,False,Cancelled
R004065,E00603,2024_H2,2024-12-15,2,4,False,Completed
R004066,E03685,2024_H2,2024-12-15,5,2,False,Completed
R004067,E00546,2024_H2,2024-12-15,2,5,False,Completed
R004068,E00362,2024_H2,2024-12-15,3,4,False,Pending
R004069,E00259,2024_H2,2024-12-15,4,3,False,Pending
R004070,E02956,2024_H2,2024-12-15,3,1,True,Completed
R004071,E00303,2024_H2,2024-12-15,1,2,False,Completed
R004072,E02279,2024_H2,2024-12-15,3,3,False,Pending
R004073,E02819,2024_H2,2024-12-15,5,1,False,Completed
R004074,E04908,2024_H2,2024-12-15,2,2,False,Completed
R004075,E03066,2024_H2,2024-12-15,3,2,False,Completed
R004076,E01320,2024_H2,2024-12-15,2,4,False,Completed
R004077,E02985,2024_H2,2024-12-15,3,2,False,Completed
R004078,E01096,2024_H2,2024-12-15,4,3,False,Completed
R004079,E00741,2024_H2,2024-12-15,2,3,False,Cancelled
R004080,E03492,2024_H2,2024-12-15,3,5,False,Completed
R004081,E00019,2024_H2,2024-12-15,3,3,False,Completed
R004082,E00737,2024_H2,2024-12-15,3,2,False,Pending
R004083,E00407,2024_H2,2024-12-15,4,4,False,Cancelled
R004084,E02870,2024_H2,2024-12-15,3,3,False,Completed
R004085,E00868,2024_H2,2024-12-15,3,3,False,Completed
R004086,E03317,2024_H2,2024-12-15,3,4,True,Completed
R004087,E04258,2024_H2,2024-12-15,4,3,False,Completed
R004088,E01621,2024_H2,2024-12-15,3,2,False,Completed
R004089,E02518,2024_H2,2024-12-15,4,3,False,Completed
R004090,E02220,2024_H2,2024-12-15,4,5,False,Completed
R004091,E04457,2024_H2,2024-12-15,3,4,False,Pending
R004092,E00160,2024_H2,2024-12-15,3,3,False,Completed
R004093,E02343,2024_H2,2024-12-15,4,3,False,Pending
R004094,E04640,2024_H2,2024-12-15,5,2,False,Completed
R004095,E03191,2024_H2,2024-12-15,4,3,True,Pending
R004096,E01389,2024_H2,2024-12-15,4,3,False,Completed
R004097,E02692,2024_H2,2024-12-15,4,3,False,Completed
R004098,E03038,2024_H2,2024-12-15,3,3,False,Completed
R004099,E03458,2024_H2,2024-12-15,3,3,False,Completed
R004100,E02824,2024_H2,2024-12-15,3,4,False,Completed
R004101,E01912,2024_H2,2024-12-15,3,3,False,Completed
R004102,E02423,2024_H2,2024-12-15,2,2,False,Completed
R004103,E00147,2024_H2,2024-12-15,3,3,False,Completed
R004104,E03312,2024_H2,2024-12-15,2,3,False,Completed
R004105,E02622,2024_H2,2024-12-15,4,3,False,Pending
R004106,E04589,2024_H2,2024-12-15,4,4,False,Completed
R004107,E02543,2024_H2,2024-12-15,3,5,False,Completed
R004108,E03909,2024_H2,2024-12-15,4,5,False,Completed
R004109,E04763,2024_H2,2024-12-15,3,3,False,Completed
R004110,E00931,2024_H2,2024-12-15,3,4,False,Pending
R004111,E01062,2024_H2,2024-12-15,4,3,False,Completed
R004112,E01082,2024_H2,2024-12-15,3,4,False,Completed
R004113,E04272,2024_H2,2024-12-15,3,2,False,Completed
R004114,E03080,2024_H2,2024-12-15,2,1,False,Completed
R004115,E02743,2024_H2,2024-12-15,5,4,False,Completed
R004116,E02187,2024_H2,2024-12-15,3,3,False,Completed
R004117,E04916,2024_H2,2024-12-15,4,3,False,Completed
R004118,E03327,2024_H2,2024-12-15,4,4,False,Completed
R004119,E03686,2024_H2,2024-12-15,1,3,False,Completed
R004120,E02915,2024_H2,2024-12-15,3,3,False,Completed
R004121,E02908,2024_H2,2024-12-15,2,3,False,Completed
R004122,E01461,2024_H2,2024-12-15,4,3,True,Completed
R004123,E03776,2024_H2,2024-12-15,4,4,False,Completed
R004124,E03374,2024_H2,2024-12-15,3,4,False,Completed
R004125,E04176,2024_H2,2024-12-15,4,3,False,Completed
R004126,E02302,2024_H2,2024-12-15,3,4,False,Completed
R004127,E03804,2024_H2,2024-12-15,3,3,False,Completed
R004128,E03024,2024_H2,2024-12-15,3,3,False,Pending
R004129,E02916,2024_H2,2024-12-15,3,4,False,Pending
R004130,E04194,2024_H2,2024-12-15,3,3,False,Pending
R004131,E03271,2024_H2,2024-12-15,3,3,False,Completed
R004132,E04573,2024_H2,2024-12-15,4,5,False,Completed
R004133,E00213,2024_H2,2024-12-15,5,3,False,Completed
R004134,E03454,2024_H2,2024-12-15,3,3,False,Completed
R004135,E03950,2024_H2,2024-12-15,4,3,False,Completed
R004136,E03559,2024_H2,2024-12-15,4,3,False,Completed
R004137,E04787,2024_H2,2024-12-15,3,3,False,Completed
R004138,E02845,2024_H2,2024-12-15,4,5,True,Completed
R004139,E00146,2024_H2,2024-12-15,3,2,False,Completed
R004140,E04095,2024_H2,2024-12-15,3,4,True,Completed
R004141,E01309,2024_H2,2024-12-15,2,3,False,Completed
R004142,E03851,2024_H2,2024-12-15,4,2,False,Completed
R004143,E04416,2024_H2,2024-12-15,2,1,False,Completed
R004144,E03303,2024_H2,2024-12-15,3,4,False,Completed
R004145,E00984,2024_H2,2024-12-15,4,3,False,Pending
R004146,E01325,2024_H2,2024-12-15,4,3,True,Pending
R004147,E03822,2024_H2,2024-12-15,4,3,False,Completed
R004148,E02701,2024_H2,2024-12-15,3,5,True,Completed
R004149,E03908,2024_H2,2024-12-15,4,3,False,Completed
R004150,E04402,2024_H2,2024-12-15,3,1,False,Completed
R004151,E04278,2024_H2,2024-12-15,3,3,False,Completed
R004152,E01522,2024_H2,2024-12-15,3,3,False,Completed
R004153,E04179,2024_H2,2024-12-15,4,3,False,Completed
R004154,E00324,2024_H2,2024-12-15,5,3,False,Pending
R004155,E00954,2024_H2,2024-12-15,4,5,False,Completed
R004156,E00246,2024_H2,2024-12-15,3,3,False,Completed
R004157,E02909,2024_H2,2024-12-15,4,3,False,Completed
R004158,E01515,2024_H2,2024-12-15,3,3,False,Completed
R004159,E00672,2024_H2,2024-12-15,4,3,False,Completed
R004160,E02552,2024_H2,2024-12-15,3,3,False,Completed
R004161,E01276,2024_H2,2024-12-15,4,3,False,Completed
R004162,E04782,2024_H2,2024-12-15,3,2,False,Completed
R004163,E04530,2024_H2,2024-12-15,3,3,False,Completed
R004164,E04446,2024_H2,2024-12-15,3,4,False,Completed
R004165,E02136,2024_H2,2024-12-15,5,2,False,Completed
R004166,E02641,2024_H2,2024-12-15,3,5,False,Completed
R004167,E02204,2024_H2,2024-12-15,2,5,False,Completed
R004168,E01107,2024_H2,2024-12-15,3,5,False,Completed
R004169,E04264,2024_H2,2024-12-15,4,2,False,Completed
R004170,E00125,2024_H2,2024-12-15,4,5,False,Completed
R004171,E03411,2024_H2,2024-12-15,3,1,False,Completed
R004172,E04180,2024_H2,2024-12-15,3,3,False,Completed
R004173,E04452,2024_H2,2024-12-15,3,2,False,Completed
R004174,E02285,2024_H2,2024-12-15,4,4,False,Completed
R004175,E02321,2024_H2,2024-12-15,3,4,False,Completed
R004176,E01213,2024_H2,2024-12-15,4,4,False,Completed
R004177,E01438,2024_H2,2024-12-15,4,4,False,Completed
R004178,E00779,2024_H2,2024-12-15,2,3,False,Completed
R004179,E03773,2024_H2,2024-12-15,3,2,False,Cancelled
R004180,E01818,2024_H2,2024-12-15,5,3,False,Completed
R004181,E04456,2024_H2,2024-12-15,3,3,False,Cancelled
R004182,E02402,2024_H2,2024-12-15,3,3,False,Completed
R004183,E04638,2024_H2,2024-12-15,2,3,True,Completed
R004184,E00722,2024_H2,2024-12-15,5,5,True,Completed
R004185,E02085,2024_H2,2024-12-15,3,3,False,Pending
R004186,E02958,2024_H2,2024-12-15,5,3,False,Completed
R004187,E04634,2024_H2,2024-12-15,3,3,False,Pending
R004188,E01317,2024_H2,2024-12-15,5,2,False,Completed
R004189,E00569,2024_H2,2024-12-15,5,3,False,Completed
R004190,E00239,2024_H2,2024-12-15,3,4,False,Completed
R004191,E02353,2024_H2,2024-12-15,3,5,False,Pending
R004192,E02456,2024_H2,2024-12-15,4,5,False,Completed
R004193,E02526,2024_H2,2024-12-15,3,3,False,Completed
R004194,E00774,2024_H2,2024-12-15,5,3,False,Completed
R004195,E03518,2024_H2,2024-12-15,4,5,False,Cancelled
R004196,E01548,2024_H2,2024-12-15,3,1,False,Completed
R004197,E02737,2024_H2,2024-12-15,3,4,False,Completed
R004198,E02965,2024_H2,2024-12-15,4,4,False,Completed
R004199,E04570,2024_H2,2024-12-15,3,5,False,Pending
R004200,E02549,2024_H2,2024-12-15,3,3,False,Completed
R004201,E02438,2024_H2,2024-12-15,4,5,False,Completed
R004202,E04899,2024_H2,2024-12-15,4,4,False,Completed
R004203,E00885,2024_H2,2024-12-15,4,4,True,Completed
R004204,E04953,2024_H2,2024-12-15,3,3,False,Completed
R004205,E04584,2024_H2,2024-12-15,3,2,False,Pending
R004206,E01892,2024_H2,2024-12-15,3,3,False,Completed
R004207,E00852,2024_H2,2024-12-15,4,3,False,Pending
R004208,E02720,2024_H2,2024-12-15,3,2,False,Completed
R004209,E00193,2024_H2,2024-12-15,3,3,False,Completed
R004210,E02487,2024_H2,2024-12-15,3,4,False,Completed
R004211,E01898,2024_H2,2024-12-15,4,5,False,Completed
R004212,E02959,2024_H2,2024-12-15,3,5,False,Completed
R004213,E04694,2024_H2,2024-12-15,4,3,False,Completed
R004214,E02656,2024_H2,2024-12-15,4,3,False,Completed
R004215,E04125,2024_H2,2024-12-15,3,2,False,Completed
R004216,E01726,2024_H2,2024-12-15,2,4,False,Completed
R004217,E04915,2024_H2,2024-12-15,3,2,False,Completed
R004218,E03539,2024_H2,2024-12-15,3,2,False,Pending
R004219,E01855,2024_H2,2024-12-15,4,3,True,Completed
R004220,E02786,2024_H2,2024-12-15,2,3,False,Completed
R004221,E01483,2024_H2,2024-12-15,3,4,False,Completed
R004222,E04129,2024_H2,2024-12-15,3,4,False,Completed
R004223,E03870,2024_H2,2024-12-15,4,5,False,Pending
R004224,E01785,2024_H2,2024-12-15,4,4,False,Completed
R004225,E01422,2024_H2,2024-12-15,3,2,False,Completed
R004226,E03679,2024_H2,2024-12-15,5,4,False,Completed
R004227,E00192,2024_H2,2024-12-15,5,2,False,Completed
R004228,E02925,2024_H2,2024-12-15,4,3,True,Completed
R004229,E01302,2024_H2,2024-12-15,3,2,False,Cancelled
R004230,E04066,2024_H2,2024-12-15,3,4,False,Completed
R004231,E04981,2024_H2,2024-12-15,4,4,False,Completed
R004232,E00683,2024_H2,2024-12-15,2,5,False,Completed
R004233,E00893,2024_H2,2024-12-15,3,2,False,Completed
R004234,E04235,2024_H2,2024-12-15,3,3,False,Completed
R004235,E02939,2024_H2,2024-12-15,4,3,False,Completed
R004236,E00476,2024_H2,2024-12-15,3,3,False,Completed
R004237,E00398,2024_H2,2024-12-15,3,3,False,Completed
R004238,E00030,2024_H2,2024-12-15,3,3,False,Completed
R004239,E04962,2024_H2,2024-12-15,4,1,False,Completed
R004240,E00935,2024_H2,2024-12-15,4,3,False,Completed
R004241,E00707,2024_H2,2024-12-15,3,3,False,Completed
R004242,E02609,2024_H2,2024-12-15,5,5,False,Completed
R004243,E03052,2024_H2,2024-12-15,3,3,False,Pending
R004244,E03755,2024_H2,2024-12-15,4,1,False,Completed
R004245,E01636,2024_H2,2024-12-15,3,3,False,Completed
R004246,E00629,2024_H2,2024-12-15,3,4,False,Completed
R004247,E00972,2024_H2,2024-12-15,4,5,False,Completed
R004248,E00623,2024_H2,2024-12-15,3,3,False,Completed
R004249,E01208,2024_H2,2024-12-15,3,4,False,Completed
R004250,E03817,2024_H2,2024-12-15,3,2,False,Completed
R004251,E02436,2024_H2,2024-12-15,3,3,False,Completed
R004252,E03840,2024_H2,2024-12-15,3,4,False,Completed
R004253,E02161,2024_H2,2024-12-15,3,3,False,Completed
R004254,E01469,2024_H2,2024-12-15,5,3,False,Pending
R004255,E04191,2024_H2,2024-12-15,4,2,False,Completed
R004256,E00971,2024_H2,2024-12-15,3,5,False,Completed
R004257,E03877,2024_H2,2024-12-15,3,2,False,Completed
R004258,E00863,2024_H2,2024-12-15,3,3,False,Completed
R004259,E00840,2024_H2,2024-12-15,1,5,False,Completed
R004260,E04751,2024_H2,2024-12-15,3,3,False,Completed
R004261,E01520,2024_H2,2024-12-15,3,2,False,Completed
R004262,E02383,2024_H2,2024-12-15,3,3,True,Pending
R004263,E03964,2024_H2,2024-12-15,3,2,False,Completed
R004264,E01789,2024_H2,2024-12-15,3,4,False,Completed
R004265,E00761,2024_H2,2024-12-15,3,3,False,Completed
R004266,E04118,2024_H2,2024-12-15,3,1,False,Completed
R004267,E03004,2024_H2,2024-12-15,4,4,False,Pending
R004268,E01583,2024_H2,2024-12-15,3,5,True,Completed
R004269,E00965,2024_H2,2024-12-15,1,4,False,Completed
R004270,E04621,2024_H2,2024-12-15,2,5,True,Completed
R004271,E03354,2024_H2,2024-12-15,3,4,False,Cancelled
R004272,E01697,2024_H2,2024-12-15,3,4,False,Completed
R004273,E02023,2024_H2,2024-12-15,4,3,False,Pending
R004274,E00696,2024_H2,2024-12-15,3,5,False,Completed
R004275,E01802,2024_H2,2024-12-15,3,2,False,Completed
R004276,E04029,2024_H2,2024-12-15,3,3,False,Completed
R004277,E00331,2024_H2,2024-12-15,4,3,False,Completed
R004278,E04410,2024_H2,2024-12-15,3,3,False,Completed
R004279,E00687,2024_H2,2024-12-15,5,3,False,Completed
R004280,E00288,2024_H2,2024-12-15,3,2,False,Completed
R004281,E00685,2024_H2,2024-12-15,4,3,False,Completed
R004282,E01178,2024_H2,2024-12-15,3,2,False,Completed
R004283,E00727,2024_H2,2024-12-15,3,5,False,Completed
R004284,E00185,2024_H2,2024-12-15,3,3,False,Completed
R004285,E01141,2024_H2,2024-12-15,3,2,False,Completed
R004286,E01882,2024_H2,2024-12-15,3,3,False,Completed
R004287,E02462,2024_H2,2024-12-15,2,1,False,Pending
R004288,E01778,2024_H2,2024-12-15,4,4,False,Completed
R004289,E04339,2024_H2,2024-12-15,3,2,False,Cancelled
R004290,E03019,2024_H2,2024-12-15,3,4,True,Completed
R004291,E03114,2024_H2,2024-12-15,3,4,False,Completed
R004292,E01639,2024_H2,2024-12-15,3,4,False,Completed
R004293,E02075,2024_H2,2024-12-15,1,4,False,Completed
R004294,E03998,2024_H2,2024-12-15,3,4,False,Completed
R004295,E02188,2024_H2,2024-12-15,3,2,False,Pending
R004296,E04097,2024_H2,2024-12-15,5,4,True,Completed
R004297,E02979,2024_H2,2024-12-15,1,3,False,Completed
R004298,E00547,2024_H2,2024-12-15,5,4,False,Completed
R004299,E00652,2024_H2,2024-12-15,2,3,False,Completed
R004300,E03552,2024_H2,2024-12-15,3,3,False,Completed
R004301,E03821,2024_H2,2024-12-15,4,3,False,Completed
R004302,E03977,2024_H2,2024-12-15,3,4,False,Completed
R004303,E04186,2024_H2,2024-12-15,4,3,False,Completed
R004304,E03946,2024_H2,2024-12-15,3,3,False,Completed
R004305,E00421,2024_H2,2024-12-15,4,5,False,Completed
R004306,E04896,2024_H2,2024-12-15,3,2,False,Pending
R004307,E03664,2024_H2,2024-12-15,3,1,False,Cancelled
R004308,E03477,2024_H2,2024-12-15,2,1,False,Completed
R004309,E02446,2024_H2,2024-12-15,3,5,False,Completed
R004310,E00958,2024_H2,2024-12-15,5,4,False,Completed
R004311,E04257,2024_H2,2024-12-15,1,3,False,Completed
R004312,E00601,2024_H2,2024-12-15,4,4,False,Completed
R004313,E03092,2024_H2,2024-12-15,4,4,False,Completed
R004314,E01450,2024_H2,2024-12-15,3,3,False,Cancelled
R004315,E03042,2024_H2,2024-12-15,2,3,False,Cancelled
R004316,E04135,2024_H2,2024-12-15,4,3,False,Completed
R004317,E02541,2024_H2,2024-12-15,1,1,False,Completed
R004318,E00742,2024_H2,2024-12-15,3,3,False,Cancelled
R004319,E02682,2024_H2,2024-12-15,3,2,False,Completed
R004320,E03849,2024_H2,2024-12-15,1,3,False,Completed
R004321,E02013,2024_H2,2024-12-15,1,2,False,Completed
R004322,E04755,2024_H2,2024-12-15,3,5,False,Completed
R004323,E01151,2024_H2,2024-12-15,4,2,False,Completed
R004324,E02729,2024_H2,2024-12-15,3,1,False,Completed
R004325,E01219,2024_H2,2024-12-15,2,3,False,Completed
R004326,E02680,2024_H2,2024-12-15,2,2,False,Completed
R004327,E03413,2024_H2,2024-12-15,5,2,False,Completed
R004328,E03336,2024_H2,2024-12-15,4,3,False,Completed
R004329,E03103,2024_H2,2024-12-15,3,2,False,Completed
R004330,E02034,2024_H2,2024-12-15,4,3,False,Completed
R004331,E04253,2024_H2,2024-12-15,3,3,False,Cancelled
R004332,E04997,2024_H2,2024-12-15,3,5,False,Completed
R004333,E00231,2024_H2,2024-12-15,2,4,False,Completed
R004334,E01040,2024_H2,2024-12-15,2,3,False,Completed
R004335,E01561,2024_H2,2024-12-15,2,3,False,Completed
R004336,E02044,2024_H2,2024-12-15,4,3,False,Completed
R004337,E00882,2024_H2,2024-12-15,3,4,False,Completed
R004338,E01345,2024_H2,2024-12-15,4,5,False,Completed
R004339,E04759,2024_H2,2024-12-15,5,3,False,Completed
R004340,E02501,2024_H2,2024-12-15,3,3,False,Completed
R004341,E00036,2024_H2,2024-12-15,5,1,False,Completed
R004342,E02100,2024_H2,2024-12-15,4,4,False,Completed
R004343,E02955,2024_H2,2024-12-15,3,1,True,Pending
R004344,E02186,2024_H2,2024-12-15,4,3,False,Completed
R004345,E03497,2024_H2,2024-12-15,3,5,False,Completed
R004346,E02500,2024_H2,2024-12-15,5,4,True,Completed
R004347,E00328,2024_H2,2024-12-15,4,3,True,Completed
R004348,E02933,2024_H2,2024-12-15,3,4,False,Completed
R004349,E00260,2024_H2,2024-12-15,4,4,False,Completed
R004350,E00383,2024_H2,2024-12-15,4,4,False,Completed
R004351,E02254,2024_H2,2024-12-15,3,3,False,Completed
R004352,E03484,2024_H2,2024-12-15,2,1,False,Completed
R004353,E01581,2024_H2,2024-12-15,3,3,False,Completed
R004354,E02099,2024_H2,2024-12-15,4,5,False,Completed
R004355,E03430,2024_H2,2024-12-15,1,4,False,Completed
R004356,E00412,2024_H2,2024-12-15,2,3,False,Completed
R004357,E02603,2024_H2,2024-12-15,3,2,False,Completed
R004358,E00047,2024_H2,2024-12-15,3,1,False,Completed
R004359,E03666,2024_H2,2024-12-15,4,3,False,Completed
R004360,E03321,2024_H2,2024-12-15,4,3,False,Completed
R004361,E04872,2024_H2,2024-12-15,4,4,True,Cancelled
R004362,E03320,2024_H2,2024-12-15,3,3,False,Completed
R004363,E04864,2024_H2,2024-12-15,2,3,False,Pending
R004364,E01554,2024_H2,2024-12-15,2,3,False,Completed
R004365,E01063,2024_H2,2024-12-15,3,4,False,Completed
R004366,E02781,2024_H2,2024-12-15,4,2,False,Completed
R004367,E01700,2024_H2,2024-12-15,5,4,False,Pending
R004368,E04700,2024_H2,2024-12-15,2,5,False,Completed
R004369,E03941,2024_H2,2024-12-15,2,3,False,Completed
R004370,E03981,2024_H2,2024-12-15,2,5,False,Completed
R004371,E04762,2024_H2,2024-12-15,3,3,False,Completed
R004372,E04677,2024_H2,2024-12-15,4,4,False,Completed
R004373,E03753,2024_H2,2024-12-15,5,2,False,Completed
R004374,E00477,2024_H2,2024-12-15,4,3,False,Completed
R004375,E01693,2024_H2,2024-12-15,1,3,False,Completed
R004376,E04701,2024_H2,2024-12-15,3,4,True,Completed
R004377,E02702,2024_H2,2024-12-15,3,3,False,Completed
R004378,E02748,2024_H2,2024-12-15,3,3,False,Pending
R004379,E02538,2024_H2,2024-12-15,4,3,False,Pending
R004380,E00660,2024_H2,2024-12-15,3,3,False,Pending
R004381,E03174,2024_H2,2024-12-15,3,2,False,Completed
R004382,E04009,2024_H2,2024-12-15,3,4,False,Completed
R004383,E01227,2024_H2,2024-12-15,4,3,False,Completed
R004384,E02109,2024_H2,2024-12-15,3,4,False,Completed
R004385,E00500,2024_H2,2024-12-15,4,5,False,Completed
R004386,E04560,2024_H2,2024-12-15,5,3,False,Completed
R004387,E00785,2024_H2,2024-12-15,4,3,False,Completed
R004388,E04695,2024_H2,2024-12-15,5,3,False,Completed
R004389,E00855,2024_H2,2024-12-15,4,4,False,Completed
R004390,E03210,2024_H2,2024-12-15,4,5,False,Completed
R004391,E04829,2024_H2,2024-12-15,4,3,False,Completed
R004392,E03108,2024_H2,2024-12-15,3,3,False,Completed
R004393,E00298,2024_H2,2024-12-15,3,3,False,Completed
R004394,E03719,2024_H2,2024-12-15,3,5,True,Completed
R004395,E02460,2024_H2,2024-12-15,2,5,False,Completed
R004396,E04550,2024_H2,2024-12-15,2,2,False,Completed
R004397,E02368,2024_H2,2024-12-15,3,4,False,Completed
R004398,E01725,2024_H2,2024-12-15,5,2,False,Completed
R004399,E00428,2024_H2,2024-12-15,3,4,True,Completed
R004400,E04794,2024_H2,2024-12-15,5,5,False,Completed
R004401,E00994,2024_H2,2024-12-15,5,4,True,Completed
R004402,E01102,2024_H2,2024-12-15,3,4,False,Pending
R004403,E01840,2024_H2,2024-12-15,3,3,False,Pending
R004404,E04516,2024_H2,2024-12-15,4,4,False,Completed
R004405,E03926,2024_H2,2024-12-15,4,4,False,Pending
R004406,E00284,2024_H2,2024-12-15,2,5,False,Completed
R004407,E03181,2024_H2,2024-12-15,4,3,False,Completed
R004408,E03873,2024_H2,2024-12-15,3,1,False,Completed
R004409,E02032,2024_H2,2024-12-15,4,5,False,Completed
R004410,E03836,2024_H2,2024-12-15,3,3,False,Completed
R004411,E03049,2024_H2,2024-12-15,3,3,False,Cancelled
R004412,E00080,2024_H2,2024-12-15,3,3,False,Completed
R004413,E00122,2024_H2,2024-12-15,1,3,False,Completed
R004414,E00165,2024_H2,2024-12-15,2,3,False,Pending
R004415,E04804,2024_H2,2024-12-15,3,3,False,Completed
R004416,E01463,2024_H2,2024-12-15,3,4,True,Completed
R004417,E01452,2024_H2,2024-12-15,3,3,False,Completed
R004418,E03005,2024_H2,2024-12-15,3,3,False,Completed
R004419,E00775,2024_H2,2024-12-15,5,1,False,Completed
R004420,E02585,2024_H2,2024-12-15,4,2,False,Completed
R004421,E03638,2024_H2,2024-12-15,4,3,False,Completed
R004422,E04514,2024_H2,2024-12-15,2,4,False,Completed
R004423,E04618,2024_H2,2024-12-15,5,3,False,Pending
R004424,E00373,2024_H2,2024-12-15,2,4,False,Completed
R004425,E04390,2024_H2,2024-12-15,4,4,False,Completed
R004426,E04767,2024_H2,2024-12-15,3,5,False,Completed
R004427,E01199,2024_H2,2024-12-15,3,3,False,Completed
R004428,E00492,2024_H2,2024-12-15,4,4,False,Cancelled
R004429,E01211,2024_H2,2024-12-15,4,3,False,Completed
R004430,E02787,2024_H2,2024-12-15,1,3,False,Completed
R004431,E04780,2024_H2,2024-12-15,3,3,False,Pending
R004432,E02047,2024_H2,2024-12-15,3,2,False,Completed
R004433,E02806,2024_H2,2024-12-15,4,4,True,Completed
R004434,E04017,2024_H2,2024-12-15,3,1,False,Pending
R004435,E01781,2024_H2,2024-12-15,3,3,False,Completed
R004436,E04776,2024_H2,2024-12-15,4,4,False,Pending
R004437,E04056,2024_H2,2024-12-15,4,3,False,Completed
R004438,E02496,2024_H2,2024-12-15,3,4,False,Completed
R004439,E02040,2024_H2,2024-12-15,2,3,False,Completed
R004440,E04548,2024_H2,2024-12-15,2,4,False,Pending
R004441,E01507,2024_H2,2024-12-15,3,2,False,Pending
R004442,E04178,2024_H2,2024-12-15,4,4,False,Completed
R004443,E00747,2024_H2,2024-12-15,3,3,False,Pending
R004444,E02783,2024_H2,2024-12-15,1,5,False,Completed
R004445,E02587,2024_H2,2024-12-15,4,2,True,Completed
R004446,E04031,2024_H2,2024-12-15,2,3,False,Completed
R004447,E04094,2024_H2,2024-12-15,2,4,False,Completed
R004448,E01512,2024_H2,2024-12-15,4,4,False,Completed
R004449,E01186,2024_H2,2024-12-15,3,5,False,Cancelled
R004450,E03699,2024_H2,2024-12-15,3,3,False,Pending
R004451,E04669,2024_H2,2024-12-15,4,4,False,Completed
R004452,E02836,2024_H2,2024-12-15,3,3,True,Completed
R004453,E00218,2024_H2,2024-12-15,5,4,True,Completed
R004454,E03053,2024_H2,2024-12-15,3,3,False,Completed
R004455,E01747,2024_H2,2024-12-15,3,5,False,Completed
R004456,E00596,2024_H2,2024-12-15,5,4,False,Pending
R004457,E00941,2024_H2,2024-12-15,4,3,False,Pending
R004458,E03777,2024_H2,2024-12-15,3,4,False,Completed
R004459,E04567,2024_H2,2024-12-15,2,5,False,Pending
R004460,E03935,2024_H2,2024-12-15,2,3,False,Completed
R004461,E03528,2024_H2,2024-12-15,3,5,False,Completed
R004462,E01720,2024_H2,2024-12-15,3,3,False,Completed
R004463,E03298,2024_H2,2024-12-15,2,3,False,Completed
R004464,E04992,2024_H2,2024-12-15,4,4,True,Cancelled
R004465,E01605,2024_H2,2024-12-15,2,1,False,Completed
R004466,E04473,2024_H2,2024-12-15,4,4,False,Pending
R004467,E01419,2024_H2,2024-12-15,3,3,False,Completed
R004468,E00283,2024_H2,2024-12-15,3,2,False,Completed
R004469,E00721,2024_H2,2024-12-15,1,3,False,Completed
R004470,E04932,2024_H2,2024-12-15,3,4,False,Completed
R004471,E01531,2024_H2,2024-12-15,3,1,False,Completed
R004472,E01333,2024_H2,2024-12-15,4,3,False,Completed
R004473,E00309,2024_H2,2024-12-15,2,3,False,Completed
R004474,E00904,2024_H2,2024-12-15,4,4,False,Completed
R004475,E01805,2024_H2,2024-12-15,3,3,False,Completed
R004476,E03700,2024_H2,2024-12-15,2,3,False,Pending
R004477,E01668,2024_H2,2024-12-15,3,3,False,Completed
R004478,E00157,2024_H2,2024-12-15,2,3,False,Completed
R004479,E02359,2024_H2,2024-12-15,3,3,False,Completed
R004480,E04312,2024_H2,2024-12-15,4,3,False,Completed
R004481,E03747,2024_H2,2024-12-15,3,4,False,Completed
R004482,E01727,2024_H2,2024-12-15,4,3,False,Cancelled
R004483,E02328,2024_H2,2024-12-15,4,3,False,Pending
R004484,E04140,2024_H2,2024-12-15,3,5,False,Completed
R004485,E01978,2024_H2,2024-12-15,2,5,False,Completed
R004486,E00501,2024_H2,2024-12-15,4,1,False,Completed
R004487,E01807,2024_H2,2024-12-15,2,2,False,Completed
R004488,E02420,2024_H2,2024-12-15,3,3,False,Completed
R004489,E00898,2024_H2,2024-12-15,3,5,False,Completed
R004490,E04902,2024_H2,2024-12-15,3,4,False,Completed
R004491,E01961,2024_H2,2024-12-15,3,3,False,Completed
R004492,E00711,2024_H2,2024-12-15,5,3,False,Pending
R004493,E03204,2024_H2,2024-12-15,5,5,False,Completed
R004494,E00174,2024_H2,2024-12-15,3,3,False,Completed
R004495,E03828,2024_H2,2024-12-15,3,3,False,Completed
R004496,E02274,2024_H2,2024-12-15,2,3,False,Completed
R004497,E01392,2024_H2,2024-12-15,3,3,False,Completed
R004498,E03609,2024_H2,2024-12-15,4,1,False,Pending
R004499,E03536,2024_H2,2024-12-15,4,4,False,Completed
R004500,E03464,2024_H2,2024-12-15,4,2,True,Completed
R004501,E01177,2024_H2,2024-12-15,2,2,False,Completed
R004502,E03875,2024_H2,2024-12-15,3,5,True,Completed
R004503,E04549,2024_H2,2024-12-15,4,4,True,Completed
R004504,E03322,2024_H2,2024-12-15,3,3,False,Cancelled
R004505,E04635,2024_H2,2024-12-15,2,2,False,Completed
R004506,E04245,2024_H2,2024-12-15,5,2,False,Completed
R004507,E04086,2024_H2,2024-12-15,4,2,False,Completed
R004508,E03901,2024_H2,2024-12-15,4,3,False,Completed
R004509,E02184,2024_H2,2024-12-15,3,3,False,Completed
R004510,E00242,2024_H2,2024-12-15,4,3,False,Completed
R004511,E01896,2024_H2,2024-12-15,4,3,False,Pending
R004512,E01997,2024_H2,2024-12-15,3,3,False,Completed
R004513,E00914,2024_H2,2024-12-15,4,5,True,Completed
R004514,E04510,2024_H2,2024-12-15,5,4,False,Completed
R004515,E03481,2024_H2,2024-12-15,3,3,False,Completed
R004516,E02897,2024_H2,2024-12-15,1,3,False,Completed
R004517,E00118,2024_H2,2024-12-15,4,3,True,Completed
R004518,E04445,2024_H2,2024-12-15,3,2,False,Pending
R004519,E03392,2024_H2,2024-12-15,3,5,False,Completed
R004520,E04506,2024_H2,2024-12-15,3,2,False,Completed
R004521,E03200,2024_H2,2024-12-15,3,3,False,Completed
R004522,E02252,2024_H2,2024-12-15,3,3,False,Completed
R004523,E03490,2024_H2,2024-12-15,2,2,False,Completed
R004524,E01053,2024_H2,2024-12-15,3,2,False,Cancelled
R004525,E04859,2024_H2,2024-12-15,1,1,False,Completed
R004526,E02724,2024_H2,2024-12-15,2,5,False,Completed
R004527,E01105,2024_H2,2024-12-15,2,4,False,Completed
R004528,E00304,2024_H2,2024-12-15,3,3,False,Completed
R004529,E04442,2024_H2,2024-12-15,3,3,False,Pending
R004530,E03400,2024_H2,2024-12-15,4,2,False,Completed
R004531,E02975,2024_H2,2024-12-15,4,3,False,Completed
R004532,E04988,2024_H2,2024-12-15,2,3,False,Completed
R004533,E01902,2024_H2,2024-12-15,4,3,True,Pending
R004534,E04801,2024_H2,2024-12-15,3,5,False,Pending
R004535,E04090,2024_H2,2024-12-15,3,4,False,Pending
R004536,E03300,2024_H2,2024-12-15,3,4,False,Pending
R004537,E03597,2024_H2,2024-12-15,5,2,False,Pending
R004538,E00860,2024_H2,2024-12-15,4,3,False,Completed
R004539,E01411,2024_H2,2024-12-15,3,3,False,Completed
R004540,E00523,2024_H2,2024-12-15,4,4,False,Pending
R004541,E03441,2024_H2,2024-12-15,4,2,False,Completed
R004542,E00888,2024_H2,2024-12-15,3,4,False,Completed
R004543,E04853,2024_H2,2024-12-15,2,2,False,Completed
R004544,E01072,2024_H2,2024-12-15,3,1,False,Completed
R004545,E04488,2024_H2,2024-12-15,3,2,False,Cancelled
R004546,E03213,2024_H2,2024-12-15,4,1,False,Completed
R004547,E04159,2024_H2,2024-12-15,5,2,False,Pending
R004548,E02393,2024_H2,2024-12-15,2,2,False,Completed
R004549,E02693,2024_H2,2024-12-15,3,3,False,Completed
R004550,E00075,2024_H2,2024-12-15,5,3,False,Completed
R004551,E02565,2024_H2,2024-12-15,3,4,False,Completed
R004552,E00521,2024_H2,2024-12-15,2,3,False,Completed
R004553,E03723,2024_H2,2024-12-15,3,5,False,Completed
R004554,E02708,2024_H2,2024-12-15,4,3,False,Completed
R004555,E02854,2024_H2,2024-12-15,3,4,False,Completed
R004556,E03177,2024_H2,2024-12-15,3,3,False,Completed
R004557,E02580,2024_H2,2024-12-15,3,2,False,Completed
R004558,E02802,2024_H2,2024-12-15,4,2,False,Pending
R004559,E01983,2024_H2,2024-12-15,3,3,False,Completed
R004560,E03850,2024_H2,2024-12-15,2,4,False,Pending
R004561,E01047,2024_H2,2024-12-15,3,3,False,Pending
R004562,E02198,2024_H2,2024-12-15,3,3,False,Completed
R004563,E01073,2024_H2,2024-12-15,4,4,False,Completed
R004564,E01919,2024_H2,2024-12-15,4,3,False,Completed
R004565,E04439,2024_H2,2024-12-15,3,4,False,Pending
R004566,E01859,2024_H2,2024-12-15,4,3,False,Pending
R004567,E02649,2024_H2,2024-12-15,2,5,False,Completed
R004568,E03584,2024_H2,2024-12-15,3,3,False,Cancelled
R004569,E03460,2024_H2,2024-12-15,2,3,False,Completed
R004570,E03214,2024_H2,2024-12-15,5,3,False,Completed
R004571,E01733,2024_H2,2024-12-15,4,2,False,Completed
R004572,E00636,2024_H2,2024-12-15,3,3,False,Completed
R004573,E03307,2024_H2,2024-12-15,2,3,False,Completed
R004574,E02643,2024_H2,2024-12-15,3,3,False,Completed
R004575,E03920,2024_H2,2024-12-15,5,3,False,Pending
R004576,E02434,2024_H2,2024-12-15,4,2,True,Completed
R004577,E02049,2024_H2,2024-12-15,4,3,False,Completed
R004578,E01223,2024_H2,2024-12-15,3,2,False,Completed
R004579,E04797,2024_H2,2024-12-15,4,5,True,Completed
R004580,E02223,2024_H2,2024-12-15,4,3,False,Completed
R004581,E01488,2024_H2,2024-12-15,3,2,False,Completed
R004582,E02794,2024_H2,2024-12-15,3,1,False,Completed
R004583,E04703,2024_H2,2024-12-15,2,3,False,Completed
R004584,E01837,2024_H2,2024-12-15,2,2,False,Completed
R004585,E04187,2024_H2,2024-12-15,3,3,False,Completed
R004586,E03278,2024_H2,2024-12-15,3,5,False,Completed
R004587,E04119,2024_H2,2024-12-15,4,4,False,Completed
R004588,E04877,2024_H2,2024-12-15,4,4,False,Completed
R004589,E04551,2024_H2,2024-12-15,2,4,False,Completed
R004590,E00082,2024_H2,2024-12-15,5,2,False,Completed
R004591,E01318,2024_H2,2024-12-15,4,4,False,Completed
R004592,E04781,2024_H2,2024-12-15,3,4,False,Completed
R004593,E03436,2024_H2,2024-12-15,4,4,False,Completed
R004594,E04183,2024_H2,2024-12-15,3,3,False,Completed
R004595,E00203,2024_H2,2024-12-15,1,4,True,Completed
R004596,E01306,2024_H2,2024-12-15,4,3,False,Completed
R004597,E01157,2024_H2,2024-12-15,3,1,False,Completed
R004598,E03221,2024_H2,2024-12-15,3,2,False,Completed
R004599,E03636,2024_H2,2024-12-15,3,4,False,Completed
R004600,E03745,2024_H2,2024-12-15,3,3,False,Completed
R004601,E02425,2024_H2,2024-12-15,3,2,False,Completed
R004602,E00670,2024_H2,2024-12-15,5,3,False,Completed
R004603,E00725,2024_H2,2024-12-15,3,4,False,Completed
R004604,E01923,2024_H2,2024-12-15,2,4,False,Completed
R004605,E00049,2024_H2,2024-12-15,3,3,False,Pending
R004606,E04858,2024_H2,2024-12-15,4,4,True,Completed
R004607,E02152,2024_H2,2024-12-15,3,5,False,Completed
R004608,E01068,2024_H2,2024-12-15,4,1,False,Completed
R004609,E01173,2024_H2,2024-12-15,4,3,False,Completed
R004610,E04935,2024_H2,2024-12-15,4,2,False,Completed
R004611,E01911,2024_H2,2024-12-15,3,5,False,Completed
R004612,E04455,2024_H2,2024-12-15,4,5,False,Completed
R004613,E03229,2024_H2,2024-12-15,4,3,False,Completed
R004614,E01239,2024_H2,2024-12-15,5,3,False,Pending
R004615,E02928,2024_H2,2024-12-15,3,3,True,Completed
R004616,E04685,2024_H2,2024-12-15,3,2,False,Completed
R004617,E01811,2024_H2,2024-12-15,3,5,True,Pending
R004618,E04882,2024_H2,2024-12-15,3,2,False,Completed
R004619,E00336,2024_H2,2024-12-15,3,4,False,Completed
R004620,E04815,2024_H2,2024-12-15,4,3,False,Completed
R004621,E04898,2024_H2,2024-12-15,3,3,False,Pending
R004622,E04850,2024_H2,2024-12-15,3,1,False,Completed
R004623,E04503,2024_H2,2024-12-15,3,3,False,Completed
R004624,E00074,2024_H2,2024-12-15,4,4,False,Completed
R004625,E02317,2024_H2,2024-12-15,1,3,True,Completed
R004626,E00117,2024_H2,2024-12-15,3,2,False,Completed
R004627,E01921,2024_H2,2024-12-15,3,4,False,Completed
R004628,E01740,2024_H2,2024-12-15,3,5,False,Completed
R004629,E02430,2024_H2,2024-12-15,1,4,False,Completed
R004630,E04990,2024_H2,2024-12-15,2,2,False,Completed
R004631,E03126,2024_H2,2024-12-15,2,4,False,Completed
R004632,E02654,2024_H2,2024-12-15,4,4,True,Completed
R004633,E00857,2024_H2,2024-12-15,2,3,False,Completed
R004634,E01454,2024_H2,2024-12-15,4,3,True,Completed
R004635,E03886,2024_H2,2024-12-15,1,2,False,Completed
R004636,E00199,2024_H2,2024-12-15,5,1,False,Completed
R004637,E01669,2024_H2,2024-12-15,2,3,False,Completed
R004638,E03250,2024_H2,2024-12-15,3,4,False,Completed
R004639,E00212,2024_H2,2024-12-15,3,2,False,Completed
R004640,E01973,2024_H2,2024-12-15,4,5,True,Pending
R004641,E00232,2024_H2,2024-12-15,3,3,False,Cancelled
R004642,E01187,2024_H2,2024-12-15,3,5,True,Pending
R004643,E02413,2024_H2,2024-12-15,3,2,False,Completed
R004644,E04963,2024_H2,2024-12-15,4,3,False,Completed
R004645,E01501,2024_H2,2024-12-15,5,2,False,Pending
R004646,E00248,2024_H2,2024-12-15,3,5,False,Pending
R004647,E02599,2024_H2,2024-12-15,3,2,False,Completed
R004648,E02195,2024_H2,2024-12-15,3,3,False,Completed
R004649,E04672,2024_H2,2024-12-15,3,3,False,Completed
R004650,E04462,2024_H2,2024-12-15,3,4,False,Completed
R004651,E01844,2024_H2,2024-12-15,4,5,True,Pending
R004652,E01866,2024_H2,2024-12-15,2,4,False,Completed
R004653,E03735,2024_H2,2024-12-15,3,5,False,Completed
R004654,E04827,2024_H2,2024-12-15,3,3,False,Pending
R004655,E00344,2024_H2,2024-12-15,3,5,False,Completed
R004656,E00266,2024_H2,2024-12-15,2,4,False,Completed
R004657,E02952,2024_H2,2024-12-15,2,1,False,Completed
R004658,E03784,2024_H2,2024-12-15,3,3,False,Completed
R004659,E01982,2024_H2,2024-12-15,4,3,False,Completed
R004660,E02553,2024_H2,2024-12-15,3,3,False,Pending
R004661,E04444,2024_H2,2024-12-15,3,5,False,Completed
R004662,E03396,2024_H2,2024-12-15,3,1,False,Completed
R004663,E01822,2024_H2,2024-12-15,3,2,False,Completed
R004664,E03782,2024_H2,2024-12-15,3,3,False,Pending
R004665,E00340,2024_H2,2024-12-15,4,4,False,Completed
R004666,E00245,2024_H2,2024-12-15,4,3,False,Completed
R004667,E01675,2024_H2,2024-12-15,3,3,False,Completed
R004668,E01939,2024_H2,2024-12-15,3,4,False,Completed
R004669,E00620,2024_H2,2024-12-15,1,3,False,Pending
R004670,E04725,2024_H2,2024-12-15,2,3,False,Completed
R004671,E00022,2024_H2,2024-12-15,3,3,False,Completed
R004672,E03211,2024_H2,2024-12-15,2,3,False,Pending
R004673,E01931,2024_H2,2024-12-15,3,5,False,Completed
R004674,E03247,2024_H2,2024-12-15,3,2,False,Completed
R004675,E02028,2024_H2,2024-12-15,1,3,False,Completed
R004676,E02573,2024_H2,2024-12-15,4,5,False,Completed
R004677,E01111,2024_H2,2024-12-15,3,3,False,Completed
R004678,E00798,2024_H2,2024-12-15,3,3,True,Completed
R004679,E03318,2024_H2,2024-12-15,1,3,False,Completed
R004680,E00261,2024_H2,2024-12-15,4,3,False,Pending
R004681,E04709,2024_H2,2024-12-15,3,2,False,Completed
R004682,E03137,2024_H2,2024-12-15,2,2,False,Completed
R004683,E01365,2024_H2,2024-12-15,4,4,False,Completed
R004684,E02673,2024_H2,2024-12-15,4,3,False,Completed
R004685,E01263,2024_H2,2024-12-15,3,3,False,Cancelled
R004686,E02199,2024_H2,2024-12-15,4,4,False,Completed
R004687,E01676,2024_H2,2024-12-15,4,3,False,Completed
R004688,E04055,2024_H2,2024-12-15,3,4,False,Completed
R004689,E04558,2024_H2,2024-12-15,4,4,True,Completed
R004690,E04975,2024_H2,2024-12-15,3,3,False,Completed
R004691,E04039,2024_H2,2024-12-15,5,4,False,Pending
R004692,E00900,2024_H2,2024-12-15,3,4,False,Completed
R004693,E00781,2024_H2,2024-12-15,3,3,False,Completed
R004694,E00045,2024_H2,2024-12-15,3,5,False,Completed
R004695,E01204,2024_H2,2024-12-15,2,3,False,Completed
R004696,E00718,2024_H2,2024-12-15,4,3,False,Completed
R004697,E01131,2024_H2,2024-12-15,2,3,True,Completed
R004698,E03801,2024_H2,2024-12-15,3,3,False,Completed
R004699,E03043,2024_H2,2024-12-15,4,3,False,Pending
R004700,E04879,2024_H2,2024-12-15,3,2,False,Completed
R004701,E00439,2024_H2,2024-12-15,4,2,False,Completed
R004702,E02652,2024_H2,2024-12-15,3,3,False,Completed
R004703,E01663,2024_H2,2024-12-15,3,4,False,Completed
R004704,E03333,2024_H2,2024-12-15,5,3,False,Completed
R004705,E02457,2024_H2,2024-12-15,3,5,False,Completed
R004706,E02185,2024_H2,2024-12-15,1,2,False,Completed
R004707,E04143,2024_H2,2024-12-15,4,5,False,Completed
R004708,E04227,2024_H2,2024-12-15,2,2,False,Completed
R004709,E04353,2024_H2,2024-12-15,3,4,False,Completed
R004710,E01307,2024_H2,2024-12-15,2,2,False,Completed
R004711,E02913,2024_H2,2024-12-15,5,3,False,Completed
R004712,E04244,2024_H2,2024-12-15,4,4,False,Completed
R004713,E03644,2024_H2,2024-12-15,3,4,False,Completed
R004714,E01432,2024_H2,2024-12-15,5,4,False,Completed
R004715,E03991,2024_H2,2024-12-15,2,3,False,Completed
R004716,E04765,2024_H2,2024-12-15,3,4,True,Completed
R004717,E04411,2024_H2,2024-12-15,3,3,False,Completed
R004718,E00782,2024_H2,2024-12-15,3,4,False,Completed
R004719,E04073,2024_H2,2024-12-15,2,2,False,Completed
R004720,E04819,2024_H2,2024-12-15,4,3,False,Completed
R004721,E01331,2024_H2,2024-12-15,3,4,False,Completed
R004722,E01198,2024_H2,2024-12-15,4,4,False,Completed
R004723,E01769,2024_H2,2024-12-15,3,1,False,Completed
R004724,E01045,2024_H2,2024-12-15,3,4,True,Completed
R004725,E02288,2024_H2,2024-12-15,3,2,False,Completed
R004726,E02159,2024_H2,2024-12-15,2,1,False,Completed
R004727,E04590,2024_H2,2024-12-15,5,4,False,Completed
R004728,E01796,2024_H2,2024-12-15,3,2,True,Pending
R004729,E02663,2024_H2,2024-12-15,4,3,True,Cancelled
R004730,E04927,2024_H2,2024-12-15,3,4,False,Completed
R004731,E02236,2024_H2,2024-12-15,4,3,False,Completed
R004732,E04846,2024_H2,2024-12-15,3,3,False,Completed
R004733,E04482,2024_H2,2024-12-15,4,2,False,Cancelled
R004734,E04069,2024_H2,2024-12-15,4,3,False,Completed
R004735,E00343,2024_H2,2024-12-15,3,4,False,Completed
R004736,E01950,2024_H2,2024-12-15,2,3,False,Completed
R004737,E04821,2024_H2,2024-12-15,5,4,False,Completed
R004738,E02334,2024_H2,2024-12-15,4,2,False,Completed
R004739,E04680,2024_H2,2024-12-15,3,2,False,Pending
R004740,E01732,2024_H2,2024-12-15,3,4,False,Completed
R004741,E04387,2024_H2,2024-12-15,3,4,False,Completed
R004742,E02520,2024_H2,2024-12-15,5,4,False,Pending
R004743,E04367,2024_H2,2024-12-15,3,3,False,Completed
R004744,E03217,2024_H2,2024-12-15,1,4,False,Completed
R004745,E01451,2024_H2,2024-12-15,4,4,False,Pending
R004746,E00374,2024_H2,2024-12-15,2,5,False,Completed
R004747,E02697,2024_H2,2024-12-15,1,2,False,Completed
R004748,E02008,2024_H2,2024-12-15,5,4,False,Completed
R004749,E04050,2024_H2,2024-12-15,5,4,False,Completed
R004750,E04662,2024_H2,2024-12-15,4,2,True,Completed
R004751,E00548,2024_H2,2024-12-15,3,2,False,Pending
R004752,E01535,2024_H2,2024-12-15,4,2,False,Cancelled
R004753,E01857,2024_H2,2024-12-15,5,3,False,Completed
R004754,E04401,2024_H2,2024-12-15,2,4,False,Completed
R004755,E01748,2024_H2,2024-12-15,5,4,False,Completed
R004756,E02798,2024_H2,2024-12-15,3,4,False,Completed
R004757,E00460,2024_H2,2024-12-15,5,3,False,Cancelled
R004758,E02758,2024_H2,2024-12-15,3,5,True,Completed
R004759,E01143,2024_H2,2024-12-15,3,4,False,Completed
R004760,E00789,2024_H2,2024-12-15,4,3,False,Completed
R004761,E02183,2024_H2,2024-12-15,4,3,False,Completed
R004762,E01252,2024_H2,2024-12-15,4,4,False,Completed
R004763,E04071,2024_H2,2024-12-15,4,4,True,Completed
R004764,E04810,2024_H2,2024-12-15,4,5,False,Completed
R004765,E04190,2024_H2,2024-12-15,2,5,False,Completed
R004766,E01274,2024_H2,2024-12-15,5,4,False,Completed
R004767,E01758,2024_H2,2024-12-15,3,3,False,Completed
R004768,E00008,2024_H2,2024-12-15,5,3,False,Completed
R004769,E01551,2024_H2,2024-12-15,3,4,False,Completed
R004770,E03491,2024_H2,2024-12-15,2,2,False,Pending
R004771,E01014,2024_H2,2024-12-15,3,4,False,Completed
R004772,E03820,2024_H2,2024-12-15,3,4,False,Pending
R004773,E02664,2024_H2,2024-12-15,4,3,False,Completed
R004774,E02923,2024_H2,2024-12-15,3,4,False,Pending
R004775,E03095,2024_H2,2024-12-15,3,2,False,Completed
R004776,E04340,2024_H2,2024-12-15,5,1,False,Pending
R004777,E02403,2024_H2,2024-12-15,5,3,False,Completed
R004778,E02337,2024_H2,2024-12-15,5,4,False,Completed
R004779,E00812,2024_H2,2024-12-15,3,4,False,Completed
R004780,E02559,2024_H2,2024-12-15,2,1,False,Completed
R004781,E00040,2024_H2,2024-12-15,5,3,False,Completed
R004782,E02196,2024_H2,2024-12-15,5,4,True,Completed
R004783,E01708,2024_H2,2024-12-15,3,4,False,Completed
R004784,E02902,2024_H2,2024-12-15,5,3,False,Completed
R004785,E02312,2024_H2,2024-12-15,4,3,False,Completed
R004786,E01357,2024_H2,2024-12-15,3,3,True,Completed
R004787,E04671,2024_H2,2024-12-15,3,4,True,Completed
R004788,E01478,2024_H2,2024-12-15,2,4,False,Completed
R004789,E04826,2024_H2,2024-12-15,3,3,False,Completed
R004790,E01300,2024_H2,2024-12-15,2,2,False,Completed
R004791,E03022,2024_H2,2024-12-15,5,2,False,Completed
R004792,E04441,2024_H2,2024-12-15,3,3,False,Completed
R004793,E04223,2024_H2,2024-12-15,3,4,False,Pending
R004794,E00577,2024_H2,2024-12-15,3,3,False,Completed
R004795,E00302,2024_H2,2024-12-15,3,2,False,Pending
R004796,E02537,2024_H2,2024-12-15,2,2,False,Pending
R004797,E01405,2024_H2,2024-12-15,4,3,False,Cancelled
R004798,E03433,2024_H2,2024-12-15,4,3,False,Completed
R004799,E03951,2024_H2,2024-12-15,3,3,False,Completed
R004800,E03751,2024_H2,2024-12-15,4,4,False,Pending
R004801,E04624,2024_H2,2024-12-15,3,5,False,Pending
R004802,E00908,2024_H2,2024-12-15,1,2,False,Completed
R004803,E01192,2024_H2,2024-12-15,5,5,False,Completed
R004804,E01526,2024_H2,2024-12-15,4,2,False,Completed
R004805,E01842,2024_H2,2024-12-15,3,5,False,Completed
R004806,E04929,2024_H2,2024-12-15,3,4,False,Completed
R004807,E01312,2024_H2,2024-12-15,3,4,False,Completed
R004808,E02261,2024_H2,2024-12-15,3,2,False,Completed
R004809,E01049,2024_H2,2024-12-15,3,1,False,Completed
R004810,E01272,2024_H2,2024-12-15,2,2,False,Completed
R004811,E01641,2024_H2,2024-12-15,2,4,False,Cancelled
R004812,E02885,2024_H2,2024-12-15,3,4,False,Completed
R004813,E00593,2024_H2,2024-12-15,3,3,False,Completed
R004814,E04499,2024_H2,2024-12-15,4,4,False,Pending
R004815,E00539,2024_H2,2024-12-15,3,2,False,Completed
R004816,E04123,2024_H2,2024-12-15,3,4,False,Pending
R004817,E02576,2024_H2,2024-12-15,3,4,False,Cancelled
R004818,E00188,2024_H2,2024-12-15,3,3,False,Pending
R004819,E01369,2024_H2,2024-12-15,3,5,False,Completed
R004820,E00508,2024_H2,2024-12-15,3,4,False,Completed
R004821,E03811,2024_H2,2024-12-15,1,4,False,Completed
R004822,E01567,2024_H2,2024-12-15,3,4,False,Cancelled
R004823,E00106,2024_H2,2024-12-15,5,3,False,Completed
R004824,E03802,2024_H2,2024-12-15,3,3,False,Completed
R004825,E02360,2024_H2,2024-12-15,3,3,False,Completed
R004826,E03489,2024_H2,2024-12-15,4,3,False,Pending
R004827,E02951,2024_H2,2024-12-15,3,3,False,Completed
R004828,E01328,2024_H2,2024-12-15,3,2,False,Cancelled
R004829,E00866,2024_H2,2024-12-15,4,2,False,Completed
R004830,E02591,2024_H2,2024-12-15,3,3,False,Completed
R004831,E01810,2024_H2,2024-12-15,4,4,True,Completed
R004832,E02521,2024_H2,2024-12-15,4,3,False,Completed
R004833,E01571,2024_H2,2024-12-15,3,4,True,Completed
R004834,E02539,2024_H2,2024-12-15,4,2,False,Completed
R004835,E00114,2024_H2,2024-12-15,3,4,False,Pending
R004836,E00650,2024_H2,2024-12-15,2,2,False,Pending
R004837,E01358,2024_H2,2024-12-15,3,1,False,Pending
R004838,E01486,2024_H2,2024-12-15,3,4,False,Completed
R004839,E03225,2024_H2,2024-12-15,4,4,False,Completed
R004840,E04034,2024_H2,2024-12-15,5,3,False,Completed
R004841,E03805,2024_H2,2024-12-15,3,3,False,Cancelled
R004842,E03925,2024_H2,2024-12-15,3,3,False,Completed
R004843,E03955,2024_H2,2024-12-15,3,5,False,Completed
R004844,E00440,2024_H2,2024-12-15,3,3,False,Completed
R004845,E04357,2024_H2,2024-12-15,5,5,False,Completed
R004846,E03002,2024_H2,2024-12-15,4,2,False,Pending
R004847,E02634,2024_H2,2024-12-15,3,4,False,Completed
R004848,E00528,2024_H2,2024-12-15,1,3,False,Completed
R004849,E04483,2024_H2,2024-12-15,5,3,False,Completed
R004850,E04840,2024_H2,2024-12-15,5,1,True,Pending
R004851,E04130,2024_H2,2024-12-15,3,4,False,Completed
R004852,E00156,2024_H2,2024-12-15,3,4,False,Completed
R004853,E00934,2024_H2,2024-12-15,3,4,False,Completed
R004854,E03749,2024_H2,2024-12-15,4,3,False,Completed
R004855,E00608,2024_H2,2024-12-15,3,1,False,Completed
R004856,E03081,2024_H2,2024-12-15,4,5,False,Completed
R004857,E00838,2024_H2,2024-12-15,2,2,False,Completed
R004858,E04731,2024_H2,2024-12-15,4,3,False,Completed
R004859,E01165,2024_H2,2024-12-15,3,2,False,Pending
R004860,E03070,2024_H2,2024-12-15,2,2,False,Pending
R004861,E02256,2024_H2,2024-12-15,4,4,False,Pending
R004862,E04059,2024_H2,2024-12-15,3,3,False,Completed
R004863,E00417,2024_H2,2024-12-15,3,3,False,Cancelled
R004864,E01011,2024_H2,2024-12-15,3,2,False,Completed
R004865,E03111,2024_H2,2024-12-15,2,4,True,Completed
R004866,E00005,2024_H2,2024-12-15,1,2,False,Completed
R004867,E01088,2024_H2,2024-12-15,5,2,False,Completed
R004868,E01414,2024_H2,2024-12-15,4,5,False,Completed
R004869,E04823,2024_H2,2024-12-15,4,4,False,Completed
R004870,E00665,2024_H2,2024-12-15,3,3,False,Completed
R004871,E03326,2024_H2,2024-12-15,4,3,False,Pending
R004872,E02907,2024_H2,2024-12-15,3,3,False,Completed
R004873,E01205,2024_H2,2024-12-15,4,3,False,Completed
R004874,E04032,2024_H2,2024-12-15,4,4,False,Completed
R004875,E00871,2024_H2,2024-12-15,3,5,False,Completed
R004876,E00311,2024_H2,2024-12-15,3,4,False,Completed
R004877,E01735,2024_H2,2024-12-15,5,3,True,Completed
R004878,E00981,2024_H2,2024-12-15,4,3,False,Completed
R004879,E02757,2024_H2,2024-12-15,4,3,False,Completed
R004880,E02435,2024_H2,2024-12-15,3,4,False,Completed
R004881,E00949,2024_H2,2024-12-15,3,3,False,Completed
R004882,E03781,2024_H2,2024-12-15,4,4,False,Completed
R004883,E03673,2024_H2,2024-12-15,2,4,True,Completed
R004884,E04964,2024_H2,2024-12-15,3,3,False,Completed
R004885,E04993,2024_H2,2024-12-15,2,2,False,Completed
R004886,E00811,2024_H2,2024-12-15,4,4,False,Completed
R004887,E03282,2024_H2,2024-12-15,3,4,False,Completed
R004888,E04947,2024_H2,2024-12-15,4,3,False,Completed
R004889,E01936,2024_H2,2024-12-15,4,3,False,Pending
R004890,E00244,2024_H2,2024-12-15,3,2,False,Completed
R004891,E02054,2024_H2,2024-12-15,5,1,False,Completed
R004892,E04693,2024_H2,2024-12-15,5,3,False,Completed
R004893,E02904,2024_H2,2024-12-15,4,1,False,Completed
R004894,E04603,2024_H2,2024-12-15,3,5,False,Pending
R004895,E01544,2024_H2,2024-12-15,3,1,False,Completed
R004896,E04163,2024_H2,2024-12-15,3,5,False,Completed
R004897,E03056,2024_H2,2024-12-15,4,3,False,Completed
R004898,E01575,2024_H2,2024-12-15,4,4,True,Completed
R004899,E00361,2024_H2,2024-12-15,4,3,False,Pending
R004900,E04636,2024_H2,2024-12-15,5,2,False,Completed
R004901,E01550,2024_H2,2024-12-15,3,3,False,Completed
R004902,E02356,2024_H2,2024-12-15,4,2,True,Completed
R004903,E00646,2024_H2,2024-12-15,4,3,False,Completed
R004904,E03579,2024_H2,2024-12-15,5,4,True,Completed
R004905,E02009,2024_H2,2024-12-15,3,3,False,Completed
R004906,E03014,2024_H2,2024-12-15,3,4,False,Completed
R004907,E01281,2024_H2,2024-12-15,3,3,False,Completed
R004908,E01038,2024_H2,2024-12-15,3,3,False,Completed
R004909,E04949,2024_H2,2024-12-15,4,3,False,Completed
R004910,E03578,2024_H2,2024-12-15,4,3,False,Completed
R004911,E04288,2024_H2,2024-12-15,3,4,False,Completed
R004912,E02944,2024_H2,2024-12-15,3,3,False,Completed
R004913,E02741,2024_H2,2024-12-15,4,4,False,Completed
R004914,E02492,2024_H2,2024-12-15,3,3,False,Completed
R004915,E04715,2024_H2,2024-12-15,3,4,False,Completed
R004916,E01815,2024_H2,2024-12-15,2,5,False,Pending
R004917,E04900,2024_H2,2024-12-15,4,4,False,Completed
R004918,E00002,2024_H2,2024-12-15,3,3,False,Completed
R004919,E03093,2024_H2,2024-12-15,4,4,False,Completed
R004920,E01372,2024_H2,2024-12-15,4,5,True,Completed
R004921,E03301,2024_H2,2024-12-15,3,4,False,Completed
R004922,E03569,2024_H2,2024-12-15,2,4,True,Completed
R004923,E03029,2024_H2,2024-12-15,3,3,False,Completed
R004924,E03771,2024_H2,2024-12-15,3,2,False,Completed
R004925,E04421,2024_H2,2024-12-15,3,3,False,Completed
R004926,E04231,2024_H2,2024-12-15,3,4,False,Completed
R004927,E03435,2024_H2,2024-12-15,5,3,False,Completed
R004928,E04909,2024_H2,2024-12-15,3,5,False,Pending
R004929,E02620,2024_H2,2024-12-15,3,3,False,Completed
R004930,E00758,2024_H2,2024-12-15,3,3,False,Completed
R004931,E04893,2024_H2,2024-12-15,5,3,False,Completed
R004932,E02901,2024_H2,2024-12-15,3,3,False,Completed
R004933,E02750,2024_H2,2024-12-15,4,4,False,Completed
R004934,E03906,2024_H2,2024-12-15,5,4,False,Completed
R004935,E03639,2024_H2,2024-12-15,2,3,False,Completed
R004936,E01495,2024_H2,2024-12-15,4,4,True,Completed
R004937,E03585,2024_H2,2024-12-15,2,3,False,Completed
R004938,E04631,2024_H2,2024-12-15,1,1,False,Completed
R004939,E03861,2024_H2,2024-12-15,3,3,False,Pending
R004940,E04617,2024_H2,2024-12-15,1,2,False,Cancelled
R004941,E00067,2024_H2,2024-12-15,4,4,False,Pending
R004942,E02932,2024_H2,2024-12-15,1,2,True,Completed
R004943,E01721,2024_H2,2024-12-15,3,3,False,Completed
R004944,E00734,2024_H2,2024-12-15,4,4,False,Completed
R004945,E03863,2024_H2,2024-12-15,4,5,False,Completed
R004946,E01587,2024_H2,2024-12-15,3,3,False,Completed
R004947,E04750,2024_H2,2024-12-15,4,2,False,Pending
R004948,E03028,2024_H2,2024-12-15,2,4,False,Completed
R004949,E02990,2024_H2,2024-12-15,2,4,False,Completed
R004950,E04104,2024_H2,2024-12-15,4,3,False,Completed
R004951,E03033,2024_H2,2024-12-15,4,4,False,Completed
R004952,E04817,2024_H2,2024-12-15,4,3,False,Completed
R004953,E02441,2024_H2,2024-12-15,3,3,False,Completed
R004954,E04431,2024_H2,2024-12-15,4,3,False,Completed
R004955,E03973,2024_H2,2024-12-15,4,2,False,Pending
R004956,E02803,2024_H2,2024-12-15,4,3,False,Completed
R004957,E01658,2024_H2,2024-12-15,4,4,False,Completed
R004958,E02887,2024_H2,2024-12-15,3,3,False,Completed
R004959,E01861,2024_H2,2024-12-15,4,2,False,Completed
R004960,E02511,2024_H2,2024-12-15,4,2,False,Pending
R004961,E01093,2024_H2,2024-12-15,4,2,False,Completed
R004962,E03949,2024_H2,2024-12-15,4,5,False,Completed
R004963,E00415,2024_H2,2024-12-15,4,2,False,Completed
R004964,E02105,2024_H2,2024-12-15,4,4,False,Completed
R004965,E01650,2024_H2,2024-12-15,3,1,False,Completed
R004966,E01104,2024_H2,2024-12-15,4,3,True,Pending
R004967,E01775,2024_H2,2024-12-15,4,5,False,Completed
R004968,E02066,2024_H2,2024-12-15,3,1,False,Completed
R004969,E03661,2024_H2,2024-12-15,3,4,False,Completed
R004970,E02967,2024_H2,2024-12-15,4,3,False,Completed
R004971,E00478,2024_H2,2024-12-15,4,3,False,Completed
R004972,E00728,2024_H2,2024-12-15,3,3,False,Completed
R004973,E00729,2024_H2,2024-12-15,3,2,False,Completed
R004974,E04162,2024_H2,2024-12-15,3,2,False,Cancelled
R004975,E04527,2024_H2,2024-12-15,1,2,True,Completed
R004976,E02930,2024_H2,2024-12-15,3,4,False,Completed
R004977,E00179,2024_H2,2024-12-15,3,2,False,Cancelled
R004978,E01046,2024_H2,2024-12-15,2,3,False,Completed
R004979,E04508,2024_H2,2024-12-15,4,4,False,Completed
R004980,E03522,2024_H2,2024-12-15,4,3,False,Completed
R004981,E02367,2024_H2,2024-12-15,3,2,False,Completed
R004982,E03164,2024_H2,2024-12-15,3,3,False,Completed
R004983,E00443,2024_H2,2024-12-15,3,4,False,Completed
R004984,E02835,2024_H2,2024-12-15,5,4,False,Completed
R004985,E02875,2024_H2,2024-12-15,3,4,False,Pending
R004986,E03034,2024_H2,2024-12-15,3,3,False,Completed
R004987,E03147,2024_H2,2024-12-15,4,4,False,Completed
R004988,E01467,2024_H2,2024-12-15,2,3,False,Completed
R004989,E00568,2024_H2,2024-12-15,2,4,False,Pending
R004990,E02681,2024_H2,2024-12-15,3,4,False,Completed
R004991,E03843,2024_H2,2024-12-15,4,3,False,Completed
R004992,E03459,2024_H2,2024-12-15,3,4,False,Completed
R004993,E01023,2024_H2,2024-12-15,3,4,False,Completed
R004994,E01533,2024_H2,2024-12-15,3,5,False,Completed
R004995,E01135,2024_H2,2024-12-15,4,2,False,Cancelled
R004996,E02239,2024_H2,2024-12-15,3,2,False,Completed
R004997,E02275,2024_H2,2024-12-15,3,3,False,Completed
R004998,E03816,2024_H2,2024-12-15,3,4,False,Completed
R004999,E01770,2024_H2,2024-12-15,4,2,True,Cancelled
R005000,E04557,2024_H2,2024-12-15,3,4,False,Cancelled
R005001,E04552,2025_H1,2025-06-15,3,3,False,Completed
R005002,E03894,2025_H1,2025-06-15,3,4,False,Completed
R005003,E02168,2025_H1,2025-06-15,3,4,False,Completed
R005004,E02598,2025_H1,2025-06-15,3,3,False,Completed
R005005,E01171,2025_H1,2025-06-15,4,5,False,Completed
R005006,E00622,2025_H1,2025-06-15,4,3,False,Completed
R005007,E04635,2025_H1,2025-06-15,4,3,False,Completed
R005008,E03493,2025_H1,2025-06-15,4,5,False,Completed
R005009,E04111,2025_H1,2025-06-15,2,4,False,Completed
R005010,E00545,2025_H1,2025-06-15,1,4,False,Completed
R005011,E04979,2025_H1,2025-06-15,4,3,False,Completed
R005012,E01822,2025_H1,2025-06-15,2,2,False,Completed
R005013,E01178,2025_H1,2025-06-15,2,3,False,Completed
R005014,E00223,2025_H1,2025-06-15,2,3,False,Completed
R005015,E02907,2025_H1,2025-06-15,3,2,False,Completed
R005016,E04792,2025_H1,2025-06-15,3,5,False,Completed
R005017,E01306,2025_H1,2025-06-15,3,4,False,Completed
R005018,E00333,2025_H1,2025-06-15,5,4,False,Completed
R005019,E00386,2025_H1,2025-06-15,3,3,False,Completed
R005020,E01863,2025_H1,2025-06-15,2,3,False,Completed
R005021,E01253,2025_H1,2025-06-15,3,3,False,Completed
R005022,E04130,2025_H1,2025-06-15,2,3,False,Completed
R005023,E02172,2025_H1,2025-06-15,4,4,False,Completed
R005024,E00354,2025_H1,2025-06-15,3,2,False,Completed
R005025,E04249,2025_H1,2025-06-15,3,3,False,Completed
R005026,E03458,2025_H1,2025-06-15,4,4,False,Completed
R005027,E01169,2025_H1,2025-06-15,4,4,False,Completed
R005028,E02270,2025_H1,2025-06-15,3,3,False,Completed
R005029,E04581,2025_H1,2025-06-15,4,5,False,Pending
R005030,E02500,2025_H1,2025-06-15,4,4,False,Completed
R005031,E01087,2025_H1,2025-06-15,3,3,False,Completed
R005032,E00944,2025_H1,2025-06-15,3,2,False,Completed
R005033,E03453,2025_H1,2025-06-15,4,4,True,Completed
R005034,E03016,2025_H1,2025-06-15,2,3,False,Completed
R005035,E04225,2025_H1,2025-06-15,5,1,False,Pending
R005036,E03102,2025_H1,2025-06-15,3,3,False,Cancelled
R005037,E02286,2025_H1,2025-06-15,3,3,False,Completed
R005038,E01703,2025_H1,2025-06-15,3,5,False,Completed
R005039,E01003,2025_H1,2025-06-15,2,3,False,Completed
R005040,E01229,2025_H1,2025-06-15,3,4,False,Completed
R005041,E03245,2025_H1,2025-06-15,4,3,False,Completed
R005042,E04284,2025_H1,2025-06-15,3,4,True,Completed
R005043,E04516,2025_H1,2025-06-15,3,4,False,Completed
R005044,E04517,2025_H1,2025-06-15,4,3,False,Pending
R005045,E01483,2025_H1,2025-06-15,4,5,False,Completed
R005046,E03852,2025_H1,2025-06-15,5,2,False,Completed
R005047,E00110,2025_H1,2025-06-15,4,3,False,Completed
R005048,E02671,2025_H1,2025-06-15,3,4,False,Pending
R005049,E03422,2025_H1,2025-06-15,3,3,False,Completed
R005050,E02764,2025_H1,2025-06-15,3,3,False,Completed
R005051,E02621,2025_H1,2025-06-15,3,3,False,Completed
R005052,E03556,2025_H1,2025-06-15,3,3,False,Completed
R005053,E04473,2025_H1,2025-06-15,2,2,False,Completed
R005054,E04290,2025_H1,2025-06-15,2,4,False,Pending
R005055,E02247,2025_H1,2025-06-15,3,4,True,Completed
R005056,E00309,2025_H1,2025-06-15,4,4,True,Completed
R005057,E02535,2025_H1,2025-06-15,2,3,False,Completed
R005058,E01678,2025_H1,2025-06-15,3,5,False,Completed
R005059,E01810,2025_H1,2025-06-15,3,5,False,Completed
R005060,E00327,2025_H1,2025-06-15,1,4,False,Completed
R005061,E02370,2025_H1,2025-06-15,4,2,False,Completed
R005062,E03242,2025_H1,2025-06-15,3,4,False,Completed
R005063,E00041,2025_H1,2025-06-15,3,5,False,Completed
R005064,E02579,2025_H1,2025-06-15,1,4,False,Pending
R005065,E04034,2025_H1,2025-06-15,4,1,False,Completed
R005066,E00992,2025_H1,2025-06-15,3,3,False,Completed
R005067,E04638,2025_H1,2025-06-15,3,3,False,Completed
R005068,E02892,2025_H1,2025-06-15,3,2,False,Completed
R005069,E02114,2025_H1,2025-06-15,4,4,False,Completed
R005070,E03174,2025_H1,2025-06-15,3,4,False,Completed
R005071,E00294,2025_H1,2025-06-15,1,4,False,Completed
R005072,E04021,2025_H1,2025-06-15,2,3,False,Completed
R005073,E02279,2025_H1,2025-06-15,3,4,False,Completed
R005074,E04790,2025_H1,2025-06-15,3,2,False,Completed
R005075,E03609,2025_H1,2025-06-15,5,1,False,Pending
R005076,E02642,2025_H1,2025-06-15,3,5,False,Completed
R005077,E03821,2025_H1,2025-06-15,3,2,False,Completed
R005078,E02064,2025_H1,2025-06-15,3,5,False,Completed
R005079,E01115,2025_H1,2025-06-15,5,4,False,Pending
R005080,E02603,2025_H1,2025-06-15,4,4,False,Completed
R005081,E02895,2025_H1,2025-06-15,4,2,False,Completed
R005082,E02070,2025_H1,2025-06-15,4,3,False,Completed
R005083,E03251,2025_H1,2025-06-15,4,3,False,Completed
R005084,E04107,2025_H1,2025-06-15,2,3,False,Completed
R005085,E00972,2025_H1,2025-06-15,4,3,False,Completed
R005086,E01112,2025_H1,2025-06-15,2,4,False,Completed
R005087,E00185,2025_H1,2025-06-15,3,3,False,Completed
R005088,E01255,2025_H1,2025-06-15,1,3,False,Completed
R005089,E01669,2025_H1,2025-06-15,4,3,False,Cancelled
R005090,E02760,2025_H1,2025-06-15,3,4,False,Completed
R005091,E01102,2025_H1,2025-06-15,3,3,False,Completed
R005092,E04585,2025_H1,2025-06-15,5,3,False,Cancelled
R005093,E02955,2025_H1,2025-06-15,3,4,False,Completed
R005094,E00167,2025_H1,2025-06-15,3,4,False,Completed
R005095,E04898,2025_H1,2025-06-15,2,4,False,Completed
R005096,E04220,2025_H1,2025-06-15,3,4,False,Completed
R005097,E00519,2025_H1,2025-06-15,4,3,False,Completed
R005098,E02229,2025_H1,2025-06-15,5,1,False,Pending
R005099,E01469,2025_H1,2025-06-15,3,1,False,Completed
R005100,E04957,2025_H1,2025-06-15,3,4,False,Completed
R005101,E03181,2025_H1,2025-06-15,5,2,False,Completed
R005102,E04943,2025_H1,2025-06-15,3,3,False,Completed
R005103,E01063,2025_H1,2025-06-15,2,5,False,Completed
R005104,E01270,2025_H1,2025-06-15,3,2,False,Completed
R005105,E02549,2025_H1,2025-06-15,3,1,False,Completed
R005106,E03040,2025_H1,2025-06-15,4,3,False,Completed
R005107,E00797,2025_H1,2025-06-15,2,3,False,Completed
R005108,E04739,2025_H1,2025-06-15,2,3,True,Completed
R005109,E02773,2025_H1,2025-06-15,3,2,False,Cancelled
R005110,E02947,2025_H1,2025-06-15,2,3,False,Completed
R005111,E04914,2025_H1,2025-06-15,1,4,False,Completed
R005112,E03628,2025_H1,2025-06-15,3,3,False,Completed
R005113,E03478,2025_H1,2025-06-15,2,3,False,Completed
R005114,E04808,2025_H1,2025-06-15,1,3,False,Pending
R005115,E01775,2025_H1,2025-06-15,3,3,False,Completed
R005116,E01252,2025_H1,2025-06-15,4,2,False,Completed
R005117,E02533,2025_H1,2025-06-15,5,3,False,Completed
R005118,E01121,2025_H1,2025-06-15,4,4,False,Completed
R005119,E01392,2025_H1,2025-06-15,4,3,False,Completed
R005120,E04568,2025_H1,2025-06-15,4,3,False,Completed
R005121,E01630,2025_H1,2025-06-15,3,3,False,Completed
R005122,E03648,2025_H1,2025-06-15,5,3,False,Completed
R005123,E04779,2025_H1,2025-06-15,3,3,False,Completed
R005124,E00618,2025_H1,2025-06-15,4,3,False,Completed
R005125,E01144,2025_H1,2025-06-15,3,2,False,Completed
R005126,E00572,2025_H1,2025-06-15,1,3,False,Completed
R005127,E03819,2025_H1,2025-06-15,3,4,False,Cancelled
R005128,E00835,2025_H1,2025-06-15,2,5,True,Completed
R005129,E04492,2025_H1,2025-06-15,4,3,False,Completed
R005130,E04212,2025_H1,2025-06-15,3,4,False,Completed
R005131,E02178,2025_H1,2025-06-15,3,2,False,Completed
R005132,E02996,2025_H1,2025-06-15,2,3,False,Completed
R005133,E03721,2025_H1,2025-06-15,5,3,True,Completed
R005134,E00102,2025_H1,2025-06-15,3,2,False,Completed
R005135,E02795,2025_H1,2025-06-15,3,2,False,Pending
R005136,E03503,2025_H1,2025-06-15,3,5,True,Completed
R005137,E04674,2025_H1,2025-06-15,5,5,False,Completed
R005138,E04273,2025_H1,2025-06-15,3,3,False,Pending
R005139,E01622,2025_H1,2025-06-15,3,2,False,Completed
R005140,E04296,2025_H1,2025-06-15,3,3,False,Completed
R005141,E02526,2025_H1,2025-06-15,3,3,False,Completed
R005142,E02913,2025_H1,2025-06-15,3,4,False,Completed
R005143,E03112,2025_H1,2025-06-15,5,3,False,Pending
R005144,E03274,2025_H1,2025-06-15,4,1,False,Completed
R005145,E02729,2025_H1,2025-06-15,3,3,False,Completed
R005146,E00475,2025_H1,2025-06-15,4,3,False,Completed
R005147,E02818,2025_H1,2025-06-15,2,3,False,Completed
R005148,E01812,2025_H1,2025-06-15,3,4,False,Completed
R005149,E04496,2025_H1,2025-06-15,4,4,False,Completed
R005150,E04263,2025_H1,2025-06-15,2,3,False,Completed
R005151,E03254,2025_H1,2025-06-15,3,3,False,Completed
R005152,E04569,2025_H1,2025-06-15,4,3,False,Completed
R005153,E04680,2025_H1,2025-06-15,3,4,False,Completed
R005154,E00858,2025_H1,2025-06-15,3,3,False,Pending
R005155,E03591,2025_H1,2025-06-15,2,3,False,Completed
R005156,E04408,2025_H1,2025-06-15,3,3,False,Completed
R005157,E03116,2025_H1,2025-06-15,3,2,False,Cancelled
R005158,E04261,2025_H1,2025-06-15,3,4,False,Completed
R005159,E01743,2025_H1,2025-06-15,2,3,False,Pending
R005160,E04014,2025_H1,2025-06-15,3,2,False,Completed
R005161,E01382,2025_H1,2025-06-15,3,4,False,Completed
R005162,E02650,2025_H1,2025-06-15,1,3,False,Completed
R005163,E01858,2025_H1,2025-06-15,5,4,False,Completed
R005164,E02750,2025_H1,2025-06-15,3,3,False,Completed
R005165,E01419,2025_H1,2025-06-15,3,3,False,Pending
R005166,E04235,2025_H1,2025-06-15,3,2,False,Completed
R005167,E03367,2025_H1,2025-06-15,3,4,False,Completed
R005168,E04939,2025_H1,2025-06-15,3,2,False,Completed
R005169,E03318,2025_H1,2025-06-15,3,4,False,Pending
R005170,E03673,2025_H1,2025-06-15,2,2,False,Completed
R005171,E04417,2025_H1,2025-06-15,4,4,False,Completed
R005172,E02788,2025_H1,2025-06-15,3,3,False,Completed
R005173,E01981,2025_H1,2025-06-15,5,5,False,Completed
R005174,E03305,2025_H1,2025-06-15,2,3,False,Completed
R005175,E00260,2025_H1,2025-06-15,4,3,False,Completed
R005176,E00958,2025_H1,2025-06-15,3,1,False,Completed
R005177,E00614,2025_H1,2025-06-15,3,4,False,Completed
R005178,E02871,2025_H1,2025-06-15,2,5,False,Completed
R005179,E02682,2025_H1,2025-06-15,3,1,False,Completed
R005180,E04728,2025_H1,2025-06-15,4,3,True,Completed
R005181,E02093,2025_H1,2025-06-15,3,2,False,Completed
R005182,E01790,2025_H1,2025-06-15,4,3,False,Pending
R005183,E04767,2025_H1,2025-06-15,4,3,True,Completed
R005184,E04217,2025_H1,2025-06-15,4,4,False,Completed
R005185,E03886,2025_H1,2025-06-15,4,3,False,Completed
R005186,E03442,2025_H1,2025-06-15,4,1,False,Pending
R005187,E04754,2025_H1,2025-06-15,2,3,False,Completed
R005188,E01562,2025_H1,2025-06-15,3,2,False,Completed
R005189,E00536,2025_H1,2025-06-15,3,3,False,Completed
R005190,E03990,2025_H1,2025-06-15,3,3,False,Completed
R005191,E00884,2025_H1,2025-06-15,2,3,False,Completed
R005192,E00295,2025_H1,2025-06-15,3,3,False,Completed
R005193,E01587,2025_H1,2025-06-15,4,3,True,Completed
R005194,E03417,2025_H1,2025-06-15,3,1,False,Completed
R005195,E04994,2025_H1,2025-06-15,3,4,True,Completed
R005196,E02986,2025_H1,2025-06-15,2,1,False,Completed
R005197,E01535,2025_H1,2025-06-15,2,4,True,Completed
R005198,E02608,2025_H1,2025-06-15,3,4,False,Completed
R005199,E04009,2025_H1,2025-06-15,1,3,False,Completed
R005200,E04493,2025_H1,2025-06-15,3,4,False,Completed
R005201,E03230,2025_H1,2025-06-15,3,4,False,Completed
R005202,E03723,2025_H1,2025-06-15,4,5,False,Completed
R005203,E04977,2025_H1,2025-06-15,3,3,False,Pending
R005204,E01664,2025_H1,2025-06-15,2,3,False,Pending
R005205,E04828,2025_H1,2025-06-15,3,3,False,Completed
R005206,E03781,2025_H1,2025-06-15,3,4,True,Completed
R005207,E02339,2025_H1,2025-06-15,4,3,False,Completed
R005208,E03235,2025_H1,2025-06-15,3,3,False,Completed
R005209,E02182,2025_H1,2025-06-15,2,4,False,Completed
R005210,E03026,2025_H1,2025-06-15,3,3,True,Completed
R005211,E02953,2025_H1,2025-06-15,3,5,False,Completed
R005212,E03077,2025_H1,2025-06-15,4,3,False,Completed
R005213,E04336,2025_H1,2025-06-15,3,3,False,Completed
R005214,E02774,2025_H1,2025-06-15,5,4,False,Completed
R005215,E04662,2025_H1,2025-06-15,3,5,False,Completed
R005216,E00335,2025_H1,2025-06-15,3,4,False,Completed
R005217,E03461,2025_H1,2025-06-15,2,4,False,Completed
R005218,E00220,2025_H1,2025-06-15,3,3,True,Completed
R005219,E01320,2025_H1,2025-06-15,5,3,False,Completed
R005220,E00257,2025_H1,2025-06-15,3,3,False,Completed
R005221,E00956,2025_H1,2025-06-15,4,3,False,Completed
R005222,E00357,2025_H1,2025-06-15,4,3,False,Pending
R005223,E00789,2025_H1,2025-06-15,4,3,False,Completed
R005224,E02599,2025_H1,2025-06-15,5,3,False,Completed
R005225,E01053,2025_H1,2025-06-15,3,3,False,Completed
R005226,E03943,2025_H1,2025-06-15,3,3,False,Completed
R005227,E00391,2025_H1,2025-06-15,3,5,False,Completed
R005228,E01494,2025_H1,2025-06-15,5,4,False,Completed
R005229,E00344,2025_H1,2025-06-15,3,3,False,Completed
R005230,E04113,2025_H1,2025-06-15,4,2,False,Pending
R005231,E04095,2025_H1,2025-06-15,4,2,False,Completed
R005232,E01221,2025_H1,2025-06-15,3,4,False,Completed
R005233,E02654,2025_H1,2025-06-15,4,4,False,Completed
R005234,E03572,2025_H1,2025-06-15,3,4,False,Pending
R005235,E00775,2025_H1,2025-06-15,3,1,False,Completed
R005236,E01511,2025_H1,2025-06-15,3,3,False,Completed
R005237,E02367,2025_H1,2025-06-15,3,1,False,Completed
R005238,E00920,2025_H1,2025-06-15,3,4,False,Completed
R005239,E04604,2025_H1,2025-06-15,3,3,False,Completed
R005240,E04644,2025_H1,2025-06-15,3,2,False,Completed
R005241,E03280,2025_H1,2025-06-15,3,2,False,Completed
R005242,E03620,2025_H1,2025-06-15,4,3,False,Completed
R005243,E02165,2025_H1,2025-06-15,5,3,False,Completed
R005244,E00249,2025_H1,2025-06-15,3,4,False,Completed
R005245,E03565,2025_H1,2025-06-15,3,2,False,Completed
R005246,E03189,2025_H1,2025-06-15,5,1,False,Completed
R005247,E04330,2025_H1,2025-06-15,5,3,False,Completed
R005248,E00946,2025_H1,2025-06-15,3,3,False,Completed
R005249,E00172,2025_H1,2025-06-15,3,1,False,Completed
R005250,E01365,2025_H1,2025-06-15,3,4,True,Pending
R005251,E00901,2025_H1,2025-06-15,2,3,False,Completed
R005252,E03924,2025_H1,2025-06-15,3,4,False,Completed
R005253,E02272,2025_H1,2025-06-15,4,3,False,Completed
R005254,E02322,2025_H1,2025-06-15,3,4,False,Completed
R005255,E04292,2025_H1,2025-06-15,5,2,False,Completed
R005256,E01430,2025_H1,2025-06-15,3,3,False,Completed
R005257,E04640,2025_H1,2025-06-15,3,3,False,Completed
R005258,E02026,2025_H1,2025-06-15,3,3,False,Completed
R005259,E03637,2025_H1,2025-06-15,1,2,False,Completed
R005260,E03474,2025_H1,2025-06-15,3,3,False,Completed
R005261,E03298,2025_H1,2025-06-15,3,3,False,Completed
R005262,E02189,2025_H1,2025-06-15,3,3,False,Completed
R005263,E03434,2025_H1,2025-06-15,3,3,False,Completed
R005264,E03147,2025_H1,2025-06-15,3,5,False,Completed
R005265,E00538,2025_H1,2025-06-15,3,4,False,Pending
R005266,E00136,2025_H1,2025-06-15,3,3,True,Completed
R005267,E00368,2025_H1,2025-06-15,2,1,False,Completed
R005268,E02208,2025_H1,2025-06-15,3,4,False,Pending
R005269,E01258,2025_H1,2025-06-15,3,3,False,Completed
R005270,E04967,2025_H1,2025-06-15,3,2,False,Pending
R005271,E02433,2025_H1,2025-06-15,2,3,False,Completed
R005272,E01117,2025_H1,2025-06-15,3,3,False,Cancelled
R005273,E04580,2025_H1,2025-06-15,4,4,False,Completed
R005274,E00743,2025_H1,2025-06-15,2,2,False,Completed
R005275,E01206,2025_H1,2025-06-15,1,5,True,Completed
R005276,E04851,2025_H1,2025-06-15,4,2,False,Completed
R005277,E03750,2025_H1,2025-06-15,3,3,False,Completed
R005278,E01787,2025_H1,2025-06-15,1,3,True,Cancelled
R005279,E02333,2025_H1,2025-06-15,3,4,False,Completed
R005280,E00177,2025_H1,2025-06-15,3,3,False,Pending
R005281,E04902,2025_H1,2025-06-15,4,3,False,Completed
R005282,E04791,2025_H1,2025-06-15,4,4,False,Completed
R005283,E02142,2025_H1,2025-06-15,5,3,False,Completed
R005284,E04166,2025_H1,2025-06-15,3,2,False,Completed
R005285,E03816,2025_H1,2025-06-15,2,4,False,Completed
R005286,E02934,2025_H1,2025-06-15,5,1,False,Completed
R005287,E01931,2025_H1,2025-06-15,5,4,False,Completed
R005288,E04835,2025_H1,2025-06-15,3,2,False,Pending
R005289,E04616,2025_H1,2025-06-15,3,2,False,Completed
R005290,E00438,2025_H1,2025-06-15,1,5,False,Completed
R005291,E00659,2025_H1,2025-06-15,5,2,False,Pending
R005292,E00982,2025_H1,2025-06-15,4,4,True,Completed
R005293,E04193,2025_H1,2025-06-15,2,2,False,Completed
R005294,E01520,2025_H1,2025-06-15,5,4,False,Pending
R005295,E03053,2025_H1,2025-06-15,4,5,False,Completed
R005296,E01854,2025_H1,2025-06-15,3,4,False,Pending
R005297,E01228,2025_H1,2025-06-15,5,4,False,Completed
R005298,E00801,2025_H1,2025-06-15,5,4,False,Completed
R005299,E03296,2025_H1,2025-06-15,5,3,False,Completed
R005300,E01865,2025_H1,2025-06-15,3,4,False,Completed
R005301,E04589,2025_H1,2025-06-15,3,3,False,Cancelled
R005302,E03506,2025_H1,2025-06-15,3,3,False,Completed
R005303,E03550,2025_H1,2025-06-15,5,1,False,Completed
R005304,E02391,2025_H1,2025-06-15,3,3,False,Completed
R005305,E00668,2025_H1,2025-06-15,3,3,False,Completed
R005306,E02897,2025_H1,2025-06-15,2,4,True,Completed
R005307,E03259,2025_H1,2025-06-15,3,3,False,Cancelled
R005308,E04026,2025_H1,2025-06-15,3,2,False,Completed
R005309,E00085,2025_H1,2025-06-15,3,4,False,Completed
R005310,E02511,2025_H1,2025-06-15,5,2,True,Pending
R005311,E00889,2025_H1,2025-06-15,2,3,False,Completed
R005312,E02975,2025_H1,2025-06-15,4,3,False,Completed
R005313,E04736,2025_H1,2025-06-15,3,3,False,Completed
R005314,E02045,2025_H1,2025-06-15,1,3,False,Completed
R005315,E03246,2025_H1,2025-06-15,3,4,False,Completed
R005316,E04346,2025_H1,2025-06-15,5,3,False,Completed
R005317,E00350,2025_H1,2025-06-15,3,3,False,Completed
R005318,E02982,2025_H1,2025-06-15,1,3,False,Completed
R005319,E02344,2025_H1,2025-06-15,3,1,False,Completed
R005320,E04369,2025_H1,2025-06-15,5,4,False,Completed
R005321,E00697,2025_H1,2025-06-15,3,3,False,Completed
R005322,E04019,2025_H1,2025-06-15,4,3,True,Completed
R005323,E01242,2025_H1,2025-06-15,4,3,False,Completed
R005324,E03605,2025_H1,2025-06-15,3,4,False,Completed
R005325,E03315,2025_H1,2025-06-15,3,5,False,Completed
R005326,E03013,2025_H1,2025-06-15,3,4,False,Completed
R005327,E02604,2025_H1,2025-06-15,2,4,False,Completed
R005328,E04333,2025_H1,2025-06-15,4,5,False,Pending
R005329,E02425,2025_H1,2025-06-15,3,2,False,Completed
R005330,E03791,2025_H1,2025-06-15,4,3,False,Cancelled
R005331,E03638,2025_H1,2025-06-15,3,2,False,Cancelled
R005332,E02149,2025_H1,2025-06-15,1,3,True,Completed
R005333,E02297,2025_H1,2025-06-15,3,3,False,Completed
R005334,E00492,2025_H1,2025-06-15,4,3,False,Completed
R005335,E03433,2025_H1,2025-06-15,3,4,False,Completed
R005336,E00209,2025_H1,2025-06-15,3,1,False,Completed
R005337,E00290,2025_H1,2025-06-15,4,5,False,Completed
R005338,E01504,2025_H1,2025-06-15,4,2,False,Cancelled
R005339,E00326,2025_H1,2025-06-15,3,5,False,Completed
R005340,E01902,2025_H1,2025-06-15,3,5,False,Completed
R005341,E04711,2025_H1,2025-06-15,1,5,False,Completed
R005342,E04252,2025_H1,2025-06-15,4,4,True,Completed
R005343,E01329,2025_H1,2025-06-15,3,4,True,Completed
R005344,E02200,2025_H1,2025-06-15,3,2,False,Completed
R005345,E03983,2025_H1,2025-06-15,3,4,False,Completed
R005346,E00531,2025_H1,2025-06-15,4,3,False,Completed
R005347,E03658,2025_H1,2025-06-15,3,1,False,Completed
R005348,E00933,2025_H1,2025-06-15,3,3,False,Pending
R005349,E00158,2025_H1,2025-06-15,2,3,False,Completed
R005350,E00228,2025_H1,2025-06-15,3,3,False,Completed
R005351,E02924,2025_H1,2025-06-15,3,4,False,Completed
R005352,E02819,2025_H1,2025-06-15,2,2,False,Completed
R005353,E01319,2025_H1,2025-06-15,4,3,False,Completed
R005354,E04987,2025_H1,2025-06-15,2,5,False,Completed
R005355,E04723,2025_H1,2025-06-15,2,2,False,Completed
R005356,E01385,2025_H1,2025-06-15,3,4,False,Completed
R005357,E04947,2025_H1,2025-06-15,2,3,False,Completed
R005358,E01399,2025_H1,2025-06-15,3,3,True,Completed
R005359,E00111,2025_H1,2025-06-15,4,3,False,Pending
R005360,E03012,2025_H1,2025-06-15,3,3,False,Completed
R005361,E04598,2025_H1,2025-06-15,3,3,False,Completed
R005362,E00065,2025_H1,2025-06-15,3,5,False,Completed
R005363,E01124,2025_H1,2025-06-15,3,3,False,Completed
R005364,E00853,2025_H1,2025-06-15,3,3,False,Completed
R005365,E04062,2025_H1,2025-06-15,1,3,False,Completed
R005366,E02528,2025_H1,2025-06-15,2,4,True,Completed
R005367,E02197,2025_H1,2025-06-15,4,3,False,Pending
R005368,E01310,2025_H1,2025-06-15,2,4,True,Completed
R005369,E02506,2025_H1,2025-06-15,4,4,False,Completed
R005370,E00900,2025_H1,2025-06-15,1,3,False,Completed
R005371,E04093,2025_H1,2025-06-15,3,4,False,Pending
R005372,E00930,2025_H1,2025-06-15,3,1,False,Completed
R005373,E00645,2025_H1,2025-06-15,4,5,False,Completed
R005374,E03875,2025_H1,2025-06-15,3,2,False,Completed
R005375,E02987,2025_H1,2025-06-15,3,3,False,Completed
R005376,E04133,2025_H1,2025-06-15,3,4,False,Completed
R005377,E00737,2025_H1,2025-06-15,3,3,False,Completed
R005378,E03180,2025_H1,2025-06-15,4,4,False,Completed
R005379,E04400,2025_H1,2025-06-15,1,3,False,Completed
R005380,E04328,2025_H1,2025-06-15,5,2,False,Completed
R005381,E03222,2025_H1,2025-06-15,2,3,False,Completed
R005382,E04756,2025_H1,2025-06-15,3,4,False,Completed
R005383,E01078,2025_H1,2025-06-15,2,4,False,Completed
R005384,E03660,2025_H1,2025-06-15,4,3,False,Completed
R005385,E04614,2025_H1,2025-06-15,3,3,False,Completed
R005386,E03368,2025_H1,2025-06-15,4,5,False,Completed
R005387,E01845,2025_H1,2025-06-15,3,4,False,Completed
R005388,E01598,2025_H1,2025-06-15,4,2,False,Completed
R005389,E02619,2025_H1,2025-06-15,3,2,False,Completed
R005390,E04215,2025_H1,2025-06-15,3,2,False,Completed
R005391,E01888,2025_H1,2025-06-15,4,3,False,Completed
R005392,E02830,2025_H1,2025-06-15,3,5,False,Completed
R005393,E04541,2025_H1,2025-06-15,2,3,False,Completed
R005394,E03787,2025_H1,2025-06-15,3,3,False,Completed
R005395,E00381,2025_H1,2025-06-15,3,3,False,Completed
R005396,E01317,2025_H1,2025-06-15,5,3,False,Completed
R005397,E00100,2025_H1,2025-06-15,5,3,False,Completed
R005398,E00235,2025_H1,2025-06-15,3,3,False,Completed
R005399,E02613,2025_H1,2025-06-15,5,4,False,Completed
R005400,E02028,2025_H1,2025-06-15,3,2,False,Completed
R005401,E03383,2025_H1,2025-06-15,4,4,False,Completed
R005402,E04462,2025_H1,2025-06-15,2,3,False,Completed
R005403,E01844,2025_H1,2025-06-15,3,4,False,Pending
R005404,E01274,2025_H1,2025-06-15,2,5,False,Completed
R005405,E03129,2025_H1,2025-06-15,4,5,True,Completed
R005406,E02630,2025_H1,2025-06-15,1,3,False,Completed
R005407,E00919,2025_H1,2025-06-15,3,2,False,Completed
R005408,E01581,2025_H1,2025-06-15,2,4,False,Cancelled
R005409,E01618,2025_H1,2025-06-15,3,5,False,Completed
R005410,E04164,2025_H1,2025-06-15,4,4,True,Completed
R005411,E04618,2025_H1,2025-06-15,3,3,False,Completed
R005412,E03373,2025_H1,2025-06-15,4,4,False,Completed
R005413,E01327,2025_H1,2025-06-15,3,1,False,Completed
R005414,E03754,2025_H1,2025-06-15,3,2,False,Completed
R005415,E00191,2025_H1,2025-06-15,4,2,True,Completed
R005416,E03610,2025_H1,2025-06-15,4,5,False,Completed
R005417,E03534,2025_H1,2025-06-15,3,2,False,Completed
R005418,E04429,2025_H1,2025-06-15,4,3,False,Completed
R005419,E01236,2025_H1,2025-06-15,5,5,False,Completed
R005420,E00539,2025_H1,2025-06-15,2,4,False,Completed
R005421,E01223,2025_H1,2025-06-15,3,4,False,Completed
R005422,E04268,2025_H1,2025-06-15,3,4,False,Completed
R005423,E03949,2025_H1,2025-06-15,1,4,False,Completed
R005424,E03777,2025_H1,2025-06-15,3,4,False,Completed
R005425,E02437,2025_H1,2025-06-15,4,2,False,Completed
R005426,E02304,2025_H1,2025-06-15,4,4,False,Completed
R005427,E01684,2025_H1,2025-06-15,4,5,True,Completed
R005428,E01750,2025_H1,2025-06-15,4,3,False,Completed
R005429,E04203,2025_H1,2025-06-15,2,3,False,Completed
R005430,E03542,2025_H1,2025-06-15,4,2,False,Completed
R005431,E01205,2025_H1,2025-06-15,4,5,False,Completed
R005432,E01284,2025_H1,2025-06-15,5,3,False,Completed
R005433,E04904,2025_H1,2025-06-15,2,4,False,Completed
R005434,E00873,2025_H1,2025-06-15,2,3,False,Completed
R005435,E01610,2025_H1,2025-06-15,3,4,False,Completed
R005436,E04945,2025_H1,2025-06-15,3,3,False,Pending
R005437,E01521,2025_H1,2025-06-15,2,4,False,Completed
R005438,E00617,2025_H1,2025-06-15,5,3,False,Completed
R005439,E03099,2025_H1,2025-06-15,2,3,False,Pending
R005440,E01226,2025_H1,2025-06-15,3,2,False,Completed
R005441,E00456,2025_H1,2025-06-15,4,2,False,Completed
R005442,E04403,2025_H1,2025-06-15,3,3,False,Completed
R005443,E00088,2025_H1,2025-06-15,3,2,False,Completed
R005444,E03049,2025_H1,2025-06-15,3,3,False,Pending
R005445,E03518,2025_H1,2025-06-15,3,4,False,Completed
R005446,E04084,2025_H1,2025-06-15,4,4,False,Completed
R005447,E00575,2025_H1,2025-06-15,1,4,False,Completed
R005448,E03430,2025_H1,2025-06-15,5,3,False,Completed
R005449,E03262,2025_H1,2025-06-15,4,4,False,Completed
R005450,E03866,2025_H1,2025-06-15,3,4,False,Pending
R005451,E02739,2025_H1,2025-06-15,3,4,False,Completed
R005452,E00703,2025_H1,2025-06-15,2,2,False,Completed
R005453,E02789,2025_H1,2025-06-15,3,4,False,Completed
R005454,E03187,2025_H1,2025-06-15,5,4,False,Pending
R005455,E02950,2025_H1,2025-06-15,1,4,False,Completed
R005456,E02791,2025_H1,2025-06-15,3,3,False,Completed
R005457,E02436,2025_H1,2025-06-15,5,4,False,Completed
R005458,E02800,2025_H1,2025-06-15,3,3,False,Pending
R005459,E00060,2025_H1,2025-06-15,5,5,False,Completed
R005460,E01617,2025_H1,2025-06-15,3,3,False,Completed
R005461,E03774,2025_H1,2025-06-15,5,3,False,Completed
R005462,E01089,2025_H1,2025-06-15,2,3,False,Pending
R005463,E03496,2025_H1,2025-06-15,5,5,False,Completed
R005464,E01563,2025_H1,2025-06-15,3,3,False,Pending
R005465,E03945,2025_H1,2025-06-15,3,5,True,Completed
R005466,E00162,2025_H1,2025-06-15,4,1,False,Pending
R005467,E04822,2025_H1,2025-06-15,2,3,False,Completed
R005468,E03540,2025_H1,2025-06-15,3,2,False,Completed
R005469,E03154,2025_H1,2025-06-15,3,2,False,Pending
R005470,E04621,2025_H1,2025-06-15,4,3,False,Completed
R005471,E01879,2025_H1,2025-06-15,1,2,False,Completed
R005472,E00711,2025_H1,2025-06-15,3,3,False,Cancelled
R005473,E03424,2025_H1,2025-06-15,2,4,False,Completed
R005474,E02044,2025_H1,2025-06-15,2,4,False,Completed
R005475,E03070,2025_H1,2025-06-15,4,3,False,Pending
R005476,E02847,2025_H1,2025-06-15,4,4,False,Completed
R005477,E03543,2025_H1,2025-06-15,2,3,False,Completed
R005478,E03252,2025_H1,2025-06-15,2,4,False,Completed
R005479,E03834,2025_H1,2025-06-15,3,3,False,Completed
R005480,E02990,2025_H1,2025-06-15,4,2,False,Completed
R005481,E01047,2025_H1,2025-06-15,4,5,False,Completed
R005482,E01789,2025_H1,2025-06-15,3,3,False,Completed
R005483,E01081,2025_H1,2025-06-15,3,3,False,Completed
R005484,E01720,2025_H1,2025-06-15,3,3,False,Completed
R005485,E00624,2025_H1,2025-06-15,3,3,False,Completed
R005486,E03670,2025_H1,2025-06-15,5,3,False,Completed
R005487,E00586,2025_H1,2025-06-15,4,3,False,Completed
R005488,E02154,2025_H1,2025-06-15,3,3,False,Completed
R005489,E04463,2025_H1,2025-06-15,2,3,False,Completed
R005490,E02470,2025_H1,2025-06-15,3,1,False,Completed
R005491,E04191,2025_H1,2025-06-15,3,3,False,Completed
R005492,E02203,2025_H1,2025-06-15,3,3,False,Completed
R005493,E03991,2025_H1,2025-06-15,3,2,False,Pending
R005494,E03977,2025_H1,2025-06-15,5,2,False,Completed
R005495,E03745,2025_H1,2025-06-15,4,2,False,Completed
R005496,E00207,2025_H1,2025-06-15,4,2,False,Completed
R005497,E02323,2025_H1,2025-06-15,5,1,False,Pending
R005498,E01742,2025_H1,2025-06-15,4,3,False,Completed
R005499,E02709,2025_H1,2025-06-15,3,2,False,Completed
R005500,E04595,2025_H1,2025-06-15,4,3,False,Completed
R005501,E03827,2025_H1,2025-06-15,3,3,False,Completed
R005502,E03948,2025_H1,2025-06-15,4,3,True,Completed
R005503,E02002,2025_H1,2025-06-15,4,3,False,Pending
R005504,E02377,2025_H1,2025-06-15,4,3,False,Completed
R005505,E02059,2025_H1,2025-06-15,2,3,False,Completed
R005506,E02659,2025_H1,2025-06-15,1,5,False,Completed
R005507,E01637,2025_H1,2025-06-15,3,3,False,Completed
R005508,E04479,2025_H1,2025-06-15,3,4,True,Completed
R005509,E00138,2025_H1,2025-06-15,4,3,False,Completed
R005510,E03944,2025_H1,2025-06-15,5,2,True,Completed
R005511,E02089,2025_H1,2025-06-15,3,3,False,Completed
R005512,E03832,2025_H1,2025-06-15,3,5,False,Completed
R005513,E01225,2025_H1,2025-06-15,4,3,False,Pending
R005514,E02099,2025_H1,2025-06-15,3,4,False,Completed
R005515,E02236,2025_H1,2025-06-15,3,2,False,Completed
R005516,E04208,2025_H1,2025-06-15,4,4,True,Completed
R005517,E04427,2025_H1,2025-06-15,3,3,False,Completed
R005518,E03249,2025_H1,2025-06-15,4,3,True,Completed
R005519,E01406,2025_H1,2025-06-15,4,4,False,Completed
R005520,E03425,2025_H1,2025-06-15,3,3,False,Pending
R005521,E04832,2025_H1,2025-06-15,3,4,False,Completed
R005522,E02931,2025_H1,2025-06-15,1,3,False,Cancelled
R005523,E03815,2025_H1,2025-06-15,4,4,False,Completed
R005524,E01795,2025_H1,2025-06-15,5,3,False,Pending
R005525,E01763,2025_H1,2025-06-15,3,3,False,Completed
R005526,E02887,2025_H1,2025-06-15,4,1,False,Completed
R005527,E00288,2025_H1,2025-06-15,3,4,False,Completed
R005528,E01368,2025_H1,2025-06-15,4,4,False,Completed
R005529,E03753,2025_H1,2025-06-15,5,4,True,Completed
R005530,E01166,2025_H1,2025-06-15,3,3,False,Completed
R005531,E04302,2025_H1,2025-06-15,2,1,False,Completed
R005532,E01517,2025_H1,2025-06-15,3,3,False,Completed
R005533,E02375,2025_H1,2025-06-15,3,5,False,Completed
R005534,E03046,2025_H1,2025-06-15,4,1,False,Completed
R005535,E00970,2025_H1,2025-06-15,2,4,False,Completed
R005536,E04040,2025_H1,2025-06-15,3,3,False,Completed
R005537,E01952,2025_H1,2025-06-15,3,2,False,Completed
R005538,E03380,2025_H1,2025-06-15,4,2,False,Completed
R005539,E00028,2025_H1,2025-06-15,4,3,False,Completed
R005540,E00665,2025_H1,2025-06-15,2,4,True,Completed
R005541,E00886,2025_H1,2025-06-15,3,3,False,Completed
R005542,E04298,2025_H1,2025-06-15,3,4,False,Completed
R005543,E03828,2025_H1,2025-06-15,4,3,False,Completed
R005544,E01094,2025_H1,2025-06-15,2,2,False,Completed
R005545,E01182,2025_H1,2025-06-15,5,4,False,Completed
R005546,E02558,2025_H1,2025-06-15,2,4,True,Completed
R005547,E01809,2025_H1,2025-06-15,3,3,False,Completed
R005548,E04228,2025_H1,2025-06-15,5,3,False,Completed
R005549,E02088,2025_H1,2025-06-15,2,2,False,Completed
R005550,E02569,2025_H1,2025-06-15,2,3,False,Completed
R005551,E04974,2025_H1,2025-06-15,1,3,False,Completed
R005552,E00704,2025_H1,2025-06-15,2,4,False,Completed
R005553,E03132,2025_H1,2025-06-15,4,3,False,Cancelled
R005554,E03286,2025_H1,2025-06-15,3,4,False,Completed
R005555,E00389,2025_H1,2025-06-15,5,3,False,Completed
R005556,E00196,2025_H1,2025-06-15,4,3,False,Completed
R005557,E01492,2025_H1,2025-06-15,3,4,False,Completed
R005558,E01334,2025_H1,2025-06-15,3,2,False,Completed
R005559,E02313,2025_H1,2025-06-15,2,3,False,Completed
R005560,E03009,2025_H1,2025-06-15,4,5,False,Pending
R005561,E00680,2025_H1,2025-06-15,2,3,False,Cancelled
R005562,E02280,2025_H1,2025-06-15,4,3,False,Completed
R005563,E04391,2025_H1,2025-06-15,3,5,False,Completed
R005564,E04097,2025_H1,2025-06-15,3,1,False,Completed
R005565,E01710,2025_H1,2025-06-15,2,4,True,Completed
R005566,E02442,2025_H1,2025-06-15,4,5,False,Completed
R005567,E01275,2025_H1,2025-06-15,3,1,False,Completed
R005568,E02386,2025_H1,2025-06-15,3,3,False,Completed
R005569,E00599,2025_H1,2025-06-15,3,4,False,Completed
R005570,E02991,2025_H1,2025-06-15,2,3,False,Pending
R005571,E00512,2025_H1,2025-06-15,4,5,False,Completed
R005572,E01939,2025_H1,2025-06-15,3,3,False,Completed
R005573,E03596,2025_H1,2025-06-15,2,4,False,Completed
R005574,E01715,2025_H1,2025-06-15,3,4,False,Completed
R005575,E02938,2025_H1,2025-06-15,3,3,False,Completed
R005576,E00119,2025_H1,2025-06-15,3,3,False,Pending
R005577,E02758,2025_H1,2025-06-15,2,3,False,Completed
R005578,E02417,2025_H1,2025-06-15,4,2,False,Pending
R005579,E00513,2025_H1,2025-06-15,3,5,False,Completed
R005580,E01556,2025_H1,2025-06-15,4,3,False,Completed
R005581,E01137,2025_H1,2025-06-15,2,4,False,Pending
R005582,E04560,2025_H1,2025-06-15,3,4,False,Pending
R005583,E02866,2025_H1,2025-06-15,3,3,False,Completed
R005584,E00337,2025_H1,2025-06-15,4,3,False,Pending
R005585,E03258,2025_H1,2025-06-15,4,4,True,Completed
R005586,E00213,2025_H1,2025-06-15,3,4,False,Completed
R005587,E04365,2025_H1,2025-06-15,4,5,False,Completed
R005588,E00589,2025_H1,2025-06-15,2,4,False,Pending
R005589,E02776,2025_H1,2025-06-15,3,3,True,Pending
R005590,E00024,2025_H1,2025-06-15,4,2,False,Completed
R005591,E01279,2025_H1,2025-06-15,3,4,False,Completed
R005592,E00403,2025_H1,2025-06-15,4,3,False,Completed
R005593,E01083,2025_H1,2025-06-15,2,1,False,Completed
R005594,E03007,2025_H1,2025-06-15,3,3,False,Completed
R005595,E01980,2025_H1,2025-06-15,4,4,False,Cancelled
R005596,E02290,2025_H1,2025-06-15,4,5,False,Completed
R005597,E02643,2025_H1,2025-06-15,3,5,False,Cancelled
R005598,E02590,2025_H1,2025-06-15,2,5,False,Completed
R005599,E01477,2025_H1,2025-06-15,1,3,False,Completed
R005600,E03960,2025_H1,2025-06-15,4,4,False,Completed
R005601,E01485,2025_H1,2025-06-15,4,2,False,Completed
R005602,E00271,2025_H1,2025-06-15,2,5,False,Completed
R005603,E00684,2025_H1,2025-06-15,3,4,False,Pending
R005604,E01017,2025_H1,2025-06-15,5,3,False,Completed
R005605,E01023,2025_H1,2025-06-15,2,4,False,Completed
R005606,E03056,2025_H1,2025-06-15,5,2,False,Completed
R005607,E00091,2025_H1,2025-06-15,3,3,False,Pending
R005608,E01754,2025_H1,2025-06-15,5,2,False,Completed
R005609,E01110,2025_H1,2025-06-15,3,4,False,Completed
R005610,E04713,2025_H1,2025-06-15,4,3,False,Completed
R005611,E04692,2025_H1,2025-06-15,4,2,False,Completed
R005612,E02663,2025_H1,2025-06-15,2,1,False,Pending
R005613,E02571,2025_H1,2025-06-15,3,3,False,Completed
R005614,E01717,2025_H1,2025-06-15,4,4,True,Completed
R005615,E01793,2025_H1,2025-06-15,3,5,False,Cancelled
R005616,E03028,2025_H1,2025-06-15,3,3,False,Completed
R005617,E01030,2025_H1,2025-06-15,2,3,False,Completed
R005618,E04633,2025_H1,2025-06-15,2,3,True,Completed
R005619,E01265,2025_H1,2025-06-15,4,4,False,Completed
R005620,E02541,2025_H1,2025-06-15,3,4,False,Completed
R005621,E04088,2025_H1,2025-06-15,5,2,False,Completed
R005622,E04424,2025_H1,2025-06-15,4,3,True,Completed
R005623,E03346,2025_H1,2025-06-15,3,2,False,Completed
R005624,E04861,2025_H1,2025-06-15,3,3,False,Completed
R005625,E00174,2025_H1,2025-06-15,4,2,False,Completed
R005626,E04234,2025_H1,2025-06-15,4,3,False,Completed
R005627,E02516,2025_H1,2025-06-15,3,4,False,Completed
R005628,E04623,2025_H1,2025-06-15,3,3,False,Completed
R005629,E03107,2025_H1,2025-06-15,3,4,False,Completed
R005630,E01055,2025_H1,2025-06-15,3,4,True,Completed
R005631,E03957,2025_H1,2025-06-15,4,5,False,Pending
R005632,E02036,2025_H1,2025-06-15,3,3,False,Completed
R005633,E03282,2025_H1,2025-06-15,4,3,False,Completed
R005634,E00107,2025_H1,2025-06-15,3,3,False,Completed
R005635,E04617,2025_H1,2025-06-15,5,4,False,Completed
R005636,E02379,2025_H1,2025-06-15,4,3,False,Completed
R005637,E04353,2025_H1,2025-06-15,3,4,False,Completed
R005638,E00047,2025_H1,2025-06-15,3,5,False,Completed
R005639,E02660,2025_H1,2025-06-15,5,2,False,Completed
R005640,E02187,2025_H1,2025-06-15,3,3,False,Completed
R005641,E00917,2025_H1,2025-06-15,3,4,False,Completed
R005642,E02160,2025_H1,2025-06-15,3,5,False,Completed
R005643,E02958,2025_H1,2025-06-15,1,5,False,Completed
R005644,E02898,2025_H1,2025-06-15,3,3,False,Completed
R005645,E03514,2025_H1,2025-06-15,2,3,False,Cancelled
R005646,E01650,2025_H1,2025-06-15,2,3,False,Pending
R005647,E01840,2025_H1,2025-06-15,2,3,False,Pending
R005648,E03958,2025_H1,2025-06-15,4,4,False,Completed
R005649,E02266,2025_H1,2025-06-15,4,2,False,Cancelled
R005650,E01331,2025_H1,2025-06-15,3,5,False,Completed
R005651,E03576,2025_H1,2025-06-15,3,4,False,Completed
R005652,E03905,2025_H1,2025-06-15,3,3,False,Completed
R005653,E01442,2025_H1,2025-06-15,3,3,False,Completed
R005654,E04321,2025_H1,2025-06-15,2,3,False,Completed
R005655,E00292,2025_H1,2025-06-15,3,3,False,Completed
R005656,E01113,2025_H1,2025-06-15,3,3,False,Completed
R005657,E01896,2025_H1,2025-06-15,3,5,False,Completed
R005658,E04131,2025_H1,2025-06-15,3,5,False,Completed
R005659,E02508,2025_H1,2025-06-15,3,2,False,Completed
R005660,E02025,2025_H1,2025-06-15,5,4,False,Completed
R005661,E04251,2025_H1,2025-06-15,3,2,False,Completed
R005662,E01529,2025_H1,2025-06-15,3,2,False,Completed
R005663,E01065,2025_H1,2025-06-15,3,4,False,Completed
R005664,E00994,2025_H1,2025-06-15,4,3,False,Completed
R005665,E03400,2025_H1,2025-06-15,3,3,False,Completed
R005666,E04820,2025_H1,2025-06-15,3,2,False,Completed
R005667,E00187,2025_H1,2025-06-15,3,2,False,Completed
R005668,E00719,2025_H1,2025-06-15,3,3,False,Completed
R005669,E04592,2025_H1,2025-06-15,3,4,False,Completed
R005670,E02967,2025_H1,2025-06-15,2,4,False,Completed
R005671,E03362,2025_H1,2025-06-15,3,2,False,Pending
R005672,E00814,2025_H1,2025-06-15,3,4,False,Completed
R005673,E02876,2025_H1,2025-06-15,2,4,False,Completed
R005674,E03895,2025_H1,2025-06-15,3,4,False,Completed
R005675,E04112,2025_H1,2025-06-15,3,3,False,Cancelled
R005676,E01837,2025_H1,2025-06-15,4,5,False,Cancelled
R005677,E02419,2025_H1,2025-06-15,4,3,True,Completed
R005678,E00328,2025_H1,2025-06-15,4,1,False,Pending
R005679,E02984,2025_H1,2025-06-15,3,4,False,Cancelled
R005680,E04098,2025_H1,2025-06-15,5,1,False,Completed
R005681,E04508,2025_H1,2025-06-15,2,3,True,Cancelled
R005682,E03354,2025_H1,2025-06-15,5,1,False,Completed
R005683,E00499,2025_H1,2025-06-15,3,2,False,Completed
R005684,E04431,2025_H1,2025-06-15,3,4,False,Completed
R005685,E01853,2025_H1,2025-06-15,4,2,False,Completed
R005686,E04304,2025_H1,2025-06-15,3,3,False,Completed
R005687,E04588,2025_H1,2025-06-15,4,3,True,Completed
R005688,E01318,2025_H1,2025-06-15,3,2,False,Completed
R005689,E04064,2025_H1,2025-06-15,4,5,True,Completed
R005690,E01186,2025_H1,2025-06-15,1,5,False,Pending
R005691,E02231,2025_H1,2025-06-15,5,2,False,Completed
R005692,E04488,2025_H1,2025-06-15,4,4,False,Completed
R005693,E02119,2025_H1,2025-06-15,3,4,False,Completed
R005694,E03568,2025_H1,2025-06-15,4,4,False,Completed
R005695,E01271,2025_H1,2025-06-15,3,5,False,Pending
R005696,E00373,2025_H1,2025-06-15,5,3,False,Completed
R005697,E04577,2025_H1,2025-06-15,3,3,False,Completed
R005698,E00927,2025_H1,2025-06-15,3,3,False,Completed
R005699,E04388,2025_H1,2025-06-15,4,3,False,Completed
R005700,E00125,2025_H1,2025-06-15,3,4,False,Pending
R005701,E03297,2025_H1,2025-06-15,3,3,False,Completed
R005702,E01895,2025_H1,2025-06-15,5,3,False,Cancelled
R005703,E01077,2025_H1,2025-06-15,3,3,False,Completed
R005704,E04028,2025_H1,2025-06-15,3,3,False,Completed
R005705,E00374,2025_H1,2025-06-15,5,3,False,Completed
R005706,E03830,2025_H1,2025-06-15,3,1,False,Completed
R005707,E04708,2025_H1,2025-06-15,3,1,True,Completed
R005708,E04833,2025_H1,2025-06-15,4,2,False,Completed
R005709,E04370,2025_H1,2025-06-15,4,5,False,Completed
R005710,E04954,2025_H1,2025-06-15,2,5,False,Completed
R005711,E01335,2025_H1,2025-06-15,4,3,False,Completed
R005712,E02870,2025_H1,2025-06-15,4,3,False,Completed
R005713,E02191,2025_H1,2025-06-15,4,3,False,Pending
R005714,E04445,2025_H1,2025-06-15,2,4,False,Completed
R005715,E04816,2025_H1,2025-06-15,4,3,False,Completed
R005716,E01569,2025_H1,2025-06-15,1,2,False,Completed
R005717,E02207,2025_H1,2025-06-15,5,3,False,Completed
R005718,E04751,2025_H1,2025-06-15,4,2,False,Completed
R005719,E01415,2025_H1,2025-06-15,4,2,False,Completed
R005720,E00378,2025_H1,2025-06-15,3,3,False,Completed
R005721,E01400,2025_H1,2025-06-15,2,4,False,Completed
R005722,E03435,2025_H1,2025-06-15,2,3,False,Completed
R005723,E04685,2025_H1,2025-06-15,3,3,False,Completed
R005724,E04202,2025_H1,2025-06-15,3,4,True,Completed
R005725,E00072,2025_H1,2025-06-15,4,3,False,Completed
R005726,E04931,2025_H1,2025-06-15,3,3,False,Completed
R005727,E02143,2025_H1,2025-06-15,2,3,False,Completed
R005728,E04313,2025_H1,2025-06-15,4,2,False,Completed
R005729,E02052,2025_H1,2025-06-15,4,4,False,Cancelled
R005730,E00146,2025_H1,2025-06-15,4,3,False,Completed
R005731,E01179,2025_H1,2025-06-15,4,4,False,Completed
R005732,E04081,2025_H1,2025-06-15,4,2,False,Completed
R005733,E03165,2025_H1,2025-06-15,3,5,False,Completed
R005734,E03431,2025_H1,2025-06-15,2,2,False,Completed
R005735,E00495,2025_H1,2025-06-15,4,3,False,Completed
R005736,E04035,2025_H1,2025-06-15,2,4,True,Completed
R005737,E01080,2025_H1,2025-06-15,3,3,False,Completed
R005738,E03447,2025_H1,2025-06-15,3,3,False,Completed
R005739,E03615,2025_H1,2025-06-15,3,1,False,Completed
R005740,E02637,2025_H1,2025-06-15,3,5,False,Completed
R005741,E03951,2025_H1,2025-06-15,3,3,False,Completed
R005742,E04144,2025_H1,2025-06-15,4,3,True,Completed
R005743,E02662,2025_H1,2025-06-15,4,1,False,Completed
R005744,E02713,2025_H1,2025-06-15,3,5,True,Completed
R005745,E01544,2025_H1,2025-06-15,5,5,False,Completed
R005746,E04627,2025_H1,2025-06-15,3,3,False,Completed
R005747,E03100,2025_H1,2025-06-15,3,4,False,Completed
R005748,E00280,2025_H1,2025-06-15,2,2,False,Completed
R005749,E03528,2025_H1,2025-06-15,3,3,False,Completed
R005750,E01568,2025_H1,2025-06-15,4,2,True,Completed
R005751,E00876,2025_H1,2025-06-15,3,3,False,Pending
R005752,E03291,2025_H1,2025-06-15,2,3,False,Completed
R005753,E00744,2025_H1,2025-06-15,4,3,False,Completed
R005754,E00297,2025_H1,2025-06-15,3,3,True,Completed
R005755,E01028,2025_H1,2025-06-15,4,2,True,Pending
R005756,E02284,2025_H1,2025-06-15,2,3,False,Completed
R005757,E01805,2025_H1,2025-06-15,3,3,False,Completed
R005758,E04915,2025_H1,2025-06-15,3,3,False,Completed
R005759,E04314,2025_H1,2025-06-15,3,5,True,Completed
R005760,E01058,2025_H1,2025-06-15,2,2,False,Completed
R005761,E03321,2025_H1,2025-06-15,3,3,False,Completed
R005762,E04006,2025_H1,2025-06-15,4,1,False,Completed
R005763,E01062,2025_H1,2025-06-15,3,3,False,Completed
R005764,E00663,2025_H1,2025-06-15,4,2,False,Completed
R005765,E01116,2025_H1,2025-06-15,2,3,False,Completed
R005766,E00865,2025_H1,2025-06-15,4,2,False,Completed
R005767,E02624,2025_H1,2025-06-15,4,4,False,Completed
R005768,E00270,2025_H1,2025-06-15,4,4,False,Completed
R005769,E03195,2025_H1,2025-06-15,2,3,False,Pending
R005770,E01096,2025_H1,2025-06-15,2,3,False,Pending
R005771,E02841,2025_H1,2025-06-15,5,3,False,Completed
R005772,E02194,2025_H1,2025-06-15,2,1,False,Completed
R005773,E04022,2025_H1,2025-06-15,2,3,False,Completed
R005774,E01446,2025_H1,2025-06-15,5,4,False,Completed
R005775,E00969,2025_H1,2025-06-15,3,3,False,Completed
R005776,E00030,2025_H1,2025-06-15,3,3,False,Completed
R005777,E04497,2025_H1,2025-06-15,3,4,False,Completed
R005778,E00733,2025_H1,2025-06-15,3,3,False,Completed
R005779,E00828,2025_H1,2025-06-15,3,3,False,Pending
R005780,E02628,2025_H1,2025-06-15,4,5,False,Completed
R005781,E03634,2025_H1,2025-06-15,3,4,False,Completed
R005782,E00763,2025_H1,2025-06-15,4,3,False,Completed
R005783,E00945,2025_H1,2025-06-15,2,1,False,Pending
R005784,E02566,2025_H1,2025-06-15,3,3,False,Completed
R005785,E04561,2025_H1,2025-06-15,3,1,False,Completed
R005786,E02648,2025_H1,2025-06-15,3,4,False,Completed
R005787,E00279,2025_H1,2025-06-15,3,1,False,Pending
R005788,E03995,2025_H1,2025-06-15,3,3,False,Completed
R005789,E02487,2025_H1,2025-06-15,2,2,False,Completed
R005790,E01467,2025_H1,2025-06-15,3,3,False,Completed
R005791,E01197,2025_H1,2025-06-15,4,3,False,Completed
R005792,E01624,2025_H1,2025-06-15,4,1,False,Completed
R005793,E03655,2025_H1,2025-06-15,3,4,False,Completed
R005794,E03847,2025_H1,2025-06-15,3,1,False,Completed
R005795,E00798,2025_H1,2025-06-15,4,3,False,Completed
R005796,E03406,2025_H1,2025-06-15,2,3,False,Completed
R005797,E03488,2025_H1,2025-06-15,3,4,False,Completed
R005798,E00912,2025_H1,2025-06-15,3,3,False,Completed
R005799,E03809,2025_H1,2025-06-15,3,4,True,Completed
R005800,E03553,2025_H1,2025-06-15,3,3,False,Completed
R005801,E00400,2025_H1,2025-06-15,2,3,True,Completed
R005802,E00661,2025_H1,2025-06-15,4,1,True,Completed
R005803,E02775,2025_H1,2025-06-15,3,4,False,Completed
R005804,E00785,2025_H1,2025-06-15,3,3,False,Completed
R005805,E02945,2025_H1,2025-06-15,3,4,False,Pending
R005806,E01097,2025_H1,2025-06-15,4,1,False,Completed
R005807,E00424,2025_H1,2025-06-15,4,2,False,Completed
R005808,E00792,2025_H1,2025-06-15,1,4,False,Completed
R005809,E01916,2025_H1,2025-06-15,3,3,False,Completed
R005810,E00740,2025_H1,2025-06-15,4,5,True,Completed
R005811,E01994,2025_H1,2025-06-15,3,2,False,Completed
R005812,E04183,2025_H1,2025-06-15,1,5,False,Completed
R005813,E00198,2025_H1,2025-06-15,5,5,False,Completed
R005814,E02258,2025_H1,2025-06-15,4,3,False,Completed
R005815,E01647,2025_H1,2025-06-15,5,3,False,Completed
R005816,E04548,2025_H1,2025-06-15,3,4,False,Completed
R005817,E01175,2025_H1,2025-06-15,3,3,False,Completed
R005818,E03889,2025_H1,2025-06-15,3,5,False,Completed
R005819,E01093,2025_H1,2025-06-15,3,3,False,Completed
R005820,E01366,2025_H1,2025-06-15,3,4,False,Completed
R005821,E03294,2025_H1,2025-06-15,2,2,False,Completed
R005822,E03185,2025_H1,2025-06-15,1,3,False,Completed
R005823,E01020,2025_H1,2025-06-15,2,3,False,Pending
R005824,E04858,2025_H1,2025-06-15,4,2,False,Completed
R005825,E00005,2025_H1,2025-06-15,5,3,False,Completed
R005826,E04209,2025_H1,2025-06-15,3,4,False,Completed
R005827,E01628,2025_H1,2025-06-15,1,3,False,Completed
R005828,E00484,2025_H1,2025-06-15,4,3,False,Completed
R005829,E03669,2025_H1,2025-06-15,2,3,False,Completed
R005830,E00664,2025_H1,2025-06-15,4,3,False,Completed
R005831,E01814,2025_H1,2025-06-15,5,3,False,Pending
R005832,E00006,2025_H1,2025-06-15,3,3,False,Completed
R005833,E02786,2025_H1,2025-06-15,2,3,False,Completed
R005834,E03584,2025_H1,2025-06-15,3,3,False,Cancelled
R005835,E00140,2025_H1,2025-06-15,4,1,False,Completed
R005836,E02421,2025_H1,2025-06-15,3,2,False,Completed
R005837,E04450,2025_H1,2025-06-15,5,3,False,Completed
R005838,E01357,2025_H1,2025-06-15,2,3,False,Completed
R005839,E04329,2025_H1,2025-06-15,3,3,False,Completed
R005840,E02458,2025_H1,2025-06-15,4,2,False,Completed
R005841,E02594,2025_H1,2025-06-15,5,4,False,Pending
R005842,E00494,2025_H1,2025-06-15,4,3,False,Completed
R005843,E01272,2025_H1,2025-06-15,3,4,False,Completed
R005844,E00950,2025_H1,2025-06-15,4,4,False,Completed
R005845,E01777,2025_H1,2025-06-15,3,3,False,Completed
R005846,E04471,2025_H1,2025-06-15,4,3,False,Pending
R005847,E00163,2025_H1,2025-06-15,4,2,False,Completed
R005848,E03611,2025_H1,2025-06-15,3,2,False,Completed
R005849,E03171,2025_H1,2025-06-15,3,2,False,Pending
R005850,E01557,2025_H1,2025-06-15,5,2,False,Completed
R005851,E02127,2025_H1,2025-06-15,3,3,False,Completed
R005852,E03797,2025_H1,2025-06-15,2,4,False,Completed
R005853,E04715,2025_H1,2025-06-15,3,2,False,Completed
R005854,E01616,2025_H1,2025-06-15,3,3,False,Completed
R005855,E00152,2025_H1,2025-06-15,3,5,True,Completed
R005856,E00205,2025_H1,2025-06-15,3,4,False,Completed
R005857,E02078,2025_H1,2025-06-15,3,3,False,Cancelled
R005858,E03922,2025_H1,2025-06-15,4,3,False,Completed
R005859,E00343,2025_H1,2025-06-15,3,5,False,Completed
R005860,E02408,2025_H1,2025-06-15,3,4,False,Completed
R005861,E01766,2025_H1,2025-06-15,1,4,True,Completed
R005862,E03307,2025_H1,2025-06-15,2,4,True,Completed
R005863,E03802,2025_H1,2025-06-15,4,5,False,Pending
R005864,E03043,2025_H1,2025-06-15,4,5,False,Completed
R005865,E01216,2025_H1,2025-06-15,4,2,False,Completed
R005866,E01440,2025_H1,2025-06-15,3,3,False,Completed
R005867,E00037,2025_H1,2025-06-15,4,3,False,Completed
R005868,E00086,2025_H1,2025-06-15,1,4,False,Completed
R005869,E00854,2025_H1,2025-06-15,3,1,False,Pending
R005870,E00356,2025_H1,2025-06-15,4,3,False,Completed
R005871,E03770,2025_H1,2025-06-15,3,5,False,Completed
R005872,E03333,2025_H1,2025-06-15,3,1,False,Completed
R005873,E03486,2025_H1,2025-06-15,4,3,False,Completed
R005874,E04641,2025_H1,2025-06-15,4,5,True,Pending
R005875,E00441,2025_H1,2025-06-15,4,3,False,Completed
R005876,E03278,2025_H1,2025-06-15,3,3,False,Completed
R005877,E01155,2025_H1,2025-06-15,3,4,False,Completed
R005878,E00472,2025_H1,2025-06-15,3,5,False,Pending
R005879,E03247,2025_H1,2025-06-15,5,2,True,Completed
R005880,E02083,2025_H1,2025-06-15,5,2,False,Completed
R005881,E00621,2025_H1,2025-06-15,3,5,False,Completed
R005882,E03919,2025_H1,2025-06-15,3,3,False,Completed
R005883,E04230,2025_H1,2025-06-15,3,3,False,Completed
R005884,E02816,2025_H1,2025-06-15,3,3,False,Pending
R005885,E01640,2025_H1,2025-06-15,2,2,False,Pending
R005886,E01208,2025_H1,2025-06-15,4,5,False,Completed
R005887,E00157,2025_H1,2025-06-15,4,2,False,Completed
R005888,E02903,2025_H1,2025-06-15,3,4,False,Completed
R005889,E01567,2025_H1,2025-06-15,2,3,False,Completed
R005890,E01526,2025_H1,2025-06-15,5,3,False,Completed
R005891,E04347,2025_H1,2025-06-15,3,2,False,Completed
R005892,E01748,2025_H1,2025-06-15,4,3,False,Completed
R005893,E00646,2025_H1,2025-06-15,2,3,False,Completed
R005894,E03549,2025_H1,2025-06-15,4,3,False,Completed
R005895,E02999,2025_H1,2025-06-15,1,3,False,Completed
R005896,E04899,2025_H1,2025-06-15,3,3,False,Completed
R005897,E04079,2025_H1,2025-06-15,2,4,False,Completed
R005898,E04885,2025_H1,2025-06-15,4,2,False,Completed
R005899,E01755,2025_H1,2025-06-15,2,3,False,Completed
R005900,E01574,2025_H1,2025-06-15,4,2,False,Cancelled
R005901,E03482,2025_H1,2025-06-15,4,3,False,Completed
R005902,E04703,2025_H1,2025-06-15,3,4,False,Completed
R005903,E04978,2025_H1,2025-06-15,4,5,False,Completed
R005904,E04332,2025_H1,2025-06-15,5,5,False,Completed
R005905,E04941,2025_H1,2025-06-15,3,3,False,Cancelled
R005906,E00820,2025_H1,2025-06-15,1,4,False,Completed
R005907,E02532,2025_H1,2025-06-15,4,4,False,Pending
R005908,E02102,2025_H1,2025-06-15,3,4,False,Completed
R005909,E00453,2025_H1,2025-06-15,3,4,False,Completed
R005910,E00267,2025_H1,2025-06-15,3,3,False,Pending
R005911,E02584,2025_H1,2025-06-15,4,3,False,Completed
R005912,E00573,2025_H1,2025-06-15,2,5,False,Completed
R005913,E04015,2025_H1,2025-06-15,4,3,False,Completed
R005914,E00032,2025_H1,2025-06-15,4,3,False,Completed
R005915,E00846,2025_H1,2025-06-15,4,5,False,Completed
R005916,E01924,2025_H1,2025-06-15,4,5,False,Completed
R005917,E04440,2025_H1,2025-06-15,3,4,False,Pending
R005918,E02410,2025_H1,2025-06-15,2,3,False,Completed
R005919,E03813,2025_H1,2025-06-15,3,4,False,Completed
R005920,E03065,2025_H1,2025-06-15,4,4,False,Completed
R005921,E04783,2025_H1,2025-06-15,2,3,False,Pending
R005922,E02981,2025_H1,2025-06-15,4,5,True,Completed
R005923,E04163,2025_H1,2025-06-15,2,3,False,Completed
R005924,E03034,2025_H1,2025-06-15,1,3,False,Completed
R005925,E00964,2025_H1,2025-06-15,3,3,False,Pending
R005926,E01871,2025_H1,2025-06-15,4,3,False,Pending
R005927,E00652,2025_H1,2025-06-15,3,3,False,Completed
R005928,E00036,2025_H1,2025-06-15,2,2,False,Pending
R005929,E04481,2025_H1,2025-06-15,3,3,False,Completed
R005930,E02117,2025_H1,2025-06-15,4,3,False,Completed
R005931,E02956,2025_H1,2025-06-15,4,2,False,Completed
R005932,E02061,2025_H1,2025-06-15,4,3,False,Completed
R005933,E00563,2025_H1,2025-06-15,4,4,False,Pending
R005934,E00133,2025_H1,2025-06-15,5,3,False,Completed
R005935,E00473,2025_H1,2025-06-15,3,3,False,Completed
R005936,E02176,2025_H1,2025-06-15,4,3,True,Completed
R005937,E00390,2025_H1,2025-06-15,3,4,False,Completed
R005938,E03896,2025_H1,2025-06-15,3,3,False,Completed
R005939,E00565,2025_H1,2025-06-15,3,4,False,Completed
R005940,E02239,2025_H1,2025-06-15,4,5,False,Completed
R005941,E02241,2025_H1,2025-06-15,3,5,False,Completed
R005942,E03865,2025_H1,2025-06-15,4,4,True,Completed
R005943,E04523,2025_H1,2025-06-15,2,3,False,Completed
R005944,E03387,2025_H1,2025-06-15,5,2,False,Completed
R005945,E03031,2025_H1,2025-06-15,4,4,False,Completed
R005946,E04867,2025_H1,2025-06-15,3,3,False,Completed
R005947,E04907,2025_H1,2025-06-15,5,4,False,Pending
R005948,E00201,2025_H1,2025-06-15,3,3,False,Completed
R005949,E04769,2025_H1,2025-06-15,2,1,False,Cancelled
R005950,E03946,2025_H1,2025-06-15,2,3,True,Completed
R005951,E00674,2025_H1,2025-06-15,3,4,False,Completed
R005952,E01515,2025_H1,2025-06-15,4,4,False,Completed
R005953,E03709,2025_H1,2025-06-15,5,4,False,Completed
R005954,E03575,2025_H1,2025-06-15,3,4,False,Completed
R005955,E04297,2025_H1,2025-06-15,3,4,False,Completed
R005956,E01911,2025_H1,2025-06-15,4,3,False,Completed
R005957,E01324,2025_H1,2025-06-15,2,3,False,Completed
R005958,E03207,2025_H1,2025-06-15,3,5,False,Completed
R005959,E00909,2025_H1,2025-06-15,4,4,False,Completed
R005960,E00914,2025_H1,2025-06-15,3,3,False,Completed
R005961,E01301,2025_H1,2025-06-15,3,3,False,Completed
R005962,E04361,2025_H1,2025-06-15,3,4,False,Completed
R005963,E00598,2025_H1,2025-06-15,4,3,False,Completed
R005964,E02233,2025_H1,2025-06-15,4,3,False,Completed
R005965,E02838,2025_H1,2025-06-15,3,3,False,Completed
R005966,E01938,2025_H1,2025-06-15,4,3,False,Completed
R005967,E01784,2025_H1,2025-06-15,3,3,False,Completed
R005968,E02944,2025_H1,2025-06-15,3,3,False,Completed
R005969,E00407,2025_H1,2025-06-15,4,3,False,Completed
R005970,E03665,2025_H1,2025-06-15,2,3,False,Completed
R005971,E00620,2025_H1,2025-06-15,2,4,False,Completed
R005972,E04878,2025_H1,2025-06-15,5,3,False,Completed
R005973,E03038,2025_H1,2025-06-15,4,2,False,Completed
R005974,E02084,2025_H1,2025-06-15,2,3,True,Completed
R005975,E04160,2025_H1,2025-06-15,3,5,False,Completed
R005976,E03598,2025_H1,2025-06-15,3,3,False,Completed
R005977,E02755,2025_H1,2025-06-15,4,3,False,Completed
R005978,E02053,2025_H1,2025-06-15,2,3,False,Completed
R005979,E02232,2025_H1,2025-06-15,4,3,False,Completed
R005980,E04482,2025_H1,2025-06-15,5,2,False,Completed
R005981,E03692,2025_H1,2025-06-15,3,2,False,Completed
R005982,E02415,2025_H1,2025-06-15,2,3,False,Completed
R005983,E01247,2025_H1,2025-06-15,5,1,False,Completed
R005984,E04660,2025_H1,2025-06-15,4,4,False,Completed
R005985,E01799,2025_H1,2025-06-15,4,4,True,Completed
R005986,E02803,2025_H1,2025-06-15,3,4,True,Pending
R005987,E01975,2025_H1,2025-06-15,3,1,False,Completed
R005988,E00938,2025_H1,2025-06-15,4,2,False,Completed
R005989,E04443,2025_H1,2025-06-15,4,2,False,Completed
R005990,E01405,2025_H1,2025-06-15,3,1,False,Completed
R005991,E04918,2025_H1,2025-06-15,4,3,False,Completed
R005992,E01679,2025_H1,2025-06-15,4,5,False,Completed
R005993,E04741,2025_H1,2025-06-15,2,4,False,Completed
R005994,E02048,2025_H1,2025-06-15,1,5,False,Completed
R005995,E03672,2025_H1,2025-06-15,4,5,False,Completed
R005996,E02548,2025_H1,2025-06-15,2,3,False,Completed
R005997,E02038,2025_H1,2025-06-15,3,3,False,Completed
R005998,E00728,2025_H1,2025-06-15,4,4,False,Completed
R005999,E04625,2025_H1,2025-06-15,4,3,False,Completed
R006000,E01818,2025_H1,2025-06-15,4,2,False,Completed
R006001,E04491,2025_H1,2025-06-15,2,2,False,Cancelled
R006002,E01605,2025_H1,2025-06-15,4,3,False,Completed
R006003,E00522,2025_H1,2025-06-15,4,3,False,Completed
R006004,E00774,2025_H1,2025-06-15,1,3,False,Completed
R006005,E02638,2025_H1,2025-06-15,4,2,False,Completed
R006006,E01729,2025_H1,2025-06-15,2,5,True,Completed
R006007,E04050,2025_H1,2025-06-15,4,3,False,Completed
R006008,E03394,2025_H1,2025-06-15,4,3,False,Pending
R006009,E00911,2025_H1,2025-06-15,3,3,False,Pending
R006010,E03804,2025_H1,2025-06-15,4,3,False,Completed
R006011,E02060,2025_H1,2025-06-15,1,4,False,Cancelled
R006012,E00649,2025_H1,2025-06-15,4,2,False,Completed
R006013,E03157,2025_H1,2025-06-15,3,4,False,Completed
R006014,E02387,2025_H1,2025-06-15,4,3,False,Completed
R006015,E04250,2025_H1,2025-06-15,1,2,False,Completed
R006016,E03060,2025_H1,2025-06-15,3,5,False,Completed
R006017,E00414,2025_H1,2025-06-15,4,2,True,Completed
R006018,E03521,2025_H1,2025-06-15,4,4,False,Completed
R006019,E04282,2025_H1,2025-06-15,3,2,False,Completed
R006020,E01432,2025_H1,2025-06-15,3,5,False,Completed
R006021,E03487,2025_H1,2025-06-15,3,3,False,Completed
R006022,E01085,2025_H1,2025-06-15,5,3,False,Completed
R006023,E02939,2025_H1,2025-06-15,3,3,False,Completed
R006024,E04518,2025_H1,2025-06-15,4,3,True,Completed
R006025,E01140,2025_H1,2025-06-15,5,3,False,Pending
R006026,E01752,2025_H1,2025-06-15,5,4,False,Completed
R006027,E01740,2025_H1,2025-06-15,3,4,False,Completed
R006028,E02065,2025_H1,2025-06-15,2,4,False,Completed
R006029,E04205,2025_H1,2025-06-15,3,3,False,Cancelled
R006030,E03010,2025_H1,2025-06-15,5,2,False,Completed
R006031,E03018,2025_H1,2025-06-15,5,1,False,Completed
R006032,E02180,2025_H1,2025-06-15,5,3,False,Completed
R006033,E02324,2025_H1,2025-06-15,3,3,False,Completed
R006034,E01352,2025_H1,2025-06-15,2,4,False,Completed
R006035,E02918,2025_H1,2025-06-15,3,3,False,Completed
R006036,E00678,2025_H1,2025-06-15,2,3,False,Pending
R006037,E01656,2025_H1,2025-06-15,3,4,False,Completed
R006038,E04465,2025_H1,2025-06-15,3,4,True,Completed
R006039,E03193,2025_H1,2025-06-15,4,4,False,Completed
R006040,E01539,2025_H1,2025-06-15,2,4,False,Pending
R006041,E03236,2025_H1,2025-06-15,3,4,False,Completed
R006042,E02733,2025_H1,2025-06-15,3,3,False,Completed
R006043,E00498,2025_H1,2025-06-15,4,5,False,Completed
R006044,E00474,2025_H1,2025-06-15,4,1,False,Cancelled
R006045,E01393,2025_H1,2025-06-15,4,4,False,Completed
R006046,E00941,2025_H1,2025-06-15,5,3,False,Completed
R006047,E04975,2025_H1,2025-06-15,3,5,True,Completed
R006048,E02111,2025_H1,2025-06-15,3,3,False,Cancelled
R006049,E03472,2025_H1,2025-06-15,1,3,False,Completed
R006050,E01940,2025_H1,2025-06-15,3,4,False,Completed
R006051,E00932,2025_H1,2025-06-15,4,2,False,Completed
R006052,E02262,2025_H1,2025-06-15,2,4,False,Completed
R006053,E03293,2025_H1,2025-06-15,4,3,False,Completed
R006054,E03074,2025_H1,2025-06-15,3,3,False,Cancelled
R006055,E00221,2025_H1,2025-06-15,1,4,False,Completed
R006056,E01038,2025_H1,2025-06-15,4,4,False,Completed
R006057,E00316,2025_H1,2025-06-15,3,2,False,Completed
R006058,E04083,2025_H1,2025-06-15,3,4,False,Completed
R006059,E00817,2025_H1,2025-06-15,3,3,False,Completed
R006060,E01712,2025_H1,2025-06-15,4,3,False,Completed
R006061,E02068,2025_H1,2025-06-15,3,4,False,Completed
R006062,E02251,2025_H1,2025-06-15,3,3,False,Pending
R006063,E02383,2025_H1,2025-06-15,3,3,False,Completed
R006064,E02503,2025_H1,2025-06-15,4,3,False,Completed
R006065,E02125,2025_H1,2025-06-15,5,3,True,Completed
R006066,E02029,2025_H1,2025-06-15,1,2,False,Completed
R006067,E01745,2025_H1,2025-06-15,2,3,False,Completed
R006068,E02443,2025_H1,2025-06-15,4,3,False,Completed
R006069,E03463,2025_H1,2025-06-15,1,3,False,Pending
R006070,E03784,2025_H1,2025-06-15,1,2,False,Completed
R006071,E03887,2025_H1,2025-06-15,5,4,True,Pending
R006072,E00293,2025_H1,2025-06-15,3,3,False,Completed
R006073,E03892,2025_H1,2025-06-15,3,2,False,Pending
R006074,E01936,2025_H1,2025-06-15,2,3,False,Completed
R006075,E01829,2025_H1,2025-06-15,5,3,False,Pending
R006076,E01244,2025_H1,2025-06-15,3,5,False,Completed
R006077,E04882,2025_H1,2025-06-15,3,3,False,Completed
R006078,E01268,2025_H1,2025-06-15,4,3,False,Completed
R006079,E03412,2025_H1,2025-06-15,5,4,False,Completed
R006080,E02538,2025_H1,2025-06-15,2,3,False,Completed
R006081,E00272,2025_H1,2025-06-15,3,4,False,Completed
R006082,E01158,2025_H1,2025-06-15,3,2,False,Completed
R006083,E00218,2025_H1,2025-06-15,3,3,False,Completed
R006084,E03226,2025_H1,2025-06-15,4,3,False,Completed
R006085,E01422,2025_H1,2025-06-15,2,2,False,Completed
R006086,E02394,2025_H1,2025-06-15,3,3,False,Completed
R006087,E02501,2025_H1,2025-06-15,2,4,False,Completed
R006088,E03392,2025_H1,2025-06-15,2,4,False,Completed
R006089,E03808,2025_H1,2025-06-15,4,2,False,Cancelled
R006090,E04980,2025_H1,2025-06-15,1,2,False,Completed
R006091,E03128,2025_H1,2025-06-15,4,4,False,Completed
R006092,E04256,2025_H1,2025-06-15,3,3,True,Pending
R006093,E00603,2025_H1,2025-06-15,4,4,True,Completed
R006094,E02397,2025_H1,2025-06-15,2,4,False,Pending
R006095,E00896,2025_H1,2025-06-15,3,3,False,Pending
R006096,E01427,2025_H1,2025-06-15,3,4,False,Completed
R006097,E00800,2025_H1,2025-06-15,2,3,False,Completed
R006098,E04041,2025_H1,2025-06-15,1,3,False,Completed
R006099,E03228,2025_H1,2025-06-15,2,2,False,Completed
R006100,E03051,2025_H1,2025-06-15,5,3,False,Pending
R006101,E01420,2025_H1,2025-06-15,3,3,False,Pending
R006102,E01813,2025_H1,2025-06-15,3,3,False,Completed
R006103,E02488,2025_H1,2025-06-15,4,4,False,Completed
R006104,E02221,2025_H1,2025-06-15,3,3,False,Pending
R006105,E03998,2025_H1,2025-06-15,3,3,False,Pending
R006106,E04802,2025_H1,2025-06-15,5,2,False,Completed
R006107,E02676,2025_H1,2025-06-15,2,5,False,Completed
R006108,E02557,2025_H1,2025-06-15,1,3,False,Completed
R006109,E01786,2025_H1,2025-06-15,3,4,False,Pending
R006110,E04003,2025_H1,2025-06-15,3,3,False,Cancelled
R006111,E02363,2025_H1,2025-06-15,3,3,False,Completed
R006112,E03118,2025_H1,2025-06-15,3,4,False,Completed
R006113,E03702,2025_H1,2025-06-15,3,3,False,Completed
R006114,E00214,2025_H1,2025-06-15,3,5,False,Completed
R006115,E02190,2025_H1,2025-06-15,2,1,False,Cancelled
R006116,E03114,2025_H1,2025-06-15,3,5,False,Completed
R006117,E01039,2025_H1,2025-06-15,3,3,False,Completed
R006118,E00749,2025_H1,2025-06-15,3,3,False,Completed
R006119,E00729,2025_H1,2025-06-15,4,3,False,Completed
R006120,E00370,2025_H1,2025-06-15,2,3,False,Completed
R006121,E01983,2025_H1,2025-06-15,3,1,False,Completed
R006122,E00518,2025_H1,2025-06-15,4,2,False,Pending
R006123,E01702,2025_H1,2025-06-15,3,3,False,Completed
R006124,E01307,2025_H1,2025-06-15,3,5,True,Completed
R006125,E04818,2025_H1,2025-06-15,5,4,False,Cancelled
R006126,E02153,2025_H1,2025-06-15,3,4,False,Completed
R006127,E02633,2025_H1,2025-06-15,4,5,False,Completed
R006128,E01201,2025_H1,2025-06-15,2,2,False,Completed
R006129,E03824,2025_H1,2025-06-15,4,2,False,Completed
R006130,E04998,2025_H1,2025-06-15,3,2,False,Completed
R006131,E02202,2025_H1,2025-06-15,5,3,False,Pending
R006132,E04995,2025_H1,2025-06-15,4,3,False,Completed
R006133,E00578,2025_H1,2025-06-15,5,2,False,Completed
R006134,E00182,2025_H1,2025-06-15,3,1,False,Completed
R006135,E02343,2025_H1,2025-06-15,3,4,False,Completed
R006136,E02627,2025_H1,2025-06-15,3,3,False,Completed
R006137,E04036,2025_H1,2025-06-15,3,3,False,Completed
R006138,E03666,2025_H1,2025-06-15,3,3,False,Pending
R006139,E00525,2025_H1,2025-06-15,3,3,False,Pending
R006140,E04698,2025_H1,2025-06-15,4,4,False,Completed
R006141,E01330,2025_H1,2025-06-15,3,3,False,Completed
R006142,E03844,2025_H1,2025-06-15,5,4,False,Completed
R006143,E04507,2025_H1,2025-06-15,3,3,False,Completed
R006144,E04805,2025_H1,2025-06-15,2,4,False,Pending
R006145,E02649,2025_H1,2025-06-15,3,3,False,Completed
R006146,E04908,2025_H1,2025-06-15,3,3,False,Completed
R006147,E00393,2025_H1,2025-06-15,2,2,False,Pending
R006148,E01594,2025_H1,2025-06-15,3,3,False,Completed
R006149,E01403,2025_H1,2025-06-15,3,4,False,Completed
R006150,E00082,2025_H1,2025-06-15,3,1,False,Completed
R006151,E01443,2025_H1,2025-06-15,2,3,False,Pending
R006152,E02695,2025_H1,2025-06-15,4,4,False,Pending
R006153,E02839,2025_H1,2025-06-15,2,4,False,Completed
R006154,E01474,2025_H1,2025-06-15,2,2,False,Completed
R006155,E01686,2025_H1,2025-06-15,4,4,False,Completed
R006156,E02617,2025_H1,2025-06-15,4,3,True,Completed
R006157,E04766,2025_H1,2025-06-15,3,1,False,Pending
R006158,E02848,2025_H1,2025-06-15,1,2,False,Completed
R006159,E02031,2025_H1,2025-06-15,4,2,True,Completed
R006160,E01478,2025_H1,2025-06-15,3,5,False,Completed
R006161,E03805,2025_H1,2025-06-15,2,3,False,Completed
R006162,E02560,2025_H1,2025-06-15,4,4,False,Completed
R006163,E04161,2025_H1,2025-06-15,3,3,False,Pending
R006164,E01198,2025_H1,2025-06-15,1,3,False,Completed
R006165,E02192,2025_H1,2025-06-15,4,3,False,Completed
R006166,E02973,2025_H1,2025-06-15,3,3,False,Completed
R006167,E03522,2025_H1,2025-06-15,4,3,False,Completed
R006168,E01193,2025_H1,2025-06-15,3,4,False,Completed
R006169,E01633,2025_H1,2025-06-15,5,2,False,Completed
R006170,E04435,2025_H1,2025-06-15,4,3,False,Completed
R006171,E04134,2025_H1,2025-06-15,3,1,False,Completed
R006172,E02891,2025_H1,2025-06-15,1,4,False,Completed
R006173,E01150,2025_H1,2025-06-15,4,3,False,Completed
R006174,E04318,2025_H1,2025-06-15,2,3,False,Pending
R006175,E01297,2025_H1,2025-06-15,3,4,False,Completed
R006176,E04100,2025_H1,2025-06-15,4,2,False,Completed
R006177,E02184,2025_H1,2025-06-15,4,4,False,Completed
R006178,E02766,2025_H1,2025-06-15,3,3,False,Cancelled
R006179,E03497,2025_H1,2025-06-15,4,4,False,Completed
R006180,E00491,2025_H1,2025-06-15,4,5,False,Cancelled
R006181,E00054,2025_H1,2025-06-15,3,3,False,Pending
R006182,E00232,2025_H1,2025-06-15,4,2,False,Completed
R006183,E04295,2025_H1,2025-06-15,4,4,True,Completed
R006184,E03843,2025_H1,2025-06-15,3,2,False,Completed
R006185,E03055,2025_H1,2025-06-15,2,4,False,Completed
R006186,E00155,2025_H1,2025-06-15,2,4,True,Completed
R006187,E00716,2025_H1,2025-06-15,3,4,False,Completed
R006188,E00768,2025_H1,2025-06-15,5,3,False,Completed
R006189,E02807,2025_H1,2025-06-15,5,4,False,Completed
R006190,E01864,2025_H1,2025-06-15,3,2,False,Completed
R006191,E04306,2025_H1,2025-06-15,4,3,False,Completed
R006192,E00698,2025_H1,2025-06-15,3,5,False,Completed
R006193,E04120,2025_H1,2025-06-15,4,3,False,Completed
R006194,E00488,2025_H1,2025-06-15,4,3,False,Completed
R006195,E01323,2025_H1,2025-06-15,3,1,False,Completed
R006196,E03614,2025_H1,2025-06-15,3,4,True,Completed
R006197,E02806,2025_H1,2025-06-15,4,3,False,Completed
R006198,E02240,2025_H1,2025-06-15,3,3,False,Completed
R006199,E04798,2025_H1,2025-06-15,1,3,False,Completed
R006200,E02714,2025_H1,2025-06-15,3,3,False,Pending
R006201,E01626,2025_H1,2025-06-15,2,5,False,Completed
R006202,E04025,2025_H1,2025-06-15,4,3,True,Completed
R006203,E01982,2025_H1,2025-06-15,3,3,False,Completed
R006204,E01348,2025_H1,2025-06-15,4,3,False,Completed
R006205,E03938,2025_H1,2025-06-15,1,3,False,Cancelled
R006206,E03769,2025_H1,2025-06-15,3,4,False,Completed
R006207,E02006,2025_H1,2025-06-15,3,3,False,Pending
R006208,E00184,2025_H1,2025-06-15,3,3,True,Completed
R006209,E00432,2025_H1,2025-06-15,3,1,False,Completed
R006210,E04378,2025_H1,2025-06-15,2,4,False,Pending
R006211,E00672,2025_H1,2025-06-15,2,3,False,Completed
R006212,E03601,2025_H1,2025-06-15,3,3,False,Completed
R006213,E04467,2025_H1,2025-06-15,1,3,False,Completed
R006214,E03577,2025_H1,2025-06-15,3,3,False,Completed
R006215,E03507,2025_H1,2025-06-15,1,4,False,Completed
R006216,E03554,2025_H1,2025-06-15,2,3,False,Completed
R006217,E04737,2025_H1,2025-06-15,2,2,False,Completed
R006218,E03631,2025_H1,2025-06-15,3,3,False,Completed
R006219,E00975,2025_H1,2025-06-15,5,3,False,Completed
R006220,E01909,2025_H1,2025-06-15,4,3,False,Completed
R006221,E04148,2025_H1,2025-06-15,2,3,False,Completed
R006222,E01912,2025_H1,2025-06-15,3,4,False,Completed
R006223,E02726,2025_H1,2025-06-15,3,3,False,Completed
R006224,E04412,2025_H1,2025-06-15,4,3,True,Completed
R006225,E04509,2025_H1,2025-06-15,2,5,True,Completed
R006226,E00124,2025_H1,2025-06-15,4,3,False,Completed
R006227,E00997,2025_H1,2025-06-15,3,2,False,Completed
R006228,E03632,2025_H1,2025-06-15,2,2,False,Completed
R006229,E04247,2025_H1,2025-06-15,2,2,False,Completed
R006230,E00783,2025_H1,2025-06-15,3,3,False,Completed
R006231,E04634,2025_H1,2025-06-15,5,5,False,Completed
R006232,E00193,2025_H1,2025-06-15,2,3,False,Pending
R006233,E00516,2025_H1,2025-06-15,3,4,False,Completed
R006234,E04051,2025_H1,2025-06-15,3,3,False,Completed
R006235,E01069,2025_H1,2025-06-15,4,2,False,Completed
R006236,E04920,2025_H1,2025-06-15,4,5,False,Completed
R006237,E01068,2025_H1,2025-06-15,3,4,False,Completed
R006238,E03255,2025_H1,2025-06-15,3,4,False,Completed
R006239,E01004,2025_H1,2025-06-15,4,3,False,Completed
R006240,E02935,2025_H1,2025-06-15,3,4,False,Pending
R006241,E03765,2025_H1,2025-06-15,3,2,False,Completed
R006242,E03876,2025_H1,2025-06-15,4,4,False,Completed
R006243,E03600,2025_H1,2025-06-15,3,3,False,Completed
R006244,E00361,2025_H1,2025-06-15,3,2,False,Completed
R006245,E02054,2025_H1,2025-06-15,3,2,False,Completed
R006246,E01250,2025_H1,2025-06-15,5,3,False,Completed
R006247,E04852,2025_H1,2025-06-15,4,4,False,Completed
R006248,E00634,2025_H1,2025-06-15,3,3,False,Completed
R006249,E01005,2025_H1,2025-06-15,5,4,False,Completed
R006250,E04439,2025_H1,2025-06-15,1,2,False,Completed
R006251,E01456,2025_H1,2025-06-15,4,2,False,Completed
R006252,E02188,2025_H1,2025-06-15,2,4,False,Completed
R006253,E02360,2025_H1,2025-06-15,4,3,False,Completed
R006254,E02836,2025_H1,2025-06-15,3,3,False,Completed
R006255,E04387,2025_H1,2025-06-15,2,4,False,Completed
R006256,E00695,2025_H1,2025-06-15,5,2,False,Completed
R006257,E02047,2025_H1,2025-06-15,4,5,True,Pending
R006258,E03095,2025_H1,2025-06-15,3,5,True,Completed
R006259,E01807,2025_H1,2025-06-15,4,1,False,Completed
R006260,E04016,2025_H1,2025-06-15,2,2,False,Completed
R006261,E00967,2025_H1,2025-06-15,3,2,False,Completed
R006262,E01421,2025_H1,2025-06-15,4,4,False,Completed
R006263,E04948,2025_H1,2025-06-15,3,2,False,Completed
R006264,E02465,2025_H1,2025-06-15,5,3,False,Completed
R006265,E02737,2025_H1,2025-06-15,4,4,True,Completed
R006266,E00451,2025_H1,2025-06-15,3,4,False,Completed
R006267,E03257,2025_H1,2025-06-15,3,2,False,Completed
R006268,E01339,2025_H1,2025-06-15,3,3,False,Completed
R006269,E03912,2025_H1,2025-06-15,3,2,False,Completed
R006270,E02802,2025_H1,2025-06-15,3,5,True,Completed
R006271,E02277,2025_H1,2025-06-15,5,4,False,Pending
R006272,E04114,2025_H1,2025-06-15,3,3,False,Completed
R006273,E03182,2025_H1,2025-06-15,4,3,False,Completed
R006274,E03836,2025_H1,2025-06-15,4,2,False,Completed
R006275,E04044,2025_H1,2025-06-15,3,3,False,Completed
R006276,E02844,2025_H1,2025-06-15,3,3,False,Completed
R006277,E00404,2025_H1,2025-06-15,4,3,False,Completed
R006278,E01874,2025_H1,2025-06-15,4,4,False,Completed
R006279,E04537,2025_H1,2025-06-15,3,3,False,Cancelled
R006280,E04132,2025_H1,2025-06-15,3,3,False,Completed
R006281,E02748,2025_H1,2025-06-15,3,3,False,Completed
R006282,E01232,2025_H1,2025-06-15,3,3,False,Completed
R006283,E04639,2025_H1,2025-06-15,1,2,False,Completed
R006284,E04673,2025_H1,2025-06-15,3,3,False,Completed
R006285,E01584,2025_H1,2025-06-15,2,5,True,Completed
R006286,E00878,2025_H1,2025-06-15,3,4,True,Completed
R006287,E00776,2025_H1,2025-06-15,3,2,False,Completed
R006288,E02561,2025_H1,2025-06-15,3,3,False,Pending
R006289,E04749,2025_H1,2025-06-15,3,4,False,Completed
R006290,E03679,2025_H1,2025-06-15,4,3,False,Completed
R006291,E03491,2025_H1,2025-06-15,3,3,False,Completed
R006292,E02835,2025_H1,2025-06-15,5,5,False,Completed
R006293,E03867,2025_H1,2025-06-15,3,2,False,Completed
R006294,E04960,2025_H1,2025-06-15,5,5,True,Completed
R006295,E03833,2025_H1,2025-06-15,4,4,False,Completed
R006296,E04012,2025_H1,2025-06-15,3,4,False,Completed
R006297,E00524,2025_H1,2025-06-15,1,4,False,Completed
R006298,E04801,2025_H1,2025-06-15,4,3,False,Pending
R006299,E00364,2025_H1,2025-06-15,3,3,False,Completed
R006300,E01106,2025_H1,2025-06-15,3,3,False,Completed
R006301,E03190,2025_H1,2025-06-15,3,4,False,Completed
R006302,E01613,2025_H1,2025-06-15,3,4,False,Completed
R006303,E01951,2025_H1,2025-06-15,3,4,False,Completed
R006304,E01797,2025_H1,2025-06-15,3,4,False,Completed
R006305,E01162,2025_H1,2025-06-15,3,1,False,Completed
R006306,E03782,2025_H1,2025-06-15,4,4,False,Completed
R006307,E00366,2025_H1,2025-06-15,4,3,False,Completed
R006308,E00164,2025_H1,2025-06-15,3,5,True,Completed
R006309,E00546,2025_H1,2025-06-15,2,4,True,Completed
R006310,E03735,2025_H1,2025-06-15,4,3,True,Completed
R006311,E01486,2025_H1,2025-06-15,3,3,False,Completed
R006312,E04775,2025_H1,2025-06-15,4,3,False,Completed
R006313,E00767,2025_H1,2025-06-15,3,4,False,Completed
R006314,E00730,2025_H1,2025-06-15,3,4,False,Completed
R006315,E00501,2025_H1,2025-06-15,2,4,False,Completed
R006316,E04395,2025_H1,2025-06-15,1,3,False,Completed
R006317,E02085,2025_H1,2025-06-15,4,5,False,Completed
R006318,E00433,2025_H1,2025-06-15,4,3,False,Completed
R006319,E01749,2025_H1,2025-06-15,3,4,False,Completed
R006320,E04448,2025_H1,2025-06-15,3,4,False,Completed
R006321,E03923,2025_H1,2025-06-15,2,4,False,Pending
R006322,E01451,2025_H1,2025-06-15,3,3,False,Completed
R006323,E04017,2025_H1,2025-06-15,5,3,False,Completed
R006324,E00452,2025_H1,2025-06-15,3,3,False,Completed
R006325,E02295,2025_H1,2025-06-15,2,4,False,Completed
R006326,E03893,2025_H1,2025-06-15,4,3,True,Completed
R006327,E03288,2025_H1,2025-06-15,2,1,False,Completed
R006328,E04926,2025_H1,2025-06-15,4,2,False,Completed
R006329,E00515,2025_H1,2025-06-15,3,3,False,Completed
R006330,E02657,2025_H1,2025-06-15,3,3,False,Completed
R006331,E01256,2025_H1,2025-06-15,5,2,False,Completed
R006332,E04147,2025_H1,2025-06-15,3,3,False,Completed
R006333,E00511,2025_H1,2025-06-15,3,5,True,Completed
R006334,E00955,2025_H1,2025-06-15,1,5,False,Completed
R006335,E00608,2025_H1,2025-06-15,3,3,False,Completed
R006336,E01554,2025_H1,2025-06-15,3,3,False,Pending
R006337,E02349,2025_H1,2025-06-15,5,3,False,Completed
R006338,E03094,2025_H1,2025-06-15,3,3,False,Cancelled
R006339,E02495,2025_H1,2025-06-15,2,5,False,Completed
R006340,E04803,2025_H1,2025-06-15,4,4,False,Completed
R006341,E01798,2025_H1,2025-06-15,3,3,False,Pending
R006342,E04525,2025_H1,2025-06-15,3,3,False,Pending
R006343,E04102,2025_H1,2025-06-15,4,3,False,Completed
R006344,E04343,2025_H1,2025-06-15,3,2,False,Completed
R006345,E01111,2025_H1,2025-06-15,3,3,False,Completed
R006346,E04226,2025_H1,2025-06-15,5,4,False,Completed
R006347,E01049,2025_H1,2025-06-15,4,4,False,Completed
R006348,E00681,2025_H1,2025-06-15,4,4,False,Completed
R006349,E02000,2025_H1,2025-06-15,4,4,False,Completed
R006350,E00844,2025_H1,2025-06-15,4,5,False,Completed
R006351,E00169,2025_H1,2025-06-15,5,3,False,Completed
R006352,E04555,2025_H1,2025-06-15,3,5,False,Completed
R006353,E04115,2025_H1,2025-06-15,4,5,False,Pending
R006354,E02312,2025_H1,2025-06-15,3,4,False,Completed
R006355,E01292,2025_H1,2025-06-15,2,5,False,Completed
R006356,E00722,2025_H1,2025-06-15,5,3,False,Completed
R006357,E00244,2025_H1,2025-06-15,2,4,False,Pending
R006358,E03859,2025_H1,2025-06-15,3,5,False,Completed
R006359,E03853,2025_H1,2025-06-15,3,2,False,Pending
R006360,E03842,2025_H1,2025-06-15,4,2,False,Completed
R006361,E01866,2025_H1,2025-06-15,3,3,False,Completed
R006362,E04119,2025_H1,2025-06-15,3,3,False,Pending
R006363,E01293,2025_H1,2025-06-15,4,4,False,Completed
R006364,E02260,2025_H1,2025-06-15,3,4,False,Pending
R006365,E00687,2025_H1,2025-06-15,4,5,False,Completed
R006366,E03795,2025_H1,2025-06-15,4,3,True,Completed
R006367,E01806,2025_H1,2025-06-15,5,3,False,Completed
R006368,E02496,2025_H1,2025-06-15,4,3,False,Completed
R006369,E04199,2025_H1,2025-06-15,4,5,False,Completed
R006370,E00069,2025_H1,2025-06-15,3,5,True,Completed
R006371,E04656,2025_H1,2025-06-15,3,1,False,Pending
R006372,E00535,2025_H1,2025-06-15,3,1,False,Completed
R006373,E03151,2025_H1,2025-06-15,3,3,False,Completed
R006374,E03536,2025_H1,2025-06-15,2,4,False,Completed
R006375,E03281,2025_H1,2025-06-15,5,2,False,Completed
R006376,E01979,2025_H1,2025-06-15,3,3,False,Completed
R006377,E01088,2025_H1,2025-06-15,2,4,False,Completed
R006378,E04469,2025_H1,2025-06-15,4,1,False,Completed
R006379,E00898,2025_H1,2025-06-15,1,4,False,Completed
R006380,E01607,2025_H1,2025-06-15,2,4,False,Completed
R006381,E04264,2025_H1,2025-06-15,4,3,False,Completed
R006382,E00493,2025_H1,2025-06-15,4,3,False,Completed
R006383,E01585,2025_H1,2025-06-15,3,3,False,Completed
R006384,E03198,2025_H1,2025-06-15,5,4,True,Completed
R006385,E03379,2025_H1,2025-06-15,3,2,False,Completed
R006386,E00707,2025_H1,2025-06-15,4,4,False,Completed
R006387,E04319,2025_H1,2025-06-15,3,4,False,Completed
R006388,E02368,2025_H1,2025-06-15,4,4,False,Completed
R006389,E00303,2025_H1,2025-06-15,3,3,False,Pending
R006390,E02087,2025_H1,2025-06-15,3,3,False,Completed
R006391,E04831,2025_H1,2025-06-15,3,1,True,Completed
R006392,E00635,2025_H1,2025-06-15,3,2,False,Completed
R006393,E02174,2025_H1,2025-06-15,2,3,False,Completed
R006394,E03513,2025_H1,2025-06-15,2,3,False,Completed
R006395,E03372,2025_H1,2025-06-15,5,3,False,Completed
R006396,E00863,2025_H1,2025-06-15,2,3,False,Completed
R006397,E00156,2025_H1,2025-06-15,4,3,False,Completed
R006398,E01157,2025_H1,2025-06-15,3,4,False,Cancelled
R006399,E04848,2025_H1,2025-06-15,3,1,False,Pending
R006400,E04436,2025_H1,2025-06-15,5,3,False,Completed
R006401,E00766,2025_H1,2025-06-15,3,3,False,Completed
R006402,E01627,2025_H1,2025-06-15,3,3,False,Completed
R006403,E00083,2025_H1,2025-06-15,3,3,False,Completed
R006404,E00926,2025_H1,2025-06-15,5,3,False,Completed
R006405,E02140,2025_H1,2025-06-15,3,2,False,Completed
R006406,E00607,2025_H1,2025-06-15,3,2,False,Completed
R006407,E03127,2025_H1,2025-06-15,3,4,False,Completed
R006408,E01692,2025_H1,2025-06-15,4,3,False,Completed
R006409,E04311,2025_H1,2025-06-15,3,2,False,Completed
R006410,E01173,2025_H1,2025-06-15,2,3,False,Completed
R006411,E02306,2025_H1,2025-06-15,3,4,False,Completed
R006412,E00721,2025_H1,2025-06-15,5,3,False,Pending
R006413,E03163,2025_H1,2025-06-15,3,3,False,Completed
R006414,E01375,2025_H1,2025-06-15,3,2,False,Completed
R006415,E04694,2025_H1,2025-06-15,3,3,False,Completed
R006416,E03940,2025_H1,2025-06-15,2,4,False,Completed
R006417,E02235,2025_H1,2025-06-15,5,3,False,Completed
R006418,E04152,2025_H1,2025-06-15,4,3,False,Completed
R006419,E04074,2025_H1,2025-06-15,4,2,True,Completed
R006420,E04207,2025_H1,2025-06-15,3,4,False,Completed
R006421,E03612,2025_H1,2025-06-15,3,4,False,Completed
R006422,E00960,2025_H1,2025-06-15,4,4,False,Completed
R006423,E02055,2025_H1,2025-06-15,2,3,False,Completed
R006424,E01064,2025_H1,2025-06-15,3,3,False,Completed
R006425,E03233,2025_H1,2025-06-15,3,3,False,Completed
R006426,E00233,2025_H1,2025-06-15,3,5,False,Completed
R006427,E04567,2025_H1,2025-06-15,4,4,False,Completed
R006428,E00053,2025_H1,2025-06-15,5,5,False,Completed
R006429,E03776,2025_H1,2025-06-15,3,2,False,Completed
R006430,E04896,2025_H1,2025-06-15,3,5,True,Pending
R006431,E03882,2025_H1,2025-06-15,3,5,False,Completed
R006432,E04198,2025_H1,2025-06-15,3,3,False,Completed
R006433,E03218,2025_H1,2025-06-15,4,4,True,Completed
R006434,E00188,2025_H1,2025-06-15,2,2,False,Pending
R006435,E04584,2025_H1,2025-06-15,5,2,False,Completed
R006436,E02738,2025_H1,2025-06-15,4,2,False,Cancelled
R006437,E04863,2025_H1,2025-06-15,2,4,False,Completed
R006438,E04752,2025_H1,2025-06-15,4,2,False,Completed
R006439,E02971,2025_H1,2025-06-15,2,4,False,Completed
R006440,E03345,2025_H1,2025-06-15,4,2,False,Completed
R006441,E03696,2025_H1,2025-06-15,3,3,False,Pending
R006442,E03970,2025_H1,2025-06-15,4,3,False,Completed
R006443,E02225,2025_H1,2025-06-15,3,4,False,Completed
R006444,E04456,2025_H1,2025-06-15,3,4,False,Completed
R006445,E04494,2025_H1,2025-06-15,3,4,False,Completed
R006446,E02678,2025_H1,2025-06-15,4,1,False,Completed
R006447,E01491,2025_H1,2025-06-15,4,3,False,Completed
R006448,E04881,2025_H1,2025-06-15,3,3,False,Completed
R006449,E02515,2025_H1,2025-06-15,3,4,False,Completed
R006450,E01370,2025_H1,2025-06-15,3,3,False,Completed
R006451,E01508,2025_H1,2025-06-15,5,3,False,Completed
R006452,E01072,2025_H1,2025-06-15,4,3,False,Completed
R006453,E02430,2025_H1,2025-06-15,1,2,False,Completed
R006454,E00949,2025_H1,2025-06-15,3,2,False,Completed
R006455,E03172,2025_H1,2025-06-15,3,3,False,Completed
R006456,E03413,2025_H1,2025-06-15,2,2,False,Completed
R006457,E03470,2025_H1,2025-06-15,1,4,False,Completed
R006458,E01234,2025_H1,2025-06-15,3,4,False,Cancelled
R006459,E02761,2025_H1,2025-06-15,3,3,False,Completed
R006460,E03319,2025_H1,2025-06-15,4,3,False,Pending
R006461,E04731,2025_H1,2025-06-15,3,2,False,Cancelled
R006462,E04055,2025_H1,2025-06-15,3,2,False,Pending
R006463,E01551,2025_H1,2025-06-15,3,2,False,Completed
R006464,E03599,2025_H1,2025-06-15,4,3,False,Completed
R006465,E01707,2025_H1,2025-06-15,3,5,False,Completed
R006466,E00099,2025_H1,2025-06-15,3,1,False,Completed
R006467,E04368,2025_H1,2025-06-15,4,1,False,Completed
R006468,E04554,2025_H1,2025-06-15,3,4,False,Completed
R006469,E03260,2025_H1,2025-06-15,4,4,False,Completed
R006470,E02316,2025_H1,2025-06-15,2,3,False,Completed
R006471,E04162,2025_H1,2025-06-15,2,5,False,Pending
R006472,E03624,2025_H1,2025-06-15,4,2,True,Completed
R006473,E02645,2025_H1,2025-06-15,3,3,False,Pending
R006474,E01191,2025_H1,2025-06-15,3,3,True,Completed
R006475,E01435,2025_H1,2025-06-15,2,4,False,Completed
R006476,E02081,2025_H1,2025-06-15,4,3,False,Pending
R006477,E03084,2025_H1,2025-06-15,3,3,False,Completed
R006478,E01412,2025_H1,2025-06-15,2,3,False,Completed
R006479,E01299,2025_H1,2025-06-15,3,3,False,Completed
R006480,E00861,2025_H1,2025-06-15,4,4,False,Completed
R006481,E03585,2025_H1,2025-06-15,3,3,False,Completed
R006482,E00411,2025_H1,2025-06-15,3,4,False,Pending
R006483,E00860,2025_H1,2025-06-15,3,5,False,Completed
R006484,E02577,2025_H1,2025-06-15,3,2,False,Completed
R006485,E03524,2025_H1,2025-06-15,3,4,False,Completed
R006486,E04498,2025_H1,2025-06-15,3,3,False,Completed
R006487,E01536,2025_H1,2025-06-15,4,5,True,Completed
R006488,E04774,2025_H1,2025-06-15,5,3,False,Completed
R006489,E02145,2025_H1,2025-06-15,3,1,False,Completed
R006490,E02930,2025_H1,2025-06-15,3,2,True,Completed
R006491,E04953,2025_H1,2025-06-15,3,2,False,Completed
R006492,E02041,2025_H1,2025-06-15,3,4,False,Pending
R006493,E02940,2025_H1,2025-06-15,3,2,False,Completed
R006494,E02305,2025_H1,2025-06-15,5,2,False,Completed
R006495,E03661,2025_H1,2025-06-15,3,3,False,Completed
R006496,E04127,2025_H1,2025-06-15,3,1,False,Completed
R006497,E01923,2025_H1,2025-06-15,3,4,False,Completed
R006498,E02453,2025_H1,2025-06-15,3,3,False,Completed
R006499,E01390,2025_H1,2025-06-15,5,5,True,Completed
R006500,E01413,2025_H1,2025-06-15,5,4,True,Completed
R006501,E03920,2025_H1,2025-06-15,3,3,False,Pending
R006502,E00978,2025_H1,2025-06-15,5,1,False,Completed
R006503,E01614,2025_H1,2025-06-15,3,4,False,Completed
R006504,E02079,2025_H1,2025-06-15,5,4,True,Completed
R006505,E00397,2025_H1,2025-06-15,4,3,False,Pending
R006506,E01322,2025_H1,2025-06-15,5,3,False,Completed
R006507,E04871,2025_H1,2025-06-15,5,1,False,Completed
R006508,E01681,2025_H1,2025-06-15,4,4,False,Completed
R006509,E04059,2025_H1,2025-06-15,3,3,False,Pending
R006510,E04502,2025_H1,2025-06-15,3,3,False,Completed
R006511,E04564,2025_H1,2025-06-15,5,2,False,Completed
R006512,E02529,2025_H1,2025-06-15,3,5,False,Cancelled
R006513,E03221,2025_H1,2025-06-15,2,3,False,Completed
R006514,E02762,2025_H1,2025-06-15,3,5,False,Completed
R006515,E00365,2025_H1,2025-06-15,3,3,False,Completed
R006516,E02186,2025_H1,2025-06-15,2,3,False,Pending
R006517,E02447,2025_H1,2025-06-15,2,2,False,Completed
R006518,E00175,2025_H1,2025-06-15,3,1,False,Completed
R006519,E02902,2025_H1,2025-06-15,5,1,False,Cancelled
R006520,E04701,2025_H1,2025-06-15,4,3,False,Completed
R006521,E01473,2025_H1,2025-06-15,4,1,False,Completed
R006522,E03449,2025_H1,2025-06-15,3,2,False,Completed
R006523,E03578,2025_H1,2025-06-15,5,3,False,Completed
R006524,E01586,2025_H1,2025-06-15,3,4,False,Completed
R006525,E00422,2025_H1,2025-06-15,3,3,False,Completed
R006526,E00507,2025_H1,2025-06-15,3,2,False,Completed
R006527,E04730,2025_H1,2025-06-15,5,3,False,Completed
R006528,E02960,2025_H1,2025-06-15,3,4,False,Completed
R006529,E02521,2025_H1,2025-06-15,3,4,False,Completed
R006530,E00265,2025_H1,2025-06-15,4,4,False,Completed
R006531,E01576,2025_H1,2025-06-15,2,4,False,Pending
R006532,E04793,2025_H1,2025-06-15,4,1,False,Completed
R006533,E01199,2025_H1,2025-06-15,5,3,False,Completed
R006534,E00445,2025_H1,2025-06-15,4,1,False,Completed
R006535,E01920,2025_H1,2025-06-15,3,1,False,Completed
R006536,E00542,2025_H1,2025-06-15,4,5,False,Completed
R006537,E03643,2025_H1,2025-06-15,5,4,True,Completed
R006538,E04384,2025_H1,2025-06-15,3,3,False,Completed
R006539,E01037,2025_H1,2025-06-15,4,3,False,Completed
R006540,E03926,2025_H1,2025-06-15,3,3,False,Pending
R006541,E02589,2025_H1,2025-06-15,2,5,False,Completed
R006542,E00013,2025_H1,2025-06-15,3,4,False,Completed
R006543,E00247,2025_H1,2025-06-15,4,3,False,Completed
R006544,E01732,2025_H1,2025-06-15,4,3,False,Completed
R006545,E01711,2025_H1,2025-06-15,5,4,False,Completed
R006546,E00693,2025_H1,2025-06-15,3,5,False,Completed
R006547,E02110,2025_H1,2025-06-15,2,3,False,Completed
R006548,E02137,2025_H1,2025-06-15,3,4,True,Pending
R006549,E03445,2025_H1,2025-06-15,3,2,False,Completed
R006550,E04839,2025_H1,2025-06-15,1,2,False,Completed
R006551,E03032,2025_H1,2025-06-15,3,4,False,Completed
R006552,E02684,2025_H1,2025-06-15,3,4,False,Completed
R006553,E00509,2025_H1,2025-06-15,3,1,False,Completed
R006554,E01876,2025_H1,2025-06-15,2,3,False,Completed
R006555,E03547,2025_H1,2025-06-15,2,4,False,Completed
R006556,E04738,2025_H1,2025-06-15,4,4,False,Completed
R006557,E01437,2025_H1,2025-06-15,3,4,True,Completed
R006558,E02104,2025_H1,2025-06-15,2,3,False,Completed
R006559,E01278,2025_H1,2025-06-15,4,5,False,Completed
R006560,E03913,2025_H1,2025-06-15,3,4,False,Completed
R006561,E04843,2025_H1,2025-06-15,4,3,False,Completed
R006562,E02812,2025_H1,2025-06-15,3,4,True,Completed
R006563,E02817,2025_H1,2025-06-15,3,3,False,Completed
R006564,E04001,2025_H1,2025-06-15,3,3,False,Completed
R006565,E00973,2025_H1,2025-06-15,3,4,False,Completed
R006566,E03081,2025_H1,2025-06-15,3,4,False,Completed
R006567,E01901,2025_H1,2025-06-15,4,4,False,Completed
R006568,E00647,2025_H1,2025-06-15,4,4,False,Completed
R006569,E02033,2025_H1,2025-06-15,2,2,False,Completed
R006570,E03972,2025_H1,2025-06-15,4,2,False,Completed
R006571,E00079,2025_H1,2025-06-15,4,4,True,Completed
R006572,E00751,2025_H1,2025-06-15,5,3,False,Completed
R006573,E01343,2025_H1,2025-06-15,3,4,False,Completed
R006574,E01211,2025_H1,2025-06-15,3,3,False,Completed
R006575,E00246,2025_H1,2025-06-15,3,4,False,Pending
R006576,E01545,2025_H1,2025-06-15,3,4,False,Completed
R006577,E02150,2025_H1,2025-06-15,5,3,True,Completed
R006578,E02961,2025_H1,2025-06-15,3,4,True,Completed
R006579,E04356,2025_H1,2025-06-15,2,3,False,Completed
R006580,E04129,2025_H1,2025-06-15,5,3,False,Completed
R006581,E02469,2025_H1,2025-06-15,4,4,False,Completed
R006582,E00394,2025_H1,2025-06-15,4,3,False,Completed
R006583,E03888,2025_H1,2025-06-15,3,2,False,Completed
R006584,E04008,2025_H1,2025-06-15,5,2,False,Completed
R006585,E03592,2025_H1,2025-06-15,3,4,True,Completed
R006586,E04294,2025_H1,2025-06-15,3,2,False,Completed
R006587,E02371,2025_H1,2025-06-15,4,2,False,Completed
R006588,E00242,2025_H1,2025-06-15,3,2,False,Completed
R006589,E01676,2025_H1,2025-06-15,3,4,False,Completed
R006590,E02309,2025_H1,2025-06-15,3,3,False,Completed
R006591,E04866,2025_H1,2025-06-15,3,2,False,Completed
R006592,E01207,2025_H1,2025-06-15,3,3,False,Completed
R006593,E01466,2025_H1,2025-06-15,3,5,False,Pending
R006594,E02993,2025_H1,2025-06-15,2,4,False,Completed
R006595,E02933,2025_H1,2025-06-15,4,3,False,Completed
R006596,E01203,2025_H1,2025-06-15,4,3,False,Completed
R006597,E04682,2025_H1,2025-06-15,3,5,False,Completed
R006598,E00336,2025_H1,2025-06-15,5,5,False,Completed
R006599,E04704,2025_H1,2025-06-15,4,2,False,Completed
R006600,E03531,2025_H1,2025-06-15,3,3,False,Completed
R006601,E03232,2025_H1,2025-06-15,3,3,False,Completed
R006602,E00056,2025_H1,2025-06-15,4,3,False,Completed
R006603,E04657,2025_H1,2025-06-15,4,3,False,Completed
R006604,E00676,2025_H1,2025-06-15,4,4,False,Completed
R006605,E01721,2025_H1,2025-06-15,3,3,False,Completed
R006606,E01411,2025_H1,2025-06-15,3,3,False,Completed
R006607,E00002,2025_H1,2025-06-15,5,4,True,Completed
R006608,E03840,2025_H1,2025-06-15,3,3,False,Pending
R006609,E04841,2025_H1,2025-06-15,3,4,False,Completed
R006610,E01580,2025_H1,2025-06-15,3,3,False,Pending
R006611,E00986,2025_H1,2025-06-15,4,3,False,Completed
R006612,E04667,2025_H1,2025-06-15,3,3,False,Completed
R006613,E03365,2025_H1,2025-06-15,4,2,False,Completed
R006614,E01233,2025_H1,2025-06-15,3,3,False,Completed
R006615,E04499,2025_H1,2025-06-15,3,4,False,Completed
R006616,E00816,2025_H1,2025-06-15,5,3,False,Completed
R006617,E01961,2025_H1,2025-06-15,3,5,False,Completed
R006618,E04794,2025_H1,2025-06-15,3,5,False,Pending
R006619,E03881,2025_H1,2025-06-15,1,2,False,Completed
R006620,E03471,2025_H1,2025-06-15,1,2,False,Completed
R006621,E02651,2025_H1,2025-06-15,4,3,False,Cancelled
R006622,E00236,2025_H1,2025-06-15,4,4,True,Completed
R006623,E02520,2025_H1,2025-06-15,4,4,False,Cancelled
R006624,E03992,2025_H1,2025-06-15,5,3,True,Pending
R006625,E03742,2025_H1,2025-06-15,3,2,False,Completed
R006626,E01757,2025_H1,2025-06-15,3,4,False,Completed
R006627,E00555,2025_H1,2025-06-15,3,3,False,Completed
R006628,E00011,2025_H1,2025-06-15,2,5,True,Completed
R006629,E03124,2025_H1,2025-06-15,3,3,False,Completed
R006630,E01611,2025_H1,2025-06-15,3,4,False,Completed
R006631,E02076,2025_H1,2025-06-15,5,4,True,Completed
R006632,E04875,2025_H1,2025-06-15,4,3,False,Completed
R006633,E00226,2025_H1,2025-06-15,3,2,False,Pending
R006634,E04958,2025_H1,2025-06-15,4,3,False,Completed
R006635,E03239,2025_H1,2025-06-15,2,3,False,Completed
R006636,E03137,2025_H1,2025-06-15,5,3,False,Completed
R006637,E00080,2025_H1,2025-06-15,3,2,False,Completed
R006638,E03389,2025_H1,2025-06-15,3,4,False,Completed
R006639,E00401,2025_H1,2025-06-15,4,3,False,Completed
R006640,E03967,2025_H1,2025-06-15,1,3,False,Cancelled
R006641,E04812,2025_H1,2025-06-15,2,4,False,Completed
R006642,E00543,2025_H1,2025-06-15,3,3,False,Pending
R006643,E04583,2025_H1,2025-06-15,4,4,False,Pending
R006644,E04167,2025_H1,2025-06-15,2,3,False,Completed
R006645,E04122,2025_H1,2025-06-15,4,3,False,Completed
R006646,E00216,2025_H1,2025-06-15,4,4,True,Completed
R006647,E01724,2025_H1,2025-06-15,4,3,False,Completed
R006648,E00190,2025_H1,2025-06-15,3,5,False,Completed
R006649,E01516,2025_H1,2025-06-15,4,4,False,Pending
R006650,E01969,2025_H1,2025-06-15,4,3,True,Pending
R006651,E04684,2025_H1,2025-06-15,2,3,False,Completed
R006652,E04647,2025_H1,2025-06-15,3,3,False,Completed
R006653,E02512,2025_H1,2025-06-15,4,3,False,Completed
R006654,E03170,2025_H1,2025-06-15,3,3,False,Completed
R006655,E03878,2025_H1,2025-06-15,3,3,False,Completed
R006656,E02808,2025_H1,2025-06-15,3,4,False,Completed
R006657,E01662,2025_H1,2025-06-15,2,4,False,Completed
R006658,E03548,2025_H1,2025-06-15,2,3,False,Completed
R006659,E00245,2025_H1,2025-06-15,3,1,False,Pending
R006660,E03996,2025_H1,2025-06-15,3,3,False,Completed
R006661,E04168,2025_H1,2025-06-15,3,2,False,Completed
R006662,E00867,2025_H1,2025-06-15,4,3,False,Pending
R006663,E04371,2025_H1,2025-06-15,2,4,False,Completed
R006664,E04628,2025_H1,2025-06-15,3,3,False,Completed
R006665,E00252,2025_H1,2025-06-15,3,3,False,Cancelled
R006666,E03981,2025_H1,2025-06-15,4,1,False,Pending
R006667,E01992,2025_H1,2025-06-15,5,4,False,Pending
R006668,E01016,2025_H1,2025-06-15,2,3,False,Completed
R006669,E03420,2025_H1,2025-06-15,4,4,False,Completed
R006670,E04396,2025_H1,2025-06-15,4,2,False,Completed
R006671,E01739,2025_H1,2025-06-15,1,3,False,Completed
R006672,E00067,2025_H1,2025-06-15,2,3,False,Completed
R006673,E02217,2025_H1,2025-06-15,3,1,False,Completed
R006674,E00173,2025_H1,2025-06-15,2,3,False,Completed
R006675,E01212,2025_H1,2025-06-15,4,1,False,Pending
R006676,E02564,2025_H1,2025-06-15,4,4,False,Completed
R006677,E00907,2025_H1,2025-06-15,4,3,False,Completed
R006678,E03438,2025_H1,2025-06-15,4,3,False,Completed
R006679,E00398,2025_H1,2025-06-15,4,5,False,Completed
R006680,E03303,2025_H1,2025-06-15,3,5,False,Completed
R006681,E00283,2025_H1,2025-06-15,4,4,False,Completed
R006682,E01309,2025_H1,2025-06-15,3,3,False,Completed
R006683,E03644,2025_H1,2025-06-15,4,3,False,Completed
R006684,E02793,2025_H1,2025-06-15,2,2,False,Completed
R006685,E04354,2025_H1,2025-06-15,4,4,False,Completed
R006686,E04860,2025_H1,2025-06-15,5,2,False,Completed
R006687,E01659,2025_H1,2025-06-15,3,2,False,Completed
R006688,E00746,2025_H1,2025-06-15,3,2,False,Completed
R006689,E03448,2025_H1,2025-06-15,4,2,False,Completed
R006690,E03133,2025_H1,2025-06-15,2,4,False,Completed
R006691,E00117,2025_H1,2025-06-15,3,3,False,Completed
R006692,E04655,2025_H1,2025-06-15,3,2,False,Completed
R006693,E01927,2025_H1,2025-06-15,5,2,False,Pending
R006694,E01668,2025_H1,2025-06-15,1,3,False,Completed
R006695,E01463,2025_H1,2025-06-15,3,3,False,Completed
R006696,E03682,2025_H1,2025-06-15,3,3,False,Completed
R006697,E02107,2025_H1,2025-06-15,4,3,False,Completed
R006698,E00487,2025_H1,2025-06-15,3,3,False,Completed
R006699,E00094,2025_H1,2025-06-15,2,5,False,Completed
R006700,E03680,2025_H1,2025-06-15,3,5,False,Completed
R006701,E04735,2025_H1,2025-06-15,1,3,False,Cancelled
R006702,E00662,2025_H1,2025-06-15,2,4,False,Completed
R006703,E02523,2025_H1,2025-06-15,3,5,True,Completed
R006704,E04420,2025_H1,2025-06-15,5,2,False,Completed
R006705,E03261,2025_H1,2025-06-15,3,3,False,Completed
R006706,E01104,2025_H1,2025-06-15,3,3,False,Completed
R006707,E04181,2025_H1,2025-06-15,4,4,False,Cancelled
R006708,E04921,2025_H1,2025-06-15,4,5,False,Completed
R006709,E02144,2025_H1,2025-06-15,3,2,False,Completed
R006710,E02669,2025_H1,2025-06-15,3,4,False,Completed
R006711,E03835,2025_H1,2025-06-15,3,4,False,Cancelled
R006712,E01872,2025_H1,2025-06-15,3,2,False,Completed
R006713,E03396,2025_H1,2025-06-15,3,2,False,Completed
R006714,E04726,2025_H1,2025-06-15,4,3,False,Completed
R006715,E02804,2025_H1,2025-06-15,3,3,False,Completed
R006716,E01708,2025_H1,2025-06-15,3,3,False,Completed
R006717,E04970,2025_H1,2025-06-15,4,3,False,Completed
R006718,E04668,2025_H1,2025-06-15,3,3,False,Cancelled
R006719,E04206,2025_H1,2025-06-15,3,2,False,Completed
R006720,E01705,2025_H1,2025-06-15,4,4,True,Completed
R006721,E00144,2025_H1,2025-06-15,1,2,False,Completed
R006722,E00442,2025_H1,2025-06-15,4,4,False,Completed
R006723,E03495,2025_H1,2025-06-15,2,4,False,Completed
R006724,E01925,2025_H1,2025-06-15,2,5,True,Completed
R006725,E04117,2025_H1,2025-06-15,5,2,False,Completed
R006726,E02435,2025_H1,2025-06-15,3,2,False,Completed
R006727,E01935,2025_H1,2025-06-15,4,2,False,Completed
R006728,E03851,2025_H1,2025-06-15,3,5,False,Pending
R006729,E02652,2025_H1,2025-06-15,3,3,False,Completed
R006730,E02472,2025_H1,2025-06-15,2,5,False,Completed
R006731,E01620,2025_H1,2025-06-15,2,3,False,Completed
R006732,E04358,2025_H1,2025-06-15,5,3,False,Pending
R006733,E03700,2025_H1,2025-06-15,1,2,False,Completed
R006734,E04352,2025_H1,2025-06-15,3,4,False,Completed
R006735,E02536,2025_H1,2025-06-15,4,3,False,Completed
R006736,E01914,2025_H1,2025-06-15,3,2,False,Completed
R006737,E04520,2025_H1,2025-06-15,3,2,False,Completed
R006738,E00077,2025_H1,2025-06-15,2,4,False,Completed
R006739,E02822,2025_H1,2025-06-15,5,4,False,Completed
R006740,E02226,2025_H1,2025-06-15,3,4,False,Completed
R006741,E01541,2025_H1,2025-06-15,3,4,False,Completed
R006742,E00476,2025_H1,2025-06-15,3,4,False,Completed
R006743,E01328,2025_H1,2025-06-15,3,2,False,Completed
R006744,E03726,2025_H1,2025-06-15,4,3,False,Pending
R006745,E02320,2025_H1,2025-06-15,3,3,False,Completed
R006746,E01371,2025_H1,2025-06-15,1,3,False,Completed
R006747,E01917,2025_H1,2025-06-15,4,4,True,Completed
R006748,E02718,2025_H1,2025-06-15,4,2,False,Completed
R006749,E04865,2025_H1,2025-06-15,3,2,False,Completed
R006750,E01170,2025_H1,2025-06-15,3,3,False,Completed
R006751,E02646,2025_H1,2025-06-15,3,3,False,Completed
R006752,E02023,2025_H1,2025-06-15,2,3,False,Completed
R006753,E04406,2025_H1,2025-06-15,3,3,False,Completed
R006754,E04536,2025_H1,2025-06-15,4,2,False,Completed
R006755,E02474,2025_H1,2025-06-15,2,1,False,Completed
R006756,E00631,2025_H1,2025-06-15,4,4,False,Completed
R006757,E00135,2025_H1,2025-06-15,5,3,False,Completed
R006758,E00415,2025_H1,2025-06-15,4,4,False,Completed
R006759,E01972,2025_H1,2025-06-15,3,3,False,Completed
R006760,E02499,2025_H1,2025-06-15,3,4,False,Completed
R006761,E03649,2025_H1,2025-06-15,4,3,False,Completed
R006762,E01933,2025_H1,2025-06-15,3,2,False,Completed
R006763,E03446,2025_H1,2025-06-15,4,4,False,Pending
R006764,E00913,2025_H1,2025-06-15,3,5,False,Completed
R006765,E04966,2025_H1,2025-06-15,2,3,False,Completed
R006766,E04227,2025_H1,2025-06-15,3,4,False,Completed
R006767,E01027,2025_H1,2025-06-15,4,3,True,Completed
R006768,E02015,2025_H1,2025-06-15,3,4,False,Completed
R006769,E00643,2025_H1,2025-06-15,4,3,True,Completed
R006770,E01918,2025_H1,2025-06-15,3,5,True,Completed
R006771,E02559,2025_H1,2025-06-15,3,3,False,Completed
R006772,E03544,2025_H1,2025-06-15,3,5,False,Completed
R006773,E04504,2025_H1,2025-06-15,4,2,False,Completed
R006774,E00541,2025_H1,2025-06-15,3,3,False,Completed
R006775,E00904,2025_H1,2025-06-15,2,1,False,Completed
R006776,E00666,2025_H1,2025-06-15,1,3,False,Pending
R006777,E03871,2025_H1,2025-06-15,1,3,False,Completed
R006778,E04380,2025_H1,2025-06-15,3,3,False,Completed
R006779,E00338,2025_H1,2025-06-15,3,4,False,Completed
R006780,E00010,2025_H1,2025-06-15,4,3,False,Completed
R006781,E00685,2025_H1,2025-06-15,3,5,False,Completed
R006782,E00399,2025_H1,2025-06-15,3,3,False,Completed
R006783,E03627,2025_H1,2025-06-15,3,4,True,Completed
R006784,E00463,2025_H1,2025-06-15,2,5,False,Completed
R006785,E04811,2025_H1,2025-06-15,4,2,False,Pending
R006786,E04461,2025_H1,2025-06-15,3,4,False,Completed
R006787,E02407,2025_H1,2025-06-15,4,4,False,Completed
R006788,E02747,2025_H1,2025-06-15,4,1,False,Completed
R006789,E02562,2025_H1,2025-06-15,3,3,False,Completed
R006790,E03317,2025_H1,2025-06-15,4,1,False,Completed
R006791,E03884,2025_H1,2025-06-15,2,3,False,Completed
R006792,E03898,2025_H1,2025-06-15,3,4,False,Completed
R006793,E02259,2025_H1,2025-06-15,3,2,False,Completed
R006794,E00367,2025_H1,2025-06-15,5,4,False,Completed
R006795,E03444,2025_H1,2025-06-15,3,3,False,Completed
R006796,E03033,2025_H1,2025-06-15,2,5,False,Completed
R006797,E03062,2025_H1,2025-06-15,3,5,True,Completed
R006798,E00266,2025_H1,2025-06-15,3,2,False,Completed
R006799,E02299,2025_H1,2025-06-15,3,3,False,Completed
R006800,E00592,2025_H1,2025-06-15,4,3,False,Completed
R006801,E04663,2025_H1,2025-06-15,2,1,True,Completed
R006802,E04289,2025_H1,2025-06-15,1,3,False,Completed
R006803,E01827,2025_H1,2025-06-15,2,4,False,Completed
R006804,E03439,2025_H1,2025-06-15,3,3,False,Completed
R006805,E03426,2025_H1,2025-06-15,5,3,False,Completed
R006806,E01075,2025_H1,2025-06-15,3,5,False,Completed
R006807,E01222,2025_H1,2025-06-15,4,4,False,Completed
R006808,E03588,2025_H1,2025-06-15,4,3,False,Completed
R006809,E01281,2025_H1,2025-06-15,3,4,True,Completed
R006810,E02311,2025_H1,2025-06-15,2,3,False,Completed
R006811,E00015,2025_H1,2025-06-15,3,4,False,Completed
R006812,E03192,2025_H1,2025-06-15,4,4,False,Pending
R006813,E01235,2025_H1,2025-06-15,2,2,False,Completed
R006814,E00358,2025_H1,2025-06-15,3,3,False,Cancelled
R006815,E00804,2025_H1,2025-06-15,2,3,False,Completed
R006816,E03145,2025_H1,2025-06-15,3,3,False,Completed
R006817,E00879,2025_H1,2025-06-15,5,3,False,Completed
R006818,E01311,2025_H1,2025-06-15,3,4,False,Completed
R006819,E04661,2025_H1,2025-06-15,3,3,False,Completed
R006820,E02073,2025_H1,2025-06-15,4,1,False,Completed
R006821,E00008,2025_H1,2025-06-15,4,5,False,Completed
R006822,E01147,2025_H1,2025-06-15,3,2,False,Completed
R006823,E04485,2025_H1,2025-06-15,3,4,False,Completed
R006824,E04418,2025_H1,2025-06-15,3,3,False,Completed
R006825,E02927,2025_H1,2025-06-15,2,4,False,Completed
R006826,E02134,2025_H1,2025-06-15,4,4,True,Completed
R006827,E00322,2025_H1,2025-06-15,4,2,False,Completed
R006828,E04190,2025_H1,2025-06-15,5,4,True,Completed
R006829,E00277,2025_H1,2025-06-15,4,2,False,Completed
R006830,E02602,2025_H1,2025-06-15,3,5,False,Completed
R006831,E03143,2025_H1,2025-06-15,3,2,False,Completed
R006832,E01114,2025_H1,2025-06-15,3,3,False,Pending
R006833,E02683,2025_H1,2025-06-15,5,3,False,Completed
R006834,E02362,2025_H1,2025-06-15,3,4,False,Completed
R006835,E00241,2025_H1,2025-06-15,3,4,False,Completed
R006836,E00696,2025_H1,2025-06-15,3,4,False,Completed
R006837,E03080,2025_H1,2025-06-15,3,3,False,Completed
R006838,E04276,2025_H1,2025-06-15,1,3,False,Completed
R006839,E02009,2025_H1,2025-06-15,2,3,False,Completed
R006840,E03561,2025_H1,2025-06-15,3,3,False,Completed
R006841,E00428,2025_H1,2025-06-15,3,5,False,Completed
R006842,E01364,2025_H1,2025-06-15,4,3,False,Completed
R006843,E03626,2025_H1,2025-06-15,3,3,False,Completed
R006844,E02244,2025_H1,2025-06-15,3,3,False,Completed
R006845,E02854,2025_H1,2025-06-15,2,5,False,Completed
R006846,E02108,2025_H1,2025-06-15,4,4,False,Pending
R006847,E00248,2025_H1,2025-06-15,3,4,False,Completed
R006848,E02632,2025_H1,2025-06-15,3,3,False,Completed
R006849,E00868,2025_H1,2025-06-15,3,3,False,Completed
R006850,E00141,2025_H1,2025-06-15,5,3,False,Completed
R006851,E00979,2025_H1,2025-06-15,3,3,False,Completed
R006852,E02413,2025_H1,2025-06-15,4,5,True,Completed
R006853,E00787,2025_H1,2025-06-15,5,2,False,Pending
R006854,E03364,2025_H1,2025-06-15,4,3,False,Completed
R006855,E00012,2025_H1,2025-06-15,2,3,False,Completed
R006856,E03939,2025_H1,2025-06-15,4,2,False,Completed
R006857,E02300,2025_H1,2025-06-15,2,4,False,Completed
R006858,E03918,2025_H1,2025-06-15,3,3,False,Pending
R006859,E04243,2025_H1,2025-06-15,3,4,False,Completed
R006860,E04578,2025_H1,2025-06-15,4,3,False,Completed
R006861,E00718,2025_H1,2025-06-15,4,3,False,Completed
R006862,E02164,2025_H1,2025-06-15,4,2,False,Completed
R006863,E02185,2025_H1,2025-06-15,3,3,False,Completed
R006864,E04986,2025_H1,2025-06-15,1,4,False,Completed
R006865,E04847,2025_H1,2025-06-15,4,3,False,Completed
R006866,E04259,2025_H1,2025-06-15,4,5,False,Completed
R006867,E00548,2025_H1,2025-06-15,3,3,False,Completed
R006868,E02685,2025_H1,2025-06-15,1,3,False,Completed
R006869,E01682,2025_H1,2025-06-15,4,3,False,Completed
R006870,E01602,2025_H1,2025-06-15,3,5,False,Completed
R006871,E00658,2025_H1,2025-06-15,2,2,False,Completed
R006872,E01164,2025_H1,2025-06-15,3,4,False,Completed
R006873,E01123,2025_H1,2025-06-15,2,2,False,Completed
R006874,E01060,2025_H1,2025-06-15,3,2,False,Completed
R006875,E04846,2025_H1,2025-06-15,3,2,False,Completed
R006876,E04688,2025_H1,2025-06-15,4,2,False,Completed
R006877,E03244,2025_H1,2025-06-15,2,4,False,Completed
R006878,E03216,2025_H1,2025-06-15,4,3,False,Completed
R006879,E01892,2025_H1,2025-06-15,4,2,False,Completed
R006880,E01688,2025_H1,2025-06-15,2,4,True,Completed
R006881,E02011,2025_H1,2025-06-15,4,3,False,Completed
R006882,E01108,2025_H1,2025-06-15,3,3,False,Completed
R006883,E01294,2025_H1,2025-06-15,4,3,False,Completed
R006884,E02665,2025_H1,2025-06-15,4,4,False,Pending
R006885,E04836,2025_H1,2025-06-15,4,4,False,Completed
R006886,E00655,2025_H1,2025-06-15,3,5,False,Completed
R006887,E04367,2025_H1,2025-06-15,2,3,False,Completed
R006888,E00550,2025_H1,2025-06-15,4,3,False,Completed
R006889,E02801,2025_H1,2025-06-15,3,4,False,Completed
R006890,E01428,2025_H1,2025-06-15,5,4,False,Completed
R006891,E01950,2025_H1,2025-06-15,3,4,False,Completed
R006892,E01612,2025_H1,2025-06-15,3,3,True,Completed
R006893,E00809,2025_H1,2025-06-15,3,3,False,Pending
R006894,E02688,2025_H1,2025-06-15,3,3,False,Completed
R006895,E02979,2025_H1,2025-06-15,3,3,False,Completed
R006896,E03121,2025_H1,2025-06-15,4,3,False,Cancelled
R006897,E03500,2025_H1,2025-06-15,3,3,False,Completed
R006898,E04608,2025_H1,2025-06-15,3,3,False,Completed
R006899,E03689,2025_H1,2025-06-15,4,2,False,Completed
R006900,E04626,2025_H1,2025-06-15,1,4,False,Completed
R006901,E02717,2025_H1,2025-06-15,3,4,False,Completed
R006902,E04782,2025_H1,2025-06-15,3,2,False,Completed
R006903,E01045,2025_H1,2025-06-15,4,5,False,Completed
R006904,E00893,2025_H1,2025-06-15,4,2,False,Completed
R006905,E02988,2025_H1,2025-06-15,2,4,False,Completed
R006906,E02131,2025_H1,2025-06-15,3,4,False,Pending
R006907,E04727,2025_H1,2025-06-15,3,2,False,Completed
R006908,E04159,2025_H1,2025-06-15,4,4,False,Completed
R006909,E03778,2025_H1,2025-06-15,4,4,False,Completed
R006910,E04272,2025_H1,2025-06-15,3,4,True,Completed
R006911,E01090,2025_H1,2025-06-15,3,2,False,Completed
R006912,E01672,2025_H1,2025-06-15,3,3,False,Completed
R006913,E01363,2025_H1,2025-06-15,3,5,False,Completed
R006914,E00534,2025_H1,2025-06-15,5,3,False,Completed
R006915,E00514,2025_H1,2025-06-15,2,2,False,Cancelled
R006916,E02402,2025_H1,2025-06-15,2,4,True,Completed
R006917,E04830,2025_H1,2025-06-15,3,2,False,Completed
R006918,E03604,2025_H1,2025-06-15,2,3,False,Completed
R006919,E01791,2025_H1,2025-06-15,5,3,True,Completed
R006920,E03705,2025_H1,2025-06-15,3,3,False,Completed
R006921,E00611,2025_H1,2025-06-15,3,2,False,Completed
R006922,E02414,2025_H1,2025-06-15,4,3,False,Completed
R006923,E02810,2025_H1,2025-06-15,3,4,False,Completed
R006924,E01816,2025_H1,2025-06-15,4,5,False,Completed
R006925,E02937,2025_H1,2025-06-15,3,4,False,Completed
R006926,E03758,2025_H1,2025-06-15,1,4,False,Completed
R006927,E03914,2025_H1,2025-06-15,4,3,False,Completed
R006928,E00505,2025_H1,2025-06-15,3,4,False,Completed
R006929,E01282,2025_H1,2025-06-15,3,2,False,Pending
R006930,E00669,2025_H1,2025-06-15,2,5,False,Completed
R006931,E02605,2025_H1,2025-06-15,3,3,False,Completed
R006932,E04087,2025_H1,2025-06-15,5,4,False,Completed
R006933,E01635,2025_H1,2025-06-15,3,4,False,Completed
R006934,E01127,2025_H1,2025-06-15,3,3,False,Completed
R006935,E00709,2025_H1,2025-06-15,5,4,False,Completed
R006936,E03108,2025_H1,2025-06-15,5,3,False,Completed
R006937,E03287,2025_H1,2025-06-15,3,3,False,Completed
R006938,E04476,2025_H1,2025-06-15,3,3,False,Completed
R006939,E00883,2025_H1,2025-06-15,4,3,False,Completed
R006940,E00915,2025_H1,2025-06-15,4,4,False,Completed
R006941,E01689,2025_H1,2025-06-15,3,2,False,Completed
R006942,E02505,2025_H1,2025-06-15,5,4,False,Completed
R006943,E04892,2025_H1,2025-06-15,5,5,False,Completed
R006944,E01071,2025_H1,2025-06-15,1,2,False,Completed
R006945,E03501,2025_H1,2025-06-15,4,3,False,Completed
R006946,E04348,2025_H1,2025-06-15,4,5,False,Completed
R006947,E03897,2025_H1,2025-06-15,3,5,True,Completed
R006948,E00105,2025_H1,2025-06-15,4,3,False,Pending
R006949,E04054,2025_H1,2025-06-15,3,5,False,Cancelled
R006950,E03141,2025_H1,2025-06-15,3,4,True,Completed
R006951,E02573,2025_H1,2025-06-15,4,3,False,Completed
R006952,E01621,2025_H1,2025-06-15,4,3,False,Completed
R006953,E04379,2025_H1,2025-06-15,3,3,False,Completed
R006954,E02502,2025_H1,2025-06-15,3,4,False,Completed
R006955,E04669,2025_H1,2025-06-15,2,2,False,Completed
R006956,E01098,2025_H1,2025-06-15,4,4,False,Completed
R006957,E03220,2025_H1,2025-06-15,1,2,False,Cancelled
R006958,E02075,2025_H1,2025-06-15,2,2,True,Completed
R006959,E00671,2025_H1,2025-06-15,1,3,False,Completed
R006960,E01315,2025_H1,2025-06-15,3,3,False,Completed
R006961,E02008,2025_H1,2025-06-15,2,5,False,Pending
R006962,E04106,2025_H1,2025-06-15,3,3,False,Completed
R006963,E04060,2025_H1,2025-06-15,3,3,False,Pending
R006964,E03384,2025_H1,2025-06-15,3,3,False,Completed
R006965,E00004,2025_H1,2025-06-15,1,1,False,Cancelled
R006966,E04323,2025_H1,2025-06-15,3,2,False,Completed
R006967,E00502,2025_H1,2025-06-15,4,3,False,Completed
R006968,E03156,2025_H1,2025-06-15,4,2,False,Completed
R006969,E04468,2025_H1,2025-06-15,3,3,False,Completed
R006970,E02215,2025_H1,2025-06-15,4,5,False,Completed
R006971,E03935,2025_H1,2025-06-15,3,4,False,Completed
R006972,E00406,2025_H1,2025-06-15,5,1,False,Completed
R006973,E01314,2025_H1,2025-06-15,4,2,False,Completed
R006974,E01183,2025_H1,2025-06-15,4,5,False,Completed
R006975,E04944,2025_H1,2025-06-15,3,3,False,Completed
R006976,E04961,2025_H1,2025-06-15,2,4,False,Completed
R006977,E03164,2025_H1,2025-06-15,4,1,False,Completed
R006978,E02429,2025_H1,2025-06-15,4,4,False,Cancelled
R006979,E01542,2025_H1,2025-06-15,5,2,False,Completed
R006980,E02675,2025_H1,2025-06-15,4,3,True,Completed
R006981,E02545,2025_H1,2025-06-15,3,3,False,Completed
R006982,E02393,2025_H1,2025-06-15,3,4,False,Completed
R006983,E03982,2025_H1,2025-06-15,4,2,False,Completed
R006984,E03959,2025_H1,2025-06-15,4,3,False,Completed
R006985,E00554,2025_H1,2025-06-15,4,4,False,Completed
R006986,E04110,2025_H1,2025-06-15,5,2,False,Completed
R006987,E00832,2025_H1,2025-06-15,4,5,False,Completed
R006988,E00937,2025_H1,2025-06-15,3,4,False,Completed
R006989,E04780,2025_H1,2025-06-15,3,4,True,Completed
R006990,E00134,2025_H1,2025-06-15,4,3,True,Completed
R006991,E01693,2025_H1,2025-06-15,4,2,False,Completed
R006992,E04505,2025_H1,2025-06-15,5,5,False,Completed
R006993,E04771,2025_H1,2025-06-15,3,2,False,Pending
R006994,E03087,2025_H1,2025-06-15,3,4,False,Completed
R006995,E04196,2025_H1,2025-06-15,4,2,False,Completed
R006996,E01286,2025_H1,2025-06-15,4,1,False,Completed
R006997,E00871,2025_H1,2025-06-15,3,3,False,Completed
R006998,E03184,2025_H1,2025-06-15,4,4,False,Pending
R006999,E01218,2025_H1,2025-06-15,4,3,False,Completed
R007000,E04563,2025_H1,2025-06-15,3,2,False,Completed
R007001,E01599,2025_H1,2025-06-15,2,5,False,Completed
R007002,E03822,2025_H1,2025-06-15,4,4,False,Pending
R007003,E03989,2025_H1,2025-06-15,2,2,False,Completed
R007004,E00699,2025_H1,2025-06-15,3,3,False,Completed
R007005,E01993,2025_H1,2025-06-15,3,3,False,Completed
R007006,E04636,2025_H1,2025-06-15,3,4,False,Completed
R007007,E02607,2025_H1,2025-06-15,3,3,False,Completed
R007008,E03558,2025_H1,2025-06-15,4,4,True,Completed
R007009,E04950,2025_H1,2025-06-15,4,4,False,Completed
R007010,E01298,2025_H1,2025-06-15,4,3,False,Completed
R007011,E03916,2025_H1,2025-06-15,3,4,False,Completed
R007012,E04069,2025_H1,2025-06-15,4,3,False,Completed
R007013,E02539,2025_H1,2025-06-15,4,3,False,Completed
R007014,E00435,2025_H1,2025-06-15,2,2,False,Pending
R007015,E03480,2025_H1,2025-06-15,4,3,False,Completed
R007016,E02400,2025_H1,2025-06-15,2,5,False,Completed
R007017,E04872,2025_H1,2025-06-15,4,4,False,Completed
R007018,E00061,2025_H1,2025-06-15,3,3,False,Completed
R007019,E01856,2025_H1,2025-06-15,4,3,False,Completed
R007020,E02195,2025_H1,2025-06-15,3,3,False,Completed
R007021,E01200,2025_H1,2025-06-15,3,4,False,Completed
R007022,E04932,2025_H1,2025-06-15,4,2,False,Completed
R007023,E04325,2025_H1,2025-06-15,3,3,False,Completed
R007024,E04800,2025_H1,2025-06-15,3,4,True,Completed
R007025,E02779,2025_H1,2025-06-15,2,4,False,Completed
R007026,E03101,2025_H1,2025-06-15,3,5,False,Pending
R007027,E02901,2025_H1,2025-06-15,5,3,False,Completed
R007028,E04927,2025_H1,2025-06-15,1,3,False,Completed
R007029,E04236,2025_H1,2025-06-15,3,5,False,Completed
R007030,E04386,2025_H1,2025-06-15,4,3,False,Completed
R007031,E01361,2025_H1,2025-06-15,3,2,False,Completed
R007032,E03908,2025_H1,2025-06-15,1,2,False,Completed
R007033,E04307,2025_H1,2025-06-15,4,3,False,Completed
R007034,E01794,2025_H1,2025-06-15,3,4,False,Completed
R007035,E01592,2025_H1,2025-06-15,3,4,False,Pending
R007036,E03546,2025_H1,2025-06-15,3,4,False,Completed
R007037,E04322,2025_H1,2025-06-15,3,4,False,Completed
R007038,E04094,2025_H1,2025-06-15,4,2,False,Completed
R007039,E04091,2025_H1,2025-06-15,2,4,False,Completed
R007040,E01727,2025_H1,2025-06-15,3,3,False,Completed
R007041,E01341,2025_H1,2025-06-15,4,1,False,Completed
R007042,E01148,2025_H1,2025-06-15,2,4,False,Pending
R007043,E00189,2025_H1,2025-06-15,3,2,False,Pending
R007044,E03722,2025_H1,2025-06-15,3,5,False,Completed
R007045,E02517,2025_H1,2025-06-15,3,4,False,Completed
R007046,E03423,2025_H1,2025-06-15,1,3,False,Completed
R007047,E01774,2025_H1,2025-06-15,4,3,False,Completed
R007048,E01321,2025_H1,2025-06-15,3,3,False,Completed
R007049,E00420,2025_H1,2025-06-15,3,4,False,Pending
R007050,E02686,2025_H1,2025-06-15,3,1,False,Completed
R007051,E02476,2025_H1,2025-06-15,3,2,False,Completed
R007052,E04991,2025_H1,2025-06-15,3,2,True,Completed
R007053,E03955,2025_H1,2025-06-15,3,3,False,Completed
R007054,E04099,2025_H1,2025-06-15,3,3,False,Completed
R007055,E00627,2025_H1,2025-06-15,4,2,True,Completed
R007056,E02403,2025_H1,2025-06-15,3,3,False,Completed
R007057,E02744,2025_H1,2025-06-15,3,5,False,Completed
R007058,E01559,2025_H1,2025-06-15,2,3,False,Completed
R007059,E02721,2025_H1,2025-06-15,2,3,False,Completed
R007060,E03993,2025_H1,2025-06-15,5,5,True,Completed
R007061,E03965,2025_H1,2025-06-15,4,2,False,Completed
R007062,E00851,2025_H1,2025-06-15,1,4,False,Completed
R007063,E04052,2025_H1,2025-06-15,4,3,False,Pending
R007064,E02966,2025_H1,2025-06-15,2,3,False,Completed
R007065,E03191,2025_H1,2025-06-15,3,2,False,Completed
R007066,E00371,2025_H1,2025-06-15,4,3,False,Completed
R007067,E00552,2025_H1,2025-06-15,4,1,False,Completed
R007068,E02222,2025_H1,2025-06-15,4,5,False,Completed
R007069,E01429,2025_H1,2025-06-15,3,3,False,Completed
R007070,E02926,2025_H1,2025-06-15,3,3,False,Cancelled
R007071,E04755,2025_H1,2025-06-15,3,3,False,Pending
R007072,E04969,2025_H1,2025-06-15,3,3,False,Completed
R007073,E03148,2025_H1,2025-06-15,2,3,False,Completed
R007074,E04720,2025_H1,2025-06-15,2,5,False,Completed
R007075,E00334,2025_H1,2025-06-15,5,2,False,Pending
R007076,E00130,2025_H1,2025-06-15,3,4,False,Completed
R007077,E00748,2025_H1,2025-06-15,3,4,False,Completed
R007078,E02481,2025_H1,2025-06-15,3,4,False,Completed
R007079,E01792,2025_H1,2025-06-15,5,1,False,Completed
R007080,E02082,2025_H1,2025-06-15,4,2,True,Completed
R007081,E02625,2025_H1,2025-06-15,2,3,False,Completed
R007082,E02441,2025_H1,2025-06-15,4,2,False,Pending
R007083,E02673,2025_H1,2025-06-15,5,2,False,Pending
R007084,E00202,2025_H1,2025-06-15,3,5,False,Completed
R007085,E00843,2025_H1,2025-06-15,4,5,False,Completed
R007086,E01550,2025_H1,2025-06-15,5,5,False,Completed
R007087,E02735,2025_H1,2025-06-15,3,4,False,Completed
R007088,E01831,2025_H1,2025-06-15,2,3,True,Completed
R007089,E03097,2025_H1,2025-06-15,2,4,False,Completed
R007090,E01736,2025_H1,2025-06-15,5,5,False,Completed
R007091,E04810,2025_H1,2025-06-15,5,4,False,Completed
R007092,E01734,2025_H1,2025-06-15,3,3,False,Pending
R007093,E01644,2025_H1,2025-06-15,2,3,False,Completed
R007094,E01391,2025_H1,2025-06-15,4,3,False,Completed
R007095,E00388,2025_H1,2025-06-15,3,5,True,Completed
R007096,E03555,2025_H1,2025-06-15,3,3,False,Completed
R007097,E01410,2025_H1,2025-06-15,3,4,False,Completed
R007098,E00581,2025_H1,2025-06-15,5,3,False,Completed
R007099,E00650,2025_H1,2025-06-15,4,3,False,Completed
R007100,E01374,2025_H1,2025-06-15,4,1,False,Completed
R007101,E04586,2025_H1,2025-06-15,3,3,False,Pending
R007102,E01963,2025_H1,2025-06-15,3,4,False,Completed
R007103,E01976,2025_H1,2025-06-15,3,3,False,Pending
R007104,E04455,2025_H1,2025-06-15,3,3,False,Completed
R007105,E02281,2025_H1,2025-06-15,3,4,False,Pending
R007106,E03780,2025_H1,2025-06-15,4,3,False,Completed
R007107,E04527,2025_H1,2025-06-15,4,2,False,Completed
R007108,E03450,2025_H1,2025-06-15,3,3,False,Completed
R007109,E00875,2025_H1,2025-06-15,4,3,False,Completed
R007110,E01555,2025_H1,2025-06-15,2,4,False,Completed
R007111,E04659,2025_H1,2025-06-15,3,3,False,Completed
R007112,E04293,2025_H1,2025-06-15,3,4,False,Pending
R007113,E03801,2025_H1,2025-06-15,3,3,False,Completed
R007114,E01151,2025_H1,2025-06-15,3,4,False,Completed
R007115,E01305,2025_H1,2025-06-15,4,1,True,Cancelled
R007116,E02080,2025_H1,2025-06-15,3,3,False,Completed
R007117,E00097,2025_H1,2025-06-15,2,2,False,Completed
R007118,E04357,2025_H1,2025-06-15,3,3,False,Completed
R007119,E04837,2025_H1,2025-06-15,2,3,False,Pending
R007120,E01224,2025_H1,2025-06-15,4,3,False,Completed
R007121,E04072,2025_H1,2025-06-15,4,2,False,Completed
R007122,E01153,2025_H1,2025-06-15,1,4,False,Pending
R007123,E00464,2025_H1,2025-06-15,3,3,False,Completed
R007124,E03930,2025_H1,2025-06-15,3,3,False,Cancelled
R007125,E01970,2025_H1,2025-06-15,3,3,False,Completed
R007126,E01067,2025_H1,2025-06-15,3,3,False,Completed
R007127,E02954,2025_H1,2025-06-15,5,4,True,Completed
R007128,E02885,2025_H1,2025-06-15,3,4,True,Completed
R007129,E01666,2025_H1,2025-06-15,4,2,False,Cancelled
R007130,E01015,2025_H1,2025-06-15,3,3,False,Pending
R007131,E01014,2025_H1,2025-06-15,4,4,False,Completed
R007132,E04409,2025_H1,2025-06-15,5,2,False,Completed
R007133,E00812,2025_H1,2025-06-15,3,4,False,Completed
R007134,E02730,2025_H1,2025-06-15,3,1,False,Completed
R007135,E00777,2025_H1,2025-06-15,3,3,False,Cancelled
R007136,E01001,2025_H1,2025-06-15,5,3,False,Completed
R007137,E04092,2025_H1,2025-06-15,3,3,False,Completed
R007138,E04579,2025_H1,2025-06-15,3,4,False,Completed
R007139,E02101,2025_H1,2025-06-15,3,3,False,Completed
R007140,E01942,2025_H1,2025-06-15,1,3,False,Completed
R007141,E04240,2025_H1,2025-06-15,2,2,False,Completed
R007142,E01013,2025_H1,2025-06-15,3,4,False,Completed
R007143,E02067,2025_H1,2025-06-15,4,3,False,Completed
R007144,E04690,2025_H1,2025-06-15,4,2,False,Completed
R007145,E04519,2025_H1,2025-06-15,3,3,False,Completed
R007146,E03640,2025_H1,2025-06-15,4,2,False,Completed
R007147,E00827,2025_H1,2025-06-15,3,3,False,Completed
R007148,E02581,2025_H1,2025-06-15,4,3,False,Completed
R007149,E03440,2025_H1,2025-06-15,4,3,False,Completed
R007150,E03224,2025_H1,2025-06-15,2,4,False,Completed
R007151,E00212,2025_H1,2025-06-15,2,5,True,Cancelled
R007152,E01522,2025_H1,2025-06-15,4,3,False,Completed
R007153,E00345,2025_H1,2025-06-15,4,3,False,Completed
R007154,E00149,2025_H1,2025-06-15,5,4,False,Completed
R007155,E01376,2025_H1,2025-06-15,3,3,False,Completed
R007156,E00122,2025_H1,2025-06-15,3,4,True,Completed
R007157,E03186,2025_H1,2025-06-15,3,2,False,Completed
R007158,E02922,2025_H1,2025-06-15,4,4,False,Completed
R007159,E00974,2025_H1,2025-06-15,4,1,False,Completed
R007160,E01760,2025_H1,2025-06-15,3,3,False,Pending
R007161,E02126,2025_H1,2025-06-15,4,5,False,Completed
R007162,E02883,2025_H1,2025-06-15,3,4,True,Completed
R007163,E02372,2025_H1,2025-06-15,3,3,False,Completed
R007164,E01988,2025_H1,2025-06-15,4,4,False,Completed
R007165,E04413,2025_H1,2025-06-15,5,1,False,Completed
R007166,E03468,2025_H1,2025-06-15,5,3,False,Cancelled
R007167,E04428,2025_H1,2025-06-15,3,3,True,Pending
R007168,E03204,2025_H1,2025-06-15,3,2,False,Completed
R007169,E04331,2025_H1,2025-06-15,2,3,False,Pending
R007170,E01788,2025_H1,2025-06-15,5,2,False,Completed
R007171,E01359,2025_H1,2025-06-15,4,4,False,Completed
R007172,E01653,2025_H1,2025-06-15,3,4,False,Completed
R007173,E01691,2025_H1,2025-06-15,3,4,False,Completed
R007174,E03338,2025_H1,2025-06-15,4,2,False,Completed
R007175,E03464,2025_H1,2025-06-15,4,3,False,Completed
R007176,E02554,2025_H1,2025-06-15,3,2,False,Completed
R007177,E00311,2025_H1,2025-06-15,4,3,False,Completed
R007178,E03119,2025_H1,2025-06-15,2,4,False,Completed
R007179,E04602,2025_H1,2025-06-15,3,3,False,Completed
R007180,E00178,2025_H1,2025-06-15,3,2,False,Completed
R007181,E02183,2025_H1,2025-06-15,4,3,False,Completed
R007182,E00331,2025_H1,2025-06-15,4,2,False,Completed
R007183,E03511,2025_H1,2025-06-15,3,2,False,Pending
R007184,E00954,2025_H1,2025-06-15,3,4,False,Completed
R007185,E03227,2025_H1,2025-06-15,2,3,False,Pending
R007186,E00752,2025_H1,2025-06-15,2,3,False,Pending
R007187,E04002,2025_H1,2025-06-15,3,4,False,Completed
R007188,E01177,2025_H1,2025-06-15,4,4,False,Cancelled
R007189,E00255,2025_H1,2025-06-15,2,4,False,Completed
R007190,E03712,2025_H1,2025-06-15,3,2,False,Pending
R007191,E04901,2025_H1,2025-06-15,3,3,False,Completed
R007192,E01629,2025_H1,2025-06-15,3,3,False,Completed
R007193,E03877,2025_H1,2025-06-15,4,3,False,Completed
R007194,E01946,2025_H1,2025-06-15,2,2,False,Completed
R007195,E04897,2025_H1,2025-06-15,5,3,False,Completed
R007196,E00375,2025_H1,2025-06-15,3,3,False,Completed
R007197,E01227,2025_H1,2025-06-15,3,3,True,Pending
R007198,E02782,2025_H1,2025-06-15,3,3,False,Completed
R007199,E02035,2025_H1,2025-06-15,2,3,False,Completed
R007200,E03779,2025_H1,2025-06-15,3,3,False,Completed
R007201,E00064,2025_H1,2025-06-15,5,2,True,Completed
R007202,E03451,2025_H1,2025-06-15,4,3,False,Completed
R007203,E02427,2025_H1,2025-06-15,3,3,False,Completed
R007204,E03794,2025_H1,2025-06-15,1,2,False,Completed
R007205,E01133,2025_H1,2025-06-15,4,3,False,Completed
R007206,E03158,2025_H1,2025-06-15,3,2,False,Completed
R007207,E03358,2025_H1,2025-06-15,5,2,False,Completed
R007208,E02869,2025_H1,2025-06-15,2,2,False,Completed
R007209,E04377,2025_H1,2025-06-15,4,3,True,Completed
R007210,E03111,2025_H1,2025-06-15,3,4,False,Completed
R007211,E01759,2025_H1,2025-06-15,3,4,False,Completed
R007212,E01510,2025_H1,2025-06-15,3,3,False,Completed
R007213,E01773,2025_H1,2025-06-15,1,3,False,Completed
R007214,E03510,2025_H1,2025-06-15,2,4,False,Completed
R007215,E04912,2025_H1,2025-06-15,4,4,False,Completed
R007216,E02497,2025_H1,2025-06-15,5,3,False,Completed
R007217,E01905,2025_H1,2025-06-15,4,1,False,Completed
R007218,E03502,2025_H1,2025-06-15,3,3,False,Completed
R007219,E03720,2025_H1,2025-06-15,2,3,False,Pending
R007220,E00961,2025_H1,2025-06-15,3,4,True,Completed
R007221,E03403,2025_H1,2025-06-15,3,3,False,Completed
R007222,E00423,2025_H1,2025-06-15,4,5,False,Completed
R007223,E04362,2025_H1,2025-06-15,3,3,False,Completed
R007224,E00485,2025_H1,2025-06-15,4,4,False,Completed
R007225,E00918,2025_H1,2025-06-15,5,3,False,Pending
R007226,E03525,2025_H1,2025-06-15,3,4,False,Completed
R007227,E04559,2025_H1,2025-06-15,4,3,False,Completed
R007228,E02179,2025_H1,2025-06-15,3,3,False,Completed
R007229,E02211,2025_H1,2025-06-15,4,4,False,Pending
R007230,E03771,2025_H1,2025-06-15,4,3,True,Completed
R007231,E00640,2025_H1,2025-06-15,3,3,False,Completed
R007232,E04997,2025_H1,2025-06-15,3,3,False,Completed
R007233,E04309,2025_H1,2025-06-15,4,4,False,Completed
R007234,E03676,2025_H1,2025-06-15,3,3,False,Completed
R007235,E04718,2025_H1,2025-06-15,3,2,False,Completed
R007236,E02334,2025_H1,2025-06-15,2,4,False,Completed
R007237,E01958,2025_H1,2025-06-15,3,3,False,Completed
R007238,E03398,2025_H1,2025-06-15,3,4,False,Completed
R007239,E01135,2025_H1,2025-06-15,2,2,False,Completed
R007240,E03693,2025_H1,2025-06-15,4,4,False,Pending
R007241,E02814,2025_H1,2025-06-15,4,2,False,Completed
R007242,E00510,2025_H1,2025-06-15,3,4,False,Completed
R007243,E02105,2025_H1,2025-06-15,2,2,False,Completed
R007244,E02622,2025_H1,2025-06-15,2,5,False,Completed
R007245,E02811,2025_H1,2025-06-15,2,3,False,Completed
R007246,E01046,2025_H1,2025-06-15,5,3,True,Completed
R007247,E03432,2025_H1,2025-06-15,1,2,False,Completed
R007248,E03410,2025_H1,2025-06-15,5,3,False,Completed
R007249,E04529,2025_H1,2025-06-15,3,4,False,Completed
R007250,E02238,2025_H1,2025-06-15,4,3,False,Completed
R007251,E00637,2025_H1,2025-06-15,5,4,False,Completed
R007252,E04786,2025_H1,2025-06-15,1,3,False,Completed
R007253,E01417,2025_H1,2025-06-15,3,5,False,Completed
R007254,E03268,2025_H1,2025-06-15,3,3,False,Completed
R007255,E02705,2025_H1,2025-06-15,4,4,False,Completed
R007256,E04612,2025_H1,2025-06-15,2,3,False,Cancelled
R007257,E04859,2025_H1,2025-06-15,4,2,False,Completed
R007258,E04466,2025_H1,2025-06-15,4,3,False,Completed
R007259,E02941,2025_H1,2025-06-15,3,5,False,Completed
R007260,E03344,2025_H1,2025-06-15,4,4,False,Completed
R007261,E00929,2025_H1,2025-06-15,5,5,False,Completed
R007262,E01973,2025_H1,2025-06-15,3,3,False,Completed
R007263,E00803,2025_H1,2025-06-15,5,2,False,Completed
R007264,E03348,2025_H1,2025-06-15,5,2,False,Completed
R007265,E00359,2025_H1,2025-06-15,3,4,True,Completed
R007266,E01885,2025_H1,2025-06-15,3,3,False,Completed
R007267,E00009,2025_H1,2025-06-15,3,3,False,Completed
R007268,E01237,2025_H1,2025-06-15,4,3,False,Completed
R007269,E03790,2025_H1,2025-06-15,2,2,False,Completed
R007270,E00215,2025_H1,2025-06-15,4,3,False,Completed
R007271,E04372,2025_H1,2025-06-15,3,1,False,Completed
R007272,E03203,2025_H1,2025-06-15,4,1,False,Completed
R007273,E02719,2025_H1,2025-06-15,1,4,False,Completed
R007274,E00243,2025_H1,2025-06-15,2,3,False,Completed
R007275,E00630,2025_H1,2025-06-15,2,4,False,Completed
R007276,E04108,2025_H1,2025-06-15,3,3,False,Pending
R007277,E04029,2025_H1,2025-06-15,3,3,False,Completed
R007278,E00087,2025_H1,2025-06-15,2,3,False,Completed
R007279,E03986,2025_H1,2025-06-15,3,1,False,Completed
R007280,E01174,2025_H1,2025-06-15,3,5,True,Completed
R007281,E02952,2025_H1,2025-06-15,3,3,False,Completed
R007282,E02347,2025_H1,2025-06-15,3,3,False,Completed
R007283,E02389,2025_H1,2025-06-15,3,4,False,Completed
R007284,E04338,2025_H1,2025-06-15,3,4,False,Completed
R007285,E02610,2025_H1,2025-06-15,3,3,False,Completed
R007286,E02274,2025_H1,2025-06-15,3,2,False,Completed
R007287,E03443,2025_H1,2025-06-15,3,3,False,Completed
R007288,E00829,2025_H1,2025-06-15,5,3,True,Pending
R007289,E04691,2025_H1,2025-06-15,3,3,False,Completed
R007290,E04218,2025_H1,2025-06-15,3,3,False,Pending
R007291,E02213,2025_H1,2025-06-15,2,4,False,Completed
R007292,E02852,2025_H1,2025-06-15,3,5,True,Pending
R007293,E04489,2025_H1,2025-06-15,3,4,False,Completed
R007294,E04451,2025_H1,2025-06-15,4,3,True,Pending
R007295,E01082,2025_H1,2025-06-15,3,1,False,Completed
R007296,E01597,2025_H1,2025-06-15,4,2,False,Completed
R007297,E02626,2025_H1,2025-06-15,3,3,False,Completed
R007298,E02209,2025_H1,2025-06-15,1,3,False,Cancelled
R007299,E03839,2025_H1,2025-06-15,5,2,False,Completed
R007300,E02698,2025_H1,2025-06-15,3,4,False,Pending
R007301,E04287,2025_H1,2025-06-15,3,3,False,Pending
R007302,E02373,2025_H1,2025-06-15,3,3,False,Completed
R007303,E04547,2025_H1,2025-06-15,4,3,False,Completed
R007304,E02019,2025_H1,2025-06-15,2,4,False,Completed
R007305,E01714,2025_H1,2025-06-15,3,4,False,Pending
R007306,E04483,2025_H1,2025-06-15,1,5,False,Completed
R007307,E04187,2025_H1,2025-06-15,2,4,False,Completed
R007308,E02647,2025_H1,2025-06-15,3,3,False,Completed
R007309,E02949,2025_H1,2025-06-15,3,3,False,Completed
R007310,E00261,2025_H1,2025-06-15,4,3,True,Completed
R007311,E00761,2025_H1,2025-06-15,2,4,False,Pending
R007312,E00310,2025_H1,2025-06-15,3,2,False,Completed
R007313,E03363,2025_H1,2025-06-15,3,4,False,Completed
R007314,E04819,2025_H1,2025-06-15,4,4,False,Completed
R007315,E04238,2025_H1,2025-06-15,5,4,False,Pending
R007316,E03452,2025_H1,2025-06-15,4,4,False,Pending
R007317,E04470,2025_H1,2025-06-15,5,4,False,Completed
R007318,E00489,2025_H1,2025-06-15,5,3,False,Completed
R007319,E01648,2025_H1,2025-06-15,2,3,False,Completed
R007320,E04351,2025_H1,2025-06-15,3,2,False,Pending
R007321,E01448,2025_H1,2025-06-15,2,2,False,Completed
R007322,E02667,2025_H1,2025-06-15,3,4,False,Completed
R007323,E01445,2025_H1,2025-06-15,3,3,False,Completed
R007324,E00003,2025_H1,2025-06-15,3,2,False,Pending
R007325,E01332,2025_H1,2025-06-15,3,3,False,Completed
R007326,E04503,2025_H1,2025-06-15,3,4,False,Completed
R007327,E02896,2025_H1,2025-06-15,3,4,False,Completed
R007328,E04925,2025_H1,2025-06-15,3,5,False,Pending
R007329,E00826,2025_H1,2025-06-15,2,3,False,Completed
R007330,E00115,2025_H1,2025-06-15,2,4,False,Completed
R007331,E02456,2025_H1,2025-06-15,2,5,True,Cancelled
R007332,E03743,2025_H1,2025-06-15,3,1,False,Completed
R007333,E00254,2025_H1,2025-06-15,5,3,False,Completed
R007334,E02825,2025_H1,2025-06-15,4,4,False,Completed
R007335,E00660,2025_H1,2025-06-15,4,4,False,Completed
R007336,E01277,2025_H1,2025-06-15,4,3,False,Cancelled
R007337,E02423,2025_H1,2025-06-15,3,3,False,Completed
R007338,E04402,2025_H1,2025-06-15,2,3,False,Cancelled
R007339,E03962,2025_H1,2025-06-15,3,3,False,Cancelled
R007340,E00948,2025_H1,2025-06-15,3,4,False,Completed
R007341,E03841,2025_H1,2025-06-15,5,3,False,Pending
R007342,E02335,2025_H1,2025-06-15,3,3,False,Completed
R007343,E03713,2025_H1,2025-06-15,4,3,False,Completed
R007344,E03330,2025_H1,2025-06-15,4,3,True,Completed
R007345,E02753,2025_H1,2025-06-15,5,3,False,Completed
R007346,E04651,2025_H1,2025-06-15,2,3,False,Completed
R007347,E04005,2025_H1,2025-06-15,5,2,False,Completed
R007348,E03327,2025_H1,2025-06-15,4,5,False,Completed
R007349,E02147,2025_H1,2025-06-15,3,3,False,Completed
R007350,E00129,2025_H1,2025-06-15,1,4,False,Completed
R007351,E04988,2025_H1,2025-06-15,3,2,False,Completed
R007352,E02216,2025_H1,2025-06-15,4,5,False,Completed
R007353,E04327,2025_H1,2025-06-15,3,3,False,Completed
R007354,E01172,2025_H1,2025-06-15,2,3,False,Completed
R007355,E00549,2025_H1,2025-06-15,3,4,False,Completed
R007356,E00885,2025_H1,2025-06-15,5,3,False,Completed
R007357,E04057,2025_H1,2025-06-15,5,2,False,Completed
R007358,E01044,2025_H1,2025-06-15,4,2,False,Completed
R007359,E03209,2025_H1,2025-06-15,3,5,False,Completed
R007360,E02912,2025_H1,2025-06-15,4,2,True,Completed
R007361,E04522,2025_H1,2025-06-15,3,4,True,Pending
R007362,E03301,2025_H1,2025-06-15,3,2,False,Pending
R007363,E00794,2025_H1,2025-06-15,2,4,False,Completed
R007364,E01761,2025_H1,2025-06-15,5,4,False,Completed
R007365,E00732,2025_H1,2025-06-15,3,3,False,Completed
R007366,E03011,2025_H1,2025-06-15,3,3,True,Completed
R007367,E03707,2025_H1,2025-06-15,5,3,False,Completed
R007368,E03272,2025_H1,2025-06-15,3,3,False,Completed
R007369,E03342,2025_H1,2025-06-15,3,3,False,Completed
R007370,E03037,2025_H1,2025-06-15,3,3,False,Completed
R007371,E00977,2025_H1,2025-06-15,3,5,False,Completed
R007372,E02855,2025_H1,2025-06-15,4,3,False,Completed
R007373,E00815,2025_H1,2025-06-15,5,2,True,Completed
R007374,E00741,2025_H1,2025-06-15,3,3,False,Completed
R007375,E02741,2025_H1,2025-06-15,4,3,False,Completed
R007376,E02994,2025_H1,2025-06-15,1,3,False,Completed
R007377,E04524,2025_H1,2025-06-15,1,3,False,Completed
R007378,E04817,2025_H1,2025-06-15,3,3,False,Completed
R007379,E03052,2025_H1,2025-06-15,3,3,False,Pending
R007380,E00859,2025_H1,2025-06-15,4,4,False,Completed
R007381,E03838,2025_H1,2025-06-15,3,4,False,Completed
R007382,E02904,2025_H1,2025-06-15,3,3,False,Completed
R007383,E03419,2025_H1,2025-06-15,4,1,False,Completed
R007384,E02201,2025_H1,2025-06-15,3,2,False,Completed
R007385,E00460,2025_H1,2025-06-15,3,5,False,Completed
R007386,E00577,2025_H1,2025-06-15,4,2,False,Pending
R007387,E03484,2025_H1,2025-06-15,3,4,False,Completed
R007388,E02920,2025_H1,2025-06-15,4,3,False,Completed
R007389,E00206,2025_H1,2025-06-15,3,3,False,Completed
R007390,E04288,2025_H1,2025-06-15,3,4,False,Completed
R007391,E02894,2025_H1,2025-06-15,2,4,False,Completed
R007392,E03740,2025_H1,2025-06-15,4,4,False,Completed
R007393,E01181,2025_H1,2025-06-15,2,5,False,Completed
R007394,E00300,2025_H1,2025-06-15,3,4,False,Pending
R007395,E00471,2025_H1,2025-06-15,4,3,False,Pending
R007396,E04572,2025_H1,2025-06-15,3,3,False,Completed
R007397,E02519,2025_H1,2025-06-15,1,4,False,Completed
R007398,E02020,2025_H1,2025-06-15,3,5,False,Completed
R007399,E04038,2025_H1,2025-06-15,3,2,False,Completed
R007400,E03324,2025_H1,2025-06-15,2,2,False,Completed
R007401,E04315,2025_H1,2025-06-15,3,3,False,Completed
R007402,E02256,2025_H1,2025-06-15,3,3,False,Pending
R007403,E00482,2025_H1,2025-06-15,2,3,False,Completed
R007404,E02928,2025_H1,2025-06-15,4,2,False,Pending
R007405,E01051,2025_H1,2025-06-15,4,3,False,Completed
R007406,E02946,2025_H1,2025-06-15,4,3,False,Pending
R007407,E04224,2025_H1,2025-06-15,3,2,False,Completed
R007408,E04262,2025_H1,2025-06-15,2,3,False,Completed
R007409,E03210,2025_H1,2025-06-15,3,5,False,Completed
R007410,E04512,2025_H1,2025-06-15,4,2,False,Completed
R007411,E01300,2025_H1,2025-06-15,3,4,False,Cancelled
R007412,E03248,2025_H1,2025-06-15,3,5,False,Completed
R007413,E04777,2025_H1,2025-06-15,4,3,False,Pending
R007414,E04177,2025_H1,2025-06-15,3,3,False,Completed
R007415,E04237,2025_H1,2025-06-15,2,5,False,Completed
R007416,E02136,2025_H1,2025-06-15,3,4,False,Completed
R007417,E02923,2025_H1,2025-06-15,3,4,False,Completed
R007418,E01943,2025_H1,2025-06-15,4,4,False,Completed
R007419,E00957,2025_H1,2025-06-15,3,4,False,Completed
R007420,E02010,2025_H1,2025-06-15,3,3,False,Completed
R007421,E03597,2025_H1,2025-06-15,5,4,False,Completed
R007422,E01808,2025_H1,2025-06-15,3,4,False,Completed
R007423,E00339,2025_H1,2025-06-15,4,4,True,Pending
R007424,E00081,2025_H1,2025-06-15,2,1,False,Completed
R007425,E03539,2025_H1,2025-06-15,3,3,True,Completed
R007426,E04281,2025_H1,2025-06-15,3,4,False,Completed
R007427,E00176,2025_H1,2025-06-15,2,3,False,Completed
R007428,E04513,2025_H1,2025-06-15,3,4,False,Completed
R007429,E00585,2025_H1,2025-06-15,2,2,True,Cancelled
R007430,E03980,2025_H1,2025-06-15,5,3,True,Completed
R007431,E01999,2025_H1,2025-06-15,2,5,False,Completed
R007432,E02983,2025_H1,2025-06-15,4,3,False,Completed
R007433,E02815,2025_H1,2025-06-15,2,3,False,Completed
R007434,E04549,2025_H1,2025-06-15,3,3,False,Completed
R007435,E04410,2025_H1,2025-06-15,3,3,False,Completed
R007436,E04172,2025_H1,2025-06-15,3,4,False,Pending
R007437,E04233,2025_H1,2025-06-15,5,2,False,Completed
R007438,E01280,2025_H1,2025-06-15,4,5,False,Completed
R007439,E03671,2025_H1,2025-06-15,5,5,False,Completed
R007440,E02369,2025_H1,2025-06-15,2,2,False,Completed
R007441,E04135,2025_H1,2025-06-15,4,4,True,Completed
R007442,E02193,2025_H1,2025-06-15,5,5,False,Pending
R007443,E00042,2025_H1,2025-06-15,3,3,False,Completed
R007444,E04900,2025_H1,2025-06-15,3,5,False,Completed
R007445,E03880,2025_H1,2025-06-15,2,3,False,Completed
R007446,E02264,2025_H1,2025-06-15,3,4,False,Completed
R007447,E02783,2025_H1,2025-06-15,4,3,False,Completed
R007448,E01313,2025_H1,2025-06-15,2,3,False,Completed
R007449,E01145,2025_H1,2025-06-15,5,3,False,Completed
R007450,E00027,2025_H1,2025-06-15,3,3,False,Pending
R007451,E03858,2025_H1,2025-06-15,4,3,False,Pending
R007452,E03076,2025_H1,2025-06-15,3,3,False,Completed
R007453,E02426,2025_H1,2025-06-15,3,2,False,Completed
R007454,E00035,2025_H1,2025-06-15,3,3,False,Pending
R007455,E01295,2025_H1,2025-06-15,3,3,False,Completed
R007456,E03477,2025_H1,2025-06-15,4,4,False,Completed
R007457,E01764,2025_H1,2025-06-15,3,3,False,Cancelled
R007458,E03619,2025_H1,2025-06-15,3,3,False,Completed
R007459,E02016,2025_H1,2025-06-15,3,3,False,Completed
R007460,E01651,2025_H1,2025-06-15,4,4,True,Completed
R007461,E02875,2025_H1,2025-06-15,2,5,False,Completed
R007462,E02071,2025_H1,2025-06-15,2,3,False,Completed
R007463,E03329,2025_H1,2025-06-15,5,3,False,Completed
R007464,E03685,2025_H1,2025-06-15,3,2,False,Completed
R007465,E00532,2025_H1,2025-06-15,3,4,False,Completed
R007466,E03997,2025_H1,2025-06-15,4,5,False,Completed
R007467,E03566,2025_H1,2025-06-15,4,3,False,Completed
R007468,E02849,2025_H1,2025-06-15,4,3,False,Completed
R007469,E01898,2025_H1,2025-06-15,2,2,False,Completed
R007470,E01926,2025_H1,2025-06-15,4,3,False,Pending
R007471,E02432,2025_H1,2025-06-15,3,3,False,Completed
R007472,E01867,2025_H1,2025-06-15,2,3,False,Pending
R007473,E01800,2025_H1,2025-06-15,4,3,False,Pending
R007474,E01649,2025_H1,2025-06-15,4,3,False,Pending
R007475,E00998,2025_H1,2025-06-15,4,3,False,Completed
R007476,E01152,2025_H1,2025-06-15,3,3,False,Completed
R007477,E04179,2025_H1,2025-06-15,3,3,False,Completed
R007478,E03086,2025_H1,2025-06-15,4,3,False,Completed
R007479,E02252,2025_H1,2025-06-15,3,4,True,Completed
R007480,E00325,2025_H1,2025-06-15,3,4,False,Pending
R007481,E04757,2025_H1,2025-06-15,1,2,False,Cancelled
R007482,E03313,2025_H1,2025-06-15,3,5,False,Completed
R007483,E00770,2025_H1,2025-06-15,2,3,False,Completed
R007484,E03562,2025_H1,2025-06-15,3,3,False,Completed
R007485,E01267,2025_H1,2025-06-15,3,4,False,Completed
R007486,E04407,2025_H1,2025-06-15,4,2,False,Completed
R007487,E00324,2025_H1,2025-06-15,3,3,False,Completed
R007488,E03337,2025_H1,2025-06-15,5,3,False,Completed
R007489,E01995,2025_H1,2025-06-15,2,3,False,Completed
R007490,E02681,2025_H1,2025-06-15,2,3,False,Completed
R007491,E00230,2025_H1,2025-06-15,3,5,False,Completed
R007492,E01552,2025_H1,2025-06-15,3,2,False,Completed
R007493,E04176,2025_H1,2025-06-15,4,1,False,Completed
R007494,E02385,2025_H1,2025-06-15,2,4,False,Completed
R007495,E01862,2025_H1,2025-06-15,3,4,True,Completed
R007496,E01512,2025_H1,2025-06-15,2,3,False,Completed
R007497,E02537,2025_H1,2025-06-15,3,5,False,Pending
R007498,E02834,2025_H1,2025-06-15,1,3,False,Completed
R007499,E03716,2025_H1,2025-06-15,5,4,False,Completed
R007500,E01266,2025_H1,2025-06-15,3,3,False,Completed
R007501,E02489,2025_H2,2025-12-15,3,4,False,Completed
R007502,E00501,2025_H2,2025-12-15,5,4,False,Completed
R007503,E04595,2025_H2,2025-12-15,3,3,False,Completed
R007504,E01026,2025_H2,2025-12-15,3,3,False,Pending
R007505,E01834,2025_H2,2025-12-15,5,5,False,Completed
R007506,E00603,2025_H2,2025-12-15,3,3,False,Cancelled
R007507,E02651,2025_H2,2025-12-15,3,5,False,Completed
R007508,E00114,2025_H2,2025-12-15,4,3,False,Completed
R007509,E03441,2025_H2,2025-12-15,3,5,False,Completed
R007510,E03394,2025_H2,2025-12-15,4,5,False,Completed
R007511,E00777,2025_H2,2025-12-15,1,2,False,Completed
R007512,E01375,2025_H2,2025-12-15,4,3,False,Completed
R007513,E00349,2025_H2,2025-12-15,3,3,False,Completed
R007514,E02552,2025_H2,2025-12-15,3,3,True,Completed
R007515,E04537,2025_H2,2025-12-15,4,4,True,Completed
R007516,E04250,2025_H2,2025-12-15,3,3,False,Completed
R007517,E02306,2025_H2,2025-12-15,1,3,False,Completed
R007518,E04254,2025_H2,2025-12-15,1,3,False,Completed
R007519,E00363,2025_H2,2025-12-15,4,3,False,Completed
R007520,E00439,2025_H2,2025-12-15,5,3,False,Completed
R007521,E02229,2025_H2,2025-12-15,4,5,False,Completed
R007522,E02710,2025_H2,2025-12-15,3,2,False,Completed
R007523,E00863,2025_H2,2025-12-15,4,3,False,Completed
R007524,E00451,2025_H2,2025-12-15,3,4,True,Completed
R007525,E02613,2025_H2,2025-12-15,4,4,True,Completed
R007526,E00398,2025_H2,2025-12-15,5,2,False,Completed
R007527,E04185,2025_H2,2025-12-15,2,2,False,Pending
R007528,E03034,2025_H2,2025-12-15,5,3,False,Completed
R007529,E02723,2025_H2,2025-12-15,3,4,False,Completed
R007530,E03798,2025_H2,2025-12-15,3,4,True,Completed
R007531,E02302,2025_H2,2025-12-15,3,4,True,Completed
R007532,E02205,2025_H2,2025-12-15,2,2,False,Completed
R007533,E01153,2025_H2,2025-12-15,2,3,False,Completed
R007534,E01184,2025_H2,2025-12-15,4,5,True,Completed
R007535,E01628,2025_H2,2025-12-15,4,3,False,Completed
R007536,E04777,2025_H2,2025-12-15,5,2,False,Completed
R007537,E01226,2025_H2,2025-12-15,2,3,False,Completed
R007538,E03596,2025_H2,2025-12-15,5,2,False,Completed
R007539,E02902,2025_H2,2025-12-15,3,3,False,Completed
R007540,E01649,2025_H2,2025-12-15,2,5,False,Completed
R007541,E04691,2025_H2,2025-12-15,4,2,True,Completed
R007542,E00560,2025_H2,2025-12-15,5,2,False,Completed
R007543,E02274,2025_H2,2025-12-15,1,3,False,Completed
R007544,E02405,2025_H2,2025-12-15,4,3,False,Pending
R007545,E02444,2025_H2,2025-12-15,4,3,False,Completed
R007546,E00397,2025_H2,2025-12-15,4,3,False,Completed
R007547,E02750,2025_H2,2025-12-15,4,3,True,Completed
R007548,E01551,2025_H2,2025-12-15,2,5,False,Completed
R007549,E00948,2025_H2,2025-12-15,3,1,False,Completed
R007550,E02407,2025_H2,2025-12-15,3,3,False,Completed
R007551,E03472,2025_H2,2025-12-15,5,4,True,Completed
R007552,E04611,2025_H2,2025-12-15,3,4,False,Completed
R007553,E00425,2025_H2,2025-12-15,3,4,False,Pending
R007554,E04927,2025_H2,2025-12-15,2,2,False,Completed
R007555,E03033,2025_H2,2025-12-15,4,3,False,Completed
R007556,E03849,2025_H2,2025-12-15,3,3,False,Completed
R007557,E02991,2025_H2,2025-12-15,3,4,False,Completed
R007558,E00682,2025_H2,2025-12-15,3,3,False,Completed
R007559,E01610,2025_H2,2025-12-15,3,3,False,Completed
R007560,E04621,2025_H2,2025-12-15,2,3,False,Completed
R007561,E00120,2025_H2,2025-12-15,4,3,False,Completed
R007562,E01909,2025_H2,2025-12-15,5,4,False,Completed
R007563,E03783,2025_H2,2025-12-15,5,4,False,Completed
R007564,E00515,2025_H2,2025-12-15,3,5,False,Completed
R007565,E02772,2025_H2,2025-12-15,3,3,False,Completed
R007566,E03592,2025_H2,2025-12-15,5,3,False,Pending
R007567,E01647,2025_H2,2025-12-15,3,3,False,Completed
R007568,E02590,2025_H2,2025-12-15,1,4,False,Completed
R007569,E00878,2025_H2,2025-12-15,3,1,False,Completed
R007570,E00336,2025_H2,2025-12-15,3,3,False,Completed
R007571,E04963,2025_H2,2025-12-15,3,4,False,Completed
R007572,E02888,2025_H2,2025-12-15,3,3,False,Completed
R007573,E03866,2025_H2,2025-12-15,4,3,False,Completed
R007574,E02963,2025_H2,2025-12-15,4,3,False,Completed
R007575,E04672,2025_H2,2025-12-15,3,3,False,Completed
R007576,E04662,2025_H2,2025-12-15,5,3,True,Completed
R007577,E01114,2025_H2,2025-12-15,3,3,False,Completed
R007578,E03062,2025_H2,2025-12-15,4,3,False,Completed
R007579,E04105,2025_H2,2025-12-15,3,2,False,Pending
R007580,E01687,2025_H2,2025-12-15,3,5,False,Completed
R007581,E03807,2025_H2,2025-12-15,3,2,False,Completed
R007582,E00634,2025_H2,2025-12-15,2,3,False,Completed
R007583,E03589,2025_H2,2025-12-15,3,3,False,Completed
R007584,E03519,2025_H2,2025-12-15,3,3,False,Completed
R007585,E04473,2025_H2,2025-12-15,2,3,False,Completed
R007586,E00975,2025_H2,2025-12-15,4,3,False,Pending
R007587,E00369,2025_H2,2025-12-15,3,3,True,Cancelled
R007588,E01575,2025_H2,2025-12-15,5,3,False,Completed
R007589,E02153,2025_H2,2025-12-15,3,2,False,Completed
R007590,E02401,2025_H2,2025-12-15,4,5,False,Completed
R007591,E02814,2025_H2,2025-12-15,3,4,False,Completed
R007592,E00976,2025_H2,2025-12-15,3,3,False,Completed
R007593,E00241,2025_H2,2025-12-15,4,3,True,Completed
R007594,E04323,2025_H2,2025-12-15,4,3,False,Completed
R007595,E02784,2025_H2,2025-12-15,4,4,True,Completed
R007596,E02559,2025_H2,2025-12-15,4,3,False,Completed
R007597,E01751,2025_H2,2025-12-15,2,3,False,Completed
R007598,E01853,2025_H2,2025-12-15,4,4,True,Completed
R007599,E02918,2025_H2,2025-12-15,3,1,False,Pending
R007600,E03375,2025_H2,2025-12-15,5,3,False,Completed
R007601,E02438,2025_H2,2025-12-15,1,4,False,Completed
R007602,E02802,2025_H2,2025-12-15,3,4,False,Completed
R007603,E01350,2025_H2,2025-12-15,4,3,False,Completed
R007604,E01411,2025_H2,2025-12-15,4,3,False,Completed
R007605,E03202,2025_H2,2025-12-15,3,4,False,Completed
R007606,E02926,2025_H2,2025-12-15,4,4,False,Completed
R007607,E01370,2025_H2,2025-12-15,3,4,False,Completed
R007608,E03145,2025_H2,2025-12-15,4,2,False,Completed
R007609,E04997,2025_H2,2025-12-15,4,3,False,Completed
R007610,E03480,2025_H2,2025-12-15,3,2,False,Completed
R007611,E04948,2025_H2,2025-12-15,4,5,False,Completed
R007612,E02577,2025_H2,2025-12-15,3,3,False,Completed
R007613,E01968,2025_H2,2025-12-15,3,1,False,Completed
R007614,E03154,2025_H2,2025-12-15,4,5,False,Completed
R007615,E02380,2025_H2,2025-12-15,3,3,False,Completed
R007616,E04875,2025_H2,2025-12-15,3,4,False,Completed
R007617,E00189,2025_H2,2025-12-15,3,3,False,Completed
R007618,E00444,2025_H2,2025-12-15,3,3,False,Completed
R007619,E02932,2025_H2,2025-12-15,2,4,False,Cancelled
R007620,E04937,2025_H2,2025-12-15,3,3,False,Completed
R007621,E02664,2025_H2,2025-12-15,3,3,False,Completed
R007622,E04725,2025_H2,2025-12-15,5,3,False,Completed
R007623,E04328,2025_H2,2025-12-15,5,3,False,Completed
R007624,E01671,2025_H2,2025-12-15,3,3,False,Completed
R007625,E03554,2025_H2,2025-12-15,5,4,False,Completed
R007626,E01116,2025_H2,2025-12-15,4,3,False,Completed
R007627,E04449,2025_H2,2025-12-15,3,5,False,Pending
R007628,E02259,2025_H2,2025-12-15,1,4,False,Completed
R007629,E00611,2025_H2,2025-12-15,3,3,False,Completed
R007630,E03052,2025_H2,2025-12-15,3,3,False,Cancelled
R007631,E03856,2025_H2,2025-12-15,3,3,False,Completed
R007632,E00895,2025_H2,2025-12-15,4,4,False,Completed
R007633,E00060,2025_H2,2025-12-15,3,4,False,Completed
R007634,E00417,2025_H2,2025-12-15,3,5,False,Completed
R007635,E00037,2025_H2,2025-12-15,5,3,False,Completed
R007636,E02872,2025_H2,2025-12-15,4,2,False,Pending
R007637,E00419,2025_H2,2025-12-15,1,2,False,Completed
R007638,E02829,2025_H2,2025-12-15,3,3,False,Completed
R007639,E04327,2025_H2,2025-12-15,4,5,False,Cancelled
R007640,E01462,2025_H2,2025-12-15,4,3,False,Completed
R007641,E00723,2025_H2,2025-12-15,3,3,False,Completed
R007642,E00704,2025_H2,2025-12-15,3,5,False,Completed
R007643,E00412,2025_H2,2025-12-15,3,4,False,Completed
R007644,E02070,2025_H2,2025-12-15,3,3,False,Completed
R007645,E00328,2025_H2,2025-12-15,3,5,False,Pending
R007646,E00384,2025_H2,2025-12-15,4,3,False,Completed
R007647,E04603,2025_H2,2025-12-15,4,3,False,Completed
R007648,E04806,2025_H2,2025-12-15,3,2,False,Completed
R007649,E01082,2025_H2,2025-12-15,1,3,False,Completed
R007650,E00606,2025_H2,2025-12-15,3,3,False,Completed
R007651,E04705,2025_H2,2025-12-15,2,3,False,Completed
R007652,E01268,2025_H2,2025-12-15,3,1,False,Completed
R007653,E01311,2025_H2,2025-12-15,3,3,False,Cancelled
R007654,E02549,2025_H2,2025-12-15,3,4,False,Completed
R007655,E03273,2025_H2,2025-12-15,4,3,False,Completed
R007656,E03645,2025_H2,2025-12-15,4,4,False,Completed
R007657,E00972,2025_H2,2025-12-15,3,3,False,Pending
R007658,E03561,2025_H2,2025-12-15,4,3,False,Completed
R007659,E04739,2025_H2,2025-12-15,2,5,False,Completed
R007660,E00020,2025_H2,2025-12-15,3,2,False,Completed
R007661,E00617,2025_H2,2025-12-15,5,4,False,Completed
R007662,E03136,2025_H2,2025-12-15,5,3,False,Completed
R007663,E00749,2025_H2,2025-12-15,3,3,False,Completed
R007664,E03841,2025_H2,2025-12-15,3,4,False,Completed
R007665,E04824,2025_H2,2025-12-15,3,4,False,Completed
R007666,E03737,2025_H2,2025-12-15,3,4,False,Pending
R007667,E00649,2025_H2,2025-12-15,3,5,False,Completed
R007668,E04102,2025_H2,2025-12-15,2,3,False,Completed
R007669,E02502,2025_H2,2025-12-15,1,3,False,Completed
R007670,E02514,2025_H2,2025-12-15,2,3,False,Completed
R007671,E02496,2025_H2,2025-12-15,3,2,False,Completed
R007672,E00177,2025_H2,2025-12-15,3,3,False,Completed
R007673,E02792,2025_H2,2025-12-15,5,3,False,Completed
R007674,E04552,2025_H2,2025-12-15,3,3,False,Pending
R007675,E01945,2025_H2,2025-12-15,4,5,False,Completed
R007676,E02768,2025_H2,2025-12-15,4,3,False,Completed
R007677,E04348,2025_H2,2025-12-15,3,4,False,Completed
R007678,E01519,2025_H2,2025-12-15,3,3,False,Completed
R007679,E02827,2025_H2,2025-12-15,5,3,False,Completed
R007680,E04629,2025_H2,2025-12-15,5,5,False,Completed
R007681,E01757,2025_H2,2025-12-15,3,3,False,Completed
R007682,E03887,2025_H2,2025-12-15,3,3,False,Completed
R007683,E02660,2025_H2,2025-12-15,3,5,False,Completed
R007684,E01504,2025_H2,2025-12-15,3,4,False,Completed
R007685,E04079,2025_H2,2025-12-15,5,2,False,Completed
R007686,E03525,2025_H2,2025-12-15,4,4,False,Completed
R007687,E01102,2025_H2,2025-12-15,3,2,False,Completed
R007688,E01624,2025_H2,2025-12-15,3,3,False,Completed
R007689,E00106,2025_H2,2025-12-15,3,5,False,Completed
R007690,E04751,2025_H2,2025-12-15,3,5,False,Completed
R007691,E04154,2025_H2,2025-12-15,3,5,False,Completed
R007692,E00762,2025_H2,2025-12-15,3,3,False,Cancelled
R007693,E03266,2025_H2,2025-12-15,3,5,False,Completed
R007694,E02116,2025_H2,2025-12-15,4,3,False,Completed
R007695,E02946,2025_H2,2025-12-15,4,4,False,Completed
R007696,E02349,2025_H2,2025-12-15,1,3,False,Completed
R007697,E02170,2025_H2,2025-12-15,3,1,False,Pending
R007698,E04805,2025_H2,2025-12-15,3,3,False,Completed
R007699,E04198,2025_H2,2025-12-15,4,3,False,Completed
R007700,E02494,2025_H2,2025-12-15,3,5,False,Completed
R007701,E03028,2025_H2,2025-12-15,3,3,False,Completed
R007702,E02326,2025_H2,2025-12-15,3,3,False,Cancelled
R007703,E04683,2025_H2,2025-12-15,3,4,False,Completed
R007704,E00532,2025_H2,2025-12-15,3,5,False,Completed
R007705,E00817,2025_H2,2025-12-15,3,3,False,Completed
R007706,E01148,2025_H2,2025-12-15,3,2,False,Completed
R007707,E00454,2025_H2,2025-12-15,3,5,False,Completed
R007708,E01059,2025_H2,2025-12-15,3,3,False,Completed
R007709,E00483,2025_H2,2025-12-15,3,5,False,Completed
R007710,E02674,2025_H2,2025-12-15,2,5,False,Completed
R007711,E01775,2025_H2,2025-12-15,4,4,False,Completed
R007712,E01441,2025_H2,2025-12-15,3,2,False,Completed
R007713,E03336,2025_H2,2025-12-15,3,3,False,Completed
R007714,E04763,2025_H2,2025-12-15,3,4,True,Completed
R007715,E01432,2025_H2,2025-12-15,4,3,False,Completed
R007716,E00577,2025_H2,2025-12-15,4,3,False,Completed
R007717,E00279,2025_H2,2025-12-15,5,3,True,Completed
R007718,E04259,2025_H2,2025-12-15,2,2,False,Completed
R007719,E04995,2025_H2,2025-12-15,4,5,False,Completed
R007720,E03403,2025_H2,2025-12-15,4,3,False,Completed
R007721,E03515,2025_H2,2025-12-15,3,2,False,Pending
R007722,E04116,2025_H2,2025-12-15,2,3,False,Completed
R007723,E03536,2025_H2,2025-12-15,3,3,False,Completed
R007724,E04213,2025_H2,2025-12-15,4,2,True,Completed
R007725,E00950,2025_H2,2025-12-15,3,3,False,Completed
R007726,E00572,2025_H2,2025-12-15,3,1,False,Completed
R007727,E02414,2025_H2,2025-12-15,3,3,False,Completed
R007728,E00715,2025_H2,2025-12-15,3,1,False,Completed
R007729,E01155,2025_H2,2025-12-15,4,3,True,Completed
R007730,E03677,2025_H2,2025-12-15,5,3,False,Completed
R007731,E04098,2025_H2,2025-12-15,3,4,False,Completed
R007732,E01390,2025_H2,2025-12-15,4,2,False,Completed
R007733,E01189,2025_H2,2025-12-15,2,1,False,Completed
R007734,E04638,2025_H2,2025-12-15,3,4,False,Completed
R007735,E00372,2025_H2,2025-12-15,3,3,False,Completed
R007736,E04012,2025_H2,2025-12-15,2,3,False,Completed
R007737,E04444,2025_H2,2025-12-15,2,2,False,Completed
R007738,E04404,2025_H2,2025-12-15,4,4,False,Completed
R007739,E03066,2025_H2,2025-12-15,2,4,False,Completed
R007740,E00180,2025_H2,2025-12-15,3,4,False,Completed
R007741,E04636,2025_H2,2025-12-15,3,4,False,Completed
R007742,E01336,2025_H2,2025-12-15,4,3,False,Completed
R007743,E02439,2025_H2,2025-12-15,3,5,False,Completed
R007744,E04642,2025_H2,2025-12-15,4,2,False,Completed
R007745,E04030,2025_H2,2025-12-15,2,3,False,Completed
R007746,E04566,2025_H2,2025-12-15,5,4,False,Completed
R007747,E00095,2025_H2,2025-12-15,3,2,False,Completed
R007748,E02073,2025_H2,2025-12-15,3,3,False,Completed
R007749,E02510,2025_H2,2025-12-15,4,4,False,Completed
R007750,E01162,2025_H2,2025-12-15,3,5,False,Completed
R007751,E04889,2025_H2,2025-12-15,5,3,False,Completed
R007752,E00937,2025_H2,2025-12-15,3,3,False,Pending
R007753,E03077,2025_H2,2025-12-15,3,4,False,Completed
R007754,E01850,2025_H2,2025-12-15,2,3,False,Completed
R007755,E00811,2025_H2,2025-12-15,2,3,True,Completed
R007756,E02020,2025_H2,2025-12-15,4,4,False,Cancelled
R007757,E04528,2025_H2,2025-12-15,4,3,False,Completed
R007758,E03291,2025_H2,2025-12-15,4,1,False,Completed
R007759,E03461,2025_H2,2025-12-15,3,5,False,Completed
R007760,E02668,2025_H2,2025-12-15,3,3,True,Completed
R007761,E02375,2025_H2,2025-12-15,2,4,True,Completed
R007762,E00728,2025_H2,2025-12-15,3,4,False,Completed
R007763,E01524,2025_H2,2025-12-15,3,2,False,Completed
R007764,E02131,2025_H2,2025-12-15,3,3,False,Completed
R007765,E04476,2025_H2,2025-12-15,5,3,False,Completed
R007766,E04176,2025_H2,2025-12-15,5,3,False,Pending
R007767,E00738,2025_H2,2025-12-15,4,4,False,Cancelled
R007768,E02491,2025_H2,2025-12-15,3,3,False,Completed
R007769,E00967,2025_H2,2025-12-15,3,3,False,Completed
R007770,E00409,2025_H2,2025-12-15,3,1,False,Pending
R007771,E04698,2025_H2,2025-12-15,4,4,False,Completed
R007772,E00405,2025_H2,2025-12-15,1,2,False,Completed
R007773,E02648,2025_H2,2025-12-15,3,1,False,Cancelled
R007774,E04956,2025_H2,2025-12-15,4,4,False,Completed
R007775,E00289,2025_H2,2025-12-15,3,3,False,Completed
R007776,E04180,2025_H2,2025-12-15,2,3,False,Completed
R007777,E04315,2025_H2,2025-12-15,5,4,False,Completed
R007778,E04230,2025_H2,2025-12-15,5,3,False,Completed
R007779,E01286,2025_H2,2025-12-15,4,3,False,Pending
R007780,E00904,2025_H2,2025-12-15,3,4,False,Cancelled
R007781,E02312,2025_H2,2025-12-15,5,5,False,Completed
R007782,E01446,2025_H2,2025-12-15,3,1,False,Completed
R007783,E03911,2025_H2,2025-12-15,3,3,False,Completed
R007784,E04972,2025_H2,2025-12-15,4,5,False,Completed
R007785,E02012,2025_H2,2025-12-15,3,3,False,Completed
R007786,E03451,2025_H2,2025-12-15,3,5,False,Completed
R007787,E04022,2025_H2,2025-12-15,4,3,True,Completed
R007788,E04549,2025_H2,2025-12-15,3,3,False,Completed
R007789,E03045,2025_H2,2025-12-15,3,3,False,Completed
R007790,E02315,2025_H2,2025-12-15,3,3,False,Completed
R007791,E02033,2025_H2,2025-12-15,1,5,False,Completed
R007792,E02500,2025_H2,2025-12-15,4,3,True,Completed
R007793,E03987,2025_H2,2025-12-15,2,3,False,Completed
R007794,E02416,2025_H2,2025-12-15,4,1,False,Pending
R007795,E00945,2025_H2,2025-12-15,2,4,False,Completed
R007796,E02343,2025_H2,2025-12-15,3,5,False,Completed
R007797,E03160,2025_H2,2025-12-15,3,4,False,Completed
R007798,E01996,2025_H2,2025-12-15,4,3,False,Completed
R007799,E02741,2025_H2,2025-12-15,4,3,False,Completed
R007800,E00844,2025_H2,2025-12-15,2,3,False,Completed
R007801,E02791,2025_H2,2025-12-15,2,3,False,Cancelled
R007802,E02440,2025_H2,2025-12-15,5,4,False,Completed
R007803,E04011,2025_H2,2025-12-15,2,2,False,Completed
R007804,E00266,2025_H2,2025-12-15,3,4,True,Completed
R007805,E03430,2025_H2,2025-12-15,3,4,True,Completed
R007806,E04354,2025_H2,2025-12-15,3,1,False,Completed
R007807,E00360,2025_H2,2025-12-15,3,4,False,Completed
R007808,E00901,2025_H2,2025-12-15,4,3,False,Completed
R007809,E03653,2025_H2,2025-12-15,2,5,False,Completed
R007810,E01810,2025_H2,2025-12-15,3,4,False,Completed
R007811,E04157,2025_H2,2025-12-15,3,2,False,Completed
R007812,E00604,2025_H2,2025-12-15,4,2,True,Completed
R007813,E03851,2025_H2,2025-12-15,3,2,False,Cancelled
R007814,E00082,2025_H2,2025-12-15,4,3,False,Pending
R007815,E04491,2025_H2,2025-12-15,3,3,False,Completed
R007816,E01040,2025_H2,2025-12-15,3,3,False,Pending
R007817,E02777,2025_H2,2025-12-15,3,4,False,Pending
R007818,E00953,2025_H2,2025-12-15,3,1,False,Completed
R007819,E04109,2025_H2,2025-12-15,3,2,False,Completed
R007820,E04181,2025_H2,2025-12-15,4,2,False,Completed
R007821,E01171,2025_H2,2025-12-15,4,3,False,Cancelled
R007822,E01514,2025_H2,2025-12-15,3,3,False,Completed
R007823,E04241,2025_H2,2025-12-15,2,3,False,Completed
R007824,E04164,2025_H2,2025-12-15,2,3,False,Completed
R007825,E04026,2025_H2,2025-12-15,3,2,False,Completed
R007826,E03790,2025_H2,2025-12-15,3,3,False,Completed
R007827,E00741,2025_H2,2025-12-15,4,4,False,Completed
R007828,E04468,2025_H2,2025-12-15,3,3,False,Completed
R007829,E03398,2025_H2,2025-12-15,4,4,False,Completed
R007830,E01278,2025_H2,2025-12-15,3,4,False,Completed
R007831,E04896,2025_H2,2025-12-15,3,4,False,Completed
R007832,E00146,2025_H2,2025-12-15,3,4,True,Completed
R007833,E04373,2025_H2,2025-12-15,4,4,False,Completed
R007834,E03092,2025_H2,2025-12-15,3,3,False,Completed
R007835,E00375,2025_H2,2025-12-15,3,4,False,Completed
R007836,E03876,2025_H2,2025-12-15,3,5,False,Completed
R007837,E03978,2025_H2,2025-12-15,4,4,False,Completed
R007838,E04548,2025_H2,2025-12-15,5,2,False,Completed
R007839,E04851,2025_H2,2025-12-15,3,4,False,Completed
R007840,E00992,2025_H2,2025-12-15,4,3,False,Completed
R007841,E00583,2025_H2,2025-12-15,3,3,False,Completed
R007842,E02817,2025_H2,2025-12-15,3,2,False,Completed
R007843,E04671,2025_H2,2025-12-15,3,3,False,Completed
R007844,E02435,2025_H2,2025-12-15,2,3,False,Completed
R007845,E04386,2025_H2,2025-12-15,5,3,False,Completed
R007846,E01916,2025_H2,2025-12-15,3,3,False,Completed
R007847,E01753,2025_H2,2025-12-15,4,2,False,Completed
R007848,E04485,2025_H2,2025-12-15,2,2,False,Completed
R007849,E00999,2025_H2,2025-12-15,3,3,False,Completed
R007850,E02296,2025_H2,2025-12-15,2,2,False,Completed
R007851,E02009,2025_H2,2025-12-15,5,3,False,Completed
R007852,E03410,2025_H2,2025-12-15,5,1,False,Completed
R007853,E03246,2025_H2,2025-12-15,2,2,False,Completed
R007854,E00335,2025_H2,2025-12-15,2,3,False,Pending
R007855,E00859,2025_H2,2025-12-15,3,3,False,Completed
R007856,E04909,2025_H2,2025-12-15,3,3,False,Completed
R007857,E01020,2025_H2,2025-12-15,4,3,False,Pending
R007858,E00743,2025_H2,2025-12-15,4,2,True,Completed
R007859,E03076,2025_H2,2025-12-15,4,3,False,Completed
R007860,E03679,2025_H2,2025-12-15,2,3,False,Completed
R007861,E01682,2025_H2,2025-12-15,3,3,False,Completed
R007862,E01884,2025_H2,2025-12-15,2,3,False,Completed
R007863,E03423,2025_H2,2025-12-15,5,4,True,Completed
R007864,E03413,2025_H2,2025-12-15,2,3,False,Completed
R007865,E02044,2025_H2,2025-12-15,2,3,False,Completed
R007866,E00056,2025_H2,2025-12-15,3,4,False,Completed
R007867,E04760,2025_H2,2025-12-15,3,1,False,Completed
R007868,E03405,2025_H2,2025-12-15,1,2,False,Completed
R007869,E02619,2025_H2,2025-12-15,5,1,False,Completed
R007870,E03087,2025_H2,2025-12-15,3,3,False,Pending
R007871,E03118,2025_H2,2025-12-15,3,5,False,Completed
R007872,E04733,2025_H2,2025-12-15,3,4,False,Pending
R007873,E00507,2025_H2,2025-12-15,4,5,False,Completed
R007874,E02718,2025_H2,2025-12-15,3,3,False,Completed
R007875,E02885,2025_H2,2025-12-15,4,3,False,Pending
R007876,E01813,2025_H2,2025-12-15,5,4,False,Completed
R007877,E02966,2025_H2,2025-12-15,1,3,False,Completed
R007878,E04684,2025_H2,2025-12-15,3,3,False,Cancelled
R007879,E02879,2025_H2,2025-12-15,4,3,False,Completed
R007880,E01699,2025_H2,2025-12-15,3,5,False,Completed
R007881,E04911,2025_H2,2025-12-15,4,4,False,Completed
R007882,E02844,2025_H2,2025-12-15,3,3,False,Completed
R007883,E00477,2025_H2,2025-12-15,3,3,False,Completed
R007884,E04006,2025_H2,2025-12-15,3,2,False,Completed
R007885,E04412,2025_H2,2025-12-15,3,3,False,Completed
R007886,E02884,2025_H2,2025-12-15,4,5,False,Cancelled
R007887,E02708,2025_H2,2025-12-15,1,3,False,Completed
R007888,E03297,2025_H2,2025-12-15,3,4,False,Completed
R007889,E01482,2025_H2,2025-12-15,4,3,False,Pending
R007890,E04813,2025_H2,2025-12-15,3,4,True,Completed
R007891,E03191,2025_H2,2025-12-15,3,3,False,Completed
R007892,E03140,2025_H2,2025-12-15,4,4,True,Pending
R007893,E02512,2025_H2,2025-12-15,2,4,True,Completed
R007894,E00587,2025_H2,2025-12-15,3,2,False,Pending
R007895,E00669,2025_H2,2025-12-15,4,4,False,Completed
R007896,E03643,2025_H2,2025-12-15,5,4,False,Cancelled
R007897,E04785,2025_H2,2025-12-15,2,4,False,Pending
R007898,E02965,2025_H2,2025-12-15,2,2,False,Completed
R007899,E00798,2025_H2,2025-12-15,3,3,False,Completed
R007900,E03800,2025_H2,2025-12-15,3,4,False,Completed
R007901,E04524,2025_H2,2025-12-15,4,3,False,Completed
R007902,E01399,2025_H2,2025-12-15,3,4,False,Completed
R007903,E00997,2025_H2,2025-12-15,4,2,False,Pending
R007904,E01662,2025_H2,2025-12-15,3,5,False,Completed
R007905,E04214,2025_H2,2025-12-15,4,4,True,Completed
R007906,E00912,2025_H2,2025-12-15,2,4,False,Completed
R007907,E03009,2025_H2,2025-12-15,3,3,False,Completed
R007908,E01766,2025_H2,2025-12-15,3,3,False,Completed
R007909,E03780,2025_H2,2025-12-15,3,5,False,Completed
R007910,E00315,2025_H2,2025-12-15,4,4,False,Completed
R007911,E02441,2025_H2,2025-12-15,3,4,False,Completed
R007912,E03983,2025_H2,2025-12-15,5,1,True,Pending
R007913,E00539,2025_H2,2025-12-15,4,4,True,Completed
R007914,E01718,2025_H2,2025-12-15,3,5,False,Cancelled
R007915,E02775,2025_H2,2025-12-15,3,3,False,Completed
R007916,E02175,2025_H2,2025-12-15,3,3,False,Completed
R007917,E01387,2025_H2,2025-12-15,3,3,False,Completed
R007918,E02744,2025_H2,2025-12-15,3,3,False,Completed
R007919,E04818,2025_H2,2025-12-15,4,4,False,Cancelled
R007920,E03905,2025_H2,2025-12-15,3,4,False,Completed
R007921,E04426,2025_H2,2025-12-15,4,3,False,Completed
R007922,E03477,2025_H2,2025-12-15,4,4,False,Completed
R007923,E02222,2025_H2,2025-12-15,3,5,False,Completed
R007924,E00818,2025_H2,2025-12-15,4,3,True,Completed
R007925,E00453,2025_H2,2025-12-15,3,3,False,Completed
R007926,E01167,2025_H2,2025-12-15,2,3,False,Completed
R007927,E00073,2025_H2,2025-12-15,4,4,True,Completed
R007928,E03584,2025_H2,2025-12-15,2,4,False,Completed
R007929,E04651,2025_H2,2025-12-15,4,2,False,Completed
R007930,E02060,2025_H2,2025-12-15,1,4,False,Completed
R007931,E04970,2025_H2,2025-12-15,5,2,False,Completed
R007932,E01217,2025_H2,2025-12-15,5,3,False,Completed
R007933,E04756,2025_H2,2025-12-15,3,2,False,Completed
R007934,E00134,2025_H2,2025-12-15,3,2,False,Completed
R007935,E04261,2025_H2,2025-12-15,4,4,False,Completed
R007936,E01083,2025_H2,2025-12-15,1,2,False,Completed
R007937,E02516,2025_H2,2025-12-15,3,4,False,Completed
R007938,E02659,2025_H2,2025-12-15,2,3,False,Completed
R007939,E04873,2025_H2,2025-12-15,3,4,True,Completed
R007940,E04258,2025_H2,2025-12-15,3,3,False,Completed
R007941,E02517,2025_H2,2025-12-15,5,3,False,Completed
R007942,E03433,2025_H2,2025-12-15,2,3,False,Completed
R007943,E04339,2025_H2,2025-12-15,5,3,False,Cancelled
R007944,E03900,2025_H2,2025-12-15,2,4,False,Completed
R007945,E00866,2025_H2,2025-12-15,2,1,False,Completed
R007946,E00164,2025_H2,2025-12-15,5,3,False,Completed
R007947,E03479,2025_H2,2025-12-15,3,3,False,Completed
R007948,E00542,2025_H2,2025-12-15,3,4,False,Completed
R007949,E00235,2025_H2,2025-12-15,3,3,False,Completed
R007950,E01977,2025_H2,2025-12-15,3,2,False,Completed
R007951,E01067,2025_H2,2025-12-15,3,4,False,Completed
R007952,E01000,2025_H2,2025-12-15,5,3,False,Completed
R007953,E01442,2025_H2,2025-12-15,3,3,False,Completed
R007954,E00944,2025_H2,2025-12-15,4,4,True,Completed
R007955,E01212,2025_H2,2025-12-15,4,5,False,Completed
R007956,E01578,2025_H2,2025-12-15,3,2,False,Completed
R007957,E04628,2025_H2,2025-12-15,4,4,False,Pending
R007958,E02503,2025_H2,2025-12-15,2,4,False,Completed
R007959,E04899,2025_H2,2025-12-15,3,2,False,Completed
R007960,E00072,2025_H2,2025-12-15,3,1,False,Completed
R007961,E03566,2025_H2,2025-12-15,3,2,False,Completed
R007962,E02097,2025_H2,2025-12-15,5,5,False,Completed
R007963,E02763,2025_H2,2025-12-15,3,3,False,Completed
R007964,E00971,2025_H2,2025-12-15,3,4,False,Completed
R007965,E03197,2025_H2,2025-12-15,3,4,False,Completed
R007966,E02909,2025_H2,2025-12-15,5,3,False,Completed
R007967,E00206,2025_H2,2025-12-15,5,3,False,Completed
R007968,E03035,2025_H2,2025-12-15,5,4,False,Completed
R007969,E02374,2025_H2,2025-12-15,3,3,False,Completed
R007970,E04174,2025_H2,2025-12-15,4,3,False,Completed
R007971,E03503,2025_H2,2025-12-15,1,2,False,Completed
R007972,E04798,2025_H2,2025-12-15,5,3,False,Completed
R007973,E00465,2025_H2,2025-12-15,4,3,False,Completed
R007974,E01183,2025_H2,2025-12-15,2,2,False,Completed
R007975,E00457,2025_H2,2025-12-15,3,3,False,Completed
R007976,E04172,2025_H2,2025-12-15,3,5,False,Completed
R007977,E03992,2025_H2,2025-12-15,3,3,False,Completed
R007978,E01951,2025_H2,2025-12-15,3,4,False,Completed
R007979,E02114,2025_H2,2025-12-15,3,3,False,Completed
R007980,E04450,2025_H2,2025-12-15,2,3,False,Completed
R007981,E00028,2025_H2,2025-12-15,5,3,False,Completed
R007982,E03637,2025_H2,2025-12-15,5,3,False,Completed
R007983,E00445,2025_H2,2025-12-15,2,2,False,Cancelled
R007984,E01157,2025_H2,2025-12-15,2,2,False,Completed
R007985,E04554,2025_H2,2025-12-15,3,3,False,Completed
R007986,E04429,2025_H2,2025-12-15,4,3,False,Completed
R007987,E00046,2025_H2,2025-12-15,4,3,False,Completed
R007988,E00356,2025_H2,2025-12-15,3,3,False,Completed
R007989,E03757,2025_H2,2025-12-15,3,5,False,Completed
R007990,E04563,2025_H2,2025-12-15,5,4,False,Completed
R007991,E01844,2025_H2,2025-12-15,3,3,False,Completed
R007992,E04156,2025_H2,2025-12-15,2,3,False,Completed
R007993,E04931,2025_H2,2025-12-15,5,3,False,Completed
R007994,E03178,2025_H2,2025-12-15,4,4,False,Completed
R007995,E03186,2025_H2,2025-12-15,3,3,False,Completed
R007996,E02847,2025_H2,2025-12-15,3,3,False,Completed
R007997,E03980,2025_H2,2025-12-15,3,5,False,Completed
R007998,E00110,2025_H2,2025-12-15,3,4,False,Completed
R007999,E03095,2025_H2,2025-12-15,4,3,False,Completed
R008000,E03287,2025_H2,2025-12-15,3,4,False,Completed
R008001,E01310,2025_H2,2025-12-15,3,4,False,Completed
R008002,E03288,2025_H2,2025-12-15,2,2,False,Completed
R008003,E03350,2025_H2,2025-12-15,2,2,False,Completed
R008004,E00919,2025_H2,2025-12-15,3,5,False,Completed
R008005,E02771,2025_H2,2025-12-15,3,3,False,Completed
R008006,E02971,2025_H2,2025-12-15,3,3,False,Completed
R008007,E03318,2025_H2,2025-12-15,3,4,False,Pending
R008008,E01391,2025_H2,2025-12-15,2,3,False,Completed
R008009,E00324,2025_H2,2025-12-15,3,2,False,Completed
R008010,E04721,2025_H2,2025-12-15,1,3,False,Completed
R008011,E04252,2025_H2,2025-12-15,3,2,False,Completed
R008012,E03825,2025_H2,2025-12-15,4,5,False,Completed
R008013,E04356,2025_H2,2025-12-15,2,3,False,Completed
R008014,E04996,2025_H2,2025-12-15,3,3,False,Completed
R008015,E03048,2025_H2,2025-12-15,5,3,False,Completed
R008016,E00174,2025_H2,2025-12-15,3,4,False,Completed
R008017,E01755,2025_H2,2025-12-15,4,3,True,Completed
R008018,E00242,2025_H2,2025-12-15,4,2,False,Completed
R008019,E03594,2025_H2,2025-12-15,1,3,False,Completed
R008020,E01366,2025_H2,2025-12-15,4,3,False,Completed
R008021,E02472,2025_H2,2025-12-15,3,3,False,Completed
R008022,E04562,2025_H2,2025-12-15,3,4,False,Completed
R008023,E02399,2025_H2,2025-12-15,2,3,False,Pending
R008024,E02102,2025_H2,2025-12-15,4,2,False,Completed
R008025,E02573,2025_H2,2025-12-15,3,2,False,Completed
R008026,E00116,2025_H2,2025-12-15,4,3,False,Completed
R008027,E04038,2025_H2,2025-12-15,5,5,False,Completed
R008028,E01618,2025_H2,2025-12-15,3,4,False,Completed
R008029,E02977,2025_H2,2025-12-15,2,2,False,Completed
R008030,E02234,2025_H2,2025-12-15,3,3,False,Completed
R008031,E02385,2025_H2,2025-12-15,1,3,False,Completed
R008032,E04396,2025_H2,2025-12-15,3,3,False,Completed
R008033,E04914,2025_H2,2025-12-15,3,2,False,Completed
R008034,E04609,2025_H2,2025-12-15,4,1,False,Completed
R008035,E04584,2025_H2,2025-12-15,2,3,False,Completed
R008036,E01620,2025_H2,2025-12-15,5,2,False,Pending
R008037,E04695,2025_H2,2025-12-15,3,1,False,Completed
R008038,E00666,2025_H2,2025-12-15,1,3,False,Pending
R008039,E00413,2025_H2,2025-12-15,3,4,False,Completed
R008040,E02180,2025_H2,2025-12-15,4,5,False,Completed
R008041,E04647,2025_H2,2025-12-15,4,3,True,Cancelled
R008042,E02141,2025_H2,2025-12-15,5,3,False,Completed
R008043,E02541,2025_H2,2025-12-15,2,3,False,Completed
R008044,E02006,2025_H2,2025-12-15,3,4,True,Completed
R008045,E03649,2025_H2,2025-12-15,4,1,False,Completed
R008046,E03797,2025_H2,2025-12-15,2,2,False,Completed
R008047,E04349,2025_H2,2025-12-15,3,4,False,Completed
R008048,E02293,2025_H2,2025-12-15,3,3,False,Completed
R008049,E03545,2025_H2,2025-12-15,4,4,False,Completed
R008050,E02427,2025_H2,2025-12-15,4,3,False,Completed
R008051,E00055,2025_H2,2025-12-15,2,2,False,Completed
R008052,E02586,2025_H2,2025-12-15,3,4,False,Completed
R008053,E02008,2025_H2,2025-12-15,2,3,False,Completed
R008054,E03788,2025_H2,2025-12-15,3,3,False,Completed
R008055,E02646,2025_H2,2025-12-15,3,2,False,Completed
R008056,E01392,2025_H2,2025-12-15,4,2,False,Completed
R008057,E01125,2025_H2,2025-12-15,3,2,False,Completed
R008058,E02665,2025_H2,2025-12-15,4,4,False,Completed
R008059,E03725,2025_H2,2025-12-15,5,2,False,Completed
R008060,E00742,2025_H2,2025-12-15,3,3,True,Completed
R008061,E02213,2025_H2,2025-12-15,2,2,False,Completed
R008062,E04929,2025_H2,2025-12-15,3,3,False,Completed
R008063,E04281,2025_H2,2025-12-15,3,5,False,Cancelled
R008064,E01145,2025_H2,2025-12-15,4,4,True,Completed
R008065,E04003,2025_H2,2025-12-15,4,4,False,Completed
R008066,E02756,2025_H2,2025-12-15,2,3,False,Completed
R008067,E02099,2025_H2,2025-12-15,5,3,False,Completed
R008068,E00036,2025_H2,2025-12-15,5,3,False,Completed
R008069,E00879,2025_H2,2025-12-15,5,4,False,Completed
R008070,E00514,2025_H2,2025-12-15,3,2,False,Completed
R008071,E01940,2025_H2,2025-12-15,2,3,False,Completed
R008072,E02309,2025_H2,2025-12-15,3,3,False,Pending
R008073,E01876,2025_H2,2025-12-15,4,3,False,Completed
R008074,E01648,2025_H2,2025-12-15,3,3,False,Completed
R008075,E03796,2025_H2,2025-12-15,3,3,False,Completed
R008076,E02247,2025_H2,2025-12-15,2,3,False,Completed
R008077,E02644,2025_H2,2025-12-15,2,3,False,Completed
R008078,E04478,2025_H2,2025-12-15,4,1,False,Completed
R008079,E01564,2025_H2,2025-12-15,3,3,False,Completed
R008080,E01321,2025_H2,2025-12-15,3,3,True,Completed
R008081,E01546,2025_H2,2025-12-15,3,1,False,Completed
R008082,E02304,2025_H2,2025-12-15,3,3,False,Completed
R008083,E04872,2025_H2,2025-12-15,3,4,False,Completed
R008084,E04009,2025_H2,2025-12-15,2,5,False,Completed
R008085,E00894,2025_H2,2025-12-15,3,1,False,Completed
R008086,E04961,2025_H2,2025-12-15,3,4,False,Completed
R008087,E03611,2025_H2,2025-12-15,4,3,False,Completed
R008088,E04590,2025_H2,2025-12-15,5,4,False,Cancelled
R008089,E02482,2025_H2,2025-12-15,5,3,False,Completed
R008090,E03094,2025_H2,2025-12-15,3,5,False,Completed
R008091,E00625,2025_H2,2025-12-15,2,2,False,Completed
R008092,E01890,2025_H2,2025-12-15,4,5,False,Completed
R008093,E04588,2025_H2,2025-12-15,3,3,False,Completed
R008094,E02460,2025_H2,2025-12-15,2,3,False,Completed
R008095,E01015,2025_H2,2025-12-15,4,3,False,Completed
R008096,E01989,2025_H2,2025-12-15,3,4,False,Completed
R008097,E03107,2025_H2,2025-12-15,1,5,False,Completed
R008098,E03742,2025_H2,2025-12-15,2,3,False,Completed
R008099,E01138,2025_H2,2025-12-15,2,2,False,Completed
R008100,E00067,2025_H2,2025-12-15,4,3,False,Completed
R008101,E02016,2025_H2,2025-12-15,3,5,False,Pending
R008102,E04678,2025_H2,2025-12-15,3,4,False,Completed
R008103,E03695,2025_H2,2025-12-15,2,2,False,Completed
R008104,E02198,2025_H2,2025-12-15,2,3,False,Completed
R008105,E03214,2025_H2,2025-12-15,2,3,False,Completed
R008106,E01635,2025_H2,2025-12-15,1,2,False,Completed
R008107,E01599,2025_H2,2025-12-15,3,4,True,Completed
R008108,E04622,2025_H2,2025-12-15,2,4,False,Cancelled
R008109,E01124,2025_H2,2025-12-15,3,3,False,Completed
R008110,E03208,2025_H2,2025-12-15,3,4,False,Completed
R008111,E01728,2025_H2,2025-12-15,3,4,False,Completed
R008112,E03721,2025_H2,2025-12-15,3,3,False,Pending
R008113,E04424,2025_H2,2025-12-15,3,2,False,Completed
R008114,E04505,2025_H2,2025-12-15,4,4,True,Completed
R008115,E01355,2025_H2,2025-12-15,2,4,False,Completed
R008116,E03187,2025_H2,2025-12-15,5,4,False,Completed
R008117,E00312,2025_H2,2025-12-15,4,5,True,Completed
R008118,E04454,2025_H2,2025-12-15,3,3,False,Completed
R008119,E03808,2025_H2,2025-12-15,2,1,False,Cancelled
R008120,E03970,2025_H2,2025-12-15,3,1,True,Completed
R008121,E03163,2025_H2,2025-12-15,3,1,False,Completed
R008122,E01904,2025_H2,2025-12-15,3,4,True,Completed
R008123,E01305,2025_H2,2025-12-15,2,3,False,Completed
R008124,E03754,2025_H2,2025-12-15,2,4,True,Pending
R008125,E03016,2025_H2,2025-12-15,2,3,False,Completed
R008126,E03924,2025_H2,2025-12-15,5,2,True,Completed
R008127,E03544,2025_H2,2025-12-15,2,3,False,Completed
R008128,E01141,2025_H2,2025-12-15,3,4,False,Completed
R008129,E03490,2025_H2,2025-12-15,4,3,False,Completed
R008130,E03120,2025_H2,2025-12-15,4,3,True,Completed
R008131,E03021,2025_H2,2025-12-15,1,3,True,Completed
R008132,E04120,2025_H2,2025-12-15,3,3,False,Completed
R008133,E04322,2025_H2,2025-12-15,2,4,False,Completed
R008134,E02417,2025_H2,2025-12-15,1,5,False,Completed
R008135,E04020,2025_H2,2025-12-15,2,2,False,Completed
R008136,E04569,2025_H2,2025-12-15,3,4,False,Cancelled
R008137,E02680,2025_H2,2025-12-15,3,3,False,Pending
R008138,E02783,2025_H2,2025-12-15,3,4,False,Completed
R008139,E04616,2025_H2,2025-12-15,4,4,False,Completed
R008140,E01617,2025_H2,2025-12-15,2,3,False,Completed
R008141,E04819,2025_H2,2025-12-15,2,4,False,Completed
R008142,E01587,2025_H2,2025-12-15,3,3,False,Completed
R008143,E01593,2025_H2,2025-12-15,4,4,True,Completed
R008144,E01742,2025_H2,2025-12-15,3,3,True,Completed
R008145,E01502,2025_H2,2025-12-15,4,2,False,Completed
R008146,E00310,2025_H2,2025-12-15,5,5,False,Completed
R008147,E04460,2025_H2,2025-12-15,3,3,False,Completed
R008148,E00263,2025_H2,2025-12-15,3,5,False,Completed
R008149,E00752,2025_H2,2025-12-15,3,4,False,Completed
R008150,E04570,2025_H2,2025-12-15,3,2,False,Completed
R008151,E03919,2025_H2,2025-12-15,4,3,False,Completed
R008152,E03381,2025_H2,2025-12-15,4,2,False,Completed
R008153,E01999,2025_H2,2025-12-15,5,3,False,Completed
R008154,E01076,2025_H2,2025-12-15,4,4,False,Completed
R008155,E01107,2025_H2,2025-12-15,2,3,False,Completed
R008156,E02639,2025_H2,2025-12-15,4,4,False,Completed
R008157,E02983,2025_H2,2025-12-15,4,4,False,Completed
R008158,E00024,2025_H2,2025-12-15,3,2,False,Completed
R008159,E00119,2025_H2,2025-12-15,5,4,False,Completed
R008160,E02667,2025_H2,2025-12-15,5,4,False,Completed
R008161,E02219,2025_H2,2025-12-15,3,3,False,Cancelled
R008162,E03700,2025_H2,2025-12-15,5,3,False,Completed
R008163,E00557,2025_H2,2025-12-15,4,3,False,Completed
R008164,E03446,2025_H2,2025-12-15,1,3,False,Cancelled
R008165,E01700,2025_H2,2025-12-15,2,4,False,Completed
R008166,E03422,2025_H2,2025-12-15,1,3,False,Completed
R008167,E04533,2025_H2,2025-12-15,3,4,False,Completed
R008168,E00537,2025_H2,2025-12-15,1,3,False,Completed
R008169,E02606,2025_H2,2025-12-15,3,3,False,Completed
R008170,E00517,2025_H2,2025-12-15,4,3,False,Completed
R008171,E00301,2025_H2,2025-12-15,3,5,False,Completed
R008172,E03023,2025_H2,2025-12-15,3,1,False,Completed
R008173,E02740,2025_H2,2025-12-15,2,3,False,Completed
R008174,E04405,2025_H2,2025-12-15,4,3,False,Completed
R008175,E00734,2025_H2,2025-12-15,4,3,False,Completed
R008176,E00346,2025_H2,2025-12-15,3,3,False,Completed
R008177,E02739,2025_H2,2025-12-15,2,4,False,Completed
R008178,E00171,2025_H2,2025-12-15,4,3,False,Completed
R008179,E00144,2025_H2,2025-12-15,4,2,False,Completed
R008180,E03447,2025_H2,2025-12-15,3,4,False,Completed
R008181,E02218,2025_H2,2025-12-15,2,2,False,Completed
R008182,E02901,2025_H2,2025-12-15,3,3,False,Completed
R008183,E03115,2025_H2,2025-12-15,4,3,False,Cancelled
R008184,E00207,2025_H2,2025-12-15,4,4,False,Completed
R008185,E00488,2025_H2,2025-12-15,2,5,False,Completed
R008186,E01797,2025_H2,2025-12-15,3,3,False,Completed
R008187,E02322,2025_H2,2025-12-15,3,1,False,Completed
R008188,E00077,2025_H2,2025-12-15,4,2,False,Completed
R008189,E00446,2025_H2,2025-12-15,1,3,False,Completed
R008190,E03097,2025_H2,2025-12-15,3,3,False,Completed
R008191,E00827,2025_H2,2025-12-15,2,3,True,Pending
R008192,E00802,2025_H2,2025-12-15,5,3,True,Completed
R008193,E03039,2025_H2,2025-12-15,3,2,False,Completed
R008194,E00109,2025_H2,2025-12-15,2,2,False,Completed
R008195,E02886,2025_H2,2025-12-15,1,3,False,Completed
R008196,E02261,2025_H2,2025-12-15,5,3,False,Completed
R008197,E01065,2025_H2,2025-12-15,4,3,False,Completed
R008198,E01537,2025_H2,2025-12-15,2,2,False,Completed
R008199,E04680,2025_H2,2025-12-15,3,3,False,Pending
R008200,E02656,2025_H2,2025-12-15,3,5,False,Completed
R008201,E00218,2025_H2,2025-12-15,2,3,False,Completed
R008202,E03211,2025_H2,2025-12-15,5,2,False,Completed
R008203,E01763,2025_H2,2025-12-15,3,4,True,Completed
R008204,E02994,2025_H2,2025-12-15,2,4,False,Completed
R008205,E02134,2025_H2,2025-12-15,2,3,False,Pending
R008206,E00763,2025_H2,2025-12-15,3,5,False,Completed
R008207,E04023,2025_H2,2025-12-15,2,2,False,Completed
R008208,E02652,2025_H2,2025-12-15,2,4,False,Completed
R008209,E03659,2025_H2,2025-12-15,4,3,False,Completed
R008210,E00691,2025_H2,2025-12-15,4,3,False,Completed
R008211,E04529,2025_H2,2025-12-15,2,4,False,Completed
R008212,E04835,2025_H2,2025-12-15,4,4,False,Completed
R008213,E01684,2025_H2,2025-12-15,3,4,False,Completed
R008214,E02371,2025_H2,2025-12-15,3,3,False,Completed
R008215,E03508,2025_H2,2025-12-15,3,3,False,Completed
R008216,E02752,2025_H2,2025-12-15,4,5,False,Completed
R008217,E04337,2025_H2,2025-12-15,3,5,False,Cancelled
R008218,E04017,2025_H2,2025-12-15,3,2,False,Completed
R008219,E02451,2025_H2,2025-12-15,3,3,True,Completed
R008220,E00766,2025_H2,2025-12-15,4,4,False,Completed
R008221,E00017,2025_H2,2025-12-15,4,1,False,Completed
R008222,E04623,2025_H2,2025-12-15,3,5,False,Completed
R008223,E01598,2025_H2,2025-12-15,3,4,False,Completed
R008224,E00498,2025_H2,2025-12-15,3,3,False,Completed
R008225,E00201,2025_H2,2025-12-15,3,3,True,Completed
R008226,E00917,2025_H2,2025-12-15,3,4,False,Completed
R008227,E00172,2025_H2,2025-12-15,3,5,False,Pending
R008228,E03587,2025_H2,2025-12-15,4,1,False,Completed
R008229,E03570,2025_H2,2025-12-15,4,1,False,Completed
R008230,E03201,2025_H2,2025-12-15,3,3,False,Completed
R008231,E04378,2025_H2,2025-12-15,5,4,True,Completed
R008232,E01210,2025_H2,2025-12-15,2,3,False,Completed
R008233,E02592,2025_H2,2025-12-15,3,2,False,Completed
R008234,E03324,2025_H2,2025-12-15,3,5,False,Completed
R008235,E04490,2025_H2,2025-12-15,1,3,False,Completed
R008236,E05000,2025_H2,2025-12-15,3,4,False,Completed
R008237,E00389,2025_H2,2025-12-15,3,3,False,Completed
R008238,E01678,2025_H2,2025-12-15,3,4,False,Completed
R008239,E01691,2025_H2,2025-12-15,3,2,False,Completed
R008240,E04401,2025_H2,2025-12-15,2,2,False,Cancelled
R008241,E02179,2025_H2,2025-12-15,3,3,False,Completed
R008242,E03081,2025_H2,2025-12-15,3,5,False,Completed
R008243,E01552,2025_H2,2025-12-15,5,3,False,Completed
R008244,E04311,2025_H2,2025-12-15,4,2,True,Completed
R008245,E01335,2025_H2,2025-12-15,4,3,False,Completed
R008246,E00435,2025_H2,2025-12-15,2,3,False,Pending
R008247,E03093,2025_H2,2025-12-15,2,2,False,Completed
R008248,E03111,2025_H2,2025-12-15,3,3,False,Completed
R008249,E03148,2025_H2,2025-12-15,4,5,False,Completed
R008250,E00097,2025_H2,2025-12-15,3,4,False,Completed
R008251,E03130,2025_H2,2025-12-15,4,3,False,Completed
R008252,E03464,2025_H2,2025-12-15,3,3,False,Completed
R008253,E03252,2025_H2,2025-12-15,2,3,False,Completed
R008254,E02038,2025_H2,2025-12-15,3,2,False,Completed
R008255,E00396,2025_H2,2025-12-15,4,2,False,Completed
R008256,E00808,2025_H2,2025-12-15,3,3,False,Completed
R008257,E00688,2025_H2,2025-12-15,2,2,False,Completed
R008258,E04045,2025_H2,2025-12-15,5,5,False,Completed
R008259,E01447,2025_H2,2025-12-15,3,4,False,Completed
R008260,E04353,2025_H2,2025-12-15,3,4,False,Completed
R008261,E01530,2025_H2,2025-12-15,3,4,False,Completed
R008262,E02634,2025_H2,2025-12-15,4,3,True,Completed
R008263,E00291,2025_H2,2025-12-15,3,3,False,Completed
R008264,E02080,2025_H2,2025-12-15,3,3,False,Completed
R008265,E04382,2025_H2,2025-12-15,3,4,True,Completed
R008266,E03329,2025_H2,2025-12-15,5,5,False,Completed
R008267,E03043,2025_H2,2025-12-15,2,3,False,Cancelled
R008268,E03860,2025_H2,2025-12-15,2,5,True,Completed
R008269,E00710,2025_H2,2025-12-15,1,3,False,Cancelled
R008270,E03213,2025_H2,2025-12-15,5,2,False,Completed
R008271,E01041,2025_H2,2025-12-15,3,3,False,Completed
R008272,E04336,2025_H2,2025-12-15,3,2,False,Pending
R008273,E02769,2025_H2,2025-12-15,2,4,False,Completed
R008274,E00350,2025_H2,2025-12-15,3,3,False,Completed
R008275,E04234,2025_H2,2025-12-15,3,4,False,Cancelled
R008276,E04811,2025_H2,2025-12-15,3,3,False,Completed
R008277,E00867,2025_H2,2025-12-15,2,1,False,Completed
R008278,E04227,2025_H2,2025-12-15,4,4,False,Completed
R008279,E04366,2025_H2,2025-12-15,4,1,False,Completed
R008280,E02538,2025_H2,2025-12-15,4,2,False,Completed
R008281,E01686,2025_H2,2025-12-15,3,3,False,Completed
R008282,E01051,2025_H2,2025-12-15,4,5,False,Completed
R008283,E00852,2025_H2,2025-12-15,3,3,False,Completed
R008284,E01455,2025_H2,2025-12-15,3,2,False,Completed
R008285,E01911,2025_H2,2025-12-15,2,1,False,Completed
R008286,E03080,2025_H2,2025-12-15,1,3,False,Pending
R008287,E03221,2025_H2,2025-12-15,4,5,False,Completed
R008288,E04742,2025_H2,2025-12-15,3,5,False,Completed
R008289,E03448,2025_H2,2025-12-15,4,2,False,Completed
R008290,E02168,2025_H2,2025-12-15,3,2,False,Pending
R008291,E01843,2025_H2,2025-12-15,5,2,False,Completed
R008292,E01566,2025_H2,2025-12-15,3,3,False,Completed
R008293,E02968,2025_H2,2025-12-15,4,4,False,Completed
R008294,E04660,2025_H2,2025-12-15,3,3,False,Cancelled
R008295,E01064,2025_H2,2025-12-15,3,5,False,Completed
R008296,E03663,2025_H2,2025-12-15,5,2,False,Completed
R008297,E00411,2025_H2,2025-12-15,4,3,True,Completed
R008298,E02196,2025_H2,2025-12-15,4,4,False,Completed
R008299,E00032,2025_H2,2025-12-15,3,3,False,Completed
R008300,E01078,2025_H2,2025-12-15,4,3,False,Completed
R008301,E03416,2025_H2,2025-12-15,4,3,False,Completed
R008302,E01848,2025_H2,2025-12-15,2,3,False,Completed
R008303,E00353,2025_H2,2025-12-15,5,2,False,Completed
R008304,E04273,2025_H2,2025-12-15,3,4,False,Completed
R008305,E01185,2025_H2,2025-12-15,2,3,False,Cancelled
R008306,E00686,2025_H2,2025-12-15,2,3,False,Completed
R008307,E00216,2025_H2,2025-12-15,3,1,False,Completed
R008308,E02450,2025_H2,2025-12-15,3,3,False,Completed
R008309,E03384,2025_H2,2025-12-15,3,3,False,Completed
R008310,E04372,2025_H2,2025-12-15,4,1,False,Completed
R008311,E03701,2025_H2,2025-12-15,3,3,False,Completed
R008312,E02019,2025_H2,2025-12-15,4,4,True,Completed
R008313,E03600,2025_H2,2025-12-15,1,3,False,Completed
R008314,E03559,2025_H2,2025-12-15,3,3,False,Pending
R008315,E03380,2025_H2,2025-12-15,3,4,False,Completed
R008316,E00495,2025_H2,2025-12-15,4,2,True,Completed
R008317,E01165,2025_H2,2025-12-15,3,2,True,Completed
R008318,E04982,2025_H2,2025-12-15,4,3,False,Completed
R008319,E02794,2025_H2,2025-12-15,3,3,False,Completed
R008320,E02415,2025_H2,2025-12-15,2,2,False,Completed
R008321,E00309,2025_H2,2025-12-15,3,3,False,Completed
R008322,E01061,2025_H2,2025-12-15,4,3,False,Completed
R008323,E04194,2025_H2,2025-12-15,3,5,False,Completed
R008324,E04846,2025_H2,2025-12-15,2,4,False,Completed
R008325,E00374,2025_H2,2025-12-15,2,3,False,Completed
R008326,E00823,2025_H2,2025-12-15,5,3,True,Completed
R008327,E02403,2025_H2,2025-12-15,2,3,False,Completed
R008328,E04968,2025_H2,2025-12-15,5,3,False,Completed
R008329,E00225,2025_H2,2025-12-15,3,2,False,Completed
R008330,E04445,2025_H2,2025-12-15,3,3,False,Cancelled
R008331,E02389,2025_H2,2025-12-15,5,3,False,Completed
R008332,E04113,2025_H2,2025-12-15,3,2,False,Pending
R008333,E04134,2025_H2,2025-12-15,2,2,True,Completed
R008334,E02481,2025_H2,2025-12-15,5,5,False,Completed
R008335,E02760,2025_H2,2025-12-15,3,4,False,Completed
R008336,E02262,2025_H2,2025-12-15,3,5,False,Completed
R008337,E02394,2025_H2,2025-12-15,5,5,True,Completed
R008338,E00936,2025_H2,2025-12-15,3,3,False,Completed
R008339,E03296,2025_H2,2025-12-15,4,4,True,Completed
R008340,E00910,2025_H2,2025-12-15,4,4,False,Completed
R008341,E02307,2025_H2,2025-12-15,3,3,False,Completed
R008342,E03438,2025_H2,2025-12-15,5,3,True,Completed
R008343,E01164,2025_H2,2025-12-15,3,3,False,Completed
R008344,E01475,2025_H2,2025-12-15,4,3,False,Completed
R008345,E02834,2025_H2,2025-12-15,3,3,False,Completed
R008346,E04052,2025_H2,2025-12-15,5,5,False,Completed
R008347,E04206,2025_H2,2025-12-15,3,2,False,Pending
R008348,E01887,2025_H2,2025-12-15,5,4,False,Completed
R008349,E03357,2025_H2,2025-12-15,4,4,False,Completed
R008350,E03457,2025_H2,2025-12-15,4,4,False,Cancelled
R008351,E03597,2025_H2,2025-12-15,2,2,False,Completed
R008352,E03591,2025_H2,2025-12-15,3,3,False,Pending
R008353,E01242,2025_H2,2025-12-15,3,5,False,Pending
R008354,E04515,2025_H2,2025-12-15,3,4,False,Completed
R008355,E03647,2025_H2,2025-12-15,3,3,False,Completed
R008356,E01541,2025_H2,2025-12-15,2,5,False,Completed
R008357,E04757,2025_H2,2025-12-15,3,2,False,Completed
R008358,E01046,2025_H2,2025-12-15,5,5,False,Completed
R008359,E03192,2025_H2,2025-12-15,5,3,False,Completed
R008360,E00922,2025_H2,2025-12-15,3,4,False,Completed
R008361,E03562,2025_H2,2025-12-15,3,4,False,Cancelled
R008362,E04559,2025_H2,2025-12-15,4,4,False,Completed
R008363,E00636,2025_H2,2025-12-15,3,3,False,Cancelled
R008364,E04097,2025_H2,2025-12-15,3,3,False,Completed
R008365,E04666,2025_H2,2025-12-15,3,3,False,Completed
R008366,E04466,2025_H2,2025-12-15,3,2,False,Completed
R008367,E02406,2025_H2,2025-12-15,4,5,False,Completed
R008368,E03074,2025_H2,2025-12-15,3,3,False,Completed
R008369,E02062,2025_H2,2025-12-15,2,4,False,Completed
R008370,E04644,2025_H2,2025-12-15,4,3,False,Completed
R008371,E01361,2025_H2,2025-12-15,3,2,False,Completed
R008372,E03685,2025_H2,2025-12-15,4,4,False,Completed
R008373,E00265,2025_H2,2025-12-15,5,4,False,Completed
R008374,E01465,2025_H2,2025-12-15,3,5,False,Completed
R008375,E03010,2025_H2,2025-12-15,4,3,False,Completed
R008376,E02479,2025_H2,2025-12-15,2,4,False,Completed
R008377,E01943,2025_H2,2025-12-15,3,3,False,Completed
R008378,E01327,2025_H2,2025-12-15,3,3,False,Completed
R008379,E04288,2025_H2,2025-12-15,4,2,True,Completed
R008380,E04928,2025_H2,2025-12-15,3,3,False,Completed
R008381,E02094,2025_H2,2025-12-15,4,2,False,Completed
R008382,E03445,2025_H2,2025-12-15,4,3,False,Completed
R008383,E04817,2025_H2,2025-12-15,3,3,False,Completed
R008384,E00851,2025_H2,2025-12-15,3,5,False,Completed
R008385,E02269,2025_H2,2025-12-15,1,4,False,Completed
R008386,E02220,2025_H2,2025-12-15,2,2,True,Completed
R008387,E02742,2025_H2,2025-12-15,3,3,False,Completed
R008388,E01936,2025_H2,2025-12-15,3,4,False,Completed
R008389,E03007,2025_H2,2025-12-15,3,3,False,Pending
R008390,E02846,2025_H2,2025-12-15,4,4,False,Completed
R008391,E02104,2025_H2,2025-12-15,3,5,False,Completed
R008392,E03065,2025_H2,2025-12-15,4,3,False,Pending
R008393,E03497,2025_H2,2025-12-15,2,4,False,Pending
R008394,E02243,2025_H2,2025-12-15,3,3,False,Completed
R008395,E00256,2025_H2,2025-12-15,3,2,False,Pending
R008396,E00629,2025_H2,2025-12-15,3,3,False,Completed
R008397,E02837,2025_H2,2025-12-15,3,3,False,Completed
R008398,E04908,2025_H2,2025-12-15,4,4,False,Completed
R008399,E04600,2025_H2,2025-12-15,3,5,False,Completed
R008400,E00884,2025_H2,2025-12-15,2,3,False,Completed
R008401,E02511,2025_H2,2025-12-15,2,4,False,Completed
R008402,E04704,2025_H2,2025-12-15,3,4,False,Completed
R008403,E02118,2025_H2,2025-12-15,2,2,False,Pending
R008404,E03499,2025_H2,2025-12-15,3,2,False,Completed
R008405,E04385,2025_H2,2025-12-15,4,3,False,Completed
R008406,E04692,2025_H2,2025-12-15,3,3,False,Completed
R008407,E03469,2025_H2,2025-12-15,3,5,False,Completed
R008408,E03041,2025_H2,2025-12-15,3,4,False,Cancelled
R008409,E03134,2025_H2,2025-12-15,4,3,False,Completed
R008410,E02088,2025_H2,2025-12-15,3,3,False,Completed
R008411,E04317,2025_H2,2025-12-15,2,3,False,Completed
R008412,E04960,2025_H2,2025-12-15,3,4,False,Completed
R008413,E04493,2025_H2,2025-12-15,4,4,False,Completed
R008414,E00162,2025_H2,2025-12-15,3,2,False,Completed
R008415,E01789,2025_H2,2025-12-15,3,4,False,Completed
R008416,E02824,2025_H2,2025-12-15,3,5,False,Completed
R008417,E01636,2025_H2,2025-12-15,2,4,False,Completed
R008418,E01433,2025_H2,2025-12-15,3,4,False,Completed
R008419,E03824,2025_H2,2025-12-15,5,5,False,Completed
R008420,E00316,2025_H2,2025-12-15,5,3,False,Completed
R008421,E01086,2025_H2,2025-12-15,5,2,False,Pending
R008422,E03543,2025_H2,2025-12-15,4,4,False,Completed
R008423,E02620,2025_H2,2025-12-15,4,4,False,Completed
R008424,E03326,2025_H2,2025-12-15,5,3,False,Completed
R008425,E04318,2025_H2,2025-12-15,3,3,False,Pending
R008426,E00228,2025_H2,2025-12-15,1,3,False,Cancelled
R008427,E03170,2025_H2,2025-12-15,4,4,False,Completed
R008428,E01181,2025_H2,2025-12-15,3,3,False,Completed
R008429,E02981,2025_H2,2025-12-15,3,3,False,Completed
R008430,E03194,2025_H2,2025-12-15,4,3,False,Completed
R008431,E01895,2025_H2,2025-12-15,3,5,False,Completed
R008432,E03814,2025_H2,2025-12-15,5,2,False,Completed
R008433,E04582,2025_H2,2025-12-15,3,2,False,Completed
R008434,E01963,2025_H2,2025-12-15,3,3,False,Pending
R008435,E03046,2025_H2,2025-12-15,4,3,False,Pending
R008436,E01324,2025_H2,2025-12-15,3,2,False,Completed
R008437,E03871,2025_H2,2025-12-15,3,4,False,Completed
R008438,E03537,2025_H2,2025-12-15,2,5,False,Completed
R008439,E01332,2025_H2,2025-12-15,3,5,False,Completed
R008440,E04379,2025_H2,2025-12-15,3,3,False,Completed
R008441,E00041,2025_H2,2025-12-15,5,4,False,Completed
R008442,E03439,2025_H2,2025-12-15,3,3,False,Completed
R008443,E03631,2025_H2,2025-12-15,4,2,False,Completed
R008444,E03734,2025_H2,2025-12-15,5,5,False,Completed
R008445,E03315,2025_H2,2025-12-15,3,3,False,Completed
R008446,E04981,2025_H2,2025-12-15,3,3,False,Completed
R008447,E04081,2025_H2,2025-12-15,5,1,False,Completed
R008448,E01658,2025_H2,2025-12-15,2,4,False,Completed
R008449,E01693,2025_H2,2025-12-15,1,3,False,Completed
R008450,E03460,2025_H2,2025-12-15,3,3,False,Completed
R008451,E02135,2025_H2,2025-12-15,3,2,False,Completed
R008452,E02579,2025_H2,2025-12-15,3,3,False,Completed
R008453,E00512,2025_H2,2025-12-15,5,3,False,Completed
R008454,E03083,2025_H2,2025-12-15,4,3,False,Completed
R008455,E03948,2025_H2,2025-12-15,3,3,False,Completed
R008456,E01136,2025_H2,2025-12-15,3,3,False,Completed
R008457,E03840,2025_H2,2025-12-15,3,2,False,Completed
R008458,E04612,2025_H2,2025-12-15,3,4,False,Completed
R008459,E03440,2025_H2,2025-12-15,3,2,False,Completed
R008460,E04321,2025_H2,2025-12-15,5,3,False,Completed
R008461,E04900,2025_H2,2025-12-15,3,3,False,Completed
R008462,E03572,2025_H2,2025-12-15,3,3,False,Completed
R008463,E03816,2025_H2,2025-12-15,3,3,False,Completed
R008464,E04925,2025_H2,2025-12-15,1,2,True,Completed
R008465,E00249,2025_H2,2025-12-15,4,2,False,Completed
R008466,E00924,2025_H2,2025-12-15,2,3,False,Completed
R008467,E03109,2025_H2,2025-12-15,5,3,False,Pending
R008468,E04673,2025_H2,2025-12-15,5,3,False,Completed
R008469,E02295,2025_H2,2025-12-15,3,3,False,Completed
R008470,E04069,2025_H2,2025-12-15,2,3,False,Completed
R008471,E03385,2025_H2,2025-12-15,3,1,False,Completed
R008472,E00464,2025_H2,2025-12-15,4,3,False,Completed
R008473,E03270,2025_H2,2025-12-15,5,3,False,Completed
R008474,E01998,2025_H2,2025-12-15,3,4,True,Completed
R008475,E02916,2025_H2,2025-12-15,3,3,False,Completed
R008476,E02393,2025_H2,2025-12-15,3,3,False,Completed
R008477,E04847,2025_H2,2025-12-15,2,1,False,Completed
R008478,E00607,2025_H2,2025-12-15,3,2,False,Completed
R008479,E01912,2025_H2,2025-12-15,4,4,False,Completed
R008480,E04209,2025_H2,2025-12-15,1,2,False,Completed
R008481,E01836,2025_H2,2025-12-15,3,5,False,Completed
R008482,E04403,2025_H2,2025-12-15,2,5,False,Completed
R008483,E02193,2025_H2,2025-12-15,4,5,False,Completed
R008484,E04207,2025_H2,2025-12-15,3,3,False,Completed
R008485,E01435,2025_H2,2025-12-15,5,4,False,Completed
R008486,E02852,2025_H2,2025-12-15,3,2,False,Cancelled
R008487,E03835,2025_H2,2025-12-15,4,3,False,Completed
R008488,E01899,2025_H2,2025-12-15,3,2,False,Completed
R008489,E04133,2025_H2,2025-12-15,3,4,False,Pending
R008490,E02144,2025_H2,2025-12-15,3,2,True,Completed
R008491,E00087,2025_H2,2025-12-15,5,3,False,Completed
R008492,E02337,2025_H2,2025-12-15,3,2,False,Completed
R008493,E01314,2025_H2,2025-12-15,3,3,True,Cancelled
R008494,E04856,2025_H2,2025-12-15,3,4,False,Completed
R008495,E03838,2025_H2,2025-12-15,1,3,False,Completed
R008496,E04556,2025_H2,2025-12-15,2,2,False,Completed
R008497,E00680,2025_H2,2025-12-15,4,1,False,Completed
R008498,E01280,2025_H2,2025-12-15,3,3,False,Completed
R008499,E00648,2025_H2,2025-12-15,3,2,False,Completed
R008500,E02599,2025_H2,2025-12-15,2,1,False,Completed
R008501,E01302,2025_H2,2025-12-15,4,3,False,Completed
R008502,E01420,2025_H2,2025-12-15,3,3,False,Completed
R008503,E01522,2025_H2,2025-12-15,3,3,False,Completed
R008504,E01891,2025_H2,2025-12-15,4,4,False,Completed
R008505,E04816,2025_H2,2025-12-15,4,3,False,Completed
R008506,E04332,2025_H2,2025-12-15,4,1,False,Pending
R008507,E03869,2025_H2,2025-12-15,3,5,False,Completed
R008508,E04876,2025_H2,2025-12-15,4,2,False,Completed
R008509,E00896,2025_H2,2025-12-15,1,2,False,Completed
R008510,E02835,2025_H2,2025-12-15,3,4,False,Completed
R008511,E04470,2025_H2,2025-12-15,3,3,True,Completed
R008512,E01639,2025_H2,2025-12-15,4,1,False,Completed
R008513,E03619,2025_H2,2025-12-15,5,3,False,Completed
R008514,E01454,2025_H2,2025-12-15,4,3,False,Completed
R008515,E00348,2025_H2,2025-12-15,4,4,False,Completed
R008516,E01702,2025_H2,2025-12-15,5,4,False,Completed
R008517,E01737,2025_H2,2025-12-15,3,4,False,Completed
R008518,E04226,2025_H2,2025-12-15,4,3,False,Completed
R008519,E01668,2025_H2,2025-12-15,4,4,False,Completed
R008520,E00066,2025_H2,2025-12-15,3,3,False,Completed
R008521,E01221,2025_H2,2025-12-15,2,5,False,Completed
R008522,E02838,2025_H2,2025-12-15,3,3,False,Completed
R008523,E03119,2025_H2,2025-12-15,3,4,False,Completed
R008524,E04042,2025_H2,2025-12-15,3,2,False,Completed
R008525,E00789,2025_H2,2025-12-15,3,3,False,Completed
R008526,E01745,2025_H2,2025-12-15,4,4,False,Completed
R008527,E03340,2025_H2,2025-12-15,3,4,True,Completed
R008528,E03809,2025_H2,2025-12-15,3,3,False,Completed
R008529,E02164,2025_H2,2025-12-15,2,4,False,Pending
R008530,E02870,2025_H2,2025-12-15,3,2,False,Completed
R008531,E02615,2025_H2,2025-12-15,4,3,False,Completed
R008532,E00585,2025_H2,2025-12-15,4,3,False,Completed
R008533,E02264,2025_H2,2025-12-15,3,3,False,Pending
R008534,E01548,2025_H2,2025-12-15,3,3,False,Completed
R008535,E02007,2025_H2,2025-12-15,3,3,False,Completed
R008536,E03962,2025_H2,2025-12-15,3,4,False,Completed
R008537,E01003,2025_H2,2025-12-15,1,2,False,Completed
R008538,E00674,2025_H2,2025-12-15,3,3,False,Completed
R008539,E03618,2025_H2,2025-12-15,5,3,False,Completed
R008540,E03896,2025_H2,2025-12-15,3,3,False,Pending
R008541,E01240,2025_H2,2025-12-15,4,3,True,Completed
R008542,E00725,2025_H2,2025-12-15,2,3,False,Completed
R008543,E04255,2025_H2,2025-12-15,3,3,False,Completed
R008544,E01557,2025_H2,2025-12-15,3,3,False,Completed
R008545,E04675,2025_H2,2025-12-15,2,3,False,Completed
R008546,E04797,2025_H2,2025-12-15,3,3,False,Completed
R008547,E04613,2025_H2,2025-12-15,3,3,False,Completed
R008548,E04598,2025_H2,2025-12-15,3,4,False,Completed
R008549,E04912,2025_H2,2025-12-15,2,2,False,Completed
R008550,E00502,2025_H2,2025-12-15,4,4,False,Completed
R008551,E02986,2025_H2,2025-12-15,2,3,False,Completed
R008552,E03991,2025_H2,2025-12-15,3,4,False,Completed
R008553,E03379,2025_H2,2025-12-15,5,3,False,Completed
R008554,E00700,2025_H2,2025-12-15,4,4,False,Completed
R008555,E03012,2025_H2,2025-12-15,3,3,False,Completed
R008556,E01054,2025_H2,2025-12-15,3,5,False,Completed
R008557,E04272,2025_H2,2025-12-15,4,4,False,Completed
R008558,E04262,2025_H2,2025-12-15,3,3,False,Completed
R008559,E04078,2025_H2,2025-12-15,3,3,False,Completed
R008560,E01318,2025_H2,2025-12-15,3,2,False,Completed
R008561,E00761,2025_H2,2025-12-15,1,5,False,Cancelled
R008562,E00913,2025_H2,2025-12-15,3,4,False,Completed
R008563,E00973,2025_H2,2025-12-15,3,4,False,Completed
R008564,E01263,2025_H2,2025-12-15,3,3,False,Completed
R008565,E01955,2025_H2,2025-12-15,3,4,False,Completed
R008566,E00654,2025_H2,2025-12-15,3,3,False,Completed
R008567,E03588,2025_H2,2025-12-15,2,2,False,Completed
R008568,E01058,2025_H2,2025-12-15,4,3,False,Completed
R008569,E01608,2025_H2,2025-12-15,3,3,False,Completed
R008570,E03803,2025_H2,2025-12-15,2,3,False,Completed
R008571,E03168,2025_H2,2025-12-15,2,4,False,Pending
R008572,E01532,2025_H2,2025-12-15,3,3,False,Completed
R008573,E04659,2025_H2,2025-12-15,1,3,False,Completed
R008574,E03862,2025_H2,2025-12-15,2,4,True,Completed
R008575,E03958,2025_H2,2025-12-15,1,3,False,Completed
R008576,E00712,2025_H2,2025-12-15,3,3,False,Pending
R008577,E02855,2025_H2,2025-12-15,4,5,False,Cancelled
R008578,E04618,2025_H2,2025-12-15,4,3,False,Completed
R008579,E01010,2025_H2,2025-12-15,3,3,False,Completed
R008580,E01110,2025_H2,2025-12-15,2,3,False,Completed
R008581,E03476,2025_H2,2025-12-15,4,2,False,Cancelled
R008582,E04294,2025_H2,2025-12-15,2,4,True,Completed
R008583,E04483,2025_H2,2025-12-15,3,5,False,Completed
R008584,E02107,2025_H2,2025-12-15,4,4,False,Completed
R008585,E04248,2025_H2,2025-12-15,1,3,False,Completed
R008586,E03855,2025_H2,2025-12-15,2,4,False,Completed
R008587,E01995,2025_H2,2025-12-15,4,4,False,Completed
R008588,E02425,2025_H2,2025-12-15,3,4,False,Completed
R008589,E04884,2025_H2,2025-12-15,3,4,False,Completed
R008590,E02487,2025_H2,2025-12-15,3,4,False,Completed
R008591,E03614,2025_H2,2025-12-15,3,3,False,Pending
R008592,E00327,2025_H2,2025-12-15,3,5,False,Completed
R008593,E00044,2025_H2,2025-12-15,4,4,False,Completed
R008594,E04398,2025_H2,2025-12-15,3,2,False,Pending
R008595,E03153,2025_H2,2025-12-15,4,3,False,Completed
R008596,E01119,2025_H2,2025-12-15,3,4,False,Completed
R008597,E02804,2025_H2,2025-12-15,3,2,False,Completed
R008598,E04962,2025_H2,2025-12-15,3,3,False,Completed
R008599,E00681,2025_H2,2025-12-15,3,5,False,Completed
R008600,E01480,2025_H2,2025-12-15,3,4,False,Pending
R008601,E00380,2025_H2,2025-12-15,2,4,False,Completed
R008602,E04858,2025_H2,2025-12-15,2,4,True,Completed
R008603,E02999,2025_H2,2025-12-15,4,4,False,Completed
R008604,E02011,2025_H2,2025-12-15,5,3,False,Completed
R008605,E03495,2025_H2,2025-12-15,3,1,False,Completed
R008606,E04951,2025_H2,2025-12-15,3,3,False,Completed
R008607,E02096,2025_H2,2025-12-15,2,3,False,Completed
R008608,E00857,2025_H2,2025-12-15,3,2,False,Completed
R008609,E04808,2025_H2,2025-12-15,3,3,False,Completed
R008610,E02316,2025_H2,2025-12-15,5,2,False,Cancelled
R008611,E02688,2025_H2,2025-12-15,3,2,False,Completed
R008612,E01343,2025_H2,2025-12-15,3,2,False,Completed
R008613,E03203,2025_H2,2025-12-15,4,3,False,Completed
R008614,E03151,2025_H2,2025-12-15,3,5,False,Completed
R008615,E01491,2025_H2,2025-12-15,4,3,False,Completed
R008616,E03956,2025_H2,2025-12-15,2,3,False,Completed
R008617,E03953,2025_H2,2025-12-15,3,5,False,Completed
R008618,E02023,2025_H2,2025-12-15,3,4,False,Completed
R008619,E02181,2025_H2,2025-12-15,3,5,False,Completed
R008620,E03162,2025_H2,2025-12-15,2,1,False,Completed
R008621,E02140,2025_H2,2025-12-15,4,5,False,Completed
R008622,E00362,2025_H2,2025-12-15,3,4,False,Completed
R008623,E04060,2025_H2,2025-12-15,1,3,False,Completed
R008624,E03164,2025_H2,2025-12-15,2,3,False,Completed
R008625,E04375,2025_H2,2025-12-15,1,3,False,Completed
R008626,E01115,2025_H2,2025-12-15,3,2,False,Completed
R008627,E04010,2025_H2,2025-12-15,4,1,False,Completed
R008628,E04129,2025_H2,2025-12-15,3,5,False,Completed
R008629,E03582,2025_H2,2025-12-15,2,4,False,Completed
R008630,E03730,2025_H2,2025-12-15,2,3,False,Completed
R008631,E04939,2025_H2,2025-12-15,5,2,False,Completed
R008632,E01656,2025_H2,2025-12-15,4,3,False,Completed
R008633,E01358,2025_H2,2025-12-15,3,5,False,Completed
R008634,E02208,2025_H2,2025-12-15,5,3,False,Completed
R008635,E03996,2025_H2,2025-12-15,2,4,False,Completed
R008636,E02071,2025_H2,2025-12-15,2,4,False,Completed
R008637,E01791,2025_H2,2025-12-15,3,3,True,Completed
R008638,E03882,2025_H2,2025-12-15,4,5,False,Completed
R008639,E03057,2025_H2,2025-12-15,3,2,False,Completed
R008640,E03051,2025_H2,2025-12-15,4,3,False,Completed
R008641,E03827,2025_H2,2025-12-15,4,4,True,Completed
R008642,E01538,2025_H2,2025-12-15,4,3,False,Completed
R008643,E01948,2025_H2,2025-12-15,3,3,False,Completed
R008644,E03259,2025_H2,2025-12-15,4,3,False,Completed
R008645,E00995,2025_H2,2025-12-15,3,3,False,Completed
R008646,E04092,2025_H2,2025-12-15,3,1,False,Pending
R008647,E00550,2025_H2,2025-12-15,4,3,False,Completed
R008648,E02713,2025_H2,2025-12-15,3,3,False,Completed
R008649,E01404,2025_H2,2025-12-15,3,3,False,Completed
R008650,E03973,2025_H2,2025-12-15,4,3,False,Completed
R008651,E01363,2025_H2,2025-12-15,3,2,False,Completed
R008652,E03032,2025_H2,2025-12-15,4,2,False,Completed
R008653,E02167,2025_H2,2025-12-15,3,3,False,Completed
R008654,E00939,2025_H2,2025-12-15,4,3,False,Completed
R008655,E01088,2025_H2,2025-12-15,3,3,False,Pending
R008656,E01820,2025_H2,2025-12-15,3,3,False,Completed
R008657,E03533,2025_H2,2025-12-15,5,4,False,Completed
R008658,E00057,2025_H2,2025-12-15,4,5,False,Completed
R008659,E03389,2025_H2,2025-12-15,2,2,False,Completed
R008660,E00493,2025_H2,2025-12-15,4,3,False,Completed
R008661,E00092,2025_H2,2025-12-15,2,3,False,Completed
R008662,E00927,2025_H2,2025-12-15,3,2,False,Completed
R008663,E02899,2025_H2,2025-12-15,1,3,False,Pending
R008664,E00303,2025_H2,2025-12-15,1,2,False,Completed
R008665,E00191,2025_H2,2025-12-15,4,4,False,Completed
R008666,E03275,2025_H2,2025-12-15,3,5,False,Completed
R008667,E02645,2025_H2,2025-12-15,4,1,False,Completed
R008668,E00831,2025_H2,2025-12-15,3,3,False,Completed
R008669,E00042,2025_H2,2025-12-15,3,4,False,Completed
R008670,E01052,2025_H2,2025-12-15,3,4,False,Completed
R008671,E03228,2025_H2,2025-12-15,3,5,False,Pending
R008672,E00211,2025_H2,2025-12-15,2,4,False,Completed
R008673,E01601,2025_H2,2025-12-15,2,3,False,Completed
R008674,E04418,2025_H2,2025-12-15,5,4,False,Completed
R008675,E03675,2025_H2,2025-12-15,4,3,False,Completed
R008676,E04279,2025_H2,2025-12-15,3,2,False,Completed
R008677,E02396,2025_H2,2025-12-15,3,2,False,Completed
R008678,E04709,2025_H2,2025-12-15,4,3,False,Completed
R008679,E01606,2025_H2,2025-12-15,3,3,False,Completed
R008680,E00302,2025_H2,2025-12-15,3,4,False,Completed
R008681,E04652,2025_H2,2025-12-15,1,3,True,Completed
R008682,E04467,2025_H2,2025-12-15,3,4,False,Completed
R008683,E03837,2025_H2,2025-12-15,4,3,False,Completed
R008684,E02707,2025_H2,2025-12-15,3,3,False,Completed
R008685,E01004,2025_H2,2025-12-15,4,4,False,Completed
R008686,E04362,2025_H2,2025-12-15,4,3,False,Completed
R008687,E03897,2025_H2,2025-12-15,4,5,False,Completed
R008688,E03219,2025_H2,2025-12-15,3,2,False,Completed
R008689,E04260,2025_H2,2025-12-15,3,4,True,Completed
R008690,E04780,2025_H2,2025-12-15,3,3,False,Pending
R008691,E04071,2025_H2,2025-12-15,3,5,False,Completed
R008692,E04654,2025_H2,2025-12-15,2,4,False,Completed
R008693,E03454,2025_H2,2025-12-15,3,3,False,Cancelled
R008694,E04799,2025_H2,2025-12-15,4,2,False,Completed
R008695,E04108,2025_H2,2025-12-15,2,3,False,Completed
R008696,E04565,2025_H2,2025-12-15,3,3,False,Completed
R008697,E02764,2025_H2,2025-12-15,2,4,False,Completed
R008698,E01262,2025_H2,2025-12-15,3,3,False,Completed
R008699,E03420,2025_H2,2025-12-15,4,4,False,Completed
R008700,E00009,2025_H2,2025-12-15,2,3,False,Completed
R008701,E01443,2025_H2,2025-12-15,3,1,False,Pending
R008702,E01749,2025_H2,2025-12-15,4,5,True,Completed
R008703,E01670,2025_H2,2025-12-15,4,3,False,Pending
R008704,E00268,2025_H2,2025-12-15,3,3,False,Completed
R008705,E04738,2025_H2,2025-12-15,2,3,False,Completed
R008706,E04357,2025_H2,2025-12-15,3,3,False,Completed
R008707,E01444,2025_H2,2025-12-15,3,3,False,Completed
R008708,E02340,2025_H2,2025-12-15,3,3,False,Completed
R008709,E02145,2025_H2,2025-12-15,5,3,False,Completed
R008710,E03622,2025_H2,2025-12-15,3,3,False,Completed
R008711,E02695,2025_H2,2025-12-15,3,4,False,Completed
R008712,E01175,2025_H2,2025-12-15,5,5,False,Completed
R008713,E02758,2025_H2,2025-12-15,3,4,True,Completed
R008714,E04290,2025_H2,2025-12-15,4,3,False,Completed
R008715,E04068,2025_H2,2025-12-15,4,3,True,Completed
R008716,E04894,2025_H2,2025-12-15,1,3,False,Completed
R008717,E02209,2025_H2,2025-12-15,3,4,False,Completed
R008718,E04329,2025_H2,2025-12-15,3,3,False,Pending
R008719,E01815,2025_H2,2025-12-15,3,1,False,Completed
R008720,E03609,2025_H2,2025-12-15,1,3,False,Completed
R008721,E01017,2025_H2,2025-12-15,5,3,False,Completed
R008722,E04370,2025_H2,2025-12-15,2,3,False,Pending
R008723,E01521,2025_H2,2025-12-15,3,4,False,Pending
R008724,E02958,2025_H2,2025-12-15,3,3,False,Completed
R008725,E02354,2025_H2,2025-12-15,2,3,False,Completed
R008726,E01461,2025_H2,2025-12-15,3,3,False,Completed
R008727,E03516,2025_H2,2025-12-15,3,3,False,Completed
R008728,E01926,2025_H2,2025-12-15,3,1,False,Completed
R008729,E03514,2025_H2,2025-12-15,4,3,False,Completed
R008730,E03623,2025_H2,2025-12-15,3,3,False,Pending
R008731,E00494,2025_H2,2025-12-15,4,4,False,Completed
R008732,E02308,2025_H2,2025-12-15,5,4,True,Completed
R008733,E02605,2025_H2,2025-12-15,3,3,False,Completed
R008734,E04614,2025_H2,2025-12-15,5,3,False,Completed
R008735,E02562,2025_H2,2025-12-15,3,3,False,Completed
R008736,E01364,2025_H2,2025-12-15,3,2,False,Completed
R008737,E00877,2025_H2,2025-12-15,3,5,False,Completed
R008738,E01451,2025_H2,2025-12-15,3,4,False,Completed
R008739,E02811,2025_H2,2025-12-15,2,4,False,Pending
R008740,E01440,2025_H2,2025-12-15,3,3,False,Completed
R008741,E01729,2025_H2,2025-12-15,2,1,False,Completed
R008742,E04736,2025_H2,2025-12-15,4,4,False,Completed
R008743,E03272,2025_H2,2025-12-15,2,1,False,Completed
R008744,E03702,2025_H2,2025-12-15,5,4,False,Completed
R008745,E01113,2025_H2,2025-12-15,3,3,False,Pending
R008746,E00584,2025_H2,2025-12-15,2,4,False,Completed
R008747,E04522,2025_H2,2025-12-15,4,1,True,Pending
R008748,E04343,2025_H2,2025-12-15,1,3,False,Completed
R008749,E00970,2025_H2,2025-12-15,3,4,False,Completed
R008750,E04944,2025_H2,2025-12-15,5,2,False,Completed
R008751,E02028,2025_H2,2025-12-15,4,2,True,Completed
R008752,E04101,2025_H2,2025-12-15,4,3,False,Completed
R008753,E04560,2025_H2,2025-12-15,5,3,True,Completed
R008754,E04518,2025_H2,2025-12-15,4,3,False,Completed
R008755,E00660,2025_H2,2025-12-15,3,3,False,Completed
R008756,E02046,2025_H2,2025-12-15,3,4,False,Cancelled
R008757,E02204,2025_H2,2025-12-15,4,2,True,Completed
R008758,E04716,2025_H2,2025-12-15,3,2,False,Completed
R008759,E03875,2025_H2,2025-12-15,3,3,True,Completed
R008760,E00709,2025_H2,2025-12-15,3,5,False,Completed
R008761,E03312,2025_H2,2025-12-15,3,3,False,Completed
R008762,E01782,2025_H2,2025-12-15,4,3,True,Completed
R008763,E01856,2025_H2,2025-12-15,3,4,False,Completed
R008764,E04217,2025_H2,2025-12-15,3,4,True,Completed
R008765,E03481,2025_H2,2025-12-15,4,2,False,Completed
R008766,E03969,2025_H2,2025-12-15,2,4,False,Completed
R008767,E01556,2025_H2,2025-12-15,3,2,False,Completed
R008768,E00227,2025_H2,2025-12-15,3,5,False,Completed
R008769,E00424,2025_H2,2025-12-15,4,2,True,Completed
R008770,E00635,2025_H2,2025-12-15,3,4,False,Completed
R008771,E03443,2025_H2,2025-12-15,3,4,True,Completed
R008772,E04668,2025_H2,2025-12-15,5,2,False,Completed
R008773,E02542,2025_H2,2025-12-15,4,3,False,Completed
R008774,E00640,2025_H2,2025-12-15,3,4,False,Completed
R008775,E00166,2025_H2,2025-12-15,2,5,False,Pending
R008776,E02333,2025_H2,2025-12-15,2,4,False,Completed
R008777,E00646,2025_H2,2025-12-15,3,4,False,Completed
R008778,E02480,2025_H2,2025-12-15,4,4,False,Completed
R008779,E03173,2025_H2,2025-12-15,3,5,False,Completed
R008780,E02717,2025_H2,2025-12-15,2,3,False,Completed
R008781,E02631,2025_H2,2025-12-15,4,2,False,Completed
R008782,E02789,2025_H2,2025-12-15,3,3,False,Completed
R008783,E00197,2025_H2,2025-12-15,4,5,True,Completed
R008784,E02045,2025_H2,2025-12-15,3,3,False,Completed
R008785,E04046,2025_H2,2025-12-15,4,4,True,Completed
R008786,E00949,2025_H2,2025-12-15,4,3,False,Completed
R008787,E03373,2025_H2,2025-12-15,2,3,False,Completed
R008788,E03540,2025_H2,2025-12-15,2,2,False,Completed
R008789,E02158,2025_H2,2025-12-15,4,4,False,Completed
R008790,E02182,2025_H2,2025-12-15,3,2,False,Completed
R008791,E00222,2025_H2,2025-12-15,4,5,False,Completed
R008792,E00816,2025_H2,2025-12-15,4,3,False,Completed
R008793,E01980,2025_H2,2025-12-15,3,4,False,Completed
R008794,E03027,2025_H2,2025-12-15,2,3,False,Completed
R008795,E00814,2025_H2,2025-12-15,4,5,False,Completed
R008796,E01511,2025_H2,2025-12-15,2,3,False,Completed
R008797,E01957,2025_H2,2025-12-15,3,5,False,Completed
R008798,E01814,2025_H2,2025-12-15,3,5,False,Completed
R008799,E01187,2025_H2,2025-12-15,4,3,False,Completed
R008800,E04304,2025_H2,2025-12-15,4,3,False,Completed
R008801,E01679,2025_H2,2025-12-15,4,2,False,Completed
R008802,E02192,2025_H2,2025-12-15,4,1,False,Completed
R008803,E02123,2025_H2,2025-12-15,4,5,False,Completed
R008804,E04122,2025_H2,2025-12-15,3,5,False,Completed
R008805,E02224,2025_H2,2025-12-15,3,2,False,Cancelled
R008806,E04159,2025_H2,2025-12-15,3,3,False,Pending
R008807,E00797,2025_H2,2025-12-15,4,4,False,Cancelled
R008808,E04523,2025_H2,2025-12-15,4,5,False,Completed
R008809,E03248,2025_H2,2025-12-15,3,4,True,Completed
R008810,E01523,2025_H2,2025-12-15,4,3,False,Completed
R008811,E04228,2025_H2,2025-12-15,4,5,False,Completed
R008812,E01156,2025_H2,2025-12-15,3,4,False,Completed
R008813,E04049,2025_H2,2025-12-15,2,3,False,Completed
R008814,E02475,2025_H2,2025-12-15,3,4,False,Completed
R008815,E02735,2025_H2,2025-12-15,3,2,False,Completed
R008816,E01100,2025_H2,2025-12-15,4,4,False,Completed
R008817,E01287,2025_H2,2025-12-15,2,2,False,Completed
R008818,E04821,2025_H2,2025-12-15,3,2,False,Completed
R008819,E01163,2025_H2,2025-12-15,4,3,False,Completed
R008820,E00642,2025_H2,2025-12-15,5,4,True,Completed
R008821,E02056,2025_H2,2025-12-15,4,3,False,Completed
R008822,E01750,2025_H2,2025-12-15,4,3,False,Completed
R008823,E02275,2025_H2,2025-12-15,4,3,False,Completed
R008824,E01761,2025_H2,2025-12-15,5,5,True,Completed
R008825,E02694,2025_H2,2025-12-15,4,3,False,Completed
R008826,E01715,2025_H2,2025-12-15,3,3,False,Completed
R008827,E04427,2025_H2,2025-12-15,4,5,False,Completed
R008828,E03854,2025_H2,2025-12-15,2,5,False,Completed
R008829,E03662,2025_H2,2025-12-15,3,3,False,Completed
R008830,E04825,2025_H2,2025-12-15,1,3,False,Completed
R008831,E04696,2025_H2,2025-12-15,5,4,True,Completed
R008832,E00592,2025_H2,2025-12-15,3,4,True,Completed
R008833,E01794,2025_H2,2025-12-15,4,3,False,Completed
R008834,E04546,2025_H2,2025-12-15,4,4,False,Completed
R008835,E01406,2025_H2,2025-12-15,4,4,False,Completed
R008836,E02654,2025_H2,2025-12-15,4,4,False,Completed
R008837,E01592,2025_H2,2025-12-15,3,3,False,Completed
R008838,E01079,2025_H2,2025-12-15,4,3,False,Pending
R008839,E00378,2025_H2,2025-12-15,3,1,False,Completed
R008840,E00677,2025_H2,2025-12-15,5,3,False,Completed
R008841,E04031,2025_H2,2025-12-15,4,2,False,Pending
R008842,E02992,2025_H2,2025-12-15,3,3,False,Completed
R008843,E03401,2025_H2,2025-12-15,2,1,False,Pending
R008844,E03974,2025_H2,2025-12-15,3,3,False,Completed
R008845,E02280,2025_H2,2025-12-15,3,4,False,Completed
R008846,E01333,2025_H2,2025-12-15,3,3,False,Completed
R008847,E02890,2025_H2,2025-12-15,3,2,False,Completed
R008848,E02379,2025_H2,2025-12-15,3,4,False,Completed
R008849,E02593,2025_H2,2025-12-15,3,5,False,Completed
R008850,E04699,2025_H2,2025-12-15,3,3,False,Completed
R008851,E02015,2025_H2,2025-12-15,4,4,False,Completed
R008852,E03982,2025_H2,2025-12-15,3,5,False,Completed
R008853,E00567,2025_H2,2025-12-15,4,3,False,Completed
R008854,E02163,2025_H2,2025-12-15,2,2,False,Completed
R008855,E02637,2025_H2,2025-12-15,4,3,False,Pending
R008856,E01787,2025_H2,2025-12-15,4,3,False,Completed
R008857,E03352,2025_H2,2025-12-15,4,4,False,Completed
R008858,E00271,2025_H2,2025-12-15,3,3,False,Completed
R008859,E01874,2025_H2,2025-12-15,3,1,False,Completed
R008860,E01244,2025_H2,2025-12-15,3,5,False,Completed
R008861,E04140,2025_H2,2025-12-15,3,5,False,Completed
R008862,E03172,2025_H2,2025-12-15,4,3,False,Pending
R008863,E03174,2025_H2,2025-12-15,4,4,False,Completed
R008864,E04141,2025_H2,2025-12-15,3,3,False,Completed
R008865,E00484,2025_H2,2025-12-15,2,4,False,Completed
R008866,E04832,2025_H2,2025-12-15,5,3,False,Completed
R008867,E03761,2025_H2,2025-12-15,2,3,False,Completed
R008868,E00773,2025_H2,2025-12-15,3,2,False,Completed
R008869,E01931,2025_H2,2025-12-15,3,2,False,Completed
R008870,E04223,2025_H2,2025-12-15,2,4,False,Completed
R008871,E02689,2025_H2,2025-12-15,4,2,True,Completed
R008872,E03634,2025_H2,2025-12-15,4,3,False,Completed
R008873,E04681,2025_H2,2025-12-15,3,4,False,Pending
R008874,E03489,2025_H2,2025-12-15,3,3,False,Completed
R008875,E02955,2025_H2,2025-12-15,3,3,False,Completed
R008876,E04826,2025_H2,2025-12-15,2,2,False,Completed
R008877,E04520,2025_H2,2025-12-15,2,3,False,Completed
R008878,E02603,2025_H2,2025-12-15,5,4,True,Completed
R008879,E02199,2025_H2,2025-12-15,3,5,False,Completed
R008880,E02536,2025_H2,2025-12-15,3,3,False,Completed
R008881,E01591,2025_H2,2025-12-15,3,3,False,Completed
R008882,E04855,2025_H2,2025-12-15,3,4,False,Completed
R008883,E01875,2025_H2,2025-12-15,1,3,False,Completed
R008884,E03802,2025_H2,2025-12-15,3,3,False,Completed
R008885,E02335,2025_H2,2025-12-15,3,3,False,Completed
R008886,E04073,2025_H2,2025-12-15,4,3,False,Completed
R008887,E02112,2025_H2,2025-12-15,2,3,False,Completed
R008888,E02928,2025_H2,2025-12-15,2,1,False,Completed
R008889,E02836,2025_H2,2025-12-15,2,3,False,Completed
R008890,E02365,2025_H2,2025-12-15,3,4,False,Completed
R008891,E04953,2025_H2,2025-12-15,3,2,False,Cancelled
R008892,E01828,2025_H2,2025-12-15,3,3,False,Cancelled
R008893,E01223,2025_H2,2025-12-15,2,2,False,Completed
R008894,E01781,2025_H2,2025-12-15,4,3,False,Completed
R008895,E04640,2025_H2,2025-12-15,2,3,False,Pending
R008896,E01959,2025_H2,2025-12-15,3,3,False,Completed
R008897,E03872,2025_H2,2025-12-15,4,1,False,Completed
R008898,E02339,2025_H2,2025-12-15,3,4,False,Completed
R008899,E04210,2025_H2,2025-12-15,2,4,False,Completed
R008900,E02801,2025_H2,2025-12-15,3,4,True,Completed
R008901,E01921,2025_H2,2025-12-15,2,5,False,Completed
R008902,E03599,2025_H2,2025-12-15,3,2,False,Completed
R008903,E04934,2025_H2,2025-12-15,4,5,True,Completed
R008904,E00054,2025_H2,2025-12-15,1,4,False,Completed
R008905,E01520,2025_H2,2025-12-15,3,2,False,Completed
R008906,E02177,2025_H2,2025-12-15,4,3,False,Completed
R008907,E02117,2025_H2,2025-12-15,2,4,False,Completed
R008908,E01664,2025_H2,2025-12-15,4,2,False,Completed
R008909,E03711,2025_H2,2025-12-15,4,5,False,Cancelled
R008910,E02320,2025_H2,2025-12-15,5,3,False,Completed
R008911,E02412,2025_H2,2025-12-15,5,3,True,Completed
R008912,E04643,2025_H2,2025-12-15,4,5,False,Completed
R008913,E02110,2025_H2,2025-12-15,4,3,False,Pending
R008914,E02922,2025_H2,2025-12-15,4,2,False,Completed
R008915,E04604,2025_H2,2025-12-15,3,2,False,Completed
R008916,E02298,2025_H2,2025-12-15,3,3,False,Completed
R008917,E00414,2025_H2,2025-12-15,2,2,False,Completed
R008918,E03022,2025_H2,2025-12-15,3,5,False,Completed
R008919,E01279,2025_H2,2025-12-15,3,4,False,Completed
R008920,E02284,2025_H2,2025-12-15,4,2,False,Pending
R008921,E00630,2025_H2,2025-12-15,4,3,False,Completed
R008922,E01857,2025_H2,2025-12-15,4,4,True,Completed
R008923,E04270,2025_H2,2025-12-15,3,3,False,Completed
R008924,E03985,2025_H2,2025-12-15,4,4,False,Completed
R008925,E02285,2025_H2,2025-12-15,2,3,False,Completed
R008926,E03419,2025_H2,2025-12-15,4,3,False,Pending
R008927,E04305,2025_H2,2025-12-15,2,4,False,Completed
R008928,E00732,2025_H2,2025-12-15,4,4,False,Completed
R008929,E03858,2025_H2,2025-12-15,3,5,False,Completed
R008930,E04599,2025_H2,2025-12-15,4,2,False,Completed
R008931,E04171,2025_H2,2025-12-15,4,4,False,Completed
R008932,E03507,2025_H2,2025-12-15,5,3,False,Completed
R008933,E03082,2025_H2,2025-12-15,3,4,False,Pending
R008934,E00068,2025_H2,2025-12-15,3,2,False,Completed
R008935,E03143,2025_H2,2025-12-15,4,3,False,Completed
R008936,E04555,2025_H2,2025-12-15,2,5,False,Cancelled
R008937,E02622,2025_H2,2025-12-15,4,2,False,Pending
R008938,E01531,2025_H2,2025-12-15,4,3,False,Completed
R008939,E00519,2025_H2,2025-12-15,3,4,False,Completed
R008940,E02715,2025_H2,2025-12-15,4,3,False,Completed
R008941,E04892,2025_H2,2025-12-15,3,2,False,Completed
R008942,E02411,2025_H2,2025-12-15,2,3,False,Completed
R008943,E02505,2025_H2,2025-12-15,4,3,True,Completed
R008944,E02334,2025_H2,2025-12-15,4,3,False,Completed
R008945,E03135,2025_H2,2025-12-15,4,3,False,Completed
R008946,E04298,2025_H2,2025-12-15,3,5,True,Completed
R008947,E01855,2025_H2,2025-12-15,4,2,False,Cancelled
R008948,E03913,2025_H2,2025-12-15,3,1,False,Completed
R008949,E03261,2025_H2,2025-12-15,3,3,False,Completed
R008950,E00113,2025_H2,2025-12-15,3,3,False,Completed
R008951,E03794,2025_H2,2025-12-15,2,4,False,Completed
R008952,E03534,2025_H2,2025-12-15,4,3,False,Cancelled
R008953,E02630,2025_H2,2025-12-15,3,4,False,Completed
R008954,E04137,2025_H2,2025-12-15,3,2,False,Completed
R008955,E02119,2025_H2,2025-12-15,2,3,False,Completed
R008956,E01914,2025_H2,2025-12-15,2,2,False,Completed
R008957,E03276,2025_H2,2025-12-15,3,2,False,Completed
R008958,E03395,2025_H2,2025-12-15,3,3,False,Completed
R008959,E03691,2025_H2,2025-12-15,3,3,False,Completed
R008960,E02558,2025_H2,2025-12-15,3,5,False,Completed
R008961,E00776,2025_H2,2025-12-15,3,1,False,Cancelled
R008962,E03768,2025_H2,2025-12-15,3,2,False,Completed
R008963,E03847,2025_H2,2025-12-15,3,3,False,Completed
R008964,E02029,2025_H2,2025-12-15,3,3,False,Completed
R008965,E01219,2025_H2,2025-12-15,2,4,False,Completed
R008966,E00080,2025_H2,2025-12-15,3,3,False,Completed
R008967,E03527,2025_H2,2025-12-15,2,4,False,Completed
R008968,E04538,2025_H2,2025-12-15,4,3,False,Completed
R008969,E00234,2025_H2,2025-12-15,1,2,False,Completed
R008970,E03346,2025_H2,2025-12-15,4,2,False,Completed
R008971,E03462,2025_H2,2025-12-15,4,1,False,Completed
R008972,E00768,2025_H2,2025-12-15,2,3,False,Completed
R008973,E02698,2025_H2,2025-12-15,2,3,False,Completed
R008974,E01215,2025_H2,2025-12-15,2,4,False,Pending
R008975,E04669,2025_H2,2025-12-15,2,5,False,Completed
R008976,E01312,2025_H2,2025-12-15,5,2,False,Pending
R008977,E03994,2025_H2,2025-12-15,3,3,False,Completed
R008978,E00406,2025_H2,2025-12-15,4,5,False,Completed
R008979,E01168,2025_H2,2025-12-15,4,3,False,Pending
R008980,E00365,2025_H2,2025-12-15,4,5,False,Completed
R008981,E03579,2025_H2,2025-12-15,5,5,False,Completed
R008982,E00865,2025_H2,2025-12-15,4,3,False,Completed
R008983,E01427,2025_H2,2025-12-15,3,2,False,Pending
R008984,E01868,2025_H2,2025-12-15,3,1,False,Pending
R008985,E00546,2025_H2,2025-12-15,3,5,True,Completed
R008986,E02612,2025_H2,2025-12-15,3,3,False,Pending
R008987,E01839,2025_H2,2025-12-15,3,5,False,Pending
R008988,E04352,2025_H2,2025-12-15,2,3,False,Completed
R008989,E04381,2025_H2,2025-12-15,3,3,False,Completed
R008990,E00608,2025_H2,2025-12-15,3,3,False,Completed
R008991,E01338,2025_H2,2025-12-15,4,4,False,Completed
R008992,E00850,2025_H2,2025-12-15,3,5,False,Pending
R008993,E03689,2025_H2,2025-12-15,5,2,False,Completed
R008994,E00300,2025_H2,2025-12-15,2,3,False,Completed
R008995,E04441,2025_H2,2025-12-15,3,1,False,Completed
R008996,E03063,2025_H2,2025-12-15,5,4,False,Completed
R008997,E02432,2025_H2,2025-12-15,5,3,False,Completed
R008998,E04989,2025_H2,2025-12-15,5,5,False,Completed
R008999,E03322,2025_H2,2025-12-15,3,4,False,Completed
R009000,E04585,2025_H2,2025-12-15,3,4,False,Completed
R009001,E00872,2025_H2,2025-12-15,2,4,False,Completed
R009002,E01871,2025_H2,2025-12-15,3,3,False,Completed
R009003,E03926,2025_H2,2025-12-15,3,3,False,Completed
R009004,E03539,2025_H2,2025-12-15,3,3,False,Completed
R009005,E02225,2025_H2,2025-12-15,3,3,False,Completed
R009006,E02555,2025_H2,2025-12-15,5,5,False,Completed
R009007,E02010,2025_H2,2025-12-15,3,2,False,Completed
R009008,E04033,2025_H2,2025-12-15,3,1,False,Completed
R009009,E03785,2025_H2,2025-12-15,5,1,False,Completed
R009010,E04774,2025_H2,2025-12-15,2,4,False,Completed
R009011,E02544,2025_H2,2025-12-15,5,3,False,Completed
R009012,E01561,2025_H2,2025-12-15,5,3,False,Completed
R009013,E02187,2025_H2,2025-12-15,3,4,False,Completed
R009014,E01982,2025_H2,2025-12-15,4,4,False,Completed
R009015,E04955,2025_H2,2025-12-15,4,3,False,Completed
R009016,E03365,2025_H2,2025-12-15,4,2,True,Completed
R009017,E03253,2025_H2,2025-12-15,5,3,False,Completed
R009018,E04469,2025_H2,2025-12-15,3,4,False,Completed
R009019,E04568,2025_H2,2025-12-15,1,3,False,Completed
R009020,E04190,2025_H2,2025-12-15,4,2,False,Completed
R009021,E01927,2025_H2,2025-12-15,3,3,False,Completed
R009022,E01060,2025_H2,2025-12-15,4,4,False,Completed
R009023,E00226,2025_H2,2025-12-15,4,5,False,Completed
R009024,E04299,2025_H2,2025-12-15,3,4,True,Completed
R009025,E01109,2025_H2,2025-12-15,3,3,False,Completed
R009026,E02982,2025_H2,2025-12-15,3,3,False,Cancelled
R009027,E01688,2025_H2,2025-12-15,2,3,False,Completed
R009028,E03908,2025_H2,2025-12-15,3,3,False,Completed
R009029,E03418,2025_H2,2025-12-15,3,3,False,Completed
R009030,E00255,2025_H2,2025-12-15,3,2,False,Completed
R009031,E02588,2025_H2,2025-12-15,3,3,False,Completed
R009032,E01946,2025_H2,2025-12-15,2,5,False,Completed
R009033,E04075,2025_H2,2025-12-15,3,4,True,Completed
R009034,E02331,2025_H2,2025-12-15,3,4,True,Completed
R009035,E03674,2025_H2,2025-12-15,2,2,False,Completed
R009036,E03239,2025_H2,2025-12-15,3,3,False,Completed
R009037,E00869,2025_H2,2025-12-15,5,5,False,Completed
R009038,E00156,2025_H2,2025-12-15,5,3,False,Completed
R009039,E01140,2025_H2,2025-12-15,5,4,True,Cancelled
R009040,E00779,2025_H2,2025-12-15,4,4,False,Completed
R009041,E04677,2025_H2,2025-12-15,4,4,False,Completed
R009042,E03672,2025_H2,2025-12-15,3,4,False,Completed
R009043,E04663,2025_H2,2025-12-15,3,3,False,Completed
R009044,E04885,2025_H2,2025-12-15,3,1,False,Completed
R009045,E01991,2025_H2,2025-12-15,3,1,False,Completed
R009046,E00955,2025_H2,2025-12-15,3,3,False,Completed
R009047,E00575,2025_H2,2025-12-15,3,3,False,Cancelled
R009048,E03522,2025_H2,2025-12-15,2,2,False,Completed
R009049,E02413,2025_H2,2025-12-15,3,5,False,Completed
R009050,E02712,2025_H2,2025-12-15,3,3,False,Completed
R009051,E01997,2025_H2,2025-12-15,4,3,False,Completed
R009052,E03749,2025_H2,2025-12-15,5,1,False,Completed
R009053,E01357,2025_H2,2025-12-15,4,5,False,Completed
R009054,E02328,2025_H2,2025-12-15,3,4,False,Completed
R009055,E03090,2025_H2,2025-12-15,3,4,False,Completed
R009056,E01934,2025_H2,2025-12-15,2,3,False,Completed
R009057,E00400,2025_H2,2025-12-15,3,4,False,Completed
R009058,E01638,2025_H2,2025-12-15,4,1,False,Completed
R009059,E02353,2025_H2,2025-12-15,3,2,False,Completed
R009060,E00828,2025_H2,2025-12-15,3,1,False,Completed
R009061,E04881,2025_H2,2025-12-15,3,4,False,Completed
R009062,E00115,2025_H2,2025-12-15,2,3,False,Completed
R009063,E00231,2025_H2,2025-12-15,4,4,False,Pending
R009064,E01135,2025_H2,2025-12-15,3,3,False,Completed
R009065,E03283,2025_H2,2025-12-15,5,3,False,Completed
R009066,E02313,2025_H2,2025-12-15,3,4,False,Completed
R009067,E03955,2025_H2,2025-12-15,2,3,False,Completed
R009068,E02047,2025_H2,2025-12-15,3,2,False,Completed
R009069,E04620,2025_H2,2025-12-15,3,2,False,Completed
R009070,E04771,2025_H2,2025-12-15,3,3,False,Completed
R009071,E01721,2025_H2,2025-12-15,3,3,False,Completed
R009072,E00698,2025_H2,2025-12-15,3,2,False,Completed
R009073,E04463,2025_H2,2025-12-15,4,2,False,Completed
R009074,E00586,2025_H2,2025-12-15,3,2,False,Completed
R009075,E04521,2025_H2,2025-12-15,3,3,False,Completed
R009076,E03114,2025_H2,2025-12-15,3,5,False,Pending
R009077,E00431,2025_H2,2025-12-15,3,2,False,Pending
R009078,E04310,2025_H2,2025-12-15,5,4,False,Completed
R009079,E01559,2025_H2,2025-12-15,4,4,False,Completed
R009080,E02084,2025_H2,2025-12-15,4,3,False,Completed
R009081,E03747,2025_H2,2025-12-15,3,4,True,Completed
R009082,E03530,2025_H2,2025-12-15,2,3,False,Completed
R009083,E00663,2025_H2,2025-12-15,4,4,False,Completed
R009084,E01526,2025_H2,2025-12-15,4,5,False,Completed
R009085,E04745,2025_H2,2025-12-15,3,4,False,Completed
R009086,E03784,2025_H2,2025-12-15,3,3,False,Cancelled
R009087,E03363,2025_H2,2025-12-15,4,3,False,Completed
R009088,E00650,2025_H2,2025-12-15,4,2,False,Completed
R009089,E03888,2025_H2,2025-12-15,5,3,False,Completed
R009090,E01191,2025_H2,2025-12-15,1,3,False,Completed
R009091,E01588,2025_H2,2025-12-15,3,2,False,Completed
R009092,E01586,2025_H2,2025-12-15,4,3,False,Cancelled
R009093,E02685,2025_H2,2025-12-15,3,5,True,Completed
R009094,E00136,2025_H2,2025-12-15,5,1,False,Completed
R009095,E00257,2025_H2,2025-12-15,3,5,False,Completed
R009096,E02377,2025_H2,2025-12-15,1,3,False,Completed
R009097,E01616,2025_H2,2025-12-15,4,3,False,Completed
R009098,E03774,2025_H2,2025-12-15,1,4,False,Completed
R009099,E00475,2025_H2,2025-12-15,3,3,True,Completed
R009100,E04976,2025_H2,2025-12-15,3,3,False,Completed
R009101,E01581,2025_H2,2025-12-15,3,5,False,Completed
R009102,E04864,2025_H2,2025-12-15,3,3,False,Completed
R009103,E02807,2025_H2,2025-12-15,4,2,False,Completed
R009104,E03648,2025_H2,2025-12-15,2,4,True,Completed
R009105,E03496,2025_H2,2025-12-15,4,3,False,Completed
R009106,E01493,2025_H2,2025-12-15,1,3,False,Completed
R009107,E03549,2025_H2,2025-12-15,3,1,False,Completed
R009108,E00845,2025_H2,2025-12-15,3,4,False,Pending
R009109,E01154,2025_H2,2025-12-15,5,3,False,Completed
R009110,E01356,2025_H2,2025-12-15,4,3,False,Completed
R009111,E01235,2025_H2,2025-12-15,3,3,False,Completed
R009112,E01669,2025_H2,2025-12-15,3,3,False,Completed
R009113,E03564,2025_H2,2025-12-15,3,4,False,Pending
R009114,E00447,2025_H2,2025-12-15,2,3,False,Completed
R009115,E01923,2025_H2,2025-12-15,4,4,False,Completed
R009116,E00720,2025_H2,2025-12-15,3,4,False,Completed
R009117,E00801,2025_H2,2025-12-15,3,4,False,Completed
R009118,E04710,2025_H2,2025-12-15,4,3,False,Completed
R009119,E01584,2025_H2,2025-12-15,5,3,False,Completed
R009120,E04278,2025_H2,2025-12-15,3,3,False,Completed
R009121,E01211,2025_H2,2025-12-15,3,3,False,Completed
R009122,E00357,2025_H2,2025-12-15,3,3,False,Completed
R009123,E03005,2025_H2,2025-12-15,5,4,False,Completed
R009124,E02518,2025_H2,2025-12-15,2,3,False,Completed
R009125,E02433,2025_H2,2025-12-15,2,3,False,Completed
R009126,E04346,2025_H2,2025-12-15,3,4,False,Completed
R009127,E03830,2025_H2,2025-12-15,4,2,False,Completed
R009128,E03724,2025_H2,2025-12-15,4,3,False,Completed
R009129,E04384,2025_H2,2025-12-15,3,3,False,Completed
R009130,E03232,2025_H2,2025-12-15,3,3,False,Cancelled
R009131,E02282,2025_H2,2025-12-15,4,3,False,Completed
R009132,E03091,2025_H2,2025-12-15,3,3,False,Completed
R009133,E00323,2025_H2,2025-12-15,4,4,False,Pending
R009134,E02748,2025_H2,2025-12-15,4,4,True,Completed
R009135,E03421,2025_H2,2025-12-15,5,5,True,Completed
R009136,E04627,2025_H2,2025-12-15,3,3,False,Completed
R009137,E00133,2025_H2,2025-12-15,3,4,False,Completed
R009138,E00074,2025_H2,2025-12-15,2,4,False,Completed
R009139,E01595,2025_H2,2025-12-15,4,4,False,Completed
R009140,E01743,2025_H2,2025-12-15,5,3,True,Completed
R009141,E00437,2025_H2,2025-12-15,3,5,False,Completed
R009142,E02373,2025_H2,2025-12-15,4,3,True,Completed
R009143,E02200,2025_H2,2025-12-15,4,2,False,Completed
R009144,E02201,2025_H2,2025-12-15,4,4,True,Completed
R009145,E02176,2025_H2,2025-12-15,4,1,False,Completed
R009146,E00254,2025_H2,2025-12-15,3,3,False,Pending
R009147,E02429,2025_H2,2025-12-15,5,4,False,Completed
R009148,E01842,2025_H2,2025-12-15,2,3,False,Pending
R009149,E03692,2025_H2,2025-12-15,3,2,True,Completed
R009150,E03226,2025_H2,2025-12-15,5,3,False,Completed
R009151,E03229,2025_H2,2025-12-15,3,3,False,Completed
R009152,E01186,2025_H2,2025-12-15,5,3,False,Completed
R009153,E04833,2025_H2,2025-12-15,4,3,False,Completed
R009154,E00643,2025_H2,2025-12-15,4,4,False,Completed
R009155,E04706,2025_H2,2025-12-15,2,3,False,Completed
R009156,E04175,2025_H2,2025-12-15,4,3,False,Completed
R009157,E03928,2025_H2,2025-12-15,2,4,False,Completed
R009158,E00103,2025_H2,2025-12-15,3,1,True,Completed
R009159,E03639,2025_H2,2025-12-15,4,3,True,Completed
R009160,E02812,2025_H2,2025-12-15,3,3,False,Completed
R009161,E03295,2025_H2,2025-12-15,1,3,False,Completed
R009162,E00659,2025_H2,2025-12-15,5,3,False,Completed
R009163,E04803,2025_H2,2025-12-15,4,4,False,Completed
R009164,E03743,2025_H2,2025-12-15,3,2,False,Completed
R009165,E04682,2025_H2,2025-12-15,1,4,False,Completed
R009166,E03105,2025_H2,2025-12-15,2,3,False,Completed
R009167,E04788,2025_H2,2025-12-15,2,4,False,Cancelled
R009168,E02962,2025_H2,2025-12-15,3,4,False,Completed
R009169,E00344,2025_H2,2025-12-15,4,3,False,Completed
R009170,E02974,2025_H2,2025-12-15,3,4,False,Completed
R009171,E03670,2025_H2,2025-12-15,4,3,True,Completed
R009172,E00306,2025_H2,2025-12-15,5,3,False,Completed
R009173,E03894,2025_H2,2025-12-15,5,4,False,Completed
R009174,E00278,2025_H2,2025-12-15,3,3,False,Completed
R009175,E00173,2025_H2,2025-12-15,4,3,False,Completed
R009176,E01158,2025_H2,2025-12-15,5,4,False,Completed
R009177,E02778,2025_H2,2025-12-15,3,4,False,Completed
R009178,E04066,2025_H2,2025-12-15,5,3,False,Completed
R009179,E00015,2025_H2,2025-12-15,4,3,False,Completed
R009180,E01127,2025_H2,2025-12-15,4,3,False,Completed
R009181,E03580,2025_H2,2025-12-15,2,3,False,Completed
R009182,E01208,2025_H2,2025-12-15,4,3,False,Completed
R009183,E03918,2025_H2,2025-12-15,4,3,False,Completed
R009184,E02629,2025_H2,2025-12-15,3,4,False,Completed
R009185,E02519,2025_H2,2025-12-15,4,3,False,Completed
R009186,E00487,2025_H2,2025-12-15,3,3,False,Completed
R009187,E02990,2025_H2,2025-12-15,4,3,False,Completed
R009188,E03842,2025_H2,2025-12-15,4,3,False,Completed
R009189,E02492,2025_H2,2025-12-15,3,4,False,Completed
R009190,E04632,2025_H2,2025-12-15,3,3,False,Completed
R009191,E01306,2025_H2,2025-12-15,4,3,False,Completed
R009192,E00364,2025_H2,2025-12-15,4,3,False,Pending
R009193,E00118,2025_H2,2025-12-15,3,4,False,Completed
R009194,E04800,2025_H2,2025-12-15,3,3,False,Completed
R009195,E00785,2025_H2,2025-12-15,3,2,False,Completed
R009196,E00914,2025_H2,2025-12-15,5,4,False,Completed
R009197,E02566,2025_H2,2025-12-15,3,3,False,Completed
R009198,E00988,2025_H2,2025-12-15,3,1,False,Completed
R009199,E02499,2025_H2,2025-12-15,3,3,False,Completed
R009200,E03947,2025_H2,2025-12-15,3,3,False,Completed
R009201,E01534,2025_H2,2025-12-15,3,5,False,Completed
R009202,E02188,2025_H2,2025-12-15,5,5,True,Completed
R009203,E04641,2025_H2,2025-12-15,3,4,False,Completed
R009204,E04674,2025_H2,2025-12-15,3,3,True,Completed
R009205,E02830,2025_H2,2025-12-15,1,3,False,Completed
R009206,E02082,2025_H2,2025-12-15,3,1,False,Completed
R009207,E03453,2025_H2,2025-12-15,3,5,False,Completed
R009208,E04802,2025_H2,2025-12-15,4,4,False,Cancelled
R009209,E02762,2025_H2,2025-12-15,3,1,False,Completed
R009210,E04801,2025_H2,2025-12-15,2,4,False,Completed
R009211,E04409,2025_H2,2025-12-15,3,3,False,Completed
R009212,E02465,2025_H2,2025-12-15,4,2,False,Completed
R009213,E03319,2025_H2,2025-12-15,3,3,False,Completed
R009214,E00238,2025_H2,2025-12-15,3,4,False,Completed
R009215,E00061,2025_H2,2025-12-15,4,4,True,Completed
R009216,E02705,2025_H2,2025-12-15,2,3,False,Completed
R009217,E03017,2025_H2,2025-12-15,3,3,False,Completed
R009218,E00781,2025_H2,2025-12-15,4,3,False,Completed
R009219,E02061,2025_H2,2025-12-15,3,3,False,Completed
R009220,E01196,2025_H2,2025-12-15,3,5,False,Completed
R009221,E02155,2025_H2,2025-12-15,3,1,False,Completed
R009222,E04446,2025_H2,2025-12-15,3,3,False,Completed
R009223,E00898,2025_H2,2025-12-15,3,4,False,Completed
R009224,E03161,2025_H2,2025-12-15,4,3,False,Completed
R009225,E01774,2025_H2,2025-12-15,3,1,False,Completed
R009226,E04990,2025_H2,2025-12-15,3,1,False,Completed
R009227,E03532,2025_H2,2025-12-15,4,4,False,Completed
R009228,E02148,2025_H2,2025-12-15,3,3,False,Completed
R009229,E02418,2025_H2,2025-12-15,2,1,False,Completed
R009230,E00908,2025_H2,2025-12-15,4,1,False,Completed
R009231,E01764,2025_H2,2025-12-15,3,2,False,Completed
R009232,E04932,2025_H2,2025-12-15,3,3,False,Completed
R009233,E04957,2025_H2,2025-12-15,3,3,False,Completed
R009234,E00714,2025_H2,2025-12-15,4,1,False,Completed
R009235,E00401,2025_H2,2025-12-15,5,3,False,Pending
R009236,E01748,2025_H2,2025-12-15,3,4,True,Completed
R009237,E02908,2025_H2,2025-12-15,4,2,False,Completed
R009238,E00965,2025_H2,2025-12-15,3,3,False,Completed
R009239,E03011,2025_H2,2025-12-15,4,4,False,Cancelled
R009240,E02614,2025_H2,2025-12-15,3,4,False,Pending
R009241,E04099,2025_H2,2025-12-15,3,3,False,Completed
R009242,E03002,2025_H2,2025-12-15,4,3,False,Completed
R009243,E03627,2025_H2,2025-12-15,4,5,False,Completed
R009244,E04878,2025_H2,2025-12-15,3,3,False,Completed
R009245,E00929,2025_H2,2025-12-15,3,4,False,Completed
R009246,E00085,2025_H2,2025-12-15,3,3,True,Completed
R009247,E01330,2025_H2,2025-12-15,3,3,False,Completed
R009248,E04146,2025_H2,2025-12-15,2,3,False,Completed
R009249,E01469,2025_H2,2025-12-15,3,3,False,Completed
R009250,E01247,2025_H2,2025-12-15,5,4,False,Completed
R009251,E02279,2025_H2,2025-12-15,2,2,False,Completed
R009252,E03583,2025_H2,2025-12-15,3,3,False,Completed
R009253,E03412,2025_H2,2025-12-15,5,3,False,Completed
R009254,E00318,2025_H2,2025-12-15,2,4,False,Completed
R009255,E00670,2025_H2,2025-12-15,4,2,False,Completed
R009256,E00030,2025_H2,2025-12-15,4,3,False,Completed
R009257,E03598,2025_H2,2025-12-15,4,3,False,Pending
R009258,E03694,2025_H2,2025-12-15,3,3,False,Completed
R009259,E02272,2025_H2,2025-12-15,3,4,False,Completed
R009260,E01563,2025_H2,2025-12-15,3,2,False,Completed
R009261,E01739,2025_H2,2025-12-15,4,4,False,Cancelled
R009262,E04936,2025_H2,2025-12-15,3,3,False,Completed
R009263,E03024,2025_H2,2025-12-15,3,3,False,Completed
R009264,E01080,2025_H2,2025-12-15,3,3,False,Completed
R009265,E04238,2025_H2,2025-12-15,3,3,False,Completed
R009266,E03088,2025_H2,2025-12-15,3,3,False,Completed
R009267,E00685,2025_H2,2025-12-15,3,4,False,Completed
R009268,E02311,2025_H2,2025-12-15,4,3,False,Completed
R009269,E02256,2025_H2,2025-12-15,4,3,False,Completed
R009270,E04703,2025_H2,2025-12-15,3,4,False,Completed
R009271,E03156,2025_H2,2025-12-15,3,4,False,Completed
R009272,E03755,2025_H2,2025-12-15,5,2,False,Completed
R009273,E04606,2025_H2,2025-12-15,4,3,False,Pending
R009274,E01994,2025_H2,2025-12-15,2,2,False,Completed
R009275,E00379,2025_H2,2025-12-15,4,3,False,Completed
R009276,E03104,2025_H2,2025-12-15,4,4,False,Completed
R009277,E03693,2025_H2,2025-12-15,4,3,True,Completed
R009278,E04419,2025_H2,2025-12-15,3,3,False,Completed
R009279,E00888,2025_H2,2025-12-15,3,3,False,Completed
R009280,E02074,2025_H2,2025-12-15,5,3,False,Cancelled
R009281,E01307,2025_H2,2025-12-15,3,3,False,Completed
R009282,E00969,2025_H2,2025-12-15,4,4,False,Completed
R009283,E03753,2025_H2,2025-12-15,3,3,False,Completed
R009284,E02357,2025_H2,2025-12-15,4,3,False,Completed
R009285,E03752,2025_H2,2025-12-15,3,3,False,Completed
R009286,E01409,2025_H2,2025-12-15,4,5,False,Completed
R009287,E01734,2025_H2,2025-12-15,3,3,False,Completed
R009288,E04371,2025_H2,2025-12-15,4,4,False,Completed
R009289,E01667,2025_H2,2025-12-15,3,2,False,Completed
R009290,E03478,2025_H2,2025-12-15,5,4,False,Completed
R009291,E01665,2025_H2,2025-12-15,2,2,False,Completed
R009292,E03218,2025_H2,2025-12-15,5,2,False,Completed
R009293,E00461,2025_H2,2025-12-15,3,4,False,Completed
R009294,E01889,2025_H2,2025-12-15,5,4,False,Completed
R009295,E00179,2025_H2,2025-12-15,3,4,False,Completed
R009296,E00295,2025_H2,2025-12-15,3,2,False,Completed
R009297,E02684,2025_H2,2025-12-15,4,3,False,Pending
R009298,E03786,2025_H2,2025-12-15,3,2,False,Completed
R009299,E01873,2025_H2,2025-12-15,2,4,False,Pending
R009300,E01344,2025_H2,2025-12-15,3,4,False,Completed
R009301,E01579,2025_H2,2025-12-15,3,3,False,Completed
R009302,E00621,2025_H2,2025-12-15,3,3,False,Completed
R009303,E04245,2025_H2,2025-12-15,5,3,False,Completed
R009304,E03707,2025_H2,2025-12-15,4,3,True,Completed
R009305,E00381,2025_H2,2025-12-15,1,3,False,Completed
R009306,E04392,2025_H2,2025-12-15,2,4,False,Completed
R009307,E04863,2025_H2,2025-12-15,3,2,False,Completed
R009308,E03484,2025_H2,2025-12-15,5,3,False,Completed
R009309,E02959,2025_H2,2025-12-15,3,2,False,Completed
R009310,E03944,2025_H2,2025-12-15,3,5,True,Completed
R009311,E01630,2025_H2,2025-12-15,5,3,False,Completed
R009312,E02892,2025_H2,2025-12-15,2,4,False,Completed
R009313,E01659,2025_H2,2025-12-15,3,3,False,Completed
R009314,E03585,2025_H2,2025-12-15,3,3,False,Completed
R009315,E04964,2025_H2,2025-12-15,3,3,False,Completed
R009316,E02476,2025_H2,2025-12-15,3,3,False,Completed
R009317,E03230,2025_H2,2025-12-15,3,3,False,Completed
R009318,E00373,2025_H2,2025-12-15,3,5,False,Completed
R009319,E02904,2025_H2,2025-12-15,3,3,False,Pending
R009320,E01258,2025_H2,2025-12-15,2,3,False,Completed
R009321,E01045,2025_H2,2025-12-15,4,3,False,Completed
R009322,E00903,2025_H2,2025-12-15,4,2,False,Completed
R009323,E01486,2025_H2,2025-12-15,5,3,False,Completed
R009324,E01681,2025_H2,2025-12-15,4,3,False,Completed
R009325,E00185,2025_H2,2025-12-15,3,3,False,Completed
R009326,E00170,2025_H2,2025-12-15,3,5,False,Completed
R009327,E03354,2025_H2,2025-12-15,4,2,False,Completed
R009328,E02035,2025_H2,2025-12-15,3,2,False,Pending
R009329,E01381,2025_H2,2025-12-15,1,4,False,Completed
R009330,E03836,2025_H2,2025-12-15,4,3,False,Pending
R009331,E00616,2025_H2,2025-12-15,5,5,False,Cancelled
R009332,E03771,2025_H2,2025-12-15,3,3,False,Completed
R009333,E04743,2025_H2,2025-12-15,2,3,False,Completed
R009334,E02291,2025_H2,2025-12-15,2,3,False,Completed
R009335,E03738,2025_H2,2025-12-15,1,4,True,Completed
R009336,E00794,2025_H2,2025-12-15,3,2,False,Completed
R009337,E02862,2025_H2,2025-12-15,1,5,False,Completed
R009338,E01800,2025_H2,2025-12-15,3,2,False,Completed
R009339,E03435,2025_H2,2025-12-15,5,3,False,Completed
R009340,E03171,2025_H2,2025-12-15,2,4,False,Completed
R009341,E01397,2025_H2,2025-12-15,5,3,False,Completed
R009342,E04359,2025_H2,2025-12-15,3,3,False,Completed
R009343,E04028,2025_H2,2025-12-15,3,3,False,Completed
R009344,E04431,2025_H2,2025-12-15,4,5,True,Completed
R009345,E01069,2025_H2,2025-12-15,3,3,False,Completed
R009346,E01870,2025_H2,2025-12-15,1,4,False,Completed
R009347,E04271,2025_H2,2025-12-15,3,3,False,Completed
R009348,E00695,2025_H2,2025-12-15,1,4,False,Completed
R009349,E03488,2025_H2,2025-12-15,1,4,False,Completed
R009350,E02395,2025_H2,2025-12-15,3,4,True,Completed
R009351,E03590,2025_H2,2025-12-15,2,4,False,Completed
R009352,E00236,2025_H2,2025-12-15,4,4,False,Pending
R009353,E02604,2025_H2,2025-12-15,2,3,False,Completed
R009354,E03846,2025_H2,2025-12-15,2,1,False,Completed
R009355,E02051,2025_H2,2025-12-15,4,2,False,Completed
R009356,E01179,2025_H2,2025-12-15,3,4,True,Completed
R009357,E01939,2025_H2,2025-12-15,3,5,False,Completed
R009358,E02351,2025_H2,2025-12-15,4,3,False,Completed
R009359,E04256,2025_H2,2025-12-15,3,4,False,Completed
R009360,E02608,2025_H2,2025-12-15,4,3,False,Completed
R009361,E03568,2025_H2,2025-12-15,5,4,False,Completed
R009362,E01809,2025_H2,2025-12-15,3,4,False,Completed
R009363,E04728,2025_H2,2025-12-15,3,3,False,Completed
R009364,E01886,2025_H2,2025-12-15,3,3,False,Completed
R009365,E02732,2025_H2,2025-12-15,1,4,False,Completed
R009366,E04283,2025_H2,2025-12-15,3,1,False,Completed
R009367,E01033,2025_H2,2025-12-15,3,3,False,Completed
R009368,E04764,2025_H2,2025-12-15,4,2,False,Completed
R009369,E01545,2025_H2,2025-12-15,3,5,False,Completed
R009370,E02268,2025_H2,2025-12-15,4,3,False,Completed
R009371,E03335,2025_H2,2025-12-15,2,3,False,Completed
R009372,E04837,2025_H2,2025-12-15,3,3,False,Completed
R009373,E04035,2025_H2,2025-12-15,5,5,False,Completed
R009374,E01232,2025_H2,2025-12-15,1,2,False,Completed
R009375,E04439,2025_H2,2025-12-15,4,5,False,Completed
R009376,E03486,2025_H2,2025-12-15,3,4,False,Completed
R009377,E00951,2025_H2,2025-12-15,3,3,False,Completed
R009378,E01698,2025_H2,2025-12-15,4,3,False,Completed
R009379,E02420,2025_H2,2025-12-15,3,4,False,Completed
R009380,E03101,2025_H2,2025-12-15,3,3,False,Completed
R009381,E03279,2025_H2,2025-12-15,3,5,False,Completed
R009382,E04861,2025_H2,2025-12-15,2,3,False,Completed
R009383,E03993,2025_H2,2025-12-15,4,4,True,Completed
R009384,E03249,2025_H2,2025-12-15,3,3,False,Completed
R009385,E02497,2025_H2,2025-12-15,3,3,False,Completed
R009386,E04783,2025_H2,2025-12-15,3,3,False,Completed
R009387,E04759,2025_H2,2025-12-15,3,3,False,Completed
R009388,E02650,2025_H2,2025-12-15,4,5,True,Completed
R009389,E03200,2025_H2,2025-12-15,2,2,False,Completed
R009390,E03096,2025_H2,2025-12-15,4,2,False,Completed
R009391,E01594,2025_H2,2025-12-15,3,4,False,Completed
R009392,E04064,2025_H2,2025-12-15,5,3,False,Completed
R009393,E03317,2025_H2,2025-12-15,1,3,False,Completed
R009394,E04242,2025_H2,2025-12-15,3,2,False,Pending
R009395,E01937,2025_H2,2025-12-15,4,3,False,Completed
R009396,E00661,2025_H2,2025-12-15,3,4,False,Completed
R009397,E00262,2025_H2,2025-12-15,4,4,False,Completed
R009398,E03524,2025_H2,2025-12-15,4,3,False,Completed
R009399,E02391,2025_H2,2025-12-15,3,3,False,Completed
R009400,E00352,2025_H2,2025-12-15,3,4,False,Completed
R009401,E02543,2025_H2,2025-12-15,3,3,False,Completed
R009402,E04365,2025_H2,2025-12-15,3,4,False,Completed
R009403,E00473,2025_H2,2025-12-15,4,4,False,Completed
R009404,E02657,2025_H2,2025-12-15,4,2,False,Completed
R009405,E00756,2025_H2,2025-12-15,3,3,False,Cancelled
R009406,E02854,2025_H2,2025-12-15,4,2,False,Completed
R009407,E02627,2025_H2,2025-12-15,2,4,False,Completed
R009408,E00825,2025_H2,2025-12-15,2,2,False,Completed
R009409,E01405,2025_H2,2025-12-15,3,2,False,Pending
R009410,E03806,2025_H2,2025-12-15,3,2,False,Pending
R009411,E00011,2025_H2,2025-12-15,2,4,True,Completed
R009412,E04040,2025_H2,2025-12-15,5,3,False,Completed
R009413,E04985,2025_H2,2025-12-15,3,4,False,Completed
R009414,E01897,2025_H2,2025-12-15,4,3,False,Completed
R009415,E04161,2025_H2,2025-12-15,3,2,False,Completed
R009416,E01342,2025_H2,2025-12-15,3,3,False,Cancelled
R009417,E01246,2025_H2,2025-12-15,3,3,False,Completed
R009418,E03857,2025_H2,2025-12-15,3,3,False,Completed
R009419,E02105,2025_H2,2025-12-15,4,4,False,Completed
R009420,E03946,2025_H2,2025-12-15,2,3,False,Completed
R009421,E01207,2025_H2,2025-12-15,3,4,False,Cancelled
R009422,E00770,2025_H2,2025-12-15,3,5,False,Completed
R009423,E03286,2025_H2,2025-12-15,4,4,False,Completed
R009424,E03745,2025_H2,2025-12-15,4,4,True,Completed
R009425,E04037,2025_H2,2025-12-15,3,4,False,Completed
R009426,E02609,2025_H2,2025-12-15,5,3,False,Completed
R009427,E01467,2025_H2,2025-12-15,2,3,False,Completed
R009428,E01947,2025_H2,2025-12-15,4,1,False,Completed
R009429,E00509,2025_H2,2025-12-15,1,4,False,Completed
R009430,E01867,2025_H2,2025-12-15,3,2,False,Completed
R009431,E00962,2025_H2,2025-12-15,4,3,False,Completed
R009432,E00377,2025_H2,2025-12-15,4,3,False,Completed
R009433,E03079,2025_H2,2025-12-15,1,4,False,Completed
R009434,E00830,2025_H2,2025-12-15,5,5,False,Completed
R009435,E02356,2025_H2,2025-12-15,1,3,False,Completed
R009436,E01030,2025_H2,2025-12-15,5,3,False,Completed
R009437,E04388,2025_H2,2025-12-15,2,3,False,Completed
R009438,E00333,2025_H2,2025-12-15,5,2,False,Completed
R009439,E00497,2025_H2,2025-12-15,3,2,False,Pending
R009440,E03146,2025_H2,2025-12-15,3,3,False,Completed
R009441,E00578,2025_H2,2025-12-15,2,4,False,Completed
R009442,E04952,2025_H2,2025-12-15,3,3,False,Completed
R009443,E02292,2025_H2,2025-12-15,5,4,False,Completed
R009444,E02803,2025_H2,2025-12-15,4,3,False,Pending
R009445,E01073,2025_H2,2025-12-15,5,4,False,Pending
R009446,E00467,2025_H2,2025-12-15,3,2,False,Completed
R009447,E04502,2025_H2,2025-12-15,2,4,False,Completed
R009448,E01193,2025_H2,2025-12-15,5,3,False,Completed
R009449,E01174,2025_H2,2025-12-15,4,3,False,Completed
R009450,E03873,2025_H2,2025-12-15,3,1,False,Cancelled
R009451,E02018,2025_H2,2025-12-15,3,5,False,Completed
R009452,E01027,2025_H2,2025-12-15,4,5,False,Completed
R009453,E00941,2025_H2,2025-12-15,3,5,False,Completed
R009454,E01231,2025_H2,2025-12-15,3,3,False,Completed
R009455,E02871,2025_H2,2025-12-15,3,4,False,Completed
R009456,E04679,2025_H2,2025-12-15,3,3,False,Completed
R009457,E04145,2025_H2,2025-12-15,4,3,False,Cancelled
R009458,E03361,2025_H2,2025-12-15,4,2,False,Completed
R009459,E01677,2025_H2,2025-12-15,3,4,False,Completed
R009460,E03444,2025_H2,2025-12-15,3,3,False,Completed
R009461,E01099,2025_H2,2025-12-15,4,3,False,Pending
R009462,E01063,2025_H2,2025-12-15,3,4,False,Completed
R009463,E04589,2025_H2,2025-12-15,3,3,False,Cancelled
R009464,E02997,2025_H2,2025-12-15,2,2,False,Completed
R009465,E00890,2025_H2,2025-12-15,3,4,False,Completed
R009466,E01803,2025_H2,2025-12-15,4,3,False,Pending
R009467,E03348,2025_H2,2025-12-15,3,5,False,Pending
R009468,E01031,2025_H2,2025-12-15,3,5,False,Completed
R009469,E03129,2025_H2,2025-12-15,5,3,False,Completed
R009470,E01964,2025_H2,2025-12-15,3,5,False,Completed
R009471,E02498,2025_H2,2025-12-15,4,3,False,Completed
R009472,E02765,2025_H2,2025-12-15,3,2,False,Pending
R009473,E03922,2025_H2,2025-12-15,4,4,False,Completed
R009474,E04330,2025_H2,2025-12-15,2,3,False,Completed
R009475,E03848,2025_H2,2025-12-15,3,5,False,Completed
R009476,E03493,2025_H2,2025-12-15,4,2,False,Cancelled
R009477,E04810,2025_H2,2025-12-15,5,2,False,Completed
R009478,E00334,2025_H2,2025-12-15,2,5,False,Completed
R009479,E01042,2025_H2,2025-12-15,3,3,False,Completed
R009480,E03759,2025_H2,2025-12-15,2,3,False,Completed
R009481,E00188,2025_H2,2025-12-15,5,2,False,Completed
R009482,E00516,2025_H2,2025-12-15,3,2,False,Completed
R009483,E04639,2025_H2,2025-12-15,3,5,False,Completed
R009484,E02273,2025_H2,2025-12-15,3,2,False,Completed
R009485,E02484,2025_H2,2025-12-15,5,2,False,Completed
R009486,E03407,2025_H2,2025-12-15,3,2,False,Cancelled
R009487,E04625,2025_H2,2025-12-15,3,2,False,Completed
R009488,E00270,2025_H2,2025-12-15,3,5,False,Completed
R009489,E04448,2025_H2,2025-12-15,3,3,False,Completed
R009490,E01952,2025_H2,2025-12-15,4,3,False,Pending
R009491,E02025,2025_H2,2025-12-15,3,2,False,Pending
R009492,E02936,2025_H2,2025-12-15,3,3,False,Completed
R009493,E04182,2025_H2,2025-12-15,3,1,False,Completed
R009494,E01821,2025_H2,2025-12-15,1,3,False,Cancelled
R009495,E01779,2025_H2,2025-12-15,3,4,False,Completed
R009496,E01460,2025_H2,2025-12-15,3,3,False,Completed
R009497,E01173,2025_H2,2025-12-15,2,5,False,Completed
R009498,E00553,2025_H2,2025-12-15,4,5,True,Completed
R009499,E04253,2025_H2,2025-12-15,5,5,False,Completed
R009500,E02572,2025_H2,2025-12-15,4,4,False,Completed
R009501,E02621,2025_H2,2025-12-15,2,4,False,Pending
R009502,E03610,2025_H2,2025-12-15,3,4,False,Completed
R009503,E01906,2025_H2,2025-12-15,3,2,False,Completed
R009504,E00075,2025_H2,2025-12-15,4,2,False,Pending
R009505,E01400,2025_H2,2025-12-15,2,2,False,Completed
R009506,E01672,2025_H2,2025-12-15,3,3,False,Completed
R009507,E03260,2025_H2,2025-12-15,3,4,False,Completed
R009508,E01281,2025_H2,2025-12-15,4,5,False,Completed
R009509,E03937,2025_H2,2025-12-15,5,4,True,Completed
R009510,E01008,2025_H2,2025-12-15,2,4,False,Completed
R009511,E03060,2025_H2,2025-12-15,3,5,False,Completed
R009512,E02065,2025_H2,2025-12-15,3,2,False,Pending
R009513,E01615,2025_H2,2025-12-15,3,4,False,Completed
R009514,E03137,2025_H2,2025-12-15,3,2,False,Completed
R009515,E04188,2025_H2,2025-12-15,1,4,False,Completed
R009516,E03265,2025_H2,2025-12-15,5,2,False,Completed
R009517,E04417,2025_H2,2025-12-15,4,3,False,Completed
R009518,E04750,2025_H2,2025-12-15,1,3,False,Pending
R009519,E02471,2025_H2,2025-12-15,3,3,False,Completed
R009520,E04897,2025_H2,2025-12-15,5,3,False,Completed
R009521,E03038,2025_H2,2025-12-15,5,1,False,Completed
R009522,E01161,2025_H2,2025-12-15,3,3,False,Completed
R009523,E01607,2025_H2,2025-12-15,3,3,False,Completed
R009524,E04526,2025_H2,2025-12-15,5,2,True,Completed
R009525,E04730,2025_H2,2025-12-15,3,4,False,Pending
R009526,E00549,2025_H2,2025-12-15,3,4,False,Completed
R009527,E03378,2025_H2,2025-12-15,2,4,False,Completed
R009528,E02669,2025_H2,2025-12-15,3,3,False,Completed
R009529,E00007,2025_H2,2025-12-15,3,3,False,Completed
R009530,E04720,2025_H2,2025-12-15,3,4,False,Completed
R009531,E03086,2025_H2,2025-12-15,3,3,False,Completed
R009532,E04111,2025_H2,2025-12-15,3,3,False,Completed
R009533,E01270,2025_H2,2025-12-15,3,3,False,Completed
R009534,E00860,2025_H2,2025-12-15,4,5,False,Completed
R009535,E00719,2025_H2,2025-12-15,2,1,False,Completed
R009536,E03126,2025_H2,2025-12-15,3,2,False,Completed
R009537,E03465,2025_H2,2025-12-15,1,4,False,Completed
R009538,E03053,2025_H2,2025-12-15,3,1,False,Completed
R009539,E04694,2025_H2,2025-12-15,2,3,False,Completed
R009540,E00219,2025_H2,2025-12-15,2,5,False,Completed
R009541,E00359,2025_H2,2025-12-15,3,2,False,Completed
R009542,E01987,2025_H2,2025-12-15,5,4,True,Completed
R009543,E02898,2025_H2,2025-12-15,4,1,False,Pending
R009544,E00632,2025_H2,2025-12-15,3,4,False,Completed
R009545,E04978,2025_H2,2025-12-15,3,2,False,Completed
R009546,E02191,2025_H2,2025-12-15,2,4,False,Completed
R009547,E01655,2025_H2,2025-12-15,2,4,False,Completed
R009548,E02520,2025_H2,2025-12-15,2,4,True,Pending
R009549,E03934,2025_H2,2025-12-15,3,3,False,Completed
R009550,E04287,2025_H2,2025-12-15,4,4,True,Pending
R009551,E03781,2025_H2,2025-12-15,3,2,False,Completed
R009552,E01117,2025_H2,2025-12-15,2,4,False,Completed
R009553,E04767,2025_H2,2025-12-15,3,3,False,Completed
R009554,E04980,2025_H2,2025-12-15,4,4,False,Completed
R009555,E00111,2025_H2,2025-12-15,3,5,False,Pending
R009556,E04734,2025_H2,2025-12-15,2,3,False,Completed
R009557,E00100,2025_H2,2025-12-15,3,3,False,Completed
R009558,E03117,2025_H2,2025-12-15,4,1,False,Completed
R009559,E02675,2025_H2,2025-12-15,3,2,False,Completed
R009560,E01170,2025_H2,2025-12-15,3,3,False,Completed
R009561,E02601,2025_H2,2025-12-15,4,3,True,Completed
R009562,E04601,2025_H2,2025-12-15,4,3,False,Completed
R009563,E04852,2025_H2,2025-12-15,3,4,False,Completed
R009564,E01824,2025_H2,2025-12-15,3,3,False,Completed
R009565,E00758,2025_H2,2025-12-15,3,2,False,Completed
R009566,E02730,2025_H2,2025-12-15,3,4,False,Completed
R009567,E00304,2025_H2,2025-12-15,1,3,False,Cancelled
R009568,E01922,2025_H2,2025-12-15,3,3,False,Completed
R009569,E00620,2025_H2,2025-12-15,3,3,False,Completed
R009570,E01696,2025_H2,2025-12-15,3,3,False,Completed
R009571,E00947,2025_H2,2025-12-15,3,1,False,Completed
R009572,E01204,2025_H2,2025-12-15,5,2,False,Completed
R009573,E04021,2025_H2,2025-12-15,4,3,True,Completed
R009574,E01640,2025_H2,2025-12-15,4,2,False,Completed
R009575,E01401,2025_H2,2025-12-15,4,3,False,Completed
R009576,E01666,2025_H2,2025-12-15,2,4,False,Pending
R009577,E02937,2025_H2,2025-12-15,3,2,False,Completed
R009578,E03777,2025_H2,2025-12-15,4,3,False,Completed
R009579,E03505,2025_H2,2025-12-15,3,5,False,Completed
R009580,E00341,2025_H2,2025-12-15,4,3,False,Pending
R009581,E03110,2025_H2,2025-12-15,3,2,False,Pending
R009582,E03131,2025_H2,2025-12-15,4,3,True,Completed
R009583,E03673,2025_H2,2025-12-15,2,2,False,Completed
R009584,E02449,2025_H2,2025-12-15,5,3,False,Completed
R009585,E02860,2025_H2,2025-12-15,3,4,False,Pending
R009586,E02216,2025_H2,2025-12-15,3,4,False,Completed
R009587,E03602,2025_H2,2025-12-15,2,3,False,Completed
R009588,E00923,2025_H2,2025-12-15,3,2,False,Completed
R009589,E02950,2025_H2,2025-12-15,3,4,False,Completed
R009590,E03281,2025_H2,2025-12-15,3,3,False,Completed
R009591,E04954,2025_H2,2025-12-15,4,2,False,Completed
R009592,E00824,2025_H2,2025-12-15,4,5,False,Completed
R009593,E03901,2025_H2,2025-12-15,3,2,False,Completed
R009594,E00229,2025_H2,2025-12-15,4,5,True,Completed
R009595,E00091,2025_H2,2025-12-15,3,4,False,Completed
R009596,E00385,2025_H2,2025-12-15,3,3,False,Completed
R009597,E00505,2025_H2,2025-12-15,3,3,False,Completed
R009598,E00722,2025_H2,2025-12-15,2,3,False,Completed
R009599,E02072,2025_H2,2025-12-15,5,3,False,Pending
R009600,E04118,2025_H2,2025-12-15,4,3,False,Completed
R009601,E01822,2025_H2,2025-12-15,4,3,False,Completed
R009602,E00707,2025_H2,2025-12-15,3,3,False,Completed
R009603,E02633,2025_H2,2025-12-15,2,3,False,Completed
R009604,E03644,2025_H2,2025-12-15,3,5,False,Completed
R009605,E01819,2025_H2,2025-12-15,3,4,True,Completed
R009606,E04484,2025_H2,2025-12-15,3,3,False,Completed
R009607,E00288,2025_H2,2025-12-15,5,2,False,Completed
R009608,E02891,2025_H2,2025-12-15,3,5,False,Completed
R009609,E01488,2025_H2,2025-12-15,3,2,False,Completed
R009610,E03223,2025_H2,2025-12-15,3,2,False,Completed
R009611,E00764,2025_H2,2025-12-15,5,3,False,Completed
R009612,E00478,2025_H2,2025-12-15,4,2,False,Completed
R009613,E01830,2025_H2,2025-12-15,3,2,False,Completed
R009614,E04866,2025_H2,2025-12-15,3,2,False,Cancelled
R009615,E03850,2025_H2,2025-12-15,4,3,False,Completed
R009616,E00899,2025_H2,2025-12-15,1,4,False,Completed
R009617,E00994,2025_H2,2025-12-15,3,5,False,Completed
R009618,E01497,2025_H2,2025-12-15,3,4,False,Completed
R009619,E03492,2025_H2,2025-12-15,3,5,False,Completed
R009620,E03629,2025_H2,2025-12-15,2,3,False,Pending
R009621,E00998,2025_H2,2025-12-15,5,4,False,Completed
R009622,E04842,2025_H2,2025-12-15,5,4,False,Completed
R009623,E03669,2025_H2,2025-12-15,3,1,False,Completed
R009624,E00875,2025_H2,2025-12-15,4,4,False,Completed
R009625,E00757,2025_H2,2025-12-15,3,4,False,Completed
R009626,E02089,2025_H2,2025-12-15,5,3,False,Completed
R009627,E04293,2025_H2,2025-12-15,2,5,False,Completed
R009628,E02815,2025_H2,2025-12-15,3,2,False,Completed
R009629,E02231,2025_H2,2025-12-15,1,4,True,Completed
R009630,E04865,2025_H2,2025-12-15,2,3,False,Completed
R009631,E04436,2025_H2,2025-12-15,3,2,False,Completed
R009632,E03977,2025_H2,2025-12-15,5,2,False,Completed
R009633,E03233,2025_H2,2025-12-15,5,3,True,Completed
R009634,E04168,2025_H2,2025-12-15,5,4,False,Completed
R009635,E03914,2025_H2,2025-12-15,4,3,False,Completed
R009636,E00193,2025_H2,2025-12-15,2,3,False,Completed
R009637,E03681,2025_H2,2025-12-15,3,1,False,Completed
R009638,E01104,2025_H2,2025-12-15,3,3,True,Completed
R009639,E03337,2025_H2,2025-12-15,2,2,False,Completed
R009640,E02359,2025_H2,2025-12-15,3,1,False,Completed
R009641,E00474,2025_H2,2025-12-15,2,2,False,Completed
R009642,E03576,2025_H2,2025-12-15,3,4,False,Completed
R009643,E00684,2025_H2,2025-12-15,3,4,False,Completed
R009644,E02848,2025_H2,2025-12-15,3,4,False,Pending
R009645,E01540,2025_H2,2025-12-15,3,3,False,Completed
R009646,E01220,2025_H2,2025-12-15,3,4,False,Completed
R009647,E03680,2025_H2,2025-12-15,4,3,False,Completed
R009648,E02239,2025_H2,2025-12-15,1,3,False,Completed
R009649,E03404,2025_H2,2025-12-15,5,3,True,Cancelled
R009650,E04008,2025_H2,2025-12-15,2,2,False,Completed
R009651,E03205,2025_H2,2025-12-15,3,3,False,Completed
R009652,E00267,2025_H2,2025-12-15,2,4,False,Completed
R009653,E02671,2025_H2,2025-12-15,4,3,False,Completed
R009654,E00012,2025_H2,2025-12-15,5,3,False,Completed
R009655,E00778,2025_H2,2025-12-15,2,4,True,Completed
R009656,E00299,2025_H2,2025-12-15,2,4,False,Completed
R009657,E01806,2025_H2,2025-12-15,3,2,False,Completed
R009658,E02077,2025_H2,2025-12-15,3,4,False,Completed
R009659,E04138,2025_H2,2025-12-15,4,2,False,Completed
R009660,E01900,2025_H2,2025-12-15,1,4,False,Completed
R009661,E01621,2025_H2,2025-12-15,4,2,False,Completed
R009662,E03671,2025_H2,2025-12-15,3,5,False,Completed
R009663,E02987,2025_H2,2025-12-15,3,4,False,Completed
R009664,E00499,2025_H2,2025-12-15,2,4,False,Completed
R009665,E03342,2025_H2,2025-12-15,4,3,False,Completed
R009666,E00598,2025_H2,2025-12-15,2,3,False,Pending
R009667,E03972,2025_H2,2025-12-15,3,3,False,Completed
R009668,E02367,2025_H2,2025-12-15,5,4,False,Pending
R009669,E03723,2025_H2,2025-12-15,4,3,False,Completed
R009670,E03238,2025_H2,2025-12-15,4,3,False,Completed
R009671,E01865,2025_H2,2025-12-15,3,2,False,Completed
R009672,E03810,2025_H2,2025-12-15,1,3,False,Completed
R009673,E02941,2025_H2,2025-12-15,4,4,False,Completed
R009674,E01717,2025_H2,2025-12-15,4,3,False,Completed
R009675,E00276,2025_H2,2025-12-15,2,2,False,Completed
R009676,E02366,2025_H2,2025-12-15,2,2,False,Completed
R009677,E02325,2025_H2,2025-12-15,3,2,False,Completed
R009678,E02048,2025_H2,2025-12-15,3,4,False,Completed
R009679,E01645,2025_H2,2025-12-15,4,2,False,Completed
R009680,E00079,2025_H2,2025-12-15,2,3,False,Completed
R009681,E03920,2025_H2,2025-12-15,5,3,False,Completed
R009682,E03964,2025_H2,2025-12-15,4,3,False,Completed
R009683,E02330,2025_H2,2025-12-15,4,3,False,Completed
R009684,E02278,2025_H2,2025-12-15,2,3,False,Completed
R009685,E04836,2025_H2,2025-12-15,1,3,False,Completed
R009686,E01299,2025_H2,2025-12-15,3,4,False,Completed
R009687,E04497,2025_H2,2025-12-15,3,3,False,Completed
R009688,E01971,2025_H2,2025-12-15,5,4,False,Completed
R009689,E00746,2025_H2,2025-12-15,3,2,False,Completed
R009690,E02031,2025_H2,2025-12-15,5,4,False,Completed
R009691,E03036,2025_H2,2025-12-15,3,4,False,Pending
R009692,E01273,2025_H2,2025-12-15,4,5,True,Completed
R009693,E03285,2025_H2,2025-12-15,3,3,False,Completed
R009694,E04712,2025_H2,2025-12-15,2,3,False,Cancelled
R009695,E01419,2025_H2,2025-12-15,3,3,False,Completed
R009696,E02840,2025_H2,2025-12-15,3,1,False,Completed
R009697,E01319,2025_H2,2025-12-15,4,3,False,Completed
R009698,E04921,2025_H2,2025-12-15,3,4,False,Completed
R009699,E00531,2025_H2,2025-12-15,3,5,False,Completed
R009700,E00187,2025_H2,2025-12-15,4,3,False,Completed
R009701,E04776,2025_H2,2025-12-15,2,5,False,Completed
R009702,E01577,2025_H2,2025-12-15,3,2,False,Completed
R009703,E04091,2025_H2,2025-12-15,4,2,False,Completed
R009704,E00554,2025_H2,2025-12-15,4,3,False,Completed
R009705,E03225,2025_H2,2025-12-15,2,2,False,Completed
R009706,E04342,2025_H2,2025-12-15,3,4,False,Completed
R009707,E02000,2025_H2,2025-12-15,4,3,False,Completed
R009708,E02786,2025_H2,2025-12-15,4,5,False,Cancelled
R009709,E03957,2025_H2,2025-12-15,4,1,False,Completed
R009710,E04749,2025_H2,2025-12-15,3,3,False,Completed
R009711,E04791,2025_H2,2025-12-15,3,3,False,Completed
R009712,E02453,2025_H2,2025-12-15,4,4,False,Completed
R009713,E04586,2025_H2,2025-12-15,5,3,False,Completed
R009714,E00215,2025_H2,2025-12-15,3,4,False,Completed
R009715,E00232,2025_H2,2025-12-15,2,5,False,Completed
R009716,E03852,2025_H2,2025-12-15,3,3,False,Completed
R009717,E03355,2025_H2,2025-12-15,3,2,False,Pending
R009718,E02495,2025_H2,2025-12-15,3,4,True,Completed
R009719,E00223,2025_H2,2025-12-15,3,3,False,Completed
R009720,E01014,2025_H2,2025-12-15,3,4,False,Completed
R009721,E02935,2025_H2,2025-12-15,3,2,False,Completed
R009722,E02091,2025_H2,2025-12-15,3,5,True,Completed
R009723,E04447,2025_H2,2025-12-15,3,3,True,Completed
R009724,E04167,2025_H2,2025-12-15,2,3,False,Completed
R009725,E04205,2025_H2,2025-12-15,1,3,False,Completed
R009726,E03196,2025_H2,2025-12-15,2,3,False,Completed
R009727,E00064,2025_H2,2025-12-15,3,3,False,Completed
R009728,E03638,2025_H2,2025-12-15,3,3,False,Completed
R009729,E02551,2025_H2,2025-12-15,4,4,False,Completed
R009730,E01674,2025_H2,2025-12-15,3,5,False,Completed
R009731,E04516,2025_H2,2025-12-15,3,3,False,Completed
R009732,E00485,2025_H2,2025-12-15,3,5,False,Completed
R009733,E02054,2025_H2,2025-12-15,4,4,False,Completed
R009734,E04656,2025_H2,2025-12-15,2,3,False,Completed
R009735,E01120,2025_H2,2025-12-15,4,3,True,Completed
R009736,E02341,2025_H2,2025-12-15,4,4,False,Pending
R009737,E00637,2025_H2,2025-12-15,3,4,False,Completed
R009738,E02567,2025_H2,2025-12-15,5,5,False,Completed
R009739,E03954,2025_H2,2025-12-15,3,5,False,Cancelled
R009740,E04263,2025_H2,2025-12-15,1,4,False,Completed
R009741,E02452,2025_H2,2025-12-15,1,5,False,Completed
R009742,E02021,2025_H2,2025-12-15,3,4,False,Completed
R009743,E02537,2025_H2,2025-12-15,3,4,False,Pending
R009744,E00463,2025_H2,2025-12-15,4,5,True,Cancelled
R009745,E04754,2025_H2,2025-12-15,4,4,False,Completed
R009746,E04162,2025_H2,2025-12-15,2,4,False,Completed
R009747,E01255,2025_H2,2025-12-15,4,2,False,Cancelled
R009748,E02078,2025_H2,2025-12-15,4,4,False,Pending
R009749,E01230,2025_H2,2025-12-15,2,3,False,Completed
R009750,E04670,2025_H2,2025-12-15,4,4,False,Completed
R009751,E04422,2025_H2,2025-12-15,2,3,False,Completed
R009752,E04532,2025_H2,2025-12-15,2,4,False,Pending
R009753,E01973,2025_H2,2025-12-15,3,2,False,Completed
R009754,E03182,2025_H2,2025-12-15,3,3,False,Completed
R009755,E02725,2025_H2,2025-12-15,1,3,False,Completed
R009756,E01986,2025_H2,2025-12-15,5,3,False,Completed
R009757,E01657,2025_H2,2025-12-15,3,4,False,Completed
R009758,E01394,2025_H2,2025-12-15,3,4,True,Completed
R009759,E00907,2025_H2,2025-12-15,5,3,False,Completed
R009760,E02447,2025_H2,2025-12-15,3,1,True,Completed
R009761,E03687,2025_H2,2025-12-15,3,3,False,Completed
R009762,E00765,2025_H2,2025-12-15,5,3,False,Completed
R009763,E01863,2025_H2,2025-12-15,2,3,False,Completed
R009764,E01758,2025_H2,2025-12-15,3,4,False,Completed
R009765,E01288,2025_H2,2025-12-15,4,4,False,Completed
R009766,E04530,2025_H2,2025-12-15,4,3,False,Pending
R009767,E04269,2025_H2,2025-12-15,5,2,False,Completed
R009768,E04158,2025_H2,2025-12-15,3,4,False,Completed
R009769,E04082,2025_H2,2025-12-15,4,3,False,Completed
R009770,E03893,2025_H2,2025-12-15,3,3,False,Completed
R009771,E00149,2025_H2,2025-12-15,4,3,False,Completed
R009772,E04462,2025_H2,2025-12-15,5,3,False,Completed
R009773,E00371,2025_H2,2025-12-15,4,3,False,Completed
R009774,E03778,2025_H2,2025-12-15,4,3,False,Completed
R009775,E01675,2025_H2,2025-12-15,4,3,False,Completed
R009776,E04282,2025_H2,2025-12-15,3,2,False,Pending
R009777,E02043,2025_H2,2025-12-15,3,3,False,Completed
R009778,E03531,2025_H2,2025-12-15,4,3,False,Completed
R009779,E00343,2025_H2,2025-12-15,3,3,False,Completed
R009780,E03359,2025_H2,2025-12-15,3,3,False,Completed
R009781,E03269,2025_H2,2025-12-15,4,2,True,Completed
R009782,E03121,2025_H2,2025-12-15,5,1,False,Cancelled
R009783,E01449,2025_H2,2025-12-15,4,4,False,Cancelled
R009784,E04474,2025_H2,2025-12-15,2,3,False,Pending
R009785,E02781,2025_H2,2025-12-15,3,4,False,Completed
R009786,E03393,2025_H2,2025-12-15,4,2,False,Completed
R009787,E04119,2025_H2,2025-12-15,5,3,False,Completed
R009788,E02083,2025_H2,2025-12-15,4,5,False,Completed
R009789,E03523,2025_H2,2025-12-15,2,3,False,Completed
R009790,E02369,2025_H2,2025-12-15,2,3,False,Completed
R009791,E01016,2025_H2,2025-12-15,4,3,True,Completed
R009792,E01150,2025_H2,2025-12-15,3,4,False,Pending
R009793,E03070,2025_H2,2025-12-15,4,5,False,Completed
R009794,E03915,2025_H2,2025-12-15,4,5,True,Completed
R009795,E03997,2025_H2,2025-12-15,3,4,True,Completed
R009796,E02569,2025_H2,2025-12-15,3,3,False,Completed
R009797,E03061,2025_H2,2025-12-15,2,1,False,Cancelled
R009798,E00826,2025_H2,2025-12-15,4,2,False,Completed
R009799,E03932,2025_H2,2025-12-15,4,3,False,Completed
R009800,E02954,2025_H2,2025-12-15,4,4,True,Completed
R009801,E02927,2025_H2,2025-12-15,3,3,False,Completed
R009802,E01710,2025_H2,2025-12-15,3,3,False,Completed
R009803,E04440,2025_H2,2025-12-15,3,5,False,Cancelled
R009804,E00233,2025_H2,2025-12-15,5,3,False,Completed
R009805,E02581,2025_H2,2025-12-15,3,4,False,Completed
R009806,E02625,2025_H2,2025-12-15,4,3,True,Pending
R009807,E01417,2025_H2,2025-12-15,5,3,False,Completed
R009808,E04057,2025_H2,2025-12-15,4,1,False,Completed
R009809,E04095,2025_H2,2025-12-15,5,4,False,Completed
R009810,E04906,2025_H2,2025-12-15,3,2,False,Completed
R009811,E04499,2025_H2,2025-12-15,2,3,False,Completed
R009812,E04236,2025_H2,2025-12-15,4,3,False,Completed
R009813,E02940,2025_H2,2025-12-15,4,3,False,Completed
R009814,E01590,2025_H2,2025-12-15,4,3,False,Cancelled
R009815,E03330,2025_H2,2025-12-15,5,3,False,Completed
R009816,E00534,2025_H2,2025-12-15,3,2,False,Completed
R009817,E02921,2025_H2,2025-12-15,5,3,False,Completed
R009818,E00438,2025_H2,2025-12-15,5,4,False,Completed
R009819,E03654,2025_H2,2025-12-15,3,2,False,Completed
R009820,E04741,2025_H2,2025-12-15,3,4,False,Completed
R009821,E03204,2025_H2,2025-12-15,4,3,False,Completed
R009822,E03716,2025_H2,2025-12-15,3,3,False,Pending
R009823,E04844,2025_H2,2025-12-15,3,3,False,Completed
R009824,E01259,2025_H2,2025-12-15,3,5,False,Completed
R009825,E01111,2025_H2,2025-12-15,3,3,False,Completed
R009826,E03158,2025_H2,2025-12-15,3,3,False,Completed
R009827,E00394,2025_H2,2025-12-15,4,3,False,Completed
R009828,E03870,2025_H2,2025-12-15,2,2,True,Pending
R009829,E02907,2025_H2,2025-12-15,3,3,False,Completed
R009830,E03885,2025_H2,2025-12-15,3,2,False,Completed
R009831,E01790,2025_H2,2025-12-15,3,4,False,Completed
R009832,E03861,2025_H2,2025-12-15,5,4,True,Completed
R009833,E03765,2025_H2,2025-12-15,3,5,True,Completed
R009834,E04257,2025_H2,2025-12-15,3,2,False,Completed
R009835,E04752,2025_H2,2025-12-15,5,5,False,Completed
R009836,E00993,2025_H2,2025-12-15,4,4,True,Completed
R009837,E03189,2025_H2,2025-12-15,3,5,False,Completed
R009838,E01506,2025_H2,2025-12-15,1,3,False,Completed
R009839,E02276,2025_H2,2025-12-15,3,4,False,Completed
R009840,E02462,2025_H2,2025-12-15,3,3,False,Completed
R009841,E04823,2025_H2,2025-12-15,3,3,False,Cancelled
R009842,E02535,2025_H2,2025-12-15,4,1,False,Completed
R009843,E03106,2025_H2,2025-12-15,4,3,True,Completed
R009844,E00208,2025_H2,2025-12-15,4,5,False,Pending
R009845,E00668,2025_H2,2025-12-15,4,2,False,Completed
R009846,E00456,2025_H2,2025-12-15,3,3,False,Completed
R009847,E04471,2025_H2,2025-12-15,2,3,False,Completed
R009848,E03551,2025_H2,2025-12-15,4,5,False,Completed
R009849,E01786,2025_H2,2025-12-15,3,2,False,Completed
R009850,E04769,2025_H2,2025-12-15,4,4,False,Completed
R009851,E01902,2025_H2,2025-12-15,4,5,False,Completed
R009852,E04596,2025_H2,2025-12-15,4,3,False,Completed
R009853,E04193,2025_H2,2025-12-15,3,3,False,Completed
R009854,E02120,2025_H2,2025-12-15,2,3,False,Completed
R009855,E03471,2025_H2,2025-12-15,4,1,False,Completed
R009856,E04512,2025_H2,2025-12-15,4,4,False,Completed
R009857,E04879,2025_H2,2025-12-15,5,4,False,Pending
R009858,E01535,2025_H2,2025-12-15,4,3,False,Completed
R009859,E00609,2025_H2,2025-12-15,3,3,False,Completed
R009860,E04106,2025_H2,2025-12-15,3,3,False,Completed
R009861,E02143,2025_H2,2025-12-15,4,2,False,Completed
R009862,E02945,2025_H2,2025-12-15,1,4,False,Completed
R009863,E04689,2025_H2,2025-12-15,3,4,False,Completed
R009864,E02217,2025_H2,2025-12-15,3,1,False,Completed
R009865,E03763,2025_H2,2025-12-15,3,3,False,Completed
R009866,E03646,2025_H2,2025-12-15,2,3,False,Completed
R009867,E00856,2025_H2,2025-12-15,3,3,False,Completed
R009868,E00716,2025_H2,2025-12-15,3,1,False,Completed
R009869,E04189,2025_H2,2025-12-15,2,4,False,Completed
R009870,E01151,2025_H2,2025-12-15,3,4,False,Completed
R009871,E04338,2025_H2,2025-12-15,5,4,False,Completed
R009872,E00783,2025_H2,2025-12-15,4,4,False,Completed
R009873,E01515,2025_H2,2025-12-15,3,3,False,Completed
R009874,E00165,2025_H2,2025-12-15,3,4,False,Completed
R009875,E02546,2025_H2,2025-12-15,3,3,False,Completed
R009876,E01784,2025_H2,2025-12-15,4,4,True,Completed
R009877,E00772,2025_H2,2025-12-15,2,5,False,Completed
R009878,E02714,2025_H2,2025-12-15,3,4,False,Pending
R009879,E02040,2025_H2,2025-12-15,2,5,False,Completed
R009880,E03311,2025_H2,2025-12-15,1,3,False,Completed
R009881,E02057,2025_H2,2025-12-15,2,3,False,Completed
R009882,E00956,2025_H2,2025-12-15,2,3,False,Completed
R009883,E00476,2025_H2,2025-12-15,4,3,True,Completed
R009884,E02548,2025_H2,2025-12-15,3,4,False,Pending
R009885,E00027,2025_H2,2025-12-15,5,2,False,Pending
R009886,E01267,2025_H2,2025-12-15,4,3,False,Completed
R009887,E00565,2025_H2,2025-12-15,2,3,False,Completed
R009888,E04496,2025_H2,2025-12-15,2,4,False,Completed
R009889,E00574,2025_H2,2025-12-15,4,5,False,Cancelled
R009890,E01539,2025_H2,2025-12-15,4,2,False,Completed
R009891,E02915,2025_H2,2025-12-15,3,5,True,Pending
R009892,E00274,2025_H2,2025-12-15,4,5,True,Cancelled
R009893,E04685,2025_H2,2025-12-15,4,3,False,Pending
R009894,E00071,2025_H2,2025-12-15,3,3,False,Completed
R009895,E04331,2025_H2,2025-12-15,4,4,True,Completed
R009896,E00480,2025_H2,2025-12-15,4,3,False,Completed
R009897,E04782,2025_H2,2025-12-15,5,3,False,Completed
R009898,E02556,2025_H2,2025-12-15,4,3,False,Completed
R009899,E01393,2025_H2,2025-12-15,2,3,False,Completed
R009900,E01197,2025_H2,2025-12-15,3,4,False,Completed
R009901,E00449,2025_H2,2025-12-15,3,1,False,Completed
R009902,E00190,2025_H2,2025-12-15,4,3,False,Completed
R009903,E00160,2025_H2,2025-12-15,4,3,False,Completed
R009904,E03684,2025_H2,2025-12-15,2,3,False,Completed
R009905,E04301,2025_H2,2025-12-15,3,2,False,Completed
R009906,E00809,2025_H2,2025-12-15,2,5,False,Completed
R009907,E00026,2025_H2,2025-12-15,2,1,False,Completed
R009908,E01239,2025_H2,2025-12-15,3,5,False,Completed
R009909,E04324,2025_H2,2025-12-15,3,2,False,Completed
R009910,E01075,2025_H2,2025-12-15,2,5,False,Completed
R009911,E02938,2025_H2,2025-12-15,5,5,False,Completed
R009912,E00423,2025_H2,2025-12-15,4,4,False,Pending
R009913,E00090,2025_H2,2025-12-15,3,4,False,Completed
R009914,E01410,2025_H2,2025-12-15,5,3,False,Completed
R009915,E01452,2025_H2,2025-12-15,4,4,False,Completed
R009916,E00129,2025_H2,2025-12-15,3,3,False,Completed
R009917,E04979,2025_H2,2025-12-15,3,3,False,Completed
R009918,E02925,2025_H2,2025-12-15,4,3,False,Completed
R009919,E04941,2025_H2,2025-12-15,3,2,False,Pending
R009920,E04225,2025_H2,2025-12-15,1,4,False,Completed
R009921,E03133,2025_H2,2025-12-15,2,3,False,Completed
R009922,E04334,2025_H2,2025-12-15,3,4,True,Completed
R009923,E04390,2025_H2,2025-12-15,2,3,False,Completed
R009924,E02526,2025_H2,2025-12-15,4,4,False,Completed
R009925,E03314,2025_H2,2025-12-15,3,2,False,Completed
R009926,E04541,2025_H2,2025-12-15,4,3,True,Completed
R009927,E01376,2025_H2,2025-12-15,2,5,False,Completed
R009928,E03547,2025_H2,2025-12-15,4,2,False,Completed
R009929,E01622,2025_H2,2025-12-15,4,2,False,Completed
R009930,E04860,2025_H2,2025-12-15,3,2,False,Completed
R009931,E04399,2025_H2,2025-12-15,3,2,False,Pending
R009932,E03651,2025_H2,2025-12-15,4,4,False,Completed
R009933,E03823,2025_H2,2025-12-15,3,3,False,Completed
R009934,E02244,2025_H2,2025-12-15,4,3,False,Completed
R009935,E04655,2025_H2,2025-12-15,5,2,False,Completed
R009936,E03436,2025_H2,2025-12-15,2,5,False,Pending
R009937,E04173,2025_H2,2025-12-15,3,3,False,Completed
R009938,E01840,2025_H2,2025-12-15,5,4,True,Cancelled
R009939,E00771,2025_H2,2025-12-15,3,4,False,Completed
R009940,E00503,2025_H2,2025-12-15,2,4,True,Completed
R009941,E04160,2025_H2,2025-12-15,2,2,False,Completed
R009942,E02864,2025_H2,2025-12-15,3,2,False,Completed
R009943,E04987,2025_H2,2025-12-15,4,3,False,Completed
R009944,E04036,2025_H2,2025-12-15,2,4,False,Completed
R009945,E02473,2025_H2,2025-12-15,3,2,False,Completed
R009946,E01953,2025_H2,2025-12-15,3,3,False,Completed
R009947,E04150,2025_H2,2025-12-15,4,3,True,Completed
R009948,E00354,2025_H2,2025-12-15,5,2,True,Completed
R009949,E01317,2025_H2,2025-12-15,5,3,True,Completed
R009950,E00147,2025_H2,2025-12-15,4,3,False,Completed
R009951,E00280,2025_H2,2025-12-15,4,1,False,Completed
R009952,E04784,2025_H2,2025-12-15,2,1,False,Completed
R009953,E02721,2025_H2,2025-12-15,1,3,False,Completed
R009954,E00410,2025_H2,2025-12-15,4,4,False,Completed
R009955,E02251,2025_H2,2025-12-15,4,3,False,Completed
R009956,E01851,2025_H2,2025-12-15,3,3,False,Completed
R009957,E00159,2025_H2,2025-12-15,3,3,False,Completed
R009958,E03212,2025_H2,2025-12-15,3,3,False,Completed
R009959,E04249,2025_H2,2025-12-15,3,4,False,Completed
R009960,E01567,2025_H2,2025-12-15,4,4,False,Completed
R009961,E01283,2025_H2,2025-12-15,3,5,False,Completed
R009962,E04117,2025_H2,2025-12-15,5,4,False,Completed
R009963,E01250,2025_H2,2025-12-15,5,3,True,Completed
R009964,E00094,2025_H2,2025-12-15,3,3,False,Completed
R009965,E03470,2025_H2,2025-12-15,4,3,False,Pending
R009966,E00101,2025_H2,2025-12-15,4,4,False,Completed
R009967,E04907,2025_H2,2025-12-15,3,3,False,Pending
R009968,E03699,2025_H2,2025-12-15,3,3,False,Pending
R009969,E04086,2025_H2,2025-12-15,3,3,False,Completed
R009970,E02041,2025_H2,2025-12-15,5,4,False,Completed
R009971,E04276,2025_H2,2025-12-15,3,3,False,Completed
R009972,E02249,2025_H2,2025-12-15,3,4,False,Completed
R009973,E00708,2025_H2,2025-12-15,4,3,False,Completed
R009974,E04506,2025_H2,2025-12-15,3,3,False,Completed
R009975,E04991,2025_H2,2025-12-15,4,5,False,Completed
R009976,E03853,2025_H2,2025-12-15,3,3,False,Completed
R009977,E04787,2025_H2,2025-12-15,3,5,False,Completed
R009978,E04464,2025_H2,2025-12-15,3,2,False,Completed
R009979,E03313,2025_H2,2025-12-15,3,2,False,Completed
R009980,E02796,2025_H2,2025-12-15,1,3,False,Completed
R009981,E04438,2025_H2,2025-12-15,3,3,False,Completed
R009982,E02653,2025_H2,2025-12-15,4,3,False,Completed
R009983,E04053,2025_H2,2025-12-15,5,3,False,Completed
R009984,E01266,2025_H2,2025-12-15,3,3,False,Completed
R009985,E04992,2025_H2,2025-12-15,3,3,False,Completed
R009986,E03558,2025_H2,2025-12-15,4,3,False,Completed
R009987,E04527,2025_H2,2025-12-15,3,3,False,Completed
R009988,E02386,2025_H2,2025-12-15,5,3,False,Completed
R009989,E01236,2025_H2,2025-12-15,5,5,False,Completed
R009990,E02173,2025_H2,2025-12-15,3,4,False,Completed
R009991,E04790,2025_H2,2025-12-15,3,3,False,Completed
R009992,E01651,2025_H2,2025-12-15,4,2,False,Completed
R009993,E04124,2025_H2,2025-12-15,5,1,False,Completed
R009994,E03821,2025_H2,2025-12-15,3,2,False,Completed
R009995,E00332,2025_H2,2025-12-15,4,3,False,Completed
R009996,E04325,2025_H2,2025-12-15,3,3,False,Completed
R009997,E01754,2025_H2,2025-12-15,2,3,False,Pending
R009998,E00839,2025_H2,2025-12-15,3,2,False,Completed
R009999,E04251,2025_H2,2025-12-15,2,3,False,Completed
R010000,E01006,2025_H2,2025-12-15,4,3,False,Completed
R010001,E02807,2026_H1,2026-06-15,4,4,False,Completed
R010002,E02171,2026_H1,2026-06-15,3,3,False,Completed
R010003,E02041,2026_H1,2026-06-15,5,2,False,Completed
R010004,E03757,2026_H1,2026-06-15,3,5,True,Completed
R010005,E03031,2026_H1,2026-06-15,3,3,False,Pending
R010006,E04660,2026_H1,2026-06-15,3,3,False,Completed
R010007,E03505,2026_H1,2026-06-15,4,2,False,Completed
R010008,E01384,2026_H1,2026-06-15,4,2,False,Pending
R010009,E00668,2026_H1,2026-06-15,3,3,False,Completed
R010010,E03668,2026_H1,2026-06-15,4,2,False,Completed
R010011,E03637,2026_H1,2026-06-15,3,4,False,Completed
R010012,E04861,2026_H1,2026-06-15,2,4,False,Completed
R010013,E00443,2026_H1,2026-06-15,2,3,False,Completed
R010014,E00295,2026_H1,2026-06-15,3,5,False,Completed
R010015,E01575,2026_H1,2026-06-15,3,3,False,Completed
R010016,E00757,2026_H1,2026-06-15,2,3,False,Pending
R010017,E01608,2026_H1,2026-06-15,3,2,False,Completed
R010018,E02062,2026_H1,2026-06-15,3,5,False,Completed
R010019,E03719,2026_H1,2026-06-15,3,3,False,Pending
R010020,E00161,2026_H1,2026-06-15,4,2,False,Completed
R010021,E02821,2026_H1,2026-06-15,3,4,False,Completed
R010022,E04378,2026_H1,2026-06-15,3,1,False,Completed
R010023,E02864,2026_H1,2026-06-15,3,3,False,Completed
R010024,E04825,2026_H1,2026-06-15,2,2,False,Pending
R010025,E00655,2026_H1,2026-06-15,3,4,False,Completed
R010026,E03762,2026_H1,2026-06-15,3,3,False,Completed
R010027,E04641,2026_H1,2026-06-15,4,2,False,Completed
R010028,E04774,2026_H1,2026-06-15,1,3,False,Pending
R010029,E02078,2026_H1,2026-06-15,2,2,False,Completed
R010030,E03136,2026_H1,2026-06-15,2,3,False,Completed
R010031,E02923,2026_H1,2026-06-15,1,1,False,Completed
R010032,E04396,2026_H1,2026-06-15,1,3,False,Completed
R010033,E02221,2026_H1,2026-06-15,5,2,False,Completed
R010034,E03069,2026_H1,2026-06-15,3,1,False,Completed
R010035,E00393,2026_H1,2026-06-15,3,2,False,Completed
R010036,E00773,2026_H1,2026-06-15,3,4,False,Completed
R010037,E01986,2026_H1,2026-06-15,3,3,False,Completed
R010038,E02506,2026_H1,2026-06-15,4,2,False,Completed
R010039,E01136,2026_H1,2026-06-15,3,4,True,Completed
R010040,E02590,2026_H1,2026-06-15,3,4,False,Completed
R010041,E02511,2026_H1,2026-06-15,2,4,True,Completed
R010042,E00565,2026_H1,2026-06-15,3,3,False,Completed
R010043,E01197,2026_H1,2026-06-15,4,2,False,Completed
R010044,E01407,2026_H1,2026-06-15,5,4,False,Completed
R010045,E02255,2026_H1,2026-06-15,3,3,False,Completed
R010046,E01432,2026_H1,2026-06-15,3,3,False,Completed
R010047,E04362,2026_H1,2026-06-15,3,4,False,Completed
R010048,E03538,2026_H1,2026-06-15,5,2,False,Completed
R010049,E01607,2026_H1,2026-06-15,3,4,False,Completed
R010050,E04533,2026_H1,2026-06-15,3,5,False,Completed
R010051,E01890,2026_H1,2026-06-15,3,3,False,Completed
R010052,E00823,2026_H1,2026-06-15,4,3,False,Completed
R010053,E02311,2026_H1,2026-06-15,3,2,False,Completed
R010054,E01892,2026_H1,2026-06-15,4,4,True,Pending
R010055,E01594,2026_H1,2026-06-15,3,5,False,Completed
R010056,E01100,2026_H1,2026-06-15,3,5,False,Completed
R010057,E02695,2026_H1,2026-06-15,3,3,False,Completed
R010058,E02712,2026_H1,2026-06-15,2,3,False,Completed
R010059,E00160,2026_H1,2026-06-15,2,3,False,Completed
R010060,E04625,2026_H1,2026-06-15,5,4,False,Completed
R010061,E00229,2026_H1,2026-06-15,4,4,False,Completed
R010062,E01255,2026_H1,2026-06-15,2,3,False,Completed
R010063,E03440,2026_H1,2026-06-15,3,3,False,Completed
R010064,E02295,2026_H1,2026-06-15,3,3,False,Completed
R010065,E02400,2026_H1,2026-06-15,2,3,False,Completed
R010066,E04736,2026_H1,2026-06-15,3,5,False,Completed
R010067,E00895,2026_H1,2026-06-15,3,1,False,Completed
R010068,E00826,2026_H1,2026-06-15,2,3,False,Completed
R010069,E00683,2026_H1,2026-06-15,3,4,False,Pending
R010070,E01793,2026_H1,2026-06-15,2,3,False,Completed
R010071,E03938,2026_H1,2026-06-15,3,3,False,Cancelled
R010072,E02907,2026_H1,2026-06-15,3,2,False,Cancelled
R010073,E03176,2026_H1,2026-06-15,4,2,False,Completed
R010074,E02933,2026_H1,2026-06-15,4,4,False,Completed
R010075,E03965,2026_H1,2026-06-15,3,1,True,Completed
R010076,E01064,2026_H1,2026-06-15,3,5,False,Completed
R010077,E02353,2026_H1,2026-06-15,3,3,False,Completed
R010078,E04295,2026_H1,2026-06-15,3,3,False,Cancelled
R010079,E03264,2026_H1,2026-06-15,3,3,False,Completed
R010080,E01277,2026_H1,2026-06-15,3,3,False,Completed
R010081,E04177,2026_H1,2026-06-15,4,4,True,Completed
R010082,E02385,2026_H1,2026-06-15,3,3,False,Completed
R010083,E04944,2026_H1,2026-06-15,3,4,False,Completed
R010084,E03794,2026_H1,2026-06-15,3,2,False,Completed
R010085,E00689,2026_H1,2026-06-15,4,3,True,Completed
R010086,E00554,2026_H1,2026-06-15,2,3,False,Completed
R010087,E03717,2026_H1,2026-06-15,5,5,False,Completed
R010088,E00671,2026_H1,2026-06-15,4,3,False,Completed
R010089,E02445,2026_H1,2026-06-15,2,5,False,Completed
R010090,E02360,2026_H1,2026-06-15,4,3,False,Pending
R010091,E04124,2026_H1,2026-06-15,4,2,False,Completed
R010092,E02484,2026_H1,2026-06-15,4,2,False,Completed
R010093,E04532,2026_H1,2026-06-15,1,4,False,Completed
R010094,E00299,2026_H1,2026-06-15,3,5,True,Completed
R010095,E02803,2026_H1,2026-06-15,5,4,False,Completed
R010096,E00681,2026_H1,2026-06-15,3,4,False,Completed
R010097,E03287,2026_H1,2026-06-15,4,3,False,Completed
R010098,E00622,2026_H1,2026-06-15,3,5,False,Completed
R010099,E02087,2026_H1,2026-06-15,4,5,False,Completed
R010100,E04610,2026_H1,2026-06-15,3,4,False,Completed
R010101,E03574,2026_H1,2026-06-15,5,1,True,Pending
R010102,E00868,2026_H1,2026-06-15,4,3,False,Completed
R010103,E04694,2026_H1,2026-06-15,5,3,False,Completed
R010104,E02867,2026_H1,2026-06-15,2,2,False,Completed
R010105,E03376,2026_H1,2026-06-15,1,4,False,Completed
R010106,E00188,2026_H1,2026-06-15,4,3,True,Completed
R010107,E02747,2026_H1,2026-06-15,5,3,False,Completed
R010108,E02885,2026_H1,2026-06-15,1,4,False,Completed
R010109,E01000,2026_H1,2026-06-15,3,1,False,Completed
R010110,E03051,2026_H1,2026-06-15,3,3,False,Completed
R010111,E00388,2026_H1,2026-06-15,3,4,False,Completed
R010112,E02580,2026_H1,2026-06-15,4,4,False,Completed
R010113,E02485,2026_H1,2026-06-15,4,3,False,Completed
R010114,E04411,2026_H1,2026-06-15,5,2,False,Completed
R010115,E03201,2026_H1,2026-06-15,5,3,False,Completed
R010116,E00176,2026_H1,2026-06-15,4,3,True,Completed
R010117,E02669,2026_H1,2026-06-15,4,2,False,Completed
R010118,E03873,2026_H1,2026-06-15,3,4,False,Completed
R010119,E00762,2026_H1,2026-06-15,1,4,False,Completed
R010120,E03425,2026_H1,2026-06-15,3,4,True,Completed
R010121,E02505,2026_H1,2026-06-15,2,5,False,Completed
R010122,E03692,2026_H1,2026-06-15,2,5,True,Completed
R010123,E03036,2026_H1,2026-06-15,4,3,False,Completed
R010124,E01533,2026_H1,2026-06-15,2,4,True,Pending
R010125,E03463,2026_H1,2026-06-15,3,4,False,Completed
R010126,E04240,2026_H1,2026-06-15,4,4,True,Completed
R010127,E01588,2026_H1,2026-06-15,4,4,False,Completed
R010128,E00055,2026_H1,2026-06-15,3,2,False,Completed
R010129,E03064,2026_H1,2026-06-15,4,5,False,Completed
R010130,E01682,2026_H1,2026-06-15,2,2,False,Completed
R010131,E01108,2026_H1,2026-06-15,2,5,False,Completed
R010132,E01112,2026_H1,2026-06-15,5,3,True,Completed
R010133,E03803,2026_H1,2026-06-15,5,3,False,Completed
R010134,E03988,2026_H1,2026-06-15,5,3,False,Completed
R010135,E03239,2026_H1,2026-06-15,3,2,False,Completed
R010136,E01662,2026_H1,2026-06-15,3,3,False,Completed
R010137,E03493,2026_H1,2026-06-15,4,3,False,Completed
R010138,E00140,2026_H1,2026-06-15,1,4,False,Completed
R010139,E02026,2026_H1,2026-06-15,4,3,False,Completed
R010140,E00440,2026_H1,2026-06-15,3,3,False,Completed
R010141,E01559,2026_H1,2026-06-15,3,4,False,Completed
R010142,E03871,2026_H1,2026-06-15,4,5,False,Completed
R010143,E04023,2026_H1,2026-06-15,3,4,False,Completed
R010144,E00053,2026_H1,2026-06-15,2,1,False,Completed
R010145,E01975,2026_H1,2026-06-15,3,4,False,Completed
R010146,E01040,2026_H1,2026-06-15,4,2,False,Completed
R010147,E02874,2026_H1,2026-06-15,4,3,False,Completed
R010148,E03935,2026_H1,2026-06-15,5,4,False,Completed
R010149,E03130,2026_H1,2026-06-15,2,3,False,Cancelled
R010150,E00305,2026_H1,2026-06-15,4,4,False,Completed
R010151,E02286,2026_H1,2026-06-15,2,4,False,Completed
R010152,E03361,2026_H1,2026-06-15,3,2,False,Completed
R010153,E00889,2026_H1,2026-06-15,5,3,False,Completed
R010154,E04171,2026_H1,2026-06-15,1,1,False,Pending
R010155,E04793,2026_H1,2026-06-15,3,3,False,Completed
R010156,E04656,2026_H1,2026-06-15,5,4,False,Completed
R010157,E04564,2026_H1,2026-06-15,2,3,False,Completed
R010158,E01950,2026_H1,2026-06-15,4,1,False,Completed
R010159,E03068,2026_H1,2026-06-15,3,2,False,Completed
R010160,E02142,2026_H1,2026-06-15,4,3,False,Completed
R010161,E01308,2026_H1,2026-06-15,3,1,False,Completed
R010162,E00346,2026_H1,2026-06-15,3,3,False,Completed
R010163,E02904,2026_H1,2026-06-15,3,3,False,Completed
R010164,E00880,2026_H1,2026-06-15,2,3,False,Completed
R010165,E01639,2026_H1,2026-06-15,2,5,False,Completed
R010166,E01192,2026_H1,2026-06-15,4,3,True,Completed
R010167,E03955,2026_H1,2026-06-15,1,3,False,Completed
R010168,E00059,2026_H1,2026-06-15,2,2,False,Completed
R010169,E03704,2026_H1,2026-06-15,3,3,False,Completed
R010170,E02283,2026_H1,2026-06-15,5,3,False,Completed
R010171,E00372,2026_H1,2026-06-15,2,3,True,Completed
R010172,E04103,2026_H1,2026-06-15,3,3,False,Pending
R010173,E04112,2026_H1,2026-06-15,1,4,False,Completed
R010174,E01902,2026_H1,2026-06-15,4,1,False,Pending
R010175,E03860,2026_H1,2026-06-15,4,3,False,Pending
R010176,E04097,2026_H1,2026-06-15,3,4,False,Completed
R010177,E04194,2026_H1,2026-06-15,4,3,False,Pending
R010178,E01096,2026_H1,2026-06-15,2,5,False,Completed
R010179,E00138,2026_H1,2026-06-15,5,4,False,Completed
R010180,E03044,2026_H1,2026-06-15,3,2,True,Completed
R010181,E00225,2026_H1,2026-06-15,3,3,False,Completed
R010182,E00824,2026_H1,2026-06-15,3,5,False,Completed
R010183,E00513,2026_H1,2026-06-15,4,2,False,Completed
R010184,E00428,2026_H1,2026-06-15,5,3,False,Completed
R010185,E04787,2026_H1,2026-06-15,3,2,True,Completed
R010186,E00698,2026_H1,2026-06-15,4,4,False,Completed
R010187,E03867,2026_H1,2026-06-15,3,3,False,Completed
R010188,E03150,2026_H1,2026-06-15,4,4,False,Pending
R010189,E03075,2026_H1,2026-06-15,3,3,False,Completed
R010190,E04446,2026_H1,2026-06-15,2,3,False,Completed
R010191,E03342,2026_H1,2026-06-15,5,2,False,Completed
R010192,E03628,2026_H1,2026-06-15,4,5,False,Completed
R010193,E00317,2026_H1,2026-06-15,3,3,False,Completed
R010194,E03271,2026_H1,2026-06-15,2,5,False,Completed
R010195,E03795,2026_H1,2026-06-15,3,4,False,Completed
R010196,E00051,2026_H1,2026-06-15,3,5,True,Completed
R010197,E03851,2026_H1,2026-06-15,4,3,False,Completed
R010198,E02188,2026_H1,2026-06-15,2,4,False,Completed
R010199,E03892,2026_H1,2026-06-15,3,3,False,Completed
R010200,E00741,2026_H1,2026-06-15,3,2,False,Completed
R010201,E00788,2026_H1,2026-06-15,5,4,False,Completed
R010202,E01824,2026_H1,2026-06-15,5,2,False,Completed
R010203,E02260,2026_H1,2026-06-15,1,4,False,Cancelled
R010204,E04940,2026_H1,2026-06-15,2,3,False,Completed
R010205,E02292,2026_H1,2026-06-15,3,2,False,Completed
R010206,E04368,2026_H1,2026-06-15,3,3,False,Completed
R010207,E01502,2026_H1,2026-06-15,4,3,False,Completed
R010208,E03855,2026_H1,2026-06-15,2,5,False,Cancelled
R010209,E03377,2026_H1,2026-06-15,5,3,False,Completed
R010210,E04992,2026_H1,2026-06-15,4,4,False,Completed
R010211,E02218,2026_H1,2026-06-15,1,4,False,Completed
R010212,E02323,2026_H1,2026-06-15,4,3,False,Completed
R010213,E03035,2026_H1,2026-06-15,4,2,False,Completed
R010214,E02211,2026_H1,2026-06-15,3,3,False,Completed
R010215,E01904,2026_H1,2026-06-15,4,3,False,Completed
R010216,E03966,2026_H1,2026-06-15,4,4,False,Completed
R010217,E01367,2026_H1,2026-06-15,3,3,False,Completed
R010218,E00424,2026_H1,2026-06-15,3,4,False,Completed
R010219,E00131,2026_H1,2026-06-15,3,4,True,Completed
R010220,E00807,2026_H1,2026-06-15,4,4,False,Completed
R010221,E00348,2026_H1,2026-06-15,4,4,False,Cancelled
R010222,E01704,2026_H1,2026-06-15,3,3,False,Completed
R010223,E00527,2026_H1,2026-06-15,3,3,False,Completed
R010224,E04869,2026_H1,2026-06-15,4,3,False,Completed
R010225,E04503,2026_H1,2026-06-15,3,4,False,Pending
R010226,E04285,2026_H1,2026-06-15,3,1,False,Completed
R010227,E04250,2026_H1,2026-06-15,5,3,True,Completed
R010228,E00133,2026_H1,2026-06-15,5,4,False,Pending
R010229,E03636,2026_H1,2026-06-15,3,3,False,Completed
R010230,E01165,2026_H1,2026-06-15,3,2,False,Completed
R010231,E02080,2026_H1,2026-06-15,2,2,False,Completed
R010232,E03961,2026_H1,2026-06-15,3,3,False,Completed
R010233,E04936,2026_H1,2026-06-15,4,4,False,Completed
R010234,E00961,2026_H1,2026-06-15,5,3,False,Cancelled
R010235,E01015,2026_H1,2026-06-15,3,4,False,Completed
R010236,E04300,2026_H1,2026-06-15,3,4,True,Completed
R010237,E02403,2026_H1,2026-06-15,4,3,False,Pending
R010238,E03208,2026_H1,2026-06-15,1,3,False,Cancelled
R010239,E00774,2026_H1,2026-06-15,3,5,False,Completed
R010240,E00023,2026_H1,2026-06-15,5,3,False,Pending
R010241,E01869,2026_H1,2026-06-15,3,4,False,Completed
R010242,E04855,2026_H1,2026-06-15,4,4,True,Completed
R010243,E01094,2026_H1,2026-06-15,3,3,False,Completed
R010244,E03755,2026_H1,2026-06-15,5,4,False,Completed
R010245,E02940,2026_H1,2026-06-15,2,3,False,Completed
R010246,E03496,2026_H1,2026-06-15,4,3,False,Completed
R010247,E00196,2026_H1,2026-06-15,4,4,False,Completed
R010248,E03768,2026_H1,2026-06-15,2,1,False,Completed
R010249,E01183,2026_H1,2026-06-15,5,1,False,Completed
R010250,E00964,2026_H1,2026-06-15,3,3,False,Completed
R010251,E04525,2026_H1,2026-06-15,3,3,False,Completed
R010252,E00073,2026_H1,2026-06-15,4,4,False,Completed
R010253,E01448,2026_H1,2026-06-15,4,3,False,Completed
R010254,E01261,2026_H1,2026-06-15,3,2,False,Completed
R010255,E02529,2026_H1,2026-06-15,2,3,False,Completed
R010256,E01303,2026_H1,2026-06-15,4,5,False,Completed
R010257,E02035,2026_H1,2026-06-15,4,2,False,Completed
R010258,E03694,2026_H1,2026-06-15,3,5,False,Completed
R010259,E01628,2026_H1,2026-06-15,3,3,False,Completed
R010260,E03395,2026_H1,2026-06-15,3,3,False,Completed
R010261,E03318,2026_H1,2026-06-15,3,3,False,Completed
R010262,E03449,2026_H1,2026-06-15,3,4,False,Completed
R010263,E00350,2026_H1,2026-06-15,3,2,False,Completed
R010264,E02457,2026_H1,2026-06-15,5,3,False,Pending
R010265,E04090,2026_H1,2026-06-15,2,2,False,Completed
R010266,E00011,2026_H1,2026-06-15,4,3,False,Completed
R010267,E04156,2026_H1,2026-06-15,3,2,False,Completed
R010268,E02930,2026_H1,2026-06-15,3,4,False,Completed
R010269,E04263,2026_H1,2026-06-15,3,2,False,Completed
R010270,E00115,2026_H1,2026-06-15,2,3,False,Completed
R010271,E03922,2026_H1,2026-06-15,3,4,False,Completed
R010272,E02945,2026_H1,2026-06-15,3,4,True,Completed
R010273,E00840,2026_H1,2026-06-15,2,4,False,Completed
R010274,E03560,2026_H1,2026-06-15,4,1,False,Completed
R010275,E02049,2026_H1,2026-06-15,4,3,False,Completed
R010276,E02946,2026_H1,2026-06-15,2,5,False,Completed
R010277,E00357,2026_H1,2026-06-15,4,3,False,Completed
R010278,E01008,2026_H1,2026-06-15,3,2,False,Completed
R010279,E03460,2026_H1,2026-06-15,2,2,False,Completed
R010280,E02881,2026_H1,2026-06-15,3,4,False,Completed
R010281,E04553,2026_H1,2026-06-15,2,5,False,Completed
R010282,E01387,2026_H1,2026-06-15,3,3,False,Completed
R010283,E00121,2026_H1,2026-06-15,2,1,False,Completed
R010284,E00308,2026_H1,2026-06-15,3,3,True,Completed
R010285,E04509,2026_H1,2026-06-15,4,3,True,Completed
R010286,E04116,2026_H1,2026-06-15,3,3,False,Completed
R010287,E03758,2026_H1,2026-06-15,2,4,False,Completed
R010288,E00755,2026_H1,2026-06-15,3,1,False,Completed
R010289,E03362,2026_H1,2026-06-15,3,3,False,Completed
R010290,E04070,2026_H1,2026-06-15,4,3,False,Completed
R010291,E00631,2026_H1,2026-06-15,5,2,False,Completed
R010292,E00335,2026_H1,2026-06-15,2,3,False,Completed
R010293,E00710,2026_H1,2026-06-15,5,3,True,Completed
R010294,E02879,2026_H1,2026-06-15,3,3,False,Completed
R010295,E04561,2026_H1,2026-06-15,3,3,False,Completed
R010296,E00322,2026_H1,2026-06-15,2,3,False,Completed
R010297,E01173,2026_H1,2026-06-15,3,3,False,Completed
R010298,E00330,2026_H1,2026-06-15,4,3,False,Completed
R010299,E01598,2026_H1,2026-06-15,3,4,False,Completed
R010300,E02308,2026_H1,2026-06-15,3,2,False,Completed
R010301,E02549,2026_H1,2026-06-15,3,2,True,Completed
R010302,E02186,2026_H1,2026-06-15,5,3,False,Completed
R010303,E01816,2026_H1,2026-06-15,2,4,False,Completed
R010304,E02968,2026_H1,2026-06-15,4,4,False,Completed
R010305,E01046,2026_H1,2026-06-15,3,3,False,Completed
R010306,E00932,2026_H1,2026-06-15,3,3,False,Completed
R010307,E03527,2026_H1,2026-06-15,3,3,False,Completed
R010308,E03934,2026_H1,2026-06-15,3,3,False,Completed
R010309,E03404,2026_H1,2026-06-15,3,2,False,Pending
R010310,E04293,2026_H1,2026-06-15,3,2,False,Completed
R010311,E02116,2026_H1,2026-06-15,3,3,False,Completed
R010312,E04547,2026_H1,2026-06-15,3,1,False,Completed
R010313,E01532,2026_H1,2026-06-15,4,4,False,Completed
R010314,E03354,2026_H1,2026-06-15,2,3,False,Completed
R010315,E03980,2026_H1,2026-06-15,2,2,False,Completed
R010316,E03986,2026_H1,2026-06-15,2,4,False,Completed
R010317,E04570,2026_H1,2026-06-15,3,5,False,Completed
R010318,E00723,2026_H1,2026-06-15,4,3,False,Cancelled
R010319,E03171,2026_H1,2026-06-15,3,5,False,Completed
R010320,E02143,2026_H1,2026-06-15,2,3,False,Completed
R010321,E04802,2026_H1,2026-06-15,1,4,False,Completed
R010322,E02439,2026_H1,2026-06-15,3,2,False,Completed
R010323,E00260,2026_H1,2026-06-15,2,2,False,Completed
R010324,E01300,2026_H1,2026-06-15,3,3,False,Completed
R010325,E04875,2026_H1,2026-06-15,3,4,False,Completed
R010326,E00412,2026_H1,2026-06-15,5,4,False,Completed
R010327,E00226,2026_H1,2026-06-15,3,2,False,Completed
R010328,E02404,2026_H1,2026-06-15,2,3,False,Completed
R010329,E04472,2026_H1,2026-06-15,2,5,False,Completed
R010330,E01323,2026_H1,2026-06-15,2,3,False,Completed
R010331,E04771,2026_H1,2026-06-15,3,3,False,Completed
R010332,E02990,2026_H1,2026-06-15,3,3,False,Completed
R010333,E02434,2026_H1,2026-06-15,3,3,False,Completed
R010334,E01965,2026_H1,2026-06-15,2,3,False,Completed
R010335,E04584,2026_H1,2026-06-15,3,3,False,Completed
R010336,E01221,2026_H1,2026-06-15,3,1,True,Completed
R010337,E02796,2026_H1,2026-06-15,3,3,False,Completed
R010338,E02113,2026_H1,2026-06-15,3,4,False,Completed
R010339,E03672,2026_H1,2026-06-15,4,3,False,Completed
R010340,E00516,2026_H1,2026-06-15,3,2,False,Completed
R010341,E01577,2026_H1,2026-06-15,2,4,False,Completed
R010342,E04164,2026_H1,2026-06-15,3,3,False,Completed
R010343,E02928,2026_H1,2026-06-15,2,3,True,Completed
R010344,E03901,2026_H1,2026-06-15,3,3,False,Completed
R010345,E04842,2026_H1,2026-06-15,5,3,False,Completed
R010346,E04585,2026_H1,2026-06-15,3,3,False,Completed
R010347,E01279,2026_H1,2026-06-15,3,3,False,Completed
R010348,E00555,2026_H1,2026-06-15,5,5,True,Completed
R010349,E04399,2026_H1,2026-06-15,2,1,False,Completed
R010350,E02447,2026_H1,2026-06-15,3,2,False,Completed
R010351,E03711,2026_H1,2026-06-15,4,1,False,Completed
R010352,E01977,2026_H1,2026-06-15,3,3,False,Completed
R010353,E00822,2026_H1,2026-06-15,3,3,False,Completed
R010354,E00648,2026_H1,2026-06-15,3,2,False,Completed
R010355,E01842,2026_H1,2026-06-15,2,3,False,Completed
R010356,E00930,2026_H1,2026-06-15,4,2,True,Completed
R010357,E02402,2026_H1,2026-06-15,5,4,True,Completed
R010358,E01524,2026_H1,2026-06-15,4,4,False,Completed
R010359,E00174,2026_H1,2026-06-15,3,2,False,Completed
R010360,E03584,2026_H1,2026-06-15,4,3,False,Completed
R010361,E03951,2026_H1,2026-06-15,2,2,False,Completed
R010362,E00499,2026_H1,2026-06-15,4,3,False,Completed
R010363,E04458,2026_H1,2026-06-15,3,3,False,Completed
R010364,E01351,2026_H1,2026-06-15,3,5,False,Completed
R010365,E01026,2026_H1,2026-06-15,2,4,False,Pending
R010366,E00339,2026_H1,2026-06-15,3,4,False,Completed
R010367,E02591,2026_H1,2026-06-15,3,3,True,Completed
R010368,E04567,2026_H1,2026-06-15,3,4,False,Cancelled
R010369,E03778,2026_H1,2026-06-15,3,3,False,Completed
R010370,E01184,2026_H1,2026-06-15,2,2,False,Completed
R010371,E00967,2026_H1,2026-06-15,3,4,False,Completed
R010372,E04840,2026_H1,2026-06-15,4,4,False,Pending
R010373,E00975,2026_H1,2026-06-15,2,1,False,Completed
R010374,E03849,2026_H1,2026-06-15,2,1,False,Completed
R010375,E02588,2026_H1,2026-06-15,3,2,False,Completed
R010376,E03626,2026_H1,2026-06-15,3,3,False,Completed
R010377,E02556,2026_H1,2026-06-15,4,4,True,Completed
R010378,E03895,2026_H1,2026-06-15,4,4,False,Completed
R010379,E00643,2026_H1,2026-06-15,3,4,False,Completed
R010380,E00669,2026_H1,2026-06-15,3,4,False,Completed
R010381,E00275,2026_H1,2026-06-15,2,4,False,Completed
R010382,E02361,2026_H1,2026-06-15,3,3,False,Completed
R010383,E04587,2026_H1,2026-06-15,2,3,False,Completed
R010384,E03196,2026_H1,2026-06-15,4,4,False,Completed
R010385,E02486,2026_H1,2026-06-15,4,3,False,Completed
R010386,E03909,2026_H1,2026-06-15,3,4,False,Completed
R010387,E04253,2026_H1,2026-06-15,3,3,False,Completed
R010388,E03572,2026_H1,2026-06-15,4,3,False,Completed
R010389,E04493,2026_H1,2026-06-15,2,3,False,Completed
R010390,E00216,2026_H1,2026-06-15,4,5,False,Completed
R010391,E00144,2026_H1,2026-06-15,3,4,True,Completed
R010392,E00154,2026_H1,2026-06-15,3,3,False,Completed
R010393,E04456,2026_H1,2026-06-15,5,4,False,Completed
R010394,E03060,2026_H1,2026-06-15,2,4,False,Completed
R010395,E04032,2026_H1,2026-06-15,3,5,True,Completed
R010396,E01652,2026_H1,2026-06-15,3,4,False,Completed
R010397,E02317,2026_H1,2026-06-15,5,3,False,Completed
R010398,E04242,2026_H1,2026-06-15,2,3,False,Completed
R010399,E04806,2026_H1,2026-06-15,4,5,False,Completed
R010400,E01578,2026_H1,2026-06-15,3,4,False,Pending
R010401,E02910,2026_H1,2026-06-15,1,3,False,Completed
R010402,E02613,2026_H1,2026-06-15,4,4,False,Completed
R010403,E01357,2026_H1,2026-06-15,4,3,False,Completed
R010404,E03802,2026_H1,2026-06-15,4,4,False,Completed
R010405,E00254,2026_H1,2026-06-15,3,3,False,Completed
R010406,E03427,2026_H1,2026-06-15,4,4,False,Completed
R010407,E04798,2026_H1,2026-06-15,3,4,False,Completed
R010408,E02263,2026_H1,2026-06-15,4,3,False,Completed
R010409,E00549,2026_H1,2026-06-15,3,3,True,Completed
R010410,E04860,2026_H1,2026-06-15,3,3,False,Completed
R010411,E03551,2026_H1,2026-06-15,3,4,False,Completed
R010412,E04317,2026_H1,2026-06-15,4,4,False,Completed
R010413,E00661,2026_H1,2026-06-15,4,2,False,Completed
R010414,E04803,2026_H1,2026-06-15,4,3,False,Completed
R010415,E03149,2026_H1,2026-06-15,3,5,False,Completed
R010416,E03650,2026_H1,2026-06-15,2,2,False,Pending
R010417,E00922,2026_H1,2026-06-15,3,3,False,Completed
R010418,E00650,2026_H1,2026-06-15,5,3,True,Completed
R010419,E02396,2026_H1,2026-06-15,3,4,False,Completed
R010420,E02303,2026_H1,2026-06-15,4,3,False,Completed
R010421,E00663,2026_H1,2026-06-15,2,4,False,Completed
R010422,E01966,2026_H1,2026-06-15,4,3,False,Completed
R010423,E02882,2026_H1,2026-06-15,3,5,False,Completed
R010424,E02414,2026_H1,2026-06-15,3,4,False,Completed
R010425,E03912,2026_H1,2026-06-15,3,1,False,Completed
R010426,E02547,2026_H1,2026-06-15,3,3,False,Completed
R010427,E02769,2026_H1,2026-06-15,1,3,False,Completed
R010428,E02840,2026_H1,2026-06-15,3,5,False,Completed
R010429,E01818,2026_H1,2026-06-15,4,3,False,Completed
R010430,E01030,2026_H1,2026-06-15,3,1,False,Completed
R010431,E02620,2026_H1,2026-06-15,4,5,False,Completed
R010432,E00581,2026_H1,2026-06-15,4,3,False,Completed
R010433,E04376,2026_H1,2026-06-15,3,3,False,Completed
R010434,E01733,2026_H1,2026-06-15,3,3,False,Completed
R010435,E04548,2026_H1,2026-06-15,3,3,False,Pending
R010436,E00072,2026_H1,2026-06-15,3,3,False,Completed
R010437,E02454,2026_H1,2026-06-15,4,4,False,Completed
R010438,E01310,2026_H1,2026-06-15,3,1,False,Completed
R010439,E03084,2026_H1,2026-06-15,2,3,False,Completed
R010440,E03786,2026_H1,2026-06-15,3,2,False,Completed
R010441,E01031,2026_H1,2026-06-15,3,3,False,Completed
R010442,E04836,2026_H1,2026-06-15,2,4,False,Pending
R010443,E03725,2026_H1,2026-06-15,4,3,False,Completed
R010444,E02891,2026_H1,2026-06-15,3,2,False,Completed
R010445,E00562,2026_H1,2026-06-15,2,4,True,Completed
R010446,E00686,2026_H1,2026-06-15,3,4,False,Completed
R010447,E00007,2026_H1,2026-06-15,3,1,False,Completed
R010448,E00743,2026_H1,2026-06-15,3,3,False,Completed
R010449,E01760,2026_H1,2026-06-15,4,3,False,Completed
R010450,E02535,2026_H1,2026-06-15,4,3,False,Completed
R010451,E03744,2026_H1,2026-06-15,3,3,True,Completed
R010452,E03282,2026_H1,2026-06-15,3,5,False,Completed
R010453,E04792,2026_H1,2026-06-15,4,4,False,Completed
R010454,E00906,2026_H1,2026-06-15,3,3,False,Completed
R010455,E04265,2026_H1,2026-06-15,3,3,False,Cancelled
R010456,E04312,2026_H1,2026-06-15,4,2,False,Completed
R010457,E00151,2026_H1,2026-06-15,4,3,False,Completed
R010458,E00298,2026_H1,2026-06-15,4,4,False,Completed
R010459,E00107,2026_H1,2026-06-15,3,2,False,Completed
R010460,E04965,2026_H1,2026-06-15,3,3,False,Completed
R010461,E02499,2026_H1,2026-06-15,2,3,False,Completed
R010462,E03309,2026_H1,2026-06-15,3,3,False,Completed
R010463,E04466,2026_H1,2026-06-15,3,2,False,Cancelled
R010464,E04327,2026_H1,2026-06-15,1,3,False,Completed
R010465,E03212,2026_H1,2026-06-15,4,3,False,Completed
R010466,E03403,2026_H1,2026-06-15,3,3,False,Completed
R010467,E00933,2026_H1,2026-06-15,3,5,False,Cancelled
R010468,E03103,2026_H1,2026-06-15,4,3,False,Completed
R010469,E00062,2026_H1,2026-06-15,4,3,False,Completed
R010470,E01195,2026_H1,2026-06-15,4,3,False,Completed
R010471,E01611,2026_H1,2026-06-15,3,1,False,Completed
R010472,E02863,2026_H1,2026-06-15,3,3,False,Completed
R010473,E00568,2026_H1,2026-06-15,3,2,False,Completed
R010474,E01969,2026_H1,2026-06-15,4,5,False,Completed
R010475,E03441,2026_H1,2026-06-15,3,4,False,Completed
R010476,E03479,2026_H1,2026-06-15,3,1,False,Completed
R010477,E00323,2026_H1,2026-06-15,3,3,False,Pending
R010478,E00505,2026_H1,2026-06-15,4,3,False,Completed
R010479,E00955,2026_H1,2026-06-15,3,5,False,Completed
R010480,E01726,2026_H1,2026-06-15,2,4,True,Completed
R010481,E04408,2026_H1,2026-06-15,3,4,False,Completed
R010482,E03669,2026_H1,2026-06-15,4,3,True,Completed
R010483,E01563,2026_H1,2026-06-15,2,4,False,Completed
R010484,E04568,2026_H1,2026-06-15,4,4,False,Completed
R010485,E01881,2026_H1,2026-06-15,1,3,False,Completed
R010486,E04443,2026_H1,2026-06-15,2,3,False,Completed
R010487,E02961,2026_H1,2026-06-15,2,5,True,Completed
R010488,E03016,2026_H1,2026-06-15,4,3,False,Completed
R010489,E01334,2026_H1,2026-06-15,3,3,False,Completed
R010490,E04436,2026_H1,2026-06-15,3,4,False,Completed
R010491,E01205,2026_H1,2026-06-15,5,4,False,Cancelled
R010492,E00559,2026_H1,2026-06-15,3,4,False,Completed
R010493,E01759,2026_H1,2026-06-15,3,3,False,Completed
R010494,E03556,2026_H1,2026-06-15,3,5,False,Completed
R010495,E02297,2026_H1,2026-06-15,3,2,False,Completed
R010496,E02558,2026_H1,2026-06-15,2,3,False,Completed
R010497,E02165,2026_H1,2026-06-15,3,3,False,Completed
R010498,E01359,2026_H1,2026-06-15,2,2,False,Completed
R010499,E01234,2026_H1,2026-06-15,3,3,False,Completed
R010500,E02178,2026_H1,2026-06-15,4,3,False,Completed
R010501,E00425,2026_H1,2026-06-15,3,4,False,Completed
R010502,E02621,2026_H1,2026-06-15,4,4,False,Completed
R010503,E01399,2026_H1,2026-06-15,3,3,False,Completed
R010504,E02160,2026_H1,2026-06-15,4,3,False,Completed
R010505,E02986,2026_H1,2026-06-15,3,2,False,Completed
R010506,E01564,2026_H1,2026-06-15,3,3,False,Completed
R010507,E04483,2026_H1,2026-06-15,4,3,False,Completed
R010508,E03206,2026_H1,2026-06-15,2,2,False,Completed
R010509,E04020,2026_H1,2026-06-15,3,2,False,Pending
R010510,E00699,2026_H1,2026-06-15,4,4,False,Completed
R010511,E00721,2026_H1,2026-06-15,3,3,False,Completed
R010512,E02380,2026_H1,2026-06-15,3,3,False,Completed
R010513,E02324,2026_H1,2026-06-15,1,2,False,Completed
R010514,E04614,2026_H1,2026-06-15,3,3,False,Completed
R010515,E04769,2026_H1,2026-06-15,4,3,False,Completed
R010516,E03492,2026_H1,2026-06-15,3,4,False,Completed
R010517,E00441,2026_H1,2026-06-15,3,3,False,Completed
R010518,E02766,2026_H1,2026-06-15,3,3,False,Completed
R010519,E03508,2026_H1,2026-06-15,3,3,False,Completed
R010520,E01345,2026_H1,2026-06-15,4,4,True,Completed
R010521,E03773,2026_H1,2026-06-15,4,5,False,Completed
R010522,E00507,2026_H1,2026-06-15,3,3,False,Completed
R010523,E02129,2026_H1,2026-06-15,3,3,False,Completed
R010524,E00101,2026_H1,2026-06-15,4,3,False,Completed
R010525,E03065,2026_H1,2026-06-15,2,5,False,Completed
R010526,E00545,2026_H1,2026-06-15,4,5,False,Completed
R010527,E02145,2026_H1,2026-06-15,5,4,False,Completed
R010528,E04603,2026_H1,2026-06-15,3,2,False,Completed
R010529,E00197,2026_H1,2026-06-15,3,5,False,Completed
R010530,E02498,2026_H1,2026-06-15,3,5,True,Completed
R010531,E04595,2026_H1,2026-06-15,3,3,False,Completed
R010532,E02429,2026_H1,2026-06-15,2,4,False,Completed
R010533,E02831,2026_H1,2026-06-15,4,4,False,Completed
R010534,E00159,2026_H1,2026-06-15,3,3,False,Completed
R010535,E04653,2026_H1,2026-06-15,2,4,False,Completed
R010536,E04703,2026_H1,2026-06-15,3,4,False,Completed
R010537,E02093,2026_H1,2026-06-15,3,5,False,Completed
R010538,E04073,2026_H1,2026-06-15,3,3,False,Completed
R010539,E01591,2026_H1,2026-06-15,5,4,False,Pending
R010540,E03421,2026_H1,2026-06-15,3,5,True,Completed
R010541,E03042,2026_H1,2026-06-15,2,5,False,Completed
R010542,E04387,2026_H1,2026-06-15,3,3,False,Completed
R010543,E00780,2026_H1,2026-06-15,5,2,False,Completed
R010544,E00730,2026_H1,2026-06-15,3,3,False,Completed
R010545,E01657,2026_H1,2026-06-15,4,3,False,Completed
R010546,E00224,2026_H1,2026-06-15,2,2,True,Completed
R010547,E03840,2026_H1,2026-06-15,3,2,False,Completed
R010548,E00526,2026_H1,2026-06-15,3,4,False,Completed
R010549,E01366,2026_H1,2026-06-15,1,5,False,Completed
R010550,E02427,2026_H1,2026-06-15,2,3,False,Completed
R010551,E03317,2026_H1,2026-06-15,2,4,False,Completed
R010552,E00991,2026_H1,2026-06-15,4,2,False,Completed
R010553,E02810,2026_H1,2026-06-15,1,4,False,Completed
R010554,E01550,2026_H1,2026-06-15,3,2,False,Completed
R010555,E02083,2026_H1,2026-06-15,2,2,False,Completed
R010556,E02229,2026_H1,2026-06-15,2,4,False,Completed
R010557,E00435,2026_H1,2026-06-15,3,3,False,Pending
R010558,E00378,2026_H1,2026-06-15,4,4,False,Completed
R010559,E00231,2026_H1,2026-06-15,3,3,False,Completed
R010560,E02119,2026_H1,2026-06-15,5,3,False,Completed
R010561,E04266,2026_H1,2026-06-15,5,3,False,Completed
R010562,E04822,2026_H1,2026-06-15,4,3,False,Completed
R010563,E02064,2026_H1,2026-06-15,3,3,False,Completed
R010564,E02955,2026_H1,2026-06-15,3,3,False,Completed
R010565,E04682,2026_H1,2026-06-15,2,4,False,Completed
R010566,E04980,2026_H1,2026-06-15,1,4,False,Cancelled
R010567,E01191,2026_H1,2026-06-15,2,4,False,Completed
R010568,E02424,2026_H1,2026-06-15,3,3,False,Completed
R010569,E02066,2026_H1,2026-06-15,3,3,False,Completed
R010570,E00026,2026_H1,2026-06-15,5,4,True,Completed
R010571,E04195,2026_H1,2026-06-15,3,3,False,Completed
R010572,E02781,2026_H1,2026-06-15,5,4,True,Pending
R010573,E00690,2026_H1,2026-06-15,3,3,False,Cancelled
R010574,E00876,2026_H1,2026-06-15,2,3,False,Pending
R010575,E01456,2026_H1,2026-06-15,4,4,False,Completed
R010576,E03202,2026_H1,2026-06-15,2,4,False,Pending
R010577,E01773,2026_H1,2026-06-15,4,2,False,Completed
R010578,E04600,2026_H1,2026-06-15,4,3,False,Completed
R010579,E01592,2026_H1,2026-06-15,3,3,False,Completed
R010580,E03190,2026_H1,2026-06-15,3,4,False,Completed
R010581,E01166,2026_H1,2026-06-15,3,4,False,Completed
R010582,E02609,2026_H1,2026-06-15,3,3,False,Completed
R010583,E00737,2026_H1,2026-06-15,3,3,False,Pending
R010584,E00831,2026_H1,2026-06-15,3,5,False,Completed
R010585,E01355,2026_H1,2026-06-15,4,3,False,Completed
R010586,E02962,2026_H1,2026-06-15,4,3,True,Completed
R010587,E01547,2026_H1,2026-06-15,4,2,False,Completed
R010588,E02726,2026_H1,2026-06-15,2,4,False,Completed
R010589,E01805,2026_H1,2026-06-15,3,3,False,Completed
R010590,E02390,2026_H1,2026-06-15,3,3,False,Completed
R010591,E02226,2026_H1,2026-06-15,2,3,False,Completed
R010592,E04941,2026_H1,2026-06-15,1,4,False,Cancelled
R010593,E03673,2026_H1,2026-06-15,4,5,False,Completed
R010594,E02039,2026_H1,2026-06-15,3,5,False,Completed
R010595,E00676,2026_H1,2026-06-15,3,3,False,Completed
R010596,E02136,2026_H1,2026-06-15,3,5,False,Completed
R010597,E01430,2026_H1,2026-06-15,3,4,False,Completed
R010598,E03524,2026_H1,2026-06-15,3,3,False,Completed
R010599,E00769,2026_H1,2026-06-15,4,3,False,Completed
R010600,E04637,2026_H1,2026-06-15,3,2,False,Completed
R010601,E01475,2026_H1,2026-06-15,3,4,False,Completed
R010602,E04203,2026_H1,2026-06-15,3,1,False,Completed
R010603,E04064,2026_H1,2026-06-15,3,5,False,Completed
R010604,E01852,2026_H1,2026-06-15,3,3,False,Completed
R010605,E02125,2026_H1,2026-06-15,3,2,False,Completed
R010606,E00247,2026_H1,2026-06-15,2,3,False,Completed
R010607,E00170,2026_H1,2026-06-15,4,5,False,Completed
R010608,E03120,2026_H1,2026-06-15,3,3,False,Completed
R010609,E04633,2026_H1,2026-06-15,3,4,False,Completed
R010610,E01651,2026_H1,2026-06-15,3,3,False,Completed
R010611,E03092,2026_H1,2026-06-15,3,1,False,Completed
R010612,E00119,2026_H1,2026-06-15,3,3,False,Completed
R010613,E00695,2026_H1,2026-06-15,4,3,False,Completed
R010614,E00374,2026_H1,2026-06-15,2,2,False,Completed
R010615,E03665,2026_H1,2026-06-15,3,4,False,Completed
R010616,E02072,2026_H1,2026-06-15,4,3,False,Completed
R010617,E02858,2026_H1,2026-06-15,4,4,False,Completed
R010618,E00447,2026_H1,2026-06-15,3,3,False,Completed
R010619,E04305,2026_H1,2026-06-15,4,4,False,Completed
R010620,E00830,2026_H1,2026-06-15,4,1,False,Completed
R010621,E02118,2026_H1,2026-06-15,4,4,False,Completed
R010622,E00929,2026_H1,2026-06-15,4,3,False,Completed
R010623,E00856,2026_H1,2026-06-15,3,3,False,Pending
R010624,E00639,2026_H1,2026-06-15,5,1,True,Completed
R010625,E04462,2026_H1,2026-06-15,3,4,False,Completed
R010626,E00918,2026_H1,2026-06-15,3,3,False,Completed
R010627,E03358,2026_H1,2026-06-15,4,3,False,Completed
R010628,E04259,2026_H1,2026-06-15,3,3,False,Completed
R010629,E02262,2026_H1,2026-06-15,1,4,False,Completed
R010630,E02352,2026_H1,2026-06-15,4,3,False,Completed
R010631,E02699,2026_H1,2026-06-15,4,2,False,Completed
R010632,E02916,2026_H1,2026-06-15,3,3,False,Completed
R010633,E01311,2026_H1,2026-06-15,4,1,False,Completed
R010634,E04401,2026_H1,2026-06-15,5,5,False,Completed
R010635,E03012,2026_H1,2026-06-15,5,4,False,Completed
R010636,E03070,2026_H1,2026-06-15,4,3,False,Completed
R010637,E02734,2026_H1,2026-06-15,3,3,False,Completed
R010638,E03251,2026_H1,2026-06-15,4,4,False,Completed
R010639,E04881,2026_H1,2026-06-15,3,4,False,Completed
R010640,E02399,2026_H1,2026-06-15,3,4,False,Completed
R010641,E01703,2026_H1,2026-06-15,5,3,False,Completed
R010642,E04577,2026_H1,2026-06-15,3,3,False,Completed
R010643,E00909,2026_H1,2026-06-15,4,3,False,Completed
R010644,E04371,2026_H1,2026-06-15,3,4,False,Completed
R010645,E03568,2026_H1,2026-06-15,4,3,False,Completed
R010646,E01103,2026_H1,2026-06-15,3,1,False,Completed
R010647,E04087,2026_H1,2026-06-15,4,4,True,Completed
R010648,E00022,2026_H1,2026-06-15,1,4,False,Completed
R010649,E03025,2026_H1,2026-06-15,2,4,False,Completed
R010650,E00016,2026_H1,2026-06-15,2,1,False,Completed
R010651,E01466,2026_H1,2026-06-15,1,2,False,Completed
R010652,E04766,2026_H1,2026-06-15,1,2,False,Completed
R010653,E00860,2026_H1,2026-06-15,2,3,False,Completed
R010654,E04544,2026_H1,2026-06-15,2,4,False,Completed
R010655,E01541,2026_H1,2026-06-15,3,3,False,Cancelled
R010656,E02020,2026_H1,2026-06-15,3,3,False,Completed
R010657,E03915,2026_H1,2026-06-15,4,5,False,Completed
R010658,E03652,2026_H1,2026-06-15,3,2,False,Completed
R010659,E00785,2026_H1,2026-06-15,4,3,False,Completed
R010660,E01569,2026_H1,2026-06-15,3,3,False,Completed
R010661,E00172,2026_H1,2026-06-15,3,3,False,Completed
R010662,E02085,2026_H1,2026-06-15,5,2,False,Completed
R010663,E04565,2026_H1,2026-06-15,3,3,False,Completed
R010664,E02567,2026_H1,2026-06-15,3,3,False,Completed
R010665,E02615,2026_H1,2026-06-15,3,3,False,Completed
R010666,E01955,2026_H1,2026-06-15,1,1,False,Completed
R010667,E00470,2026_H1,2026-06-15,3,3,False,Completed
R010668,E04706,2026_H1,2026-06-15,3,4,False,Completed
R010669,E03071,2026_H1,2026-06-15,2,3,False,Completed
R010670,E02813,2026_H1,2026-06-15,4,2,True,Completed
R010671,E00179,2026_H1,2026-06-15,4,3,True,Pending
R010672,E02232,2026_H1,2026-06-15,1,3,False,Cancelled
R010673,E04797,2026_H1,2026-06-15,2,2,False,Completed
R010674,E03865,2026_H1,2026-06-15,4,4,True,Completed
R010675,E02905,2026_H1,2026-06-15,4,5,True,Completed
R010676,E00186,2026_H1,2026-06-15,5,3,False,Pending
R010677,E02688,2026_H1,2026-06-15,3,4,False,Completed
R010678,E02215,2026_H1,2026-06-15,2,3,False,Completed
R010679,E01437,2026_H1,2026-06-15,4,3,False,Completed
R010680,E00517,2026_H1,2026-06-15,3,5,False,Completed
R010681,E00798,2026_H1,2026-06-15,3,4,False,Completed
R010682,E00070,2026_H1,2026-06-15,3,4,False,Completed
R010683,E01225,2026_H1,2026-06-15,4,4,False,Completed
R010684,E04929,2026_H1,2026-06-15,1,4,False,Completed
R010685,E00539,2026_H1,2026-06-15,4,2,True,Completed
R010686,E04313,2026_H1,2026-06-15,4,3,False,Completed
R010687,E04606,2026_H1,2026-06-15,4,5,False,Completed
R010688,E04418,2026_H1,2026-06-15,5,5,False,Completed
R010689,E01065,2026_H1,2026-06-15,3,4,True,Cancelled
R010690,E02884,2026_H1,2026-06-15,4,3,False,Completed
R010691,E03334,2026_H1,2026-06-15,4,2,False,Completed
R010692,E00142,2026_H1,2026-06-15,3,1,False,Completed
R010693,E04500,2026_H1,2026-06-15,2,3,False,Completed
R010694,E00958,2026_H1,2026-06-15,5,3,True,Completed
R010695,E00446,2026_H1,2026-06-15,5,3,False,Pending
R010696,E03445,2026_H1,2026-06-15,3,1,False,Completed
R010697,E02420,2026_H1,2026-06-15,3,3,False,Completed
R010698,E01146,2026_H1,2026-06-15,3,2,False,Completed
R010699,E01799,2026_H1,2026-06-15,4,4,False,Completed
R010700,E04284,2026_H1,2026-06-15,1,3,False,Completed
R010701,E03970,2026_H1,2026-06-15,3,3,False,Completed
R010702,E03011,2026_H1,2026-06-15,3,3,False,Completed
R010703,E00413,2026_H1,2026-06-15,4,3,True,Completed
R010704,E03096,2026_H1,2026-06-15,1,2,False,Completed
R010705,E03594,2026_H1,2026-06-15,4,3,False,Completed
R010706,E03348,2026_H1,2026-06-15,5,4,False,Completed
R010707,E04672,2026_H1,2026-06-15,2,3,False,Completed
R010708,E00963,2026_H1,2026-06-15,3,2,False,Pending
R010709,E03235,2026_H1,2026-06-15,5,5,False,Completed
R010710,E04051,2026_H1,2026-06-15,5,4,True,Pending
R010711,E01743,2026_H1,2026-06-15,3,3,False,Completed
R010712,E01217,2026_H1,2026-06-15,1,2,False,Completed
R010713,E00960,2026_H1,2026-06-15,4,4,True,Completed
R010714,E04307,2026_H1,2026-06-15,3,3,False,Completed
R010715,E04125,2026_H1,2026-06-15,3,3,False,Cancelled
R010716,E03997,2026_H1,2026-06-15,3,3,False,Completed
R010717,E02184,2026_H1,2026-06-15,4,4,False,Completed
R010718,E04661,2026_H1,2026-06-15,2,4,False,Completed
R010719,E01568,2026_H1,2026-06-15,3,2,False,Completed
R010720,E01926,2026_H1,2026-06-15,4,4,False,Completed
R010721,E02964,2026_H1,2026-06-15,4,2,False,Completed
R010722,E03383,2026_H1,2026-06-15,3,3,False,Completed
R010723,E03799,2026_H1,2026-06-15,4,4,False,Cancelled
R010724,E03745,2026_H1,2026-06-15,3,3,False,Completed
R010725,E03283,2026_H1,2026-06-15,4,4,False,Pending
R010726,E02437,2026_H1,2026-06-15,3,5,False,Completed
R010727,E04934,2026_H1,2026-06-15,3,2,False,Completed
R010728,E04000,2026_H1,2026-06-15,3,2,False,Completed
R010729,E00725,2026_H1,2026-06-15,2,4,False,Completed
R010730,E02341,2026_H1,2026-06-15,3,4,False,Completed
R010731,E04152,2026_H1,2026-06-15,4,2,False,Completed
R010732,E02016,2026_H1,2026-06-15,3,3,False,Completed
R010733,E02624,2026_H1,2026-06-15,3,3,False,Pending
R010734,E02001,2026_H1,2026-06-15,3,3,False,Completed
R010735,E01436,2026_H1,2026-06-15,3,5,False,Completed
R010736,E04157,2026_H1,2026-06-15,1,4,False,Completed
R010737,E03244,2026_H1,2026-06-15,4,2,False,Completed
R010738,E03573,2026_H1,2026-06-15,5,4,False,Completed
R010739,E04141,2026_H1,2026-06-15,2,2,False,Completed
R010740,E02000,2026_H1,2026-06-15,3,2,False,Completed
R010741,E04828,2026_H1,2026-06-15,3,4,False,Completed
R010742,E04139,2026_H1,2026-06-15,2,3,False,Completed
R010743,E03721,2026_H1,2026-06-15,3,3,False,Completed
R010744,E01898,2026_H1,2026-06-15,2,3,False,Completed
R010745,E01614,2026_H1,2026-06-15,4,4,False,Completed
R010746,E01777,2026_H1,2026-06-15,3,4,False,Completed
R010747,E04006,2026_H1,2026-06-15,4,4,False,Completed
R010748,E04450,2026_H1,2026-06-15,5,2,False,Completed
R010749,E00426,2026_H1,2026-06-15,3,2,False,Completed
R010750,E02587,2026_H1,2026-06-15,3,2,False,Completed
R010751,E02660,2026_H1,2026-06-15,2,4,False,Completed
R010752,E04349,2026_H1,2026-06-15,3,3,False,Completed
R010753,E02442,2026_H1,2026-06-15,3,5,False,Completed
R010754,E02684,2026_H1,2026-06-15,3,4,False,Completed
R010755,E03401,2026_H1,2026-06-15,2,2,False,Completed
R010756,E02330,2026_H1,2026-06-15,1,4,False,Completed
R010757,E04689,2026_H1,2026-06-15,4,3,True,Completed
R010758,E04669,2026_H1,2026-06-15,2,4,False,Completed
R010759,E00344,2026_H1,2026-06-15,5,1,False,Completed
R010760,E01473,2026_H1,2026-06-15,3,4,False,Completed
R010761,E00132,2026_H1,2026-06-15,3,2,False,Completed
R010762,E01335,2026_H1,2026-06-15,3,3,False,Completed
R010763,E04877,2026_H1,2026-06-15,4,2,False,Completed
R010764,E04129,2026_H1,2026-06-15,3,3,False,Completed
R010765,E02451,2026_H1,2026-06-15,1,5,False,Completed
R010766,E03972,2026_H1,2026-06-15,3,3,False,Cancelled
R010767,E00551,2026_H1,2026-06-15,3,1,False,Completed
R010768,E01914,2026_H1,2026-06-15,3,3,False,Pending
R010769,E04002,2026_H1,2026-06-15,4,3,False,Completed
R010770,E04055,2026_H1,2026-06-15,3,4,False,Completed
R010771,E03363,2026_H1,2026-06-15,3,4,False,Completed
R010772,E01213,2026_H1,2026-06-15,1,3,False,Completed
R010773,E02883,2026_H1,2026-06-15,4,2,False,Completed
R010774,E01876,2026_H1,2026-06-15,4,5,False,Completed
R010775,E03243,2026_H1,2026-06-15,3,4,True,Completed
R010776,E02854,2026_H1,2026-06-15,3,3,False,Completed
R010777,E00587,2026_H1,2026-06-15,3,3,False,Completed
R010778,E03098,2026_H1,2026-06-15,3,3,False,Pending
R010779,E02152,2026_H1,2026-06-15,4,3,False,Completed
R010780,E00316,2026_H1,2026-06-15,2,4,False,Completed
R010781,E03029,2026_H1,2026-06-15,4,4,False,Cancelled
R010782,E03226,2026_H1,2026-06-15,4,2,False,Completed
R010783,E01305,2026_H1,2026-06-15,4,3,False,Cancelled
R010784,E00778,2026_H1,2026-06-15,5,3,False,Completed
R010785,E01338,2026_H1,2026-06-15,3,5,True,Completed
R010786,E04890,2026_H1,2026-06-15,3,3,False,Completed
R010787,E00742,2026_H1,2026-06-15,4,1,False,Completed
R010788,E00612,2026_H1,2026-06-15,3,3,False,Completed
R010789,E00638,2026_H1,2026-06-15,3,3,False,Completed
R010790,E00642,2026_H1,2026-06-15,4,5,False,Completed
R010791,E00432,2026_H1,2026-06-15,3,3,False,Completed
R010792,E04824,2026_H1,2026-06-15,3,4,False,Completed
R010793,E03833,2026_H1,2026-06-15,2,4,False,Completed
R010794,E04676,2026_H1,2026-06-15,3,2,False,Completed
R010795,E00407,2026_H1,2026-06-15,3,4,False,Completed
R010796,E03081,2026_H1,2026-06-15,2,2,False,Completed
R010797,E01469,2026_H1,2026-06-15,3,3,False,Completed
R010798,E04499,2026_H1,2026-06-15,3,3,False,Completed
R010799,E02564,2026_H1,2026-06-15,3,4,False,Completed
R010800,E01980,2026_H1,2026-06-15,4,1,False,Cancelled
R010801,E01735,2026_H1,2026-06-15,4,3,False,Completed
R010802,E04527,2026_H1,2026-06-15,3,3,False,Completed
R010803,E02725,2026_H1,2026-06-15,3,1,False,Completed
R010804,E00237,2026_H1,2026-06-15,3,4,False,Completed
R010805,E04348,2026_H1,2026-06-15,3,3,False,Completed
R010806,E00205,2026_H1,2026-06-15,4,5,False,Completed
R010807,E01595,2026_H1,2026-06-15,3,4,False,Completed
R010808,E04303,2026_H1,2026-06-15,4,5,False,Completed
R010809,E04166,2026_H1,2026-06-15,3,3,False,Completed
R010810,E00489,2026_H1,2026-06-15,2,3,False,Completed
R010811,E02551,2026_H1,2026-06-15,3,2,False,Completed
R010812,E02086,2026_H1,2026-06-15,3,3,False,Completed
R010813,E04092,2026_H1,2026-06-15,5,1,False,Completed
R010814,E01433,2026_H1,2026-06-15,2,3,False,Completed
R010815,E00398,2026_H1,2026-06-15,4,4,False,Completed
R010816,E00464,2026_H1,2026-06-15,1,4,False,Completed
R010817,E01365,2026_H1,2026-06-15,2,4,False,Completed
R010818,E02038,2026_H1,2026-06-15,3,2,False,Completed
R010819,E04725,2026_H1,2026-06-15,2,1,False,Pending
R010820,E00045,2026_H1,2026-06-15,3,5,False,Completed
R010821,E02417,2026_H1,2026-06-15,3,3,False,Completed
R010822,E00765,2026_H1,2026-06-15,3,3,False,Completed
R010823,E04044,2026_H1,2026-06-15,5,2,False,Completed
R010824,E02031,2026_H1,2026-06-15,2,2,False,Completed
R010825,E00371,2026_H1,2026-06-15,5,4,False,Completed
R010826,E03746,2026_H1,2026-06-15,4,3,False,Completed
R010827,E03564,2026_H1,2026-06-15,3,4,False,Pending
R010828,E02925,2026_H1,2026-06-15,3,4,False,Completed
R010829,E01119,2026_H1,2026-06-15,3,5,False,Completed
R010830,E02944,2026_H1,2026-06-15,3,4,False,Completed
R010831,E00953,2026_H1,2026-06-15,2,4,False,Completed
R010832,E01697,2026_H1,2026-06-15,3,1,False,Completed
R010833,E03763,2026_H1,2026-06-15,1,3,False,Completed
R010834,E00334,2026_H1,2026-06-15,1,5,False,Completed
R010835,E03821,2026_H1,2026-06-15,3,3,False,Completed
R010836,E02387,2026_H1,2026-06-15,3,4,False,Completed
R010837,E04018,2026_H1,2026-06-15,5,3,False,Completed
R010838,E02462,2026_H1,2026-06-15,3,4,False,Completed
R010839,E02752,2026_H1,2026-06-15,4,4,False,Completed
R010840,E03079,2026_H1,2026-06-15,5,3,False,Cancelled
R010841,E03792,2026_H1,2026-06-15,2,3,False,Completed
R010842,E01441,2026_H1,2026-06-15,2,3,False,Completed
R010843,E02625,2026_H1,2026-06-15,4,3,False,Completed
R010844,E04010,2026_H1,2026-06-15,2,5,False,Completed
R010845,E01297,2026_H1,2026-06-15,4,3,False,Completed
R010846,E00585,2026_H1,2026-06-15,2,5,False,Completed
R010847,E00060,2026_H1,2026-06-15,4,3,False,Completed
R010848,E02205,2026_H1,2026-06-15,5,5,True,Completed
R010849,E01150,2026_H1,2026-06-15,4,4,False,Completed
R010850,E00904,2026_H1,2026-06-15,3,4,False,Completed
R010851,E03884,2026_H1,2026-06-15,3,4,False,Completed
R010852,E03144,2026_H1,2026-06-15,3,4,False,Completed
R010853,E03716,2026_H1,2026-06-15,1,3,False,Completed
R010854,E04733,2026_H1,2026-06-15,1,3,False,Completed
R010855,E02407,2026_H1,2026-06-15,5,4,False,Completed
R010856,E02318,2026_H1,2026-06-15,4,3,False,Completed
R010857,E03878,2026_H1,2026-06-15,4,3,False,Completed
R010858,E04365,2026_H1,2026-06-15,3,1,False,Completed
R010859,E01995,2026_H1,2026-06-15,3,3,False,Completed
R010860,E01265,2026_H1,2026-06-15,4,3,True,Completed
R010861,E02674,2026_H1,2026-06-15,3,2,False,Completed
R010862,E01716,2026_H1,2026-06-15,3,4,False,Completed
R010863,E00994,2026_H1,2026-06-15,3,5,False,Completed
R010864,E00087,2026_H1,2026-06-15,2,3,False,Completed
R010865,E02707,2026_H1,2026-06-15,3,3,False,Completed
R010866,E02735,2026_H1,2026-06-15,3,3,False,Cancelled
R010867,E00337,2026_H1,2026-06-15,4,4,False,Completed
R010868,E04433,2026_H1,2026-06-15,3,1,False,Completed
R010869,E00972,2026_H1,2026-06-15,3,3,False,Completed
R010870,E00320,2026_H1,2026-06-15,3,3,False,Completed
R010871,E02368,2026_H1,2026-06-15,5,4,False,Completed
R010872,E01953,2026_H1,2026-06-15,3,3,False,Completed
R010873,E01815,2026_H1,2026-06-15,3,3,False,Completed
R010874,E04791,2026_H1,2026-06-15,3,3,False,Completed
R010875,E02503,2026_H1,2026-06-15,2,4,False,Completed
R010876,E03516,2026_H1,2026-06-15,3,3,False,Completed
R010877,E04851,2026_H1,2026-06-15,4,3,True,Completed
R010878,E04945,2026_H1,2026-06-15,3,4,True,Completed
R010879,E04796,2026_H1,2026-06-15,3,2,False,Completed
R010880,E01092,2026_H1,2026-06-15,5,1,False,Completed
R010881,E00108,2026_H1,2026-06-15,3,2,False,Completed
R010882,E04580,2026_H1,2026-06-15,5,5,False,Completed
R010883,E04412,2026_H1,2026-06-15,3,3,False,Completed
R010884,E04956,2026_H1,2026-06-15,3,2,False,Completed
R010885,E02421,2026_H1,2026-06-15,5,2,True,Completed
R010886,E03939,2026_H1,2026-06-15,5,3,False,Completed
R010887,E04583,2026_H1,2026-06-15,3,4,True,Pending
R010888,E03280,2026_H1,2026-06-15,1,3,False,Completed
R010889,E02912,2026_H1,2026-06-15,3,4,False,Completed
R010890,E04426,2026_H1,2026-06-15,3,3,False,Completed
R010891,E01840,2026_H1,2026-06-15,3,3,True,Completed
R010892,E02405,2026_H1,2026-06-15,4,5,False,Completed
R010893,E03124,2026_H1,2026-06-15,3,5,False,Pending
R010894,E00301,2026_H1,2026-06-15,4,3,False,Completed
R010895,E03270,2026_H1,2026-06-15,3,2,False,Completed
R010896,E00452,2026_H1,2026-06-15,4,3,False,Completed
R010897,E04187,2026_H1,2026-06-15,3,3,False,Completed
R010898,E02745,2026_H1,2026-06-15,1,3,False,Completed
R010899,E03230,2026_H1,2026-06-15,3,4,False,Completed
R010900,E04644,2026_H1,2026-06-15,3,5,False,Completed
R010901,E03185,2026_H1,2026-06-15,3,3,False,Completed
R010902,E02280,2026_H1,2026-06-15,3,3,False,Completed
R010903,E02924,2026_H1,2026-06-15,3,2,False,Completed
R010904,E02978,2026_H1,2026-06-15,4,3,False,Completed
R010905,E02820,2026_H1,2026-06-15,5,1,False,Completed
R010906,E02523,2026_H1,2026-06-15,3,3,False,Completed
R010907,E01585,2026_H1,2026-06-15,3,3,False,Completed
R010908,E02319,2026_H1,2026-06-15,3,3,False,Cancelled
R010909,E01971,2026_H1,2026-06-15,3,4,False,Completed
R010910,E03004,2026_H1,2026-06-15,3,3,False,Completed
R010911,E01701,2026_H1,2026-06-15,3,2,False,Completed
R010912,E03279,2026_H1,2026-06-15,3,4,False,Completed
R010913,E00886,2026_H1,2026-06-15,5,3,False,Completed
R010914,E01775,2026_H1,2026-06-15,3,2,False,Completed
R010915,E01606,2026_H1,2026-06-15,3,5,True,Completed
R010916,E04616,2026_H1,2026-06-15,4,5,False,Completed
R010917,E04955,2026_H1,2026-06-15,5,2,False,Completed
R010918,E00009,2026_H1,2026-06-15,2,3,False,Completed
R010919,E03944,2026_H1,2026-06-15,4,1,False,Completed
R010920,E00536,2026_H1,2026-06-15,1,5,False,Completed
R010921,E03656,2026_H1,2026-06-15,3,2,False,Pending
R010922,E03981,2026_H1,2026-06-15,3,4,False,Completed
R010923,E01110,2026_H1,2026-06-15,2,4,False,Pending
R010924,E02433,2026_H1,2026-06-15,3,2,False,Completed
R010925,E01530,2026_H1,2026-06-15,4,2,False,Completed
R010926,E02461,2026_H1,2026-06-15,2,4,False,Completed
R010927,E01672,2026_H1,2026-06-15,3,5,False,Completed
R010928,E02012,2026_H1,2026-06-15,3,3,False,Completed
R010929,E02220,2026_H1,2026-06-15,2,2,False,Completed
R010930,E01154,2026_H1,2026-06-15,4,4,False,Completed
R010931,E03679,2026_H1,2026-06-15,3,5,False,Cancelled
R010932,E03186,2026_H1,2026-06-15,3,3,False,Completed
R010933,E02307,2026_H1,2026-06-15,4,3,False,Completed
R010934,E04131,2026_H1,2026-06-15,3,3,False,Completed
R010935,E03080,2026_H1,2026-06-15,2,3,False,Completed
R010936,E02231,2026_H1,2026-06-15,3,3,False,Completed
R010937,E03882,2026_H1,2026-06-15,4,3,False,Completed
R010938,E01226,2026_H1,2026-06-15,3,2,False,Completed
R010939,E01861,2026_H1,2026-06-15,2,5,False,Pending
R010940,E04665,2026_H1,2026-06-15,3,2,False,Completed
R010941,E01379,2026_H1,2026-06-15,3,4,False,Completed
R010942,E03677,2026_H1,2026-06-15,3,3,False,Completed
R010943,E00863,2026_H1,2026-06-15,2,3,False,Pending
R010944,E03392,2026_H1,2026-06-15,3,3,False,Completed
R010945,E04724,2026_H1,2026-06-15,2,3,False,Cancelled
R010946,E02894,2026_H1,2026-06-15,4,4,False,Completed
R010947,E01386,2026_H1,2026-06-15,5,3,False,Completed
R010948,E00241,2026_H1,2026-06-15,4,3,False,Cancelled
R010949,E04897,2026_H1,2026-06-15,3,4,True,Completed
R010950,E04011,2026_H1,2026-06-15,4,2,False,Completed
R010951,E03373,2026_H1,2026-06-15,4,5,True,Completed
R010952,E02915,2026_H1,2026-06-15,4,2,False,Completed
R010953,E00283,2026_H1,2026-06-15,2,3,False,Completed
R010954,E04437,2026_H1,2026-06-15,2,3,False,Completed
R010955,E02406,2026_H1,2026-06-15,3,2,False,Completed
R010956,E03090,2026_H1,2026-06-15,5,3,False,Completed
R010957,E01385,2026_H1,2026-06-15,5,3,False,Completed
R010958,E01687,2026_H1,2026-06-15,5,3,False,Completed
R010959,E04510,2026_H1,2026-06-15,4,3,True,Completed
R010960,E01557,2026_H1,2026-06-15,3,3,False,Completed
R010961,E04406,2026_H1,2026-06-15,4,4,True,Completed
R010962,E03008,2026_H1,2026-06-15,5,4,False,Completed
R010963,E02293,2026_H1,2026-06-15,2,3,False,Completed
R010964,E02791,2026_H1,2026-06-15,5,2,False,Completed
R010965,E00044,2026_H1,2026-06-15,4,3,False,Completed
R010966,E03252,2026_H1,2026-06-15,3,1,False,Completed
R010967,E01144,2026_H1,2026-06-15,5,5,False,Completed
R010968,E02249,2026_H1,2026-06-15,5,3,True,Completed
R010969,E02542,2026_H1,2026-06-15,3,3,False,Completed
R010970,E00459,2026_H1,2026-06-15,3,5,True,Completed
R010971,E02388,2026_H1,2026-06-15,3,3,True,Completed
R010972,E00454,2026_H1,2026-06-15,4,3,False,Completed
R010973,E00911,2026_H1,2026-06-15,2,4,False,Completed
R010974,E04894,2026_H1,2026-06-15,4,2,False,Completed
R010975,E00203,2026_H1,2026-06-15,4,2,False,Completed
R010976,E04981,2026_H1,2026-06-15,3,4,False,Completed
R010977,E00520,2026_H1,2026-06-15,2,3,False,Completed
R010978,E04998,2026_H1,2026-06-15,3,3,False,Completed
R010979,E00338,2026_H1,2026-06-15,3,5,True,Completed
R010980,E03774,2026_H1,2026-06-15,3,3,False,Completed
R010981,E00112,2026_H1,2026-06-15,3,4,True,Pending
R010982,E02379,2026_H1,2026-06-15,4,2,False,Pending
R010983,E04770,2026_H1,2026-06-15,2,2,False,Completed
R010984,E04467,2026_H1,2026-06-15,1,3,False,Completed
R010985,E02344,2026_H1,2026-06-15,5,3,False,Completed
R010986,E03523,2026_H1,2026-06-15,1,3,False,Completed
R010987,E00594,2026_H1,2026-06-15,2,4,False,Completed
R010988,E04211,2026_H1,2026-06-15,5,3,False,Completed
R010989,E04351,2026_H1,2026-06-15,2,2,False,Completed
R010990,E02694,2026_H1,2026-06-15,3,2,False,Completed
R010991,E04021,2026_H1,2026-06-15,5,4,False,Completed
R010992,E02036,2026_H1,2026-06-15,3,3,False,Completed
R010993,E00532,2026_H1,2026-06-15,3,2,False,Completed
R010994,E04498,2026_H1,2026-06-15,5,3,False,Completed
R010995,E01321,2026_H1,2026-06-15,3,3,False,Completed
R010996,E04336,2026_H1,2026-06-15,2,3,False,Completed
R010997,E00001,2026_H1,2026-06-15,2,3,False,Completed
R010998,E01172,2026_H1,2026-06-15,4,3,False,Completed
R010999,E01006,2026_H1,2026-06-15,5,3,False,Completed
R011000,E02075,2026_H1,2026-06-15,4,3,False,Completed
R011001,E02610,2026_H1,2026-06-15,4,4,False,Completed
R011002,E00873,2026_H1,2026-06-15,5,3,True,Completed
R011003,E00522,2026_H1,2026-06-15,4,1,False,Cancelled
R011004,E04495,2026_H1,2026-06-15,3,5,False,Completed
R011005,E01402,2026_H1,2026-06-15,4,3,False,Completed
R011006,E03563,2026_H1,2026-06-15,4,2,False,Completed
R011007,E03502,2026_H1,2026-06-15,3,1,False,Cancelled
R011008,E03255,2026_H1,2026-06-15,4,3,False,Completed
R011009,E04788,2026_H1,2026-06-15,2,3,False,Completed
R011010,E01867,2026_H1,2026-06-15,2,4,False,Pending
R011011,E01622,2026_H1,2026-06-15,1,3,False,Completed
R011012,E04602,2026_H1,2026-06-15,4,3,False,Completed
R011013,E04229,2026_H1,2026-06-15,4,4,False,Completed
R011014,E02824,2026_H1,2026-06-15,3,3,False,Completed
R011015,E03911,2026_H1,2026-06-15,4,2,False,Completed
R011016,E02715,2026_H1,2026-06-15,4,3,False,Completed
R011017,E04662,2026_H1,2026-06-15,3,4,False,Completed
R011018,E00717,2026_H1,2026-06-15,4,4,False,Completed
R011019,E04742,2026_H1,2026-06-15,5,3,False,Completed
R011020,E00792,2026_H1,2026-06-15,2,2,False,Completed
R011021,E00808,2026_H1,2026-06-15,3,4,False,Completed
R011022,E00747,2026_H1,2026-06-15,4,2,False,Completed
R011023,E04555,2026_H1,2026-06-15,3,1,False,Completed
R011024,E00992,2026_H1,2026-06-15,4,5,False,Pending
R011025,E02458,2026_H1,2026-06-15,5,4,False,Completed
R011026,E01056,2026_H1,2026-06-15,1,4,False,Completed
R011027,E00281,2026_H1,2026-06-15,3,3,False,Completed
R011028,E04275,2026_H1,2026-06-15,5,2,False,Pending
R011029,E02430,2026_H1,2026-06-15,3,2,False,Completed
R011030,E03428,2026_H1,2026-06-15,4,1,False,Completed
R011031,E02456,2026_H1,2026-06-15,5,5,False,Completed
R011032,E01887,2026_H1,2026-06-15,2,3,False,Completed
R011033,E01425,2026_H1,2026-06-15,3,4,True,Completed
R011034,E02008,2026_H1,2026-06-15,2,4,False,Completed
R011035,E03468,2026_H1,2026-06-15,3,2,False,Completed
R011036,E03782,2026_H1,2026-06-15,2,5,False,Completed
R011037,E04528,2026_H1,2026-06-15,2,3,False,Completed
R011038,E02865,2026_H1,2026-06-15,1,3,False,Completed
R011039,E00180,2026_H1,2026-06-15,3,3,False,Completed
R011040,E00405,2026_H1,2026-06-15,3,4,False,Completed
R011041,E00588,2026_H1,2026-06-15,2,3,False,Completed
R011042,E02976,2026_H1,2026-06-15,4,4,False,Completed
R011043,E03485,2026_H1,2026-06-15,4,3,False,Completed
R011044,E01880,2026_H1,2026-06-15,3,3,False,Completed
R011045,E04168,2026_H1,2026-06-15,3,5,False,Completed
R011046,E04350,2026_H1,2026-06-15,3,3,False,Completed
R011047,E03531,2026_H1,2026-06-15,4,3,False,Completed
R011048,E04236,2026_H1,2026-06-15,3,4,False,Pending
R011049,E04925,2026_H1,2026-06-15,4,3,False,Completed
R011050,E00696,2026_H1,2026-06-15,2,3,False,Completed
R011051,E03969,2026_H1,2026-06-15,3,3,False,Completed
R011052,E00968,2026_H1,2026-06-15,3,4,False,Completed
R011053,E04282,2026_H1,2026-06-15,3,3,False,Completed
R011054,E01292,2026_H1,2026-06-15,3,5,False,Completed
R011055,E03783,2026_H1,2026-06-15,4,2,True,Completed
R011056,E02410,2026_H1,2026-06-15,4,4,True,Completed
R011057,E02463,2026_H1,2026-06-15,2,4,False,Completed
R011058,E01239,2026_H1,2026-06-15,3,1,False,Completed
R011059,E02153,2026_H1,2026-06-15,3,3,False,Completed
R011060,E03154,2026_H1,2026-06-15,4,2,False,Completed
R011061,E00707,2026_H1,2026-06-15,3,2,False,Completed
R011062,E01620,2026_H1,2026-06-15,3,5,False,Completed
R011063,E01238,2026_H1,2026-06-15,3,4,False,Completed
R011064,E04827,2026_H1,2026-06-15,3,4,True,Completed
R011065,E02560,2026_H1,2026-06-15,3,3,False,Completed
R011066,E02908,2026_H1,2026-06-15,3,5,True,Pending
R011067,E04331,2026_H1,2026-06-15,3,1,False,Completed
R011068,E02219,2026_H1,2026-06-15,4,4,True,Completed
R011069,E04485,2026_H1,2026-06-15,4,3,False,Completed
R011070,E02693,2026_H1,2026-06-15,4,4,False,Completed
R011071,E04768,2026_H1,2026-06-15,3,3,False,Completed
R011072,E00956,2026_H1,2026-06-15,3,4,False,Completed
R011073,E04640,2026_H1,2026-06-15,3,2,False,Completed
R011074,E00018,2026_H1,2026-06-15,5,2,False,Completed
R011075,E03752,2026_H1,2026-06-15,2,4,False,Completed
R011076,E00280,2026_H1,2026-06-15,3,5,False,Completed
R011077,E00448,2026_H1,2026-06-15,3,4,False,Completed
R011078,E03540,2026_H1,2026-06-15,4,2,False,Completed
R011079,E04654,2026_H1,2026-06-15,3,4,False,Pending
R011080,E04846,2026_H1,2026-06-15,2,4,False,Completed
R011081,E00471,2026_H1,2026-06-15,4,3,False,Completed
R011082,E02273,2026_H1,2026-06-15,4,1,False,Completed
R011083,E03486,2026_H1,2026-06-15,4,4,False,Completed
R011084,E01429,2026_H1,2026-06-15,4,2,False,Completed
R011085,E03559,2026_H1,2026-06-15,3,4,False,Completed
R011086,E03246,2026_H1,2026-06-15,4,4,False,Pending
R011087,E03962,2026_H1,2026-06-15,3,4,False,Completed
R011088,E03082,2026_H1,2026-06-15,2,3,False,Completed
R011089,E02070,2026_H1,2026-06-15,3,4,False,Completed
R011090,E03737,2026_H1,2026-06-15,2,1,False,Completed
R011091,E03170,2026_H1,2026-06-15,3,2,False,Pending
R011092,E00487,2026_H1,2026-06-15,4,4,True,Cancelled
R011093,E04231,2026_H1,2026-06-15,3,3,False,Completed
R011094,E01028,2026_H1,2026-06-15,2,3,False,Pending
R011095,E02526,2026_H1,2026-06-15,3,5,False,Completed
R011096,E04352,2026_H1,2026-06-15,5,4,False,Completed
R011097,E02767,2026_H1,2026-06-15,3,3,False,Completed
R011098,E04457,2026_H1,2026-06-15,4,5,False,Completed
R011099,E03055,2026_H1,2026-06-15,5,4,False,Completed
R011100,E03412,2026_H1,2026-06-15,2,3,False,Completed
R011101,E04417,2026_H1,2026-06-15,3,2,False,Completed
R011102,E04917,2026_H1,2026-06-15,3,3,True,Completed
R011103,E01081,2026_H1,2026-06-15,3,3,False,Completed
R011104,E02432,2026_H1,2026-06-15,4,5,False,Completed
R011105,E03998,2026_H1,2026-06-15,3,4,False,Completed
R011106,E04056,2026_H1,2026-06-15,4,4,False,Completed
R011107,E02681,2026_H1,2026-06-15,5,1,True,Completed
R011108,E00977,2026_H1,2026-06-15,3,3,False,Completed
R011109,E02395,2026_H1,2026-06-15,3,3,False,Completed
R011110,E02250,2026_H1,2026-06-15,2,2,False,Completed
R011111,E03059,2026_H1,2026-06-15,2,3,False,Completed
R011112,E00293,2026_H1,2026-06-15,3,3,False,Cancelled
R011113,E03295,2026_H1,2026-06-15,3,4,False,Completed
R011114,E00745,2026_H1,2026-06-15,3,5,False,Completed
R011115,E04292,2026_H1,2026-06-15,1,2,False,Completed
R011116,E04049,2026_H1,2026-06-15,3,3,False,Completed
R011117,E04738,2026_H1,2026-06-15,3,2,False,Completed
R011118,E04089,2026_H1,2026-06-15,3,4,False,Pending
R011119,E04608,2026_H1,2026-06-15,5,3,False,Completed
R011120,E00117,2026_H1,2026-06-15,3,2,False,Completed
R011121,E03379,2026_H1,2026-06-15,3,4,False,Completed
R011122,E04186,2026_H1,2026-06-15,3,2,False,Completed
R011123,E03072,2026_H1,2026-06-15,3,4,True,Completed
R011124,E03344,2026_H1,2026-06-15,1,2,False,Completed
R011125,E00846,2026_H1,2026-06-15,2,3,False,Completed
R011126,E02389,2026_H1,2026-06-15,3,5,False,Completed
R011127,E04648,2026_H1,2026-06-15,3,3,False,Completed
R011128,E01586,2026_H1,2026-06-15,5,3,False,Completed
R011129,E01924,2026_H1,2026-06-15,3,3,False,Completed
R011130,E03829,2026_H1,2026-06-15,3,4,False,Completed
R011131,E02521,2026_H1,2026-06-15,3,5,False,Completed
R011132,E03659,2026_H1,2026-06-15,4,2,False,Completed
R011133,E01800,2026_H1,2026-06-15,3,2,False,Completed
R011134,E03957,2026_H1,2026-06-15,2,3,False,Completed
R011135,E02778,2026_H1,2026-06-15,4,3,False,Completed
R011136,E01382,2026_H1,2026-06-15,3,3,False,Completed
R011137,E04994,2026_H1,2026-06-15,3,3,False,Completed
R011138,E01792,2026_H1,2026-06-15,4,3,False,Completed
R011139,E02574,2026_H1,2026-06-15,4,4,True,Completed
R011140,E02121,2026_H1,2026-06-15,1,3,False,Completed
R011141,E00884,2026_H1,2026-06-15,1,1,False,Completed
R011142,E01013,2026_H1,2026-06-15,3,3,False,Completed
R011143,E02018,2026_H1,2026-06-15,3,4,False,Completed
R011144,E03002,2026_H1,2026-06-15,3,4,False,Completed
R011145,E04201,2026_H1,2026-06-15,3,4,False,Completed
R011146,E01404,2026_H1,2026-06-15,5,1,False,Completed
R011147,E04530,2026_H1,2026-06-15,4,3,False,Completed
R011148,E00274,2026_H1,2026-06-15,2,1,False,Completed
R011149,E01299,2026_H1,2026-06-15,3,3,False,Completed
R011150,E03222,2026_H1,2026-06-15,4,3,False,Completed
R011151,E02393,2026_H1,2026-06-15,5,5,False,Completed
R011152,E01718,2026_H1,2026-06-15,3,3,False,Completed
R011153,E01667,2026_H1,2026-06-15,3,3,False,Completed
R011154,E04763,2026_H1,2026-06-15,3,3,False,Completed
R011155,E03743,2026_H1,2026-06-15,2,3,False,Completed
R011156,E04363,2026_H1,2026-06-15,3,5,False,Completed
R011157,E03994,2026_H1,2026-06-15,4,5,False,Cancelled
R011158,E01787,2026_H1,2026-06-15,4,4,False,Completed
R011159,E02126,2026_H1,2026-06-15,3,2,False,Completed
R011160,E00136,2026_H1,2026-06-15,3,4,False,Completed
R011161,E00504,2026_H1,2026-06-15,4,3,True,Completed
R011162,E02446,2026_H1,2026-06-15,3,5,False,Completed
R011163,E03644,2026_H1,2026-06-15,2,2,False,Completed
R011164,E00213,2026_H1,2026-06-15,4,3,False,Completed
R011165,E03681,2026_H1,2026-06-15,3,3,False,Completed
R011166,E02214,2026_H1,2026-06-15,4,3,False,Cancelled
R011167,E03555,2026_H1,2026-06-15,4,1,False,Completed
R011168,E03499,2026_H1,2026-06-15,2,3,False,Completed
R011169,E01921,2026_H1,2026-06-15,4,4,False,Completed
R011170,E00056,2026_H1,2026-06-15,3,3,False,Completed
R011171,E03590,2026_H1,2026-06-15,3,3,False,Completed
R011172,E04135,2026_H1,2026-06-15,4,3,False,Cancelled
R011173,E01240,2026_H1,2026-06-15,3,1,False,Cancelled
R011174,E01042,2026_H1,2026-06-15,2,2,False,Completed
R011175,E01531,2026_H1,2026-06-15,5,3,False,Completed
R011176,E01418,2026_H1,2026-06-15,5,2,False,Pending
R011177,E03074,2026_H1,2026-06-15,3,2,False,Completed
R011178,E02077,2026_H1,2026-06-15,3,1,False,Completed
R011179,E02958,2026_H1,2026-06-15,3,4,False,Completed
R011180,E00921,2026_H1,2026-06-15,3,4,False,Completed
R011181,E01171,2026_H1,2026-06-15,2,3,False,Completed
R011182,E01510,2026_H1,2026-06-15,3,3,False,Completed
R011183,E00479,2026_H1,2026-06-15,4,3,False,Completed
R011184,E01194,2026_H1,2026-06-15,4,3,True,Completed
R011185,E04951,2026_H1,2026-06-15,4,3,False,Completed
R011186,E02464,2026_H1,2026-06-15,4,5,False,Completed
R011187,E03674,2026_H1,2026-06-15,3,5,False,Completed
R011188,E02758,2026_H1,2026-06-15,5,2,False,Completed
R011189,E02992,2026_H1,2026-06-15,3,3,False,Completed
R011190,E00415,2026_H1,2026-06-15,3,1,False,Completed
R011191,E02546,2026_H1,2026-06-15,3,3,False,Completed
R011192,E04096,2026_H1,2026-06-15,4,3,False,Cancelled
R011193,E03830,2026_H1,2026-06-15,4,4,False,Completed
R011194,E04726,2026_H1,2026-06-15,3,4,False,Completed
R011195,E01451,2026_H1,2026-06-15,3,2,False,Completed
R011196,E03353,2026_H1,2026-06-15,4,3,True,Completed
R011197,E03835,2026_H1,2026-06-15,4,5,True,Completed
R011198,E04271,2026_H1,2026-06-15,4,3,False,Completed
R011199,E00618,2026_H1,2026-06-15,4,3,False,Completed
R011200,E02537,2026_H1,2026-06-15,3,3,False,Completed
R011201,E02534,2026_H1,2026-06-15,4,2,False,Completed
R011202,E03319,2026_H1,2026-06-15,3,3,False,Completed
R011203,E04597,2026_H1,2026-06-15,4,4,False,Completed
R011204,E04626,2026_H1,2026-06-15,4,3,False,Cancelled
R011205,E00734,2026_H1,2026-06-15,3,4,False,Completed
R011206,E00222,2026_H1,2026-06-15,4,3,False,Completed
R011207,E01446,2026_H1,2026-06-15,4,2,False,Completed
R011208,E04716,2026_H1,2026-06-15,4,3,False,Completed
R011209,E01933,2026_H1,2026-06-15,3,2,False,Completed
R011210,E01891,2026_H1,2026-06-15,4,3,False,Completed
R011211,E01468,2026_H1,2026-06-15,4,3,False,Completed
R011212,E00439,2026_H1,2026-06-15,3,3,False,Completed
R011213,E02175,2026_H1,2026-06-15,3,4,False,Completed
R011214,E00617,2026_H1,2026-06-15,2,4,False,Completed
R011215,E04996,2026_H1,2026-06-15,5,3,False,Completed
R011216,E00261,2026_H1,2026-06-15,4,5,False,Completed
R011217,E01174,2026_H1,2026-06-15,4,3,False,Completed
R011218,E00253,2026_H1,2026-06-15,5,4,False,Completed
R011219,E02332,2026_H1,2026-06-15,3,5,False,Completed
R011220,E03475,2026_H1,2026-06-15,3,4,False,Completed
R011221,E01009,2026_H1,2026-06-15,4,5,False,Completed
R011222,E00031,2026_H1,2026-06-15,3,4,False,Cancelled
R011223,E02969,2026_H1,2026-06-15,3,3,False,Completed
R011224,E04858,2026_H1,2026-06-15,5,4,False,Completed
R011225,E03260,2026_H1,2026-06-15,3,2,False,Completed
R011226,E01791,2026_H1,2026-06-15,1,2,False,Completed
R011227,E00219,2026_H1,2026-06-15,3,3,False,Completed
R011228,E01710,2026_H1,2026-06-15,3,2,True,Completed
R011229,E01073,2026_H1,2026-06-15,2,3,False,Completed
R011230,E00817,2026_H1,2026-06-15,5,3,False,Completed
R011231,E01831,2026_H1,2026-06-15,3,5,False,Completed
R011232,E03925,2026_H1,2026-06-15,4,4,False,Completed
R011233,E02706,2026_H1,2026-06-15,3,2,False,Completed
R011234,E02998,2026_H1,2026-06-15,2,3,False,Completed
R011235,E01493,2026_H1,2026-06-15,3,2,False,Completed
R011236,E01823,2026_H1,2026-06-15,1,3,False,Completed
R011237,E04871,2026_H1,2026-06-15,3,4,False,Completed
R011238,E00366,2026_H1,2026-06-15,4,3,False,Completed
R011239,E02058,2026_H1,2026-06-15,5,3,False,Completed
R011240,E03661,2026_H1,2026-06-15,3,3,False,Completed
R011241,E03087,2026_H1,2026-06-15,3,5,False,Completed
R011242,E01790,2026_H1,2026-06-15,2,2,False,Completed
R011243,E02773,2026_H1,2026-06-15,3,3,True,Cancelled
R011244,E00239,2026_H1,2026-06-15,4,3,False,Completed
R011245,E03434,2026_H1,2026-06-15,4,4,False,Completed
R011246,E04688,2026_H1,2026-06-15,2,4,False,Completed
R011247,E04459,2026_H1,2026-06-15,2,3,False,Completed
R011248,E03132,2026_H1,2026-06-15,3,2,False,Completed
R011249,E01715,2026_H1,2026-06-15,5,4,False,Completed
R011250,E04061,2026_H1,2026-06-15,3,1,False,Completed
R011251,E00137,2026_H1,2026-06-15,3,3,False,Completed
R011252,E01875,2026_H1,2026-06-15,2,4,False,Completed
R011253,E04549,2026_H1,2026-06-15,3,2,False,Completed
R011254,E01804,2026_H1,2026-06-15,2,3,False,Pending
R011255,E00017,2026_H1,2026-06-15,2,1,False,Completed
R011256,E00109,2026_H1,2026-06-15,4,4,False,Completed
R011257,E03633,2026_H1,2026-06-15,4,2,False,Completed
R011258,E01077,2026_H1,2026-06-15,4,4,False,Completed
R011259,E02953,2026_H1,2026-06-15,4,2,False,Completed
R011260,E02937,2026_H1,2026-06-15,2,4,True,Completed
R011261,E04082,2026_H1,2026-06-15,3,3,False,Completed
R011262,E04159,2026_H1,2026-06-15,2,5,False,Pending
R011263,E02169,2026_H1,2026-06-15,3,3,False,Completed
R011264,E00392,2026_H1,2026-06-15,3,3,False,Completed
R011265,E01997,2026_H1,2026-06-15,3,3,False,Completed
R011266,E00714,2026_H1,2026-06-15,3,3,False,Completed
R011267,E03621,2026_H1,2026-06-15,3,4,False,Completed
R011268,E04515,2026_H1,2026-06-15,2,5,False,Completed
R011269,E03896,2026_H1,2026-06-15,5,3,False,Pending
R011270,E04481,2026_H1,2026-06-15,3,5,False,Completed
R011271,E03277,2026_H1,2026-06-15,3,3,False,Completed
R011272,E03811,2026_H1,2026-06-15,2,3,False,Completed
R011273,E04249,2026_H1,2026-06-15,3,2,False,Completed
R011274,E03456,2026_H1,2026-06-15,2,3,False,Completed
R011275,E03393,2026_H1,2026-06-15,5,3,False,Completed
R011276,E00776,2026_H1,2026-06-15,4,4,False,Completed
R011277,E03022,2026_H1,2026-06-15,1,5,False,Completed
R011278,E01612,2026_H1,2026-06-15,3,3,False,Completed
R011279,E02134,2026_H1,2026-06-15,3,2,False,Completed
R011280,E04635,2026_H1,2026-06-15,3,3,False,Completed
R011281,E04235,2026_H1,2026-06-15,3,3,False,Completed
R011282,E01467,2026_H1,2026-06-15,2,3,False,Completed
R011283,E00013,2026_H1,2026-06-15,5,5,False,Completed
R011284,E03128,2026_H1,2026-06-15,1,5,False,Completed
R011285,E03106,2026_H1,2026-06-15,5,2,False,Completed
R011286,E04876,2026_H1,2026-06-15,3,3,False,Completed
R011287,E04805,2026_H1,2026-06-15,2,4,False,Completed
R011288,E03883,2026_H1,2026-06-15,3,5,False,Completed
R011289,E03003,2026_H1,2026-06-15,5,5,False,Completed
R011290,E03343,2026_H1,2026-06-15,2,3,True,Completed
R011291,E01086,2026_H1,2026-06-15,3,5,False,Completed
R011292,E03207,2026_H1,2026-06-15,2,3,False,Completed
R011293,E02972,2026_H1,2026-06-15,3,2,False,Completed
R011294,E00945,2026_H1,2026-06-15,3,5,False,Cancelled
R011295,E01236,2026_H1,2026-06-15,3,3,False,Completed
R011296,E04659,2026_H1,2026-06-15,3,3,False,Pending
R011297,E04283,2026_H1,2026-06-15,3,3,False,Completed
R011298,E01340,2026_H1,2026-06-15,4,3,False,Completed
R011299,E00325,2026_H1,2026-06-15,4,3,False,Completed
R011300,E04819,2026_H1,2026-06-15,2,2,False,Completed
R011301,E01298,2026_H1,2026-06-15,2,5,True,Completed
R011302,E01756,2026_H1,2026-06-15,1,3,False,Completed
R011303,E00290,2026_H1,2026-06-15,3,3,False,Completed
R011304,E02830,2026_H1,2026-06-15,3,3,False,Completed
R011305,E00389,2026_H1,2026-06-15,3,5,False,Completed
R011306,E00433,2026_H1,2026-06-15,2,3,False,Completed
R011307,E02630,2026_H1,2026-06-15,5,3,False,Completed
R011308,E01631,2026_H1,2026-06-15,3,4,False,Completed
R011309,E04984,2026_H1,2026-06-15,2,2,False,Completed
R011310,E03619,2026_H1,2026-06-15,5,5,False,Completed
R011311,E01503,2026_H1,2026-06-15,3,2,False,Completed
R011312,E04391,2026_H1,2026-06-15,2,3,False,Completed
R011313,E02966,2026_H1,2026-06-15,4,3,False,Completed
R011314,E01200,2026_H1,2026-06-15,2,3,False,Completed
R011315,E01925,2026_H1,2026-06-15,3,3,False,Completed
R011316,E02664,2026_H1,2026-06-15,5,4,False,Completed
R011317,E04830,2026_H1,2026-06-15,3,2,False,Completed
R011318,E03806,2026_H1,2026-06-15,3,3,False,Completed
R011319,E02172,2026_H1,2026-06-15,4,3,False,Completed
R011320,E00682,2026_H1,2026-06-15,5,3,False,Completed
R011321,E03437,2026_H1,2026-06-15,4,3,False,Completed
R011322,E04563,2026_H1,2026-06-15,3,2,False,Completed
R011323,E00352,2026_H1,2026-06-15,3,4,False,Completed
R011324,E00632,2026_H1,2026-06-15,3,3,False,Completed
R011325,E00164,2026_H1,2026-06-15,4,2,False,Completed
R011326,E01093,2026_H1,2026-06-15,4,2,True,Completed
R011327,E04882,2026_H1,2026-06-15,2,5,False,Completed
R011328,E01519,2026_H1,2026-06-15,3,2,False,Completed
R011329,E04394,2026_H1,2026-06-15,5,5,False,Completed
R011330,E02617,2026_H1,2026-06-15,4,2,False,Completed
R011331,E01182,2026_H1,2026-06-15,4,5,True,Completed
R011332,E01368,2026_H1,2026-06-15,2,4,False,Completed
R011333,E04121,2026_H1,2026-06-15,3,2,False,Completed
R011334,E02721,2026_H1,2026-06-15,5,3,False,Completed
R011335,E03285,2026_H1,2026-06-15,3,2,True,Completed
R011336,E04138,2026_H1,2026-06-15,2,4,False,Completed
R011337,E04438,2026_H1,2026-06-15,4,4,True,Completed
R011338,E01127,2026_H1,2026-06-15,4,3,True,Completed
R011339,E00979,2026_H1,2026-06-15,3,5,False,Completed
R011340,E04573,2026_H1,2026-06-15,3,5,False,Completed
R011341,E03396,2026_H1,2026-06-15,3,4,True,Completed
R011342,E01698,2026_H1,2026-06-15,3,3,False,Completed
R011343,E01039,2026_H1,2026-06-15,3,4,False,Completed
R011344,E01553,2026_H1,2026-06-15,4,1,False,Cancelled
R011345,E02670,2026_H1,2026-06-15,4,5,True,Completed
R011346,E02213,2026_H1,2026-06-15,3,4,True,Completed
R011347,E01834,2026_H1,2026-06-15,3,3,False,Cancelled
R011348,E04059,2026_H1,2026-06-15,4,4,False,Completed
R011349,E03813,2026_H1,2026-06-15,5,4,False,Completed
R011350,E04381,2026_H1,2026-06-15,3,3,False,Completed
R011351,E01037,2026_H1,2026-06-15,3,2,False,Completed
R011352,E00861,2026_H1,2026-06-15,3,3,False,Completed
R011353,E04588,2026_H1,2026-06-15,3,3,False,Completed
R011354,E04507,2026_H1,2026-06-15,2,3,False,Completed
R011355,E04379,2026_H1,2026-06-15,3,3,False,Completed
R011356,E00908,2026_H1,2026-06-15,3,3,False,Completed
R011357,E00069,2026_H1,2026-06-15,4,3,False,Completed
R011358,E03722,2026_H1,2026-06-15,2,2,False,Completed
R011359,E00569,2026_H1,2026-06-15,3,5,False,Completed
R011360,E00297,2026_H1,2026-06-15,2,4,False,Completed
R011361,E04847,2026_H1,2026-06-15,3,3,False,Completed
R011362,E01482,2026_H1,2026-06-15,4,2,False,Completed
R011363,E03229,2026_H1,2026-06-15,3,4,False,Completed
R011364,E04316,2026_H1,2026-06-15,3,3,False,Completed
R011365,E04655,2026_H1,2026-06-15,3,4,False,Completed
R011366,E02140,2026_H1,2026-06-15,3,1,False,Completed
R011367,E02182,2026_H1,2026-06-15,4,3,True,Pending
R011368,E03204,2026_H1,2026-06-15,4,4,False,Completed
R011369,E03693,2026_H1,2026-06-15,4,3,False,Completed
R011370,E02552,2026_H1,2026-06-15,3,4,False,Completed
R011371,E01970,2026_H1,2026-06-15,3,2,False,Completed
R011372,E01361,2026_H1,2026-06-15,4,5,False,Completed
R011373,E01442,2026_H1,2026-06-15,4,3,False,Completed
R011374,E01873,2026_H1,2026-06-15,4,4,False,Completed
R011375,E04953,2026_H1,2026-06-15,5,4,False,Completed
R011376,E02252,2026_H1,2026-06-15,3,4,False,Completed
R011377,E03177,2026_H1,2026-06-15,4,2,False,Completed
R011378,E00397,2026_H1,2026-06-15,3,4,False,Completed
R011379,E02306,2026_H1,2026-06-15,5,4,False,Pending
R011380,E03858,2026_H1,2026-06-15,3,3,False,Completed
R011381,E04590,2026_H1,2026-06-15,4,3,False,Completed
R011382,E00779,2026_H1,2026-06-15,3,4,False,Completed
R011383,E01131,2026_H1,2026-06-15,4,3,False,Completed
R011384,E02710,2026_H1,2026-06-15,2,3,False,Completed
R011385,E00750,2026_H1,2026-06-15,5,3,False,Completed
R011386,E01979,2026_H1,2026-06-15,3,3,False,Completed
R011387,E03158,2026_H1,2026-06-15,4,4,False,Completed
R011388,E02277,2026_H1,2026-06-15,3,3,False,Completed
R011389,E04896,2026_H1,2026-06-15,4,2,False,Completed
R011390,E02428,2026_H1,2026-06-15,1,3,False,Completed
R011391,E00658,2026_H1,2026-06-15,3,5,True,Completed
R011392,E01232,2026_H1,2026-06-15,3,3,False,Completed
R011393,E00925,2026_H1,2026-06-15,4,4,False,Completed
R011394,E04621,2026_H1,2026-06-15,2,2,False,Completed
R011395,E02051,2026_H1,2026-06-15,3,4,False,Completed
R011396,E00667,2026_H1,2026-06-15,3,3,False,Completed
R011397,E03501,2026_H1,2026-06-15,2,3,False,Completed
R011398,E00369,2026_H1,2026-06-15,2,3,False,Completed
R011399,E01371,2026_H1,2026-06-15,3,2,False,Completed
R011400,E03770,2026_H1,2026-06-15,3,2,False,Completed
R011401,E00264,2026_H1,2026-06-15,3,4,False,Completed
R011402,E01927,2026_H1,2026-06-15,2,3,False,Completed
R011403,E02189,2026_H1,2026-06-15,5,3,False,Completed
R011404,E00276,2026_H1,2026-06-15,2,2,False,Completed
R011405,E00503,2026_H1,2026-06-15,2,4,False,Completed
R011406,E01781,2026_H1,2026-06-15,4,1,False,Completed
R011407,E01886,2026_H1,2026-06-15,4,5,False,Completed
R011408,E01454,2026_H1,2026-06-15,4,3,False,Completed
R011409,E03514,2026_H1,2026-06-15,4,3,False,Cancelled
R011410,E02802,2026_H1,2026-06-15,3,3,False,Completed
R011411,E01258,2026_H1,2026-06-15,3,3,False,Pending
R011412,E04268,2026_H1,2026-06-15,2,2,False,Completed
R011413,E03905,2026_H1,2026-06-15,5,3,False,Completed
R011414,E02073,2026_H1,2026-06-15,4,3,False,Pending
R011415,E00790,2026_H1,2026-06-15,4,3,False,Completed
R011416,E01247,2026_H1,2026-06-15,3,3,False,Cancelled
R011417,E00719,2026_H1,2026-06-15,3,4,False,Completed
R011418,E03455,2026_H1,2026-06-15,3,2,False,Completed
R011419,E00049,2026_H1,2026-06-15,2,4,False,Completed
R011420,E03736,2026_H1,2026-06-15,3,3,False,Completed
R011421,E01688,2026_H1,2026-06-15,3,2,False,Completed
R011422,E02206,2026_H1,2026-06-15,5,3,True,Completed
R011423,E01415,2026_H1,2026-06-15,3,5,True,Completed
R011424,E03769,2026_H1,2026-06-15,4,5,False,Completed
R011425,E01676,2026_H1,2026-06-15,5,4,True,Completed
R011426,E03631,2026_H1,2026-06-15,3,2,False,Completed
R011427,E02243,2026_H1,2026-06-15,3,2,False,Completed
R011428,E00192,2026_H1,2026-06-15,3,5,False,Completed
R011429,E04328,2026_H1,2026-06-15,3,4,False,Completed
R011430,E01302,2026_H1,2026-06-15,3,3,False,Completed
R011431,E02804,2026_H1,2026-06-15,3,3,False,Completed
R011432,E01665,2026_H1,2026-06-15,3,5,False,Completed
R011433,E01750,2026_H1,2026-06-15,4,3,False,Completed
R011434,E02426,2026_H1,2026-06-15,4,2,False,Completed
R011435,E03329,2026_H1,2026-06-15,4,3,False,Completed
R011436,E02809,2026_H1,2026-06-15,2,3,False,Completed
R011437,E03877,2026_H1,2026-06-15,3,3,False,Completed
R011438,E00777,2026_H1,2026-06-15,3,4,False,Completed
R011439,E00865,2026_H1,2026-06-15,2,3,False,Completed
R011440,E02148,2026_H1,2026-06-15,1,3,False,Completed
R011441,E02739,2026_H1,2026-06-15,3,3,False,Pending
R011442,E02737,2026_H1,2026-06-15,5,4,True,Completed
R011443,E04098,2026_H1,2026-06-15,3,4,False,Completed
R011444,E00420,2026_H1,2026-06-15,3,2,True,Completed
R011445,E04026,2026_H1,2026-06-15,4,2,False,Cancelled
R011446,E03033,2026_H1,2026-06-15,3,3,False,Completed
R011447,E00210,2026_H1,2026-06-15,4,1,False,Completed
R011448,E04357,2026_H1,2026-06-15,2,3,False,Completed
R011449,E02927,2026_H1,2026-06-15,3,2,False,Completed
R011450,E04257,2026_H1,2026-06-15,3,1,False,Completed
R011451,E02524,2026_H1,2026-06-15,3,3,False,Completed
R011452,E00811,2026_H1,2026-06-15,4,3,False,Completed
R011453,E04926,2026_H1,2026-06-15,3,3,False,Completed
R011454,E02109,2026_H1,2026-06-15,4,3,False,Completed
R011455,E03544,2026_H1,2026-06-15,5,5,True,Completed
R011456,E01923,2026_H1,2026-06-15,2,4,False,Completed
R011457,E01596,2026_H1,2026-06-15,4,5,False,Completed
R011458,E04582,2026_H1,2026-06-15,4,3,False,Completed
R011459,E01558,2026_H1,2026-06-15,3,3,False,Completed
R011460,E00223,2026_H1,2026-06-15,4,4,False,Completed
R011461,E02612,2026_H1,2026-06-15,5,5,False,Cancelled
R011462,E00711,2026_H1,2026-06-15,4,3,False,Completed
R011463,E01870,2026_H1,2026-06-15,2,2,False,Completed
R011464,E03931,2026_H1,2026-06-15,2,3,False,Completed
R011465,E01428,2026_H1,2026-06-15,3,5,False,Completed
R011466,E02170,2026_H1,2026-06-15,3,4,False,Completed
R011467,E01491,2026_H1,2026-06-15,4,3,True,Completed
R011468,E03110,2026_H1,2026-06-15,3,2,False,Completed
R011469,E00332,2026_H1,2026-06-15,4,3,True,Completed
R011470,E03121,2026_H1,2026-06-15,3,3,False,Cancelled
R011471,E04915,2026_H1,2026-06-15,3,5,False,Completed
R011472,E00578,2026_H1,2026-06-15,5,5,False,Completed
R011473,E04809,2026_H1,2026-06-15,2,4,False,Completed
R011474,E00291,2026_H1,2026-06-15,3,3,False,Completed
R011475,E01045,2026_H1,2026-06-15,1,4,False,Completed
R011476,E01076,2026_H1,2026-06-15,3,2,False,Completed
R011477,E04364,2026_H1,2026-06-15,3,4,False,Completed
R011478,E04393,2026_H1,2026-06-15,5,3,False,Pending
R011479,E02474,2026_H1,2026-06-15,3,3,False,Completed
R011480,E02493,2026_H1,2026-06-15,4,3,False,Completed
R011481,E01423,2026_H1,2026-06-15,3,1,False,Cancelled
R011482,E02471,2026_H1,2026-06-15,3,3,False,Completed
R011483,E02768,2026_H1,2026-06-15,3,3,False,Completed
R011484,E03443,2026_H1,2026-06-15,1,4,False,Completed
R011485,E01245,2026_H1,2026-06-15,4,3,False,Completed
R011486,E01380,2026_H1,2026-06-15,3,4,False,Completed
R011487,E02525,2026_H1,2026-06-15,2,1,False,Completed
R011488,E00367,2026_H1,2026-06-15,3,4,False,Completed
R011489,E04817,2026_H1,2026-06-15,4,3,False,Completed
R011490,E02356,2026_H1,2026-06-15,2,4,False,Completed
R011491,E00404,2026_H1,2026-06-15,3,3,False,Completed
R011492,E03698,2026_H1,2026-06-15,4,2,False,Pending
R011493,E01689,2026_H1,2026-06-15,5,3,False,Completed
R011494,E02540,2026_H1,2026-06-15,3,3,False,Pending
R011495,E04843,2026_H1,2026-06-15,3,3,False,Completed
R011496,E03366,2026_H1,2026-06-15,3,3,False,Completed
R011497,E00607,2026_H1,2026-06-15,3,5,False,Cancelled
R011498,E02748,2026_H1,2026-06-15,3,3,False,Completed
R011499,E01512,2026_H1,2026-06-15,3,1,True,Pending
R011500,E03599,2026_H1,2026-06-15,3,3,False,Completed
R011501,E02003,2026_H1,2026-06-15,3,4,False,Completed
R011502,E00970,2026_H1,2026-06-15,3,3,False,Completed
R011503,E01784,2026_H1,2026-06-15,4,3,False,Completed
R011504,E01400,2026_H1,2026-06-15,4,4,False,Completed
R011505,E02901,2026_H1,2026-06-15,4,4,False,Completed
R011506,E01755,2026_H1,2026-06-15,3,3,False,Completed
R011507,E03349,2026_H1,2026-06-15,1,3,False,Completed
R011508,E03664,2026_H1,2026-06-15,5,3,False,Pending
R011509,E03974,2026_H1,2026-06-15,2,3,False,Completed
R011510,E02586,2026_H1,2026-06-15,3,4,False,Completed
R011511,E04760,2026_H1,2026-06-15,3,3,False,Completed
R011512,E03885,2026_H1,2026-06-15,4,3,False,Completed
R011513,E02381,2026_H1,2026-06-15,3,2,False,Completed
R011514,E02501,2026_H1,2026-06-15,1,2,False,Completed
R011515,E03703,2026_H1,2026-06-15,5,3,False,Completed
R011516,E02043,2026_H1,2026-06-15,2,2,False,Completed
R011517,E04727,2026_H1,2026-06-15,3,2,False,Completed
R011518,E03435,2026_H1,2026-06-15,4,2,False,Completed
R011519,E01276,2026_H1,2026-06-15,4,5,True,Completed
R011520,E01576,2026_H1,2026-06-15,3,5,False,Cancelled
R011521,E00949,2026_H1,2026-06-15,3,1,False,Completed
R011522,E04664,2026_H1,2026-06-15,3,3,False,Completed
R011523,E03007,2026_H1,2026-06-15,3,5,False,Completed
R011524,E03964,2026_H1,2026-06-15,5,3,False,Completed
R011525,E04762,2026_H1,2026-06-15,3,3,False,Completed
R011526,E00818,2026_H1,2026-06-15,4,2,False,Completed
R011527,E04390,2026_H1,2026-06-15,5,3,False,Completed
R011528,E03889,2026_H1,2026-06-15,5,4,True,Completed
R011529,E04903,2026_H1,2026-06-15,5,1,False,Completed
R011530,E04873,2026_H1,2026-06-15,4,1,False,Completed
R011531,E02227,2026_H1,2026-06-15,3,3,False,Completed
R011532,E04735,2026_H1,2026-06-15,5,2,False,Completed
R011533,E02017,2026_H1,2026-06-15,4,3,False,Completed
R011534,E04914,2026_H1,2026-06-15,3,5,True,Completed
R011535,E02649,2026_H1,2026-06-15,3,3,True,Completed
R011536,E04537,2026_H1,2026-06-15,3,1,False,Completed
R011537,E01409,2026_H1,2026-06-15,3,3,False,Completed
R011538,E00637,2026_H1,2026-06-15,3,3,False,Completed
R011539,E03338,2026_H1,2026-06-15,5,4,False,Pending
R011540,E04252,2026_H1,2026-06-15,3,3,False,Completed
R011541,E02028,2026_H1,2026-06-15,1,1,False,Completed
R011542,E00789,2026_H1,2026-06-15,2,3,False,Completed
R011543,E01053,2026_H1,2026-06-15,4,3,False,Completed
R011544,E04504,2026_H1,2026-06-15,3,4,False,Completed
R011545,E01022,2026_H1,2026-06-15,2,4,False,Completed
R011546,E00081,2026_H1,2026-06-15,3,3,False,Completed
R011547,E04254,2026_H1,2026-06-15,2,2,False,Completed
R011548,E02431,2026_H1,2026-06-15,2,4,True,Completed
R011549,E03422,2026_H1,2026-06-15,3,3,False,Completed
R011550,E03605,2026_H1,2026-06-15,4,4,False,Completed
R011551,E01535,2026_H1,2026-06-15,3,4,False,Completed
R011552,E02875,2026_H1,2026-06-15,5,3,False,Completed
R011553,E03658,2026_H1,2026-06-15,1,3,False,Completed
R011554,E00318,2026_H1,2026-06-15,4,3,False,Cancelled
R011555,E03987,2026_H1,2026-06-15,3,3,False,Completed
R011556,E03127,2026_H1,2026-06-15,3,5,False,Completed
R011557,E03900,2026_H1,2026-06-15,5,4,False,Completed
R011558,E03417,2026_H1,2026-06-15,5,3,False,Completed
R011559,E03359,2026_H1,2026-06-15,3,4,False,Completed
R011560,E02256,2026_H1,2026-06-15,5,4,False,Completed
R011561,E04321,2026_H1,2026-06-15,4,3,False,Completed
R011562,E01745,2026_H1,2026-06-15,4,4,False,Completed
R011563,E04273,2026_H1,2026-06-15,4,2,False,Completed
R011564,E03724,2026_H1,2026-06-15,2,3,False,Cancelled
R011565,E01010,2026_H1,2026-06-15,1,4,False,Completed
R011566,E01642,2026_H1,2026-06-15,2,3,False,Completed
R011567,E03172,2026_H1,2026-06-15,4,2,False,Completed
R011568,E02666,2026_H1,2026-06-15,2,4,False,Completed
R011569,E04318,2026_H1,2026-06-15,2,3,False,Completed
R011570,E04342,2026_H1,2026-06-15,3,5,False,Completed
R011571,E03645,2026_H1,2026-06-15,1,4,False,Completed
R011572,E04844,2026_H1,2026-06-15,4,3,False,Completed
R011573,E02850,2026_H1,2026-06-15,3,3,False,Cancelled
R011574,E01982,2026_H1,2026-06-15,4,3,False,Completed
R011575,E02050,2026_H1,2026-06-15,3,4,False,Completed
R011576,E01889,2026_H1,2026-06-15,3,5,False,Completed
R011577,E03076,2026_H1,2026-06-15,3,4,False,Completed
R011578,E03646,2026_H1,2026-06-15,5,4,False,Completed
R011579,E01855,2026_H1,2026-06-15,3,4,False,Completed
R011580,E00037,2026_H1,2026-06-15,2,4,False,Pending
R011581,E01633,2026_H1,2026-06-15,3,3,False,Pending
R011582,E03634,2026_H1,2026-06-15,3,5,False,Completed
R011583,E00700,2026_H1,2026-06-15,5,3,False,Completed
R011584,E04205,2026_H1,2026-06-15,3,3,False,Completed
R011585,E01220,2026_H1,2026-06-15,3,4,False,Completed
R011586,E03193,2026_H1,2026-06-15,3,2,False,Completed
R011587,E03897,2026_H1,2026-06-15,3,4,False,Completed
R011588,E01884,2026_H1,2026-06-15,3,2,False,Completed
R011589,E00249,2026_H1,2026-06-15,4,4,True,Completed
R011590,E02068,2026_H1,2026-06-15,3,2,False,Completed
R011591,E03026,2026_H1,2026-06-15,3,4,False,Completed
R011592,E00177,2026_H1,2026-06-15,4,3,False,Completed
R011593,E01253,2026_H1,2026-06-15,3,2,False,Completed
R011594,E01089,2026_H1,2026-06-15,3,1,False,Completed
R011595,E03685,2026_H1,2026-06-15,4,3,True,Completed
R011596,E00153,2026_H1,2026-06-15,3,4,False,Completed
R011597,E01659,2026_H1,2026-06-15,3,4,False,Completed
R011598,E04248,2026_H1,2026-06-15,3,3,False,Completed
R011599,E01169,2026_H1,2026-06-15,3,3,False,Completed
R011600,E01097,2026_H1,2026-06-15,3,3,False,Completed
R011601,E00147,2026_H1,2026-06-15,2,2,False,Completed
R011602,E00712,2026_H1,2026-06-15,5,5,False,Completed
R011603,E01647,2026_H1,2026-06-15,3,5,False,Completed
R011604,E00234,2026_H1,2026-06-15,3,4,False,Completed
R011605,E02541,2026_H1,2026-06-15,3,4,True,Completed
R011606,E03817,2026_H1,2026-06-15,2,3,False,Completed
R011607,E04534,2026_H1,2026-06-15,3,3,False,Completed
R011608,E03696,2026_H1,2026-06-15,3,5,True,Completed
R011609,E04016,2026_H1,2026-06-15,1,4,False,Completed
R011610,E03406,2026_H1,2026-06-15,5,3,True,Completed
R011611,E02491,2026_H1,2026-06-15,3,3,False,Completed
R011612,E04260,2026_H1,2026-06-15,4,4,False,Completed
R011613,E01461,2026_H1,2026-06-15,4,4,True,Completed
R011614,E02607,2026_H1,2026-06-15,2,4,False,Completed
R011615,E01363,2026_H1,2026-06-15,3,3,False,Completed
R011616,E02515,2026_H1,2026-06-15,3,2,False,Completed
R011617,E03248,2026_H1,2026-06-15,4,3,False,Completed
R011618,E01709,2026_H1,2026-06-15,3,2,False,Completed
R011619,E04270,2026_H1,2026-06-15,4,4,False,Pending
R011620,E04987,2026_H1,2026-06-15,4,3,False,Completed
R011621,E02111,2026_H1,2026-06-15,4,4,False,Completed
R011622,E02777,2026_H1,2026-06-15,3,3,False,Completed
R011623,E02261,2026_H1,2026-06-15,3,4,False,Completed
R011624,E02364,2026_H1,2026-06-15,3,3,False,Completed
R011625,E04407,2026_H1,2026-06-15,3,3,False,Completed
R011626,E00859,2026_H1,2026-06-15,4,4,False,Completed
R011627,E00139,2026_H1,2026-06-15,4,3,False,Completed
R011628,E03800,2026_H1,2026-06-15,3,3,False,Completed
R011629,E04761,2026_H1,2026-06-15,3,3,False,Pending
R011630,E01843,2026_H1,2026-06-15,4,4,False,Completed
R011631,E00232,2026_H1,2026-06-15,3,4,False,Completed
R011632,E01294,2026_H1,2026-06-15,3,4,False,Completed
R011633,E04496,2026_H1,2026-06-15,3,2,False,Completed
R011634,E03250,2026_H1,2026-06-15,3,3,False,Completed
R011635,E03767,2026_H1,2026-06-15,2,3,False,Completed
R011636,E03734,2026_H1,2026-06-15,3,4,False,Completed
R011637,E01063,2026_H1,2026-06-15,4,4,False,Completed
R011638,E01199,2026_H1,2026-06-15,1,3,False,Completed
R011639,E01412,2026_H1,2026-06-15,2,4,False,Completed
R011640,E02338,2026_H1,2026-06-15,3,2,False,Completed
R011641,E02825,2026_H1,2026-06-15,3,1,False,Completed
R011642,E02296,2026_H1,2026-06-15,2,3,False,Completed
R011643,E03459,2026_H1,2026-06-15,3,5,False,Completed
R011644,E02465,2026_H1,2026-06-15,3,5,False,Completed
R011645,E00190,2026_H1,2026-06-15,2,3,False,Completed
R011646,E00878,2026_H1,2026-06-15,3,5,False,Completed
R011647,E04885,2026_H1,2026-06-15,4,5,False,Completed
R011648,E03216,2026_H1,2026-06-15,3,2,False,Pending
R011649,E04709,2026_H1,2026-06-15,3,3,False,Completed
R011650,E03374,2026_H1,2026-06-15,4,3,False,Completed
R011651,E02687,2026_H1,2026-06-15,4,2,False,Cancelled
R011652,E01649,2026_H1,2026-06-15,5,4,False,Completed
R011653,E00709,2026_H1,2026-06-15,2,2,False,Completed
R011654,E01561,2026_H1,2026-06-15,5,1,False,Completed
R011655,E00245,2026_H1,2026-06-15,4,4,False,Completed
R011656,E04911,2026_H1,2026-06-15,4,3,False,Completed
R011657,E00285,2026_H1,2026-06-15,3,1,False,Completed
R011658,E03602,2026_H1,2026-06-15,3,5,False,Pending
R011659,E01725,2026_H1,2026-06-15,1,3,False,Completed
R011660,E04099,2026_H1,2026-06-15,3,4,False,Completed
R011661,E00705,2026_H1,2026-06-15,3,4,False,Completed
R011662,E01358,2026_H1,2026-06-15,3,1,False,Completed
R011663,E00476,2026_H1,2026-06-15,4,5,False,Completed
R011664,E03109,2026_H1,2026-06-15,3,3,False,Completed
R011665,E01788,2026_H1,2026-06-15,3,4,False,Pending
R011666,E03953,2026_H1,2026-06-15,3,3,False,Completed
R011667,E03630,2026_H1,2026-06-15,5,3,False,Completed
R011668,E01085,2026_H1,2026-06-15,4,4,False,Completed
R011669,E00105,2026_H1,2026-06-15,4,3,False,Completed
R011670,E02838,2026_H1,2026-06-15,4,3,False,Completed
R011671,E01256,2026_H1,2026-06-15,3,2,False,Completed
R011672,E03057,2026_H1,2026-06-15,3,4,True,Completed
R011673,E01871,2026_H1,2026-06-15,3,3,False,Completed
R011674,E03495,2026_H1,2026-06-15,3,4,False,Completed
R011675,E03301,2026_H1,2026-06-15,5,1,False,Completed
R011676,E01747,2026_H1,2026-06-15,3,5,False,Completed
R011677,E02598,2026_H1,2026-06-15,3,4,False,Completed
R011678,E01464,2026_H1,2026-06-15,3,4,False,Completed
R011679,E01504,2026_H1,2026-06-15,3,2,False,Completed
R011680,E02418,2026_H1,2026-06-15,5,3,False,Completed
R011681,E04513,2026_H1,2026-06-15,3,3,False,Completed
R011682,E00394,2026_H1,2026-06-15,3,3,True,Pending
R011683,E00252,2026_H1,2026-06-15,5,4,False,Completed
R011684,E00034,2026_H1,2026-06-15,1,4,False,Completed
R011685,E00071,2026_H1,2026-06-15,4,2,False,Completed
R011686,E03420,2026_H1,2026-06-15,2,4,False,Completed
R011687,E00620,2026_H1,2026-06-15,5,4,False,Completed
R011688,E03522,2026_H1,2026-06-15,1,4,False,Completed
R011689,E04675,2026_H1,2026-06-15,3,4,False,Completed
R011690,E00843,2026_H1,2026-06-15,3,3,False,Completed
R011691,E02795,2026_H1,2026-06-15,4,4,False,Completed
R011692,E02956,2026_H1,2026-06-15,3,5,False,Completed
R011693,E01916,2026_H1,2026-06-15,3,2,False,Completed
R011694,E04473,2026_H1,2026-06-15,3,4,False,Completed
R011695,E02450,2026_H1,2026-06-15,2,5,False,Completed
R011696,E04178,2026_H1,2026-06-15,2,1,False,Completed
R011697,E03232,2026_H1,2026-06-15,4,4,False,Pending
R011698,E04697,2026_H1,2026-06-15,3,4,False,Completed
R011699,E03310,2026_H1,2026-06-15,3,5,False,Completed
R011700,E01316,2026_H1,2026-06-15,3,4,False,Completed
R011701,E03352,2026_H1,2026-06-15,2,3,False,Completed
R011702,E03788,2026_H1,2026-06-15,1,2,False,Completed
R011703,E01589,2026_H1,2026-06-15,2,3,False,Completed
R011704,E00881,2026_H1,2026-06-15,3,3,False,Completed
R011705,E01584,2026_H1,2026-06-15,3,3,False,Completed
R011706,E04413,2026_H1,2026-06-15,4,3,True,Completed
R011707,E00941,2026_H1,2026-06-15,4,4,False,Completed
R011708,E04308,2026_H1,2026-06-15,4,2,False,Completed
R011709,E00498,2026_H1,2026-06-15,4,3,True,Completed
R011710,E01049,2026_H1,2026-06-15,4,4,False,Completed
R011711,E00793,2026_H1,2026-06-15,3,4,False,Completed
R011712,E04179,2026_H1,2026-06-15,2,3,False,Completed
R011713,E02839,2026_H1,2026-06-15,4,3,False,Completed
R011714,E00871,2026_H1,2026-06-15,3,3,False,Pending
R011715,E03350,2026_H1,2026-06-15,4,3,False,Pending
R011716,E00340,2026_H1,2026-06-15,1,2,False,Completed
R011717,E01224,2026_H1,2026-06-15,4,3,False,Completed
R011718,E02358,2026_H1,2026-06-15,1,1,False,Pending
R011719,E01216,2026_H1,2026-06-15,3,2,False,Completed
R011720,E04110,2026_H1,2026-06-15,4,4,False,Completed
R011721,E03954,2026_H1,2026-06-15,3,5,False,Completed
R011722,E00641,2026_H1,2026-06-15,2,4,False,Completed
R011723,E02719,2026_H1,2026-06-15,3,3,False,Completed
R011724,E01808,2026_H1,2026-06-15,5,3,True,Completed
R011725,E02920,2026_H1,2026-06-15,5,3,False,Completed
R011726,E04751,2026_H1,2026-06-15,4,5,False,Completed
R011727,E00077,2026_H1,2026-06-15,3,3,False,Completed
R011728,E04017,2026_H1,2026-06-15,1,5,False,Completed
R011729,E02161,2026_H1,2026-06-15,5,3,False,Completed
R011730,E00858,2026_H1,2026-06-15,3,1,False,Completed
R011731,E00271,2026_H1,2026-06-15,3,3,False,Completed
R011732,E02675,2026_H1,2026-06-15,3,4,False,Completed
R011733,E03872,2026_H1,2026-06-15,4,4,False,Completed
R011734,E02789,2026_H1,2026-06-15,4,4,True,Completed
R011735,E00114,2026_H1,2026-06-15,2,4,False,Completed
R011736,E02606,2026_H1,2026-06-15,4,2,False,Completed
R011737,E04645,2026_H1,2026-06-15,3,5,False,Completed
R011738,E02988,2026_H1,2026-06-15,4,2,False,Completed
R011739,E01406,2026_H1,2026-06-15,3,4,False,Completed
R011740,E02994,2026_H1,2026-06-15,4,1,False,Completed
R011741,E00987,2026_H1,2026-06-15,4,4,False,Completed
R011742,E02209,2026_H1,2026-06-15,4,1,False,Completed
R011743,E00680,2026_H1,2026-06-15,4,2,False,Completed
R011744,E00706,2026_H1,2026-06-15,4,3,False,Completed
R011745,E03810,2026_H1,2026-06-15,3,4,False,Completed
R011746,E01408,2026_H1,2026-06-15,4,3,False,Completed
R011747,E04931,2026_H1,2026-06-15,3,3,False,Completed
R011748,E01391,2026_H1,2026-06-15,5,3,False,Completed
R011749,E00408,2026_H1,2026-06-15,4,3,False,Completed
R011750,E03387,2026_H1,2026-06-15,5,3,True,Completed
R011751,E01707,2026_H1,2026-06-15,4,4,True,Completed
R011752,E01050,2026_H1,2026-06-15,2,3,False,Completed
R011753,E02202,2026_H1,2026-06-15,4,5,False,Completed
R011754,E00605,2026_H1,2026-06-15,3,2,False,Completed
R011755,E03958,2026_H1,2026-06-15,5,3,False,Completed
R011756,E00993,2026_H1,2026-06-15,4,4,False,Completed
R011757,E01450,2026_H1,2026-06-15,4,5,True,Completed
R011758,E01529,2026_H1,2026-06-15,3,3,False,Completed
R011759,E04094,2026_H1,2026-06-15,3,3,False,Completed
R011760,E03875,2026_H1,2026-06-15,2,4,False,Completed
R011761,E04756,2026_H1,2026-06-15,4,4,False,Completed
R011762,E03430,2026_H1,2026-06-15,3,4,False,Completed
R011763,E00501,2026_H1,2026-06-15,3,5,False,Completed
R011764,E04624,2026_H1,2026-06-15,3,4,True,Completed
R011765,E04382,2026_H1,2026-06-15,3,1,False,Pending
R011766,E00162,2026_H1,2026-06-15,2,2,False,Completed
R011767,E04118,2026_H1,2026-06-15,3,3,False,Completed
R011768,E03165,2026_H1,2026-06-15,3,4,True,Completed
R011769,E04639,2026_H1,2026-06-15,5,3,False,Completed
R011770,E02949,2026_H1,2026-06-15,3,3,False,Completed
R011771,E03178,2026_H1,2026-06-15,3,2,False,Pending
R011772,E00381,2026_H1,2026-06-15,5,3,False,Completed
R011773,E01175,2026_H1,2026-06-15,2,4,False,Completed
R011774,E02135,2026_H1,2026-06-15,5,3,False,Completed
R011775,E00303,2026_H1,2026-06-15,3,3,False,Cancelled
R011776,E01021,2026_H1,2026-06-15,3,4,False,Completed
R011777,E04192,2026_H1,2026-06-15,2,3,False,Completed
R011778,E02342,2026_H1,2026-06-15,5,1,False,Pending
R011779,E04952,2026_H1,2026-06-15,2,4,False,Completed
R011780,E02979,2026_H1,2026-06-15,2,3,False,Completed
R011781,E04003,2026_H1,2026-06-15,3,4,False,Completed
R011782,E00794,2026_H1,2026-06-15,4,4,False,Completed
R011783,E00324,2026_H1,2026-06-15,3,3,False,Completed
R011784,E03410,2026_H1,2026-06-15,4,3,False,Completed
R011785,E04599,2026_H1,2026-06-15,3,3,False,Completed
R011786,E01603,2026_H1,2026-06-15,2,5,False,Completed
R011787,E03133,2026_H1,2026-06-15,5,5,False,Cancelled
R011788,E01915,2026_H1,2026-06-15,5,4,False,Completed
R011789,E04609,2026_H1,2026-06-15,3,5,False,Completed
R011790,E04901,2026_H1,2026-06-15,3,3,False,Completed
R011791,E00438,2026_H1,2026-06-15,3,4,False,Completed
R011792,E04460,2026_H1,2026-06-15,3,3,False,Completed
R011793,E03667,2026_H1,2026-06-15,4,3,False,Cancelled
R011794,E01542,2026_H1,2026-06-15,4,3,False,Cancelled
R011795,E04383,2026_H1,2026-06-15,3,4,False,Completed
R011796,E00619,2026_H1,2026-06-15,3,4,False,Completed
R011797,E04448,2026_H1,2026-06-15,3,3,False,Completed
R011798,E01734,2026_H1,2026-06-15,2,3,False,Completed
R011799,E01877,2026_H1,2026-06-15,3,4,False,Completed
R011800,E00800,2026_H1,2026-06-15,3,3,False,Completed
R011801,E03735,2026_H1,2026-06-15,3,5,False,Pending
R011802,E04853,2026_H1,2026-06-15,4,4,False,Completed
R011803,E00258,2026_H1,2026-06-15,3,4,False,Completed
R011804,E04962,2026_H1,2026-06-15,3,3,False,Completed
R011805,E03147,2026_H1,2026-06-15,4,3,False,Completed
R011806,E04632,2026_H1,2026-06-15,4,3,False,Pending
R011807,E01706,2026_H1,2026-06-15,2,4,False,Completed
R011808,E03510,2026_H1,2026-06-15,3,3,False,Completed
R011809,E02291,2026_H1,2026-06-15,3,4,False,Completed
R011810,E02174,2026_H1,2026-06-15,3,2,False,Completed
R011811,E03372,2026_H1,2026-06-15,3,5,False,Pending
R011812,E02539,2026_H1,2026-06-15,4,4,True,Cancelled
R011813,E01582,2026_H1,2026-06-15,4,2,False,Cancelled
R011814,E01282,2026_H1,2026-06-15,5,1,False,Completed
R011815,E03714,2026_H1,2026-06-15,4,4,True,Completed
R011816,E04338,2026_H1,2026-06-15,3,2,False,Completed
R011817,E01354,2026_H1,2026-06-15,5,4,False,Completed
R011818,E00957,2026_H1,2026-06-15,3,2,False,Completed
R011819,E02137,2026_H1,2026-06-15,4,4,False,Cancelled
R011820,E02325,2026_H1,2026-06-15,5,3,False,Completed
R011821,E02756,2026_H1,2026-06-15,4,3,False,Completed
R011822,E02599,2026_H1,2026-06-15,3,2,False,Completed
R011823,E02627,2026_H1,2026-06-15,2,3,False,Completed
R011824,E04696,2026_H1,2026-06-15,3,4,False,Completed
R011825,E00341,2026_H1,2026-06-15,2,3,False,Completed
R011826,E03793,2026_H1,2026-06-15,2,1,False,Completed
R011827,E02166,2026_H1,2026-06-15,3,2,False,Completed
R011828,E02023,2026_H1,2026-06-15,5,3,False,Completed
R011829,E02104,2026_H1,2026-06-15,3,5,False,Completed
R011830,E01078,2026_H1,2026-06-15,3,5,False,Completed
R011831,E02326,2026_H1,2026-06-15,3,4,False,Completed
R011832,E04970,2026_H1,2026-06-15,3,5,False,Completed
R011833,E03447,2026_H1,2026-06-15,5,3,False,Completed
R011834,E03750,2026_H1,2026-06-15,5,3,False,Completed
R011835,E04189,2026_H1,2026-06-15,1,3,False,Completed
R011836,E03394,2026_H1,2026-06-15,2,3,False,Pending
R011837,E04642,2026_H1,2026-06-15,3,4,True,Completed
R011838,E00744,2026_H1,2026-06-15,3,5,False,Pending
R011839,E00419,2026_H1,2026-06-15,2,4,False,Completed
R011840,E00141,2026_H1,2026-06-15,5,5,False,Completed
R011841,E04007,2026_H1,2026-06-15,3,2,False,Completed
R011842,E00491,2026_H1,2026-06-15,4,4,False,Completed
R011843,E04083,2026_H1,2026-06-15,4,5,False,Pending
R011844,E03588,2026_H1,2026-06-15,3,2,False,Completed
R011845,E04128,2026_H1,2026-06-15,3,3,True,Completed
R011846,E00451,2026_H1,2026-06-15,3,3,False,Completed
R011847,E04993,2026_H1,2026-06-15,3,2,False,Completed
R011848,E02841,2026_H1,2026-06-15,4,2,False,Completed
R011849,E04066,2026_H1,2026-06-15,3,5,False,Completed
R011850,E04151,2026_H1,2026-06-15,5,4,False,Completed
R011851,E03926,2026_H1,2026-06-15,3,4,False,Completed
R011852,E04938,2026_H1,2026-06-15,3,2,False,Completed
R011853,E01996,2026_H1,2026-06-15,5,4,False,Completed
R011854,E00145,2026_H1,2026-06-15,5,5,False,Completed
R011855,E00688,2026_H1,2026-06-15,2,1,False,Completed
R011856,E01336,2026_H1,2026-06-15,2,4,False,Completed
R011857,E03119,2026_H1,2026-06-15,2,4,False,Completed
R011858,E01895,2026_H1,2026-06-15,4,3,False,Completed
R011859,E01067,2026_H1,2026-06-15,4,4,False,Completed
R011860,E01610,2026_H1,2026-06-15,2,5,False,Completed
R011861,E03561,2026_H1,2026-06-15,4,4,False,Completed
R011862,E03115,2026_H1,2026-06-15,3,3,False,Completed
R011863,E04615,2026_H1,2026-06-15,3,3,False,Completed
R011864,E04296,2026_H1,2026-06-15,5,3,False,Completed
R011865,E03759,2026_H1,2026-06-15,3,3,False,Completed
R011866,E03194,2026_H1,2026-06-15,2,2,False,Completed
R011867,E03712,2026_H1,2026-06-15,1,3,False,Completed
R011868,E00598,2026_H1,2026-06-15,3,2,False,Completed
R011869,E00484,2026_H1,2026-06-15,3,3,False,Completed
R011870,E01730,2026_H1,2026-06-15,3,3,False,Completed
R011871,E04221,2026_H1,2026-06-15,3,4,False,Completed
R011872,E00005,2026_H1,2026-06-15,4,3,False,Completed
R011873,E02601,2026_H1,2026-06-15,3,4,False,Completed
R011874,E03546,2026_H1,2026-06-15,2,3,False,Completed
R011875,E03893,2026_H1,2026-06-15,3,3,False,Completed
R011876,E00199,2026_H1,2026-06-15,2,3,True,Completed
R011877,E03850,2026_H1,2026-06-15,3,3,True,Completed
R011878,E02652,2026_H1,2026-06-15,3,3,False,Completed
R011879,E00850,2026_H1,2026-06-15,1,4,False,Completed
R011880,E04452,2026_H1,2026-06-15,5,3,False,Completed
R011881,E01291,2026_H1,2026-06-15,3,5,False,Completed
R011882,E03341,2026_H1,2026-06-15,5,4,False,Completed
R011883,E04354,2026_H1,2026-06-15,3,3,False,Completed
R011884,E00148,2026_H1,2026-06-15,4,2,False,Completed
R011885,E03713,2026_H1,2026-06-15,4,2,False,Cancelled
R011886,E00988,2026_H1,2026-06-15,3,3,False,Completed
R011887,E01951,2026_H1,2026-06-15,4,3,False,Completed
R011888,E04933,2026_H1,2026-06-15,3,3,False,Completed
R011889,E01023,2026_H1,2026-06-15,4,3,False,Completed
R011890,E00646,2026_H1,2026-06-15,4,3,False,Completed
R011891,E04523,2026_H1,2026-06-15,3,4,False,Completed
R011892,E01556,2026_H1,2026-06-15,3,2,False,Completed
R011893,E02519,2026_H1,2026-06-15,5,3,True,Completed
R011894,E03398,2026_H1,2026-06-15,3,4,False,Completed
R011895,E00122,2026_H1,2026-06-15,3,3,False,Completed
R011896,E04276,2026_H1,2026-06-15,4,5,False,Completed
R011897,E02005,2026_H1,2026-06-15,3,3,False,Completed
R011898,E04699,2026_H1,2026-06-15,3,2,False,Completed
R011899,E01994,2026_H1,2026-06-15,3,3,False,Completed
R011900,E02071,2026_H1,2026-06-15,5,1,False,Completed
R011901,E03819,2026_H1,2026-06-15,3,3,False,Completed
R011902,E02872,2026_H1,2026-06-15,2,2,False,Completed
R011903,E03470,2026_H1,2026-06-15,3,5,False,Completed
R011904,E02532,2026_H1,2026-06-15,5,2,False,Completed
R011905,E03294,2026_H1,2026-06-15,4,3,False,Completed
R011906,E02494,2026_H1,2026-06-15,5,3,False,Completed
R011907,E03941,2026_H1,2026-06-15,1,5,False,Completed
R011908,E01802,2026_H1,2026-06-15,1,3,False,Completed
R011909,E03848,2026_H1,2026-06-15,3,3,False,Completed
R011910,E01014,2026_H1,2026-06-15,4,3,False,Cancelled
R011911,E01836,2026_H1,2026-06-15,2,3,False,Completed
R011912,E03247,2026_H1,2026-06-15,3,3,False,Completed
R011913,E04040,2026_H1,2026-06-15,4,3,False,Completed
R011914,E03199,2026_H1,2026-06-15,4,3,True,Completed
R011915,E01862,2026_H1,2026-06-15,1,3,False,Completed
R011916,E01287,2026_H1,2026-06-15,5,3,False,Completed
R011917,E04813,2026_H1,2026-06-15,3,1,False,Completed
R011918,E04027,2026_H1,2026-06-15,4,3,True,Completed
R011919,E02122,2026_H1,2026-06-15,3,3,False,Completed
R011920,E04739,2026_H1,2026-06-15,5,3,False,Completed
R011921,E03308,2026_H1,2026-06-15,3,3,False,Completed
R011922,E04314,2026_H1,2026-06-15,1,3,False,Completed
R011923,E00345,2026_H1,2026-06-15,5,5,False,Completed
R011924,E03274,2026_H1,2026-06-15,2,3,False,Completed
R011925,E01694,2026_H1,2026-06-15,3,2,False,Completed
R011926,E03346,2026_H1,2026-06-15,3,3,False,Cancelled
R011927,E03169,2026_H1,2026-06-15,5,2,False,Completed
R011928,E03695,2026_H1,2026-06-15,3,1,False,Completed
R011929,E01147,2026_H1,2026-06-15,5,4,False,Completed
R011930,E01249,2026_H1,2026-06-15,4,2,False,Completed
R011931,E00482,2026_H1,2026-06-15,2,3,False,Completed
R011932,E03446,2026_H1,2026-06-15,2,3,False,Completed
R011933,E02755,2026_H1,2026-06-15,2,3,False,Completed
R011934,E01635,2026_H1,2026-06-15,3,4,False,Completed
R011935,E01329,2026_H1,2026-06-15,1,4,False,Completed
R011936,E03272,2026_H1,2026-06-15,3,4,True,Completed
R011937,E00825,2026_H1,2026-06-15,2,3,False,Completed
R011938,E00409,2026_H1,2026-06-15,1,3,False,Completed
R011939,E01580,2026_H1,2026-06-15,5,4,True,Pending
R011940,E03771,2026_H1,2026-06-15,3,3,False,Completed
R011941,E03112,2026_H1,2026-06-15,2,5,False,Completed
R011942,E01198,2026_H1,2026-06-15,5,4,False,Completed
R011943,E00600,2026_H1,2026-06-15,3,5,False,Completed
R011944,E01810,2026_H1,2026-06-15,5,4,False,Completed
R011945,E04420,2026_H1,2026-06-15,3,3,False,Completed
R011946,E02217,2026_H1,2026-06-15,3,4,True,Completed
R011947,E03304,2026_H1,2026-06-15,3,3,False,Completed
R011948,E01845,2026_H1,2026-06-15,2,4,False,Completed
R011949,E02853,2026_H1,2026-06-15,4,2,False,Completed
R011950,E04906,2026_H1,2026-06-15,3,3,False,Completed
R011951,E00124,2026_H1,2026-06-15,2,4,False,Completed
R011952,E02622,2026_H1,2026-06-15,5,3,True,Completed
R011953,E01347,2026_H1,2026-06-15,3,5,True,Completed
R011954,E01776,2026_H1,2026-06-15,3,3,False,Completed
R011955,E01749,2026_H1,2026-06-15,3,2,False,Completed
R011956,E00829,2026_H1,2026-06-15,3,2,False,Completed
R011957,E01960,2026_H1,2026-06-15,3,3,False,Completed
R011958,E02408,2026_H1,2026-06-15,2,5,False,Completed
R011959,E02299,2026_H1,2026-06-15,3,4,False,Cancelled
R011960,E03141,2026_H1,2026-06-15,3,4,False,Cancelled
R011961,E03785,2026_H1,2026-06-15,2,1,False,Pending
R011962,E03384,2026_H1,2026-06-15,4,3,False,Completed
R011963,E02357,2026_H1,2026-06-15,3,4,False,Completed
R011964,E01389,2026_H1,2026-06-15,3,3,False,Completed
R011965,E01992,2026_H1,2026-06-15,3,4,False,Completed
R011966,E04995,2026_H1,2026-06-15,3,3,False,Completed
R011967,E02846,2026_H1,2026-06-15,5,5,False,Completed
R011968,E00313,2026_H1,2026-06-15,3,4,False,Completed
R011969,E04707,2026_H1,2026-06-15,4,3,False,Completed
R011970,E01636,2026_H1,2026-06-15,1,4,False,Completed
R011971,E03663,2026_H1,2026-06-15,3,4,True,Pending
R011972,E04889,2026_H1,2026-06-15,2,3,False,Completed
R011973,E03032,2026_H1,2026-06-15,3,3,False,Completed
R011974,E03159,2026_H1,2026-06-15,5,4,False,Completed
R011975,E02276,2026_H1,2026-06-15,4,4,False,Completed
R011976,E03314,2026_H1,2026-06-15,3,4,False,Completed
R011977,E00168,2026_H1,2026-06-15,4,4,False,Completed
R011978,E01573,2026_H1,2026-06-15,2,2,False,Completed
R011979,E00329,2026_H1,2026-06-15,3,4,True,Completed
R011980,E01949,2026_H1,2026-06-15,2,3,False,Completed
R011981,E01727,2026_H1,2026-06-15,2,4,True,Completed
R011982,E02336,2026_H1,2026-06-15,3,1,False,Completed
R011983,E02845,2026_H1,2026-06-15,3,3,False,Completed
R011984,E04033,2026_H1,2026-06-15,5,3,False,Completed
R011985,E00985,2026_H1,2026-06-15,3,3,False,Completed
R011986,E03612,2026_H1,2026-06-15,3,4,False,Completed
R011987,E04902,2026_H1,2026-06-15,2,3,False,Completed
R011988,E04864,2026_H1,2026-06-15,3,5,False,Completed
R011989,E04346,2026_H1,2026-06-15,2,4,False,Completed
R011990,E00746,2026_H1,2026-06-15,3,5,False,Completed
R011991,E02792,2026_H1,2026-06-15,4,4,False,Completed
R011992,E03367,2026_H1,2026-06-15,4,2,False,Completed
R011993,E00380,2026_H1,2026-06-15,5,5,False,Completed
R011994,E00615,2026_H1,2026-06-15,4,5,True,Cancelled
R011995,E00935,2026_H1,2026-06-15,4,5,False,Completed
R011996,E04986,2026_H1,2026-06-15,3,4,False,Completed
R011997,E02315,2026_H1,2026-06-15,3,3,False,Completed
R011998,E01638,2026_H1,2026-06-15,5,1,False,Pending
R011999,E02100,2026_H1,2026-06-15,3,4,False,Completed
R012000,E00651,2026_H1,2026-06-15,3,3,False,Completed
R012001,E02411,2026_H1,2026-06-15,4,3,False,Completed
R012002,E04359,2026_H1,2026-06-15,2,4,False,Completed
R012003,E02842,2026_H1,2026-06-15,4,5,True,Completed
R012004,E01597,2026_H1,2026-06-15,1,4,False,Completed
R012005,E04306,2026_H1,2026-06-15,3,3,False,Completed
R012006,E04622,2026_H1,2026-06-15,2,4,False,Completed
R012007,E01590,2026_H1,2026-06-15,2,2,False,Completed
R012008,E00986,2026_H1,2026-06-15,2,3,False,Completed
R012009,E01443,2026_H1,2026-06-15,4,5,True,Completed
R012010,E00766,2026_H1,2026-06-15,2,2,False,Completed
R012011,E02965,2026_H1,2026-06-15,3,3,False,Completed
R012012,E02247,2026_H1,2026-06-15,3,2,False,Cancelled
R012013,E03777,2026_H1,2026-06-15,2,4,False,Completed
R012014,E02786,2026_H1,2026-06-15,2,3,False,Completed
R012015,E02843,2026_H1,2026-06-15,3,5,False,Completed
R012016,E04440,2026_H1,2026-06-15,3,4,False,Completed
R012017,E00483,2026_H1,2026-06-15,4,1,False,Completed
R012018,E01679,2026_H1,2026-06-15,3,3,False,Completed
R012019,E00227,2026_H1,2026-06-15,3,4,False,Completed
R012020,E01514,2026_H1,2026-06-15,3,4,False,Completed
R012021,E03043,2026_H1,2026-06-15,3,3,False,Completed
R012022,E01170,2026_H1,2026-06-15,2,5,False,Completed
R012023,E02993,2026_H1,2026-06-15,4,3,False,Completed
R012024,E02177,2026_H1,2026-06-15,4,3,False,Completed
R012025,E01133,2026_H1,2026-06-15,4,4,False,Pending
R012026,E01109,2026_H1,2026-06-15,3,5,False,Completed
R012027,E00510,2026_H1,2026-06-15,4,3,False,Completed
R012028,E01918,2026_H1,2026-06-15,2,3,False,Pending
R012029,E03465,2026_H1,2026-06-15,4,2,False,Completed
R012030,E01832,2026_H1,2026-06-15,3,4,True,Completed
R012031,E01360,2026_H1,2026-06-15,3,3,False,Completed
R012032,E01193,2026_H1,2026-06-15,4,3,False,Completed
R012033,E01987,2026_H1,2026-06-15,3,2,False,Cancelled
R012034,E01083,2026_H1,2026-06-15,4,4,False,Completed
R012035,E03863,2026_H1,2026-06-15,3,3,False,Completed
R012036,E04701,2026_H1,2026-06-15,4,3,False,Completed
R012037,E04196,2026_H1,2026-06-15,2,2,True,Completed
R012038,E04909,2026_H1,2026-06-15,4,3,False,Completed
R012039,E03097,2026_H1,2026-06-15,2,1,False,Completed
R012040,E04628,2026_H1,2026-06-15,3,3,False,Completed
R012041,E01605,2026_H1,2026-06-15,3,2,False,Pending
R012042,E01082,2026_H1,2026-06-15,3,2,False,Completed
R012043,E04790,2026_H1,2026-06-15,3,3,False,Completed
R012044,E04977,2026_H1,2026-06-15,3,5,False,Completed
R012045,E01936,2026_H1,2026-06-15,3,4,False,Completed
R012046,E04960,2026_H1,2026-06-15,3,4,False,Completed
R012047,E04149,2026_H1,2026-06-15,5,3,False,Completed
R012048,E00461,2026_H1,2026-06-15,4,3,False,Completed
R012049,E00463,2026_H1,2026-06-15,3,3,False,Completed
R012050,E00879,2026_H1,2026-06-15,5,4,False,Completed
R012051,E04310,2026_H1,2026-06-15,3,4,False,Completed
R012052,E04895,2026_H1,2026-06-15,3,2,False,Completed
R012053,E03195,2026_H1,2026-06-15,3,5,False,Completed
R012054,E01839,2026_H1,2026-06-15,3,3,False,Completed
R012055,E00883,2026_H1,2026-06-15,3,2,False,Pending
R012056,E03471,2026_H1,2026-06-15,3,1,False,Completed
R012057,E01208,2026_H1,2026-06-15,4,1,False,Completed
R012058,E00171,2026_H1,2026-06-15,5,4,False,Pending
R012059,E00512,2026_H1,2026-06-15,3,2,False,Completed
R012060,E03009,2026_H1,2026-06-15,3,2,False,Completed
R012061,E01728,2026_H1,2026-06-15,4,3,True,Completed
R012062,E04863,2026_H1,2026-06-15,3,5,False,Completed
R012063,E00265,2026_H1,2026-06-15,2,4,False,Completed
R012064,E04957,2026_H1,2026-06-15,3,4,False,Completed
R012065,E02091,2026_H1,2026-06-15,3,4,False,Completed
R012066,E01785,2026_H1,2026-06-15,5,3,False,Pending
R012067,E03371,2026_H1,2026-06-15,4,5,True,Cancelled
R012068,E00552,2026_H1,2026-06-15,2,3,False,Completed
R012069,E04968,2026_H1,2026-06-15,5,4,False,Completed
R012070,E02055,2026_H1,2026-06-15,3,2,False,Completed
R012071,E04482,2026_H1,2026-06-15,5,3,False,Completed
R012072,E00902,2026_H1,2026-06-15,3,3,False,Completed
R012073,E00273,2026_H1,2026-06-15,3,3,False,Completed
R012074,E04358,2026_H1,2026-06-15,3,3,False,Completed
R012075,E03943,2026_H1,2026-06-15,3,3,False,Completed
R012076,E02369,2026_H1,2026-06-15,2,3,False,Completed
R012077,E00656,2026_H1,2026-06-15,4,3,True,Completed
R012078,E00041,2026_H1,2026-06-15,3,1,False,Cancelled
R012079,E04330,2026_H1,2026-06-15,3,4,False,Completed
R012080,E03337,2026_H1,2026-06-15,3,3,False,Completed
R012081,E02059,2026_H1,2026-06-15,2,3,False,Completed
R012082,E01850,2026_H1,2026-06-15,4,2,False,Completed
R012083,E00309,2026_H1,2026-06-15,2,5,False,Completed
R012084,E04712,2026_H1,2026-06-15,4,3,False,Completed
R012085,E01204,2026_H1,2026-06-15,3,3,False,Completed
R012086,E02412,2026_H1,2026-06-15,1,1,False,Completed
R012087,E04795,2026_H1,2026-06-15,2,4,False,Completed
R012088,E00080,2026_H1,2026-06-15,3,3,False,Completed
R012089,E03924,2026_H1,2026-06-15,3,3,True,Completed
R012090,E01229,2026_H1,2026-06-15,4,3,False,Completed
R012091,E04095,2026_H1,2026-06-15,3,4,False,Completed
R012092,E03040,2026_H1,2026-06-15,2,2,True,Completed
R012093,E02279,2026_H1,2026-06-15,2,3,False,Completed
R012094,E02714,2026_H1,2026-06-15,5,2,False,Completed
R012095,E03089,2026_H1,2026-06-15,4,4,True,Completed
R012096,E04170,2026_H1,2026-06-15,2,2,False,Completed
R012097,E03405,2026_H1,2026-06-15,3,5,False,Completed
R012098,E03930,2026_H1,2026-06-15,3,4,True,Completed
R012099,E01999,2026_H1,2026-06-15,4,3,False,Completed
R012100,E02576,2026_H1,2026-06-15,4,2,False,Completed
R012101,E03249,2026_H1,2026-06-15,3,4,True,Completed
R012102,E01495,2026_H1,2026-06-15,2,2,False,Completed
R012103,E04030,2026_H1,2026-06-15,4,5,False,Completed
R012104,E00589,2026_H1,2026-06-15,4,4,False,Completed
R012105,E00770,2026_H1,2026-06-15,3,3,False,Completed
R012106,E02349,2026_H1,2026-06-15,3,3,False,Completed
R012107,E00502,2026_H1,2026-06-15,4,3,False,Completed
R012108,E04136,2026_H1,2026-06-15,4,5,False,Completed
R012109,E04592,2026_H1,2026-06-15,3,5,True,Completed
R012110,E01419,2026_H1,2026-06-15,3,2,False,Completed
R012111,E01545,2026_H1,2026-06-15,3,2,False,Completed
R012112,E03648,2026_H1,2026-06-15,2,3,False,Completed
R012113,E01837,2026_H1,2026-06-15,2,3,False,Completed
R012114,E03286,2026_H1,2026-06-15,4,2,False,Pending
R012115,E03552,2026_H1,2026-06-15,4,1,False,Cancelled
R012116,E01098,2026_H1,2026-06-15,3,2,False,Completed
R012117,E00927,2026_H1,2026-06-15,2,4,False,Completed
R012118,E00541,2026_H1,2026-06-15,2,3,False,Completed
R012119,E01129,2026_H1,2026-06-15,3,2,False,Completed
R012120,E03507,2026_H1,2026-06-15,4,3,False,Completed
R012121,E03534,2026_H1,2026-06-15,5,3,False,Completed
R012122,E01663,2026_H1,2026-06-15,3,3,False,Completed
R012123,E03749,2026_H1,2026-06-15,2,3,False,Completed
R012124,E02584,2026_H1,2026-06-15,1,4,False,Completed
R012125,E03586,2026_H1,2026-06-15,2,4,False,Completed
R012126,E02203,2026_H1,2026-06-15,3,5,False,Completed
R012127,E00533,2026_H1,2026-06-15,2,3,False,Completed
R012128,E02727,2026_H1,2026-06-15,3,2,False,Completed
R012129,E02167,2026_H1,2026-06-15,3,3,False,Completed
R012130,E01207,2026_H1,2026-06-15,5,3,False,Completed
R012131,E00687,2026_H1,2026-06-15,3,3,False,Completed
R012132,E01946,2026_H1,2026-06-15,4,3,False,Cancelled
R012133,E01518,2026_H1,2026-06-15,1,3,False,Completed
R012134,E04643,2026_H1,2026-06-15,3,5,True,Completed
R012135,E04601,2026_H1,2026-06-15,2,3,False,Completed
R012136,E00493,2026_H1,2026-06-15,3,3,False,Completed
R012137,E04287,2026_H1,2026-06-15,2,2,False,Completed
R012138,E01135,2026_H1,2026-06-15,3,3,False,Cancelled
R012139,E03649,2026_H1,2026-06-15,4,3,False,Completed
R012140,E02225,2026_H1,2026-06-15,3,4,False,Cancelled
R012141,E03360,2026_H1,2026-06-15,3,3,False,Completed
R012142,E02212,2026_H1,2026-06-15,3,3,False,Completed
R012143,E00256,2026_H1,2026-06-15,4,3,False,Completed
R012144,E03254,2026_H1,2026-06-15,4,3,False,Completed
R012145,E00266,2026_H1,2026-06-15,4,4,False,Completed
R012146,E01648,2026_H1,2026-06-15,5,4,False,Completed
R012147,E01356,2026_H1,2026-06-15,2,1,False,Completed
R012148,E00185,2026_H1,2026-06-15,2,4,False,Completed
R012149,E01016,2026_H1,2026-06-15,5,5,True,Completed
R012150,E01153,2026_H1,2026-06-15,3,5,False,Completed
R012151,E00414,2026_H1,2026-06-15,3,3,False,Completed
R012152,E00751,2026_H1,2026-06-15,3,2,False,Completed
R012153,E03784,2026_H1,2026-06-15,3,4,False,Completed
R012154,E02139,2026_H1,2026-06-15,4,3,False,Completed
R012155,E04161,2026_H1,2026-06-15,3,3,False,Completed
R012156,E00262,2026_H1,2026-06-15,3,3,False,Completed
R012157,E02497,2026_H1,2026-06-15,3,3,False,Completed
R012158,E04226,2026_H1,2026-06-15,3,4,False,Completed
R012159,E03790,2026_H1,2026-06-15,2,4,False,Completed
R012160,E04492,2026_H1,2026-06-15,4,4,True,Completed
R012161,E02320,2026_H1,2026-06-15,5,4,False,Completed
R012162,E00544,2026_H1,2026-06-15,2,4,False,Completed
R012163,E03753,2026_H1,2026-06-15,2,3,False,Completed
R012164,E01043,2026_H1,2026-06-15,3,4,False,Completed
R012165,E00753,2026_H1,2026-06-15,2,3,True,Completed
R012166,E04075,2026_H1,2026-06-15,5,4,False,Completed
R012167,E01353,2026_H1,2026-06-15,3,3,False,Pending
R012168,E04651,2026_H1,2026-06-15,4,1,False,Completed
R012169,E03203,2026_H1,2026-06-15,4,4,False,Completed
R012170,E01161,2026_H1,2026-06-15,3,2,False,Completed
R012171,E03053,2026_H1,2026-06-15,4,4,True,Completed
R012172,E02162,2026_H1,2026-06-15,1,3,False,Completed
R012173,E01813,2026_H1,2026-06-15,3,3,False,Completed
R012174,E02650,2026_H1,2026-06-15,3,3,False,Completed
R012175,E02422,2026_H1,2026-06-15,2,4,True,Completed
R012176,E04311,2026_H1,2026-06-15,2,3,False,Completed
R012177,E02284,2026_H1,2026-06-15,3,4,False,Completed
R012178,E02443,2026_H1,2026-06-15,3,3,False,Completed
R012179,E04410,2026_H1,2026-06-15,2,1,False,Completed
R012180,E00434,2026_H1,2026-06-15,2,5,False,Completed
R012181,E00387,2026_H1,2026-06-15,4,3,False,Completed
R012182,E03528,2026_H1,2026-06-15,2,2,False,Completed
R012183,E03400,2026_H1,2026-06-15,4,2,False,Completed
R012184,E03687,2026_H1,2026-06-15,3,2,True,Completed
R012185,E03408,2026_H1,2026-06-15,3,2,False,Completed
R012186,E02054,2026_H1,2026-06-15,3,5,False,Completed
R012187,E04117,2026_H1,2026-06-15,5,3,True,Completed
R012188,E00125,2026_H1,2026-06-15,3,2,False,Completed
R012189,E02653,2026_H1,2026-06-15,3,5,False,Completed
R012190,E00857,2026_H1,2026-06-15,3,3,False,Completed
R012191,E00875,2026_H1,2026-06-15,4,4,False,Pending
R012192,E01758,2026_H1,2026-06-15,3,3,False,Completed
R012193,E00580,2026_H1,2026-06-15,3,2,False,Completed
R012194,E02334,2026_H1,2026-06-15,3,2,True,Completed
R012195,E03448,2026_H1,2026-06-15,5,4,False,Cancelled
R012196,E04323,2026_H1,2026-06-15,3,3,False,Completed
R012197,E04035,2026_H1,2026-06-15,4,5,False,Completed
R012198,E04721,2026_H1,2026-06-15,3,2,False,Completed
R012199,E04730,2026_H1,2026-06-15,3,3,False,Completed
R012200,E00403,2026_H1,2026-06-15,3,3,False,Completed
R012201,E03841,2026_H1,2026-06-15,5,3,False,Completed
R012202,E03707,2026_H1,2026-06-15,2,2,False,Completed
R012203,E03066,2026_H1,2026-06-15,3,4,False,Completed
R012204,E01829,2026_H1,2026-06-15,3,4,True,Completed
R012205,E00519,2026_H1,2026-06-15,1,5,False,Completed
R012206,E00916,2026_H1,2026-06-15,3,1,False,Completed
R012207,E02543,2026_H1,2026-06-15,3,2,False,Cancelled
R012208,E01581,2026_H1,2026-06-15,2,3,False,Completed
R012209,E01288,2026_H1,2026-06-15,3,4,False,Completed
R012210,E04315,2026_H1,2026-06-15,3,3,False,Completed
R012211,E04487,2026_H1,2026-06-15,4,4,False,Completed
R012212,E02895,2026_H1,2026-06-15,3,2,False,Completed
R012213,E01139,2026_H1,2026-06-15,3,3,False,Completed
R012214,E04469,2026_H1,2026-06-15,3,3,False,Completed
R012215,E01931,2026_H1,2026-06-15,3,3,False,Pending
R012216,E03368,2026_H1,2026-06-15,3,3,False,Completed
R012217,E01369,2026_H1,2026-06-15,2,2,False,Completed
R012218,E03742,2026_H1,2026-06-15,5,3,False,Completed
R012219,E00021,2026_H1,2026-06-15,3,3,False,Completed
R012220,E03436,2026_H1,2026-06-15,3,4,False,Completed
R012221,E01767,2026_H1,2026-06-15,4,4,True,Completed
R012222,E02793,2026_H1,2026-06-15,4,2,False,Completed
R012223,E04899,2026_H1,2026-06-15,3,4,False,Completed
R012224,E01618,2026_H1,2026-06-15,1,2,False,Completed
R012225,E02044,2026_H1,2026-06-15,5,3,False,Completed
R012226,E00720,2026_H1,2026-06-15,3,3,True,Cancelled
R012227,E03188,2026_H1,2026-06-15,4,4,False,Completed
R012228,E01420,2026_H1,2026-06-15,3,4,False,Completed
R012229,E04943,2026_H1,2026-06-15,4,2,False,Completed
R012230,E01072,2026_H1,2026-06-15,4,4,True,Completed
R012231,E02480,2026_H1,2026-06-15,2,2,False,Completed
R012232,E00423,2026_H1,2026-06-15,2,5,False,Completed
R012233,E02065,2026_H1,2026-06-15,4,3,False,Completed
R012234,E02120,2026_H1,2026-06-15,3,3,False,Completed
R012235,E02094,2026_H1,2026-06-15,3,4,False,Completed
R012236,E00815,2026_H1,2026-06-15,4,3,False,Completed
R012237,E05000,2026_H1,2026-06-15,2,3,False,Completed
R012238,E04976,2026_H1,2026-06-15,3,3,False,Completed
R012239,E00473,2026_H1,2026-06-15,4,3,False,Completed
R012240,E01438,2026_H1,2026-06-15,3,3,False,Completed
R012241,E00525,2026_H1,2026-06-15,3,4,False,Completed
R012242,E00812,2026_H1,2026-06-15,3,3,False,Completed
R012243,E04175,2026_H1,2026-06-15,3,4,False,Completed
R012244,E01273,2026_H1,2026-06-15,2,2,False,Completed
R012245,E03740,2026_H1,2026-06-15,2,3,False,Completed
R012246,E00713,2026_H1,2026-06-15,4,2,False,Completed
R012247,E02488,2026_H1,2026-06-15,4,4,True,Pending
R012248,E03129,2026_H1,2026-06-15,3,5,False,Completed
R012249,E04043,2026_H1,2026-06-15,3,2,False,Completed
R012250,E00492,2026_H1,2026-06-15,3,2,False,Pending
R012251,E03488,2026_H1,2026-06-15,3,3,False,Completed
R012252,E04594,2026_H1,2026-06-15,4,3,True,Completed
R012253,E03639,2026_H1,2026-06-15,4,3,False,Completed
R012254,E01066,2026_H1,2026-06-15,3,4,False,Completed
R012255,E02436,2026_H1,2026-06-15,3,5,False,Completed
R012256,E02163,2026_H1,2026-06-15,4,3,False,Completed
R012257,E03604,2026_H1,2026-06-15,4,5,False,Pending
R012258,E03061,2026_H1,2026-06-15,3,5,False,Completed
R012259,E02453,2026_H1,2026-06-15,4,3,False,Completed
R012260,E01699,2026_H1,2026-06-15,5,3,False,Completed
R012261,E01087,2026_H1,2026-06-15,5,3,False,Completed
R012262,E03288,2026_H1,2026-06-15,2,5,True,Completed
R012263,E03580,2026_H1,2026-06-15,1,3,False,Completed
R012264,E03820,2026_H1,2026-06-15,3,4,False,Cancelled
R012265,E00853,2026_H1,2026-06-15,3,4,False,Completed
R012266,E03320,2026_H1,2026-06-15,5,4,False,Completed
R012267,E03766,2026_H1,2026-06-15,2,3,False,Completed
R012268,E03812,2026_H1,2026-06-15,2,4,False,Completed
R012269,E02657,2026_H1,2026-06-15,4,5,False,Completed
R012270,E01981,2026_H1,2026-06-15,3,3,False,Completed
R012271,E04150,2026_H1,2026-06-15,2,4,True,Completed
R012272,E04079,2026_H1,2026-06-15,2,4,False,Completed
R012273,E01506,2026_H1,2026-06-15,4,5,True,Completed
R012274,E01048,2026_H1,2026-06-15,1,5,False,Cancelled
R012275,E01185,2026_H1,2026-06-15,3,3,False,Completed
R012276,E04536,2026_H1,2026-06-15,4,2,False,Completed
R012277,E01394,2026_H1,2026-06-15,3,3,False,Completed
R012278,E00521,2026_H1,2026-06-15,4,2,False,Completed
R012279,E01447,2026_H1,2026-06-15,2,3,False,Completed
R012280,E00279,2026_H1,2026-06-15,3,4,False,Completed
R012281,E00575,2026_H1,2026-06-15,2,4,True,Completed
R012282,E00630,2026_H1,2026-06-15,3,3,False,Completed
R012283,E04419,2026_H1,2026-06-15,3,3,False,Completed
R012284,E03163,2026_H1,2026-06-15,5,4,False,Completed
R012285,E02013,2026_H1,2026-06-15,3,5,False,Completed
R012286,E00075,2026_H1,2026-06-15,2,3,False,Completed
R012287,E03180,2026_H1,2026-06-15,2,3,False,Completed
R012288,E01250,2026_H1,2026-06-15,3,3,False,Completed
R012289,E04012,2026_H1,2026-06-15,2,4,False,Completed
R012290,E03375,2026_H1,2026-06-15,3,3,False,Completed
R012291,E00947,2026_H1,2026-06-15,3,4,False,Completed
R012292,E01752,2026_H1,2026-06-15,4,2,False,Completed
R012293,E00764,2026_H1,2026-06-15,3,5,False,Cancelled
R012294,E01872,2026_H1,2026-06-15,3,3,False,Completed
R012295,E04375,2026_H1,2026-06-15,2,4,False,Completed
R012296,E00110,2026_H1,2026-06-15,3,3,False,Completed
R012297,E04799,2026_H1,2026-06-15,4,3,False,Completed
R012298,E01901,2026_H1,2026-06-15,4,3,False,Completed
R012299,E00382,2026_H1,2026-06-15,3,4,False,Completed
R012300,E00246,2026_H1,2026-06-15,3,3,False,Pending
R012301,E00204,2026_H1,2026-06-15,3,1,False,Completed
R012302,E02572,2026_H1,2026-06-15,3,3,False,Completed
R012303,E01289,2026_H1,2026-06-15,4,3,False,Pending
R012304,E03300,2026_H1,2026-06-15,3,5,False,Completed
R012305,E03818,2026_H1,2026-06-15,3,3,False,Completed
R012306,E01739,2026_H1,2026-06-15,3,4,False,Cancelled
R012307,E03678,2026_H1,2026-06-15,3,2,False,Completed
R012308,E02337,2026_H1,2026-06-15,3,5,False,Completed
R012309,E03365,2026_H1,2026-06-15,4,4,False,Completed
R012310,E03585,2026_H1,2026-06-15,4,2,False,Completed
R012311,E04542,2026_H1,2026-06-15,3,3,False,Completed
R012312,E01209,2026_H1,2026-06-15,4,4,False,Completed
R012313,E00740,2026_H1,2026-06-15,2,3,False,Pending
R012314,E00672,2026_H1,2026-06-15,3,4,True,Completed
R012315,E00767,2026_H1,2026-06-15,2,4,False,Pending
R012316,E02740,2026_H1,2026-06-15,5,3,False,Completed
R012317,E01744,2026_H1,2026-06-15,4,2,False,Completed
R012318,E04677,2026_H1,2026-06-15,3,3,False,Cancelled
R012319,E02103,2026_H1,2026-06-15,3,3,False,Completed
R012320,E04384,2026_H1,2026-06-15,3,3,False,Completed
R012321,E01374,2026_H1,2026-06-15,3,2,False,Completed
R012322,E02886,2026_H1,2026-06-15,4,3,False,Completed
R012323,E02618,2026_H1,2026-06-15,3,2,False,Pending
R012324,E00775,2026_H1,2026-06-15,4,4,False,Completed
R012325,E02760,2026_H1,2026-06-15,3,4,False,Pending
R012326,E04776,2026_H1,2026-06-15,3,3,False,Completed
R012327,E04423,2026_H1,2026-06-15,2,3,False,Completed
R012328,E03592,2026_H1,2026-06-15,3,3,False,Completed
R012329,E04612,2026_H1,2026-06-15,4,4,False,Completed
R012330,E03014,2026_H1,2026-06-15,5,3,True,Completed
R012331,E02367,2026_H1,2026-06-15,4,2,False,Completed
R012332,E00402,2026_H1,2026-06-15,4,5,False,Completed
R012333,E04004,2026_H1,2026-06-15,3,5,False,Pending
R012334,E01012,2026_H1,2026-06-15,3,4,False,Completed
R012335,E01091,2026_H1,2026-06-15,2,3,False,Completed
R012336,E04176,2026_H1,2026-06-15,4,5,False,Completed
R012337,E03760,2026_H1,2026-06-15,2,3,False,Completed
R012338,E03298,2026_H1,2026-06-15,3,1,False,Completed
R012339,E03490,2026_H1,2026-06-15,4,4,False,Completed
R012340,E03275,2026_H1,2026-06-15,2,3,False,Completed
R012341,E00942,2026_H1,2026-06-15,2,2,False,Pending
R012342,E04627,2026_H1,2026-06-15,4,3,True,Completed
R012343,E04246,2026_H1,2026-06-15,4,4,True,Completed
R012344,E02999,2026_H1,2026-06-15,2,3,False,Completed
R012345,E04814,2026_H1,2026-06-15,4,5,False,Completed
R012346,E02278,2026_H1,2026-06-15,4,4,True,Completed
R012347,E00869,2026_H1,2026-06-15,4,3,False,Completed
R012348,E02067,2026_H1,2026-06-15,2,4,False,Completed
R012349,E02224,2026_H1,2026-06-15,2,2,False,Completed
R012350,E04193,2026_H1,2026-06-15,3,2,False,Cancelled
R012351,E00515,2026_H1,2026-06-15,4,5,False,Completed
R012352,E02518,2026_H1,2026-06-15,3,3,False,Completed
R012353,E01280,2026_H1,2026-06-15,3,4,False,Completed
R012354,E02185,2026_H1,2026-06-15,3,2,False,Cancelled
R012355,E00995,2026_H1,2026-06-15,5,4,False,Completed
R012356,E02305,2026_H1,2026-06-15,3,3,False,Completed
R012357,E03476,2026_H1,2026-06-15,5,3,False,Completed
R012358,E02985,2026_H1,2026-06-15,4,3,False,Completed
R012359,E04732,2026_H1,2026-06-15,4,3,False,Pending
R012360,E03118,2026_H1,2026-06-15,3,5,False,Completed
R012361,E01167,2026_H1,2026-06-15,3,3,False,Completed
R012362,E00924,2026_H1,2026-06-15,4,5,True,Completed
R012363,E04856,2026_H1,2026-06-15,4,3,False,Completed
R012364,E02682,2026_H1,2026-06-15,4,3,True,Completed
R012365,E00523,2026_H1,2026-06-15,4,3,False,Pending
R012366,E01242,2026_H1,2026-06-15,4,3,False,Completed
R012367,E01809,2026_H1,2026-06-15,5,3,False,Completed
R012368,E01812,2026_H1,2026-06-15,3,5,True,Completed
R012369,E02371,2026_H1,2026-06-15,3,4,False,Completed
R012370,E01958,2026_H1,2026-06-15,4,3,False,Completed
R012371,E02550,2026_H1,2026-06-15,3,2,False,Completed
R012372,E01998,2026_H1,2026-06-15,4,3,True,Completed
R012373,E01403,2026_H1,2026-06-15,3,3,False,Completed
R012374,E02335,2026_H1,2026-06-15,3,3,False,Completed
R012375,E03102,2026_H1,2026-06-15,3,2,False,Completed
R012376,E03041,2026_H1,2026-06-15,2,3,False,Completed
R012377,E04629,2026_H1,2026-06-15,2,3,False,Completed
R012378,E03477,2026_H1,2026-06-15,2,3,False,Completed
R012379,E03629,2026_H1,2026-06-15,3,3,False,Completed
R012380,E01349,2026_H1,2026-06-15,5,3,False,Completed
R012381,E02127,2026_H1,2026-06-15,3,4,False,Completed
R012382,E01106,2026_H1,2026-06-15,3,3,False,Completed
R012383,E01913,2026_H1,2026-06-15,4,3,True,Pending
R012384,E03918,2026_H1,2026-06-15,5,1,False,Completed
R012385,E01721,2026_H1,2026-06-15,4,5,False,Completed
R012386,E02555,2026_H1,2026-06-15,4,4,False,Completed
R012387,E01228,2026_H1,2026-06-15,4,5,True,Pending
R012388,E01908,2026_H1,2026-06-15,3,5,False,Completed
R012389,E04989,2026_H1,2026-06-15,3,5,False,Completed
R012390,E03278,2026_H1,2026-06-15,4,1,False,Completed
R012391,E02982,2026_H1,2026-06-15,3,3,False,Completed
R012392,E01983,2026_H1,2026-06-15,3,2,False,Completed
R012393,E01769,2026_H1,2026-06-15,5,2,False,Pending
R012394,E03948,2026_H1,2026-06-15,4,2,False,Completed
R012395,E00583,2026_H1,2026-06-15,3,5,False,Completed
R012396,E02878,2026_H1,2026-06-15,5,5,True,Completed
R012397,E01105,2026_H1,2026-06-15,4,3,False,Completed
R012398,E01314,2026_H1,2026-06-15,3,3,False,Cancelled
R012399,E01435,2026_H1,2026-06-15,3,3,True,Completed
R012400,E03600,2026_H1,2026-06-15,3,4,True,Completed
R012401,E03729,2026_H1,2026-06-15,2,3,False,Completed
R012402,E00768,2026_H1,2026-06-15,4,3,False,Completed
R012403,E03963,2026_H1,2026-06-15,2,3,False,Pending
R012404,E00169,2026_H1,2026-06-15,5,3,False,Completed
R012405,E03313,2026_H1,2026-06-15,3,4,False,Completed
R012406,E02801,2026_H1,2026-06-15,3,2,False,Pending
R012407,E00173,2026_H1,2026-06-15,3,4,True,Completed
R012408,E04052,2026_H1,2026-06-15,3,3,False,Completed
R012409,E01424,2026_H1,2026-06-15,2,3,False,Completed
R012410,E02784,2026_H1,2026-06-15,3,3,False,Cancelled
R012411,E00887,2026_H1,2026-06-15,1,2,False,Pending
R012412,E00874,2026_H1,2026-06-15,1,3,False,Completed
R012413,E03046,2026_H1,2026-06-15,4,2,False,Completed
R012414,E00391,2026_H1,2026-06-15,4,4,False,Completed
R012415,E03814,2026_H1,2026-06-15,5,3,False,Completed
R012416,E01393,2026_H1,2026-06-15,5,3,False,Completed
R012417,E04630,2026_H1,2026-06-15,1,3,False,Completed
R012418,E04781,2026_H1,2026-06-15,5,4,True,Completed
R012419,E04241,2026_H1,2026-06-15,2,5,False,Completed
R012420,E01938,2026_H1,2026-06-15,3,3,False,Completed
R012421,E03730,2026_H1,2026-06-15,4,5,False,Completed
R012422,E03655,2026_H1,2026-06-15,4,2,False,Completed
R012423,E02941,2026_H1,2026-06-15,4,3,False,Completed
R012424,E00472,2026_H1,2026-06-15,3,3,False,Completed
R012425,E03625,2026_H1,2026-06-15,4,3,False,Completed
R012426,E00003,2026_H1,2026-06-15,4,3,False,Completed
R012427,E00315,2026_H1,2026-06-15,3,4,False,Completed
R012428,E00359,2026_H1,2026-06-15,3,3,False,Completed
R012429,E01537,2026_H1,2026-06-15,3,2,False,Completed
R012430,E03519,2026_H1,2026-06-15,4,3,True,Completed
R012431,E01778,2026_H1,2026-06-15,3,5,False,Completed
R012432,E04029,2026_H1,2026-06-15,3,3,False,Completed
R012433,E01444,2026_H1,2026-06-15,3,2,False,Completed
R012434,E00627,2026_H1,2026-06-15,4,5,True,Completed
R012435,E04930,2026_H1,2026-06-15,2,3,False,Completed
R012436,E04353,2026_H1,2026-06-15,2,4,False,Completed
R012437,E02264,2026_H1,2026-06-15,1,3,False,Completed
R012438,E01346,2026_H1,2026-06-15,3,5,False,Completed
R012439,E02274,2026_H1,2026-06-15,4,4,True,Completed
R012440,E01452,2026_H1,2026-06-15,3,3,False,Completed
R012441,E03037,2026_H1,2026-06-15,3,3,False,Completed
R012442,E04605,2026_H1,2026-06-15,3,3,False,Completed
R012443,E03597,2026_H1,2026-06-15,3,4,False,Completed
R012444,E03038,2026_H1,2026-06-15,2,3,False,Completed
R012445,E02007,2026_H1,2026-06-15,3,2,False,Completed
R012446,E01741,2026_H1,2026-06-15,2,2,False,Completed
R012447,E00043,2026_H1,2026-06-15,3,2,False,Cancelled
R012448,E04652,2026_H1,2026-06-15,4,4,False,Completed
R012449,E04501,2026_H1,2026-06-15,3,2,False,Completed
R012450,E03809,2026_H1,2026-06-15,1,4,False,Completed
R012451,E01731,2026_H1,2026-06-15,4,4,False,Completed
R012452,E01919,2026_H1,2026-06-15,3,4,False,Completed
R012453,E02472,2026_H1,2026-06-15,3,4,False,Completed
R012454,E02502,2026_H1,2026-06-15,4,3,False,Completed
R012455,E04539,2026_H1,2026-06-15,2,2,False,Cancelled
R012456,E02959,2026_H1,2026-06-15,2,3,False,Completed
R012457,E01674,2026_H1,2026-06-15,3,2,False,Completed
R012458,E04848,2026_H1,2026-06-15,4,4,False,Completed
R012459,E03416,2026_H1,2026-06-15,5,5,False,Completed
R012460,E04078,2026_H1,2026-06-15,2,5,False,Cancelled
R012461,E04337,2026_H1,2026-06-15,3,3,False,Completed
R012462,E01943,2026_H1,2026-06-15,3,4,False,Completed
R012463,E03413,2026_H1,2026-06-15,2,4,False,Completed
R012464,E01422,2026_H1,2026-06-15,3,4,False,Completed
R012465,E01051,2026_H1,2026-06-15,3,4,False,Completed
R012466,E00885,2026_H1,2026-06-15,3,3,False,Completed
R012467,E02313,2026_H1,2026-06-15,4,1,False,Completed
R012468,E00715,2026_H1,2026-06-15,3,5,False,Completed
R012469,E00508,2026_H1,2026-06-15,4,4,False,Completed
R012470,E04508,2026_H1,2026-06-15,3,1,False,Completed
R012471,E02995,2026_H1,2026-06-15,2,2,False,Completed
R012472,E04918,2026_H1,2026-06-15,4,3,False,Completed
R012473,E01252,2026_H1,2026-06-15,2,3,False,Completed
R012474,E02678,2026_H1,2026-06-15,3,3,False,Completed
R012475,E04169,2026_H1,2026-06-15,5,4,False,Completed
R012476,E02898,2026_H1,2026-06-15,3,3,False,Completed
R012477,E01270,2026_H1,2026-06-15,3,3,False,Completed
R012478,E00784,2026_H1,2026-06-15,5,2,False,Completed
R012479,E01011,2026_H1,2026-06-15,4,4,False,Completed
R012480,E04488,2026_H1,2026-06-15,4,3,False,Completed
R012481,E02787,2026_H1,2026-06-15,3,5,False,Completed
R012482,E03993,2026_H1,2026-06-15,3,4,False,Completed
R012483,E01069,2026_H1,2026-06-15,3,1,False,Pending
R012484,E03385,2026_H1,2026-06-15,3,5,False,Completed
R012485,E03992,2026_H1,2026-06-15,3,3,True,Completed
R012486,E00214,2026_H1,2026-06-15,4,4,False,Completed
R012487,E01860,2026_H1,2026-06-15,3,4,False,Completed
R012488,E02533,2026_H1,2026-06-15,3,4,False,Pending
R012489,E00537,2026_H1,2026-06-15,4,2,False,Completed
R012490,E01737,2026_H1,2026-06-15,4,4,False,Completed
R012491,E00257,2026_H1,2026-06-15,2,5,False,Completed
R012492,E04750,2026_H1,2026-06-15,2,4,False,Completed
R012493,E00912,2026_H1,2026-06-15,3,4,False,Completed
R012494,E01754,2026_H1,2026-06-15,2,4,False,Completed
R012495,E00207,2026_H1,2026-06-15,4,4,False,Completed
R012496,E03798,2026_H1,2026-06-15,3,4,False,Completed
R012497,E00396,2026_H1,2026-06-15,3,5,False,Completed
R012498,E03099,2026_H1,2026-06-15,3,3,False,Completed
R012499,E02852,2026_H1,2026-06-15,5,4,False,Completed
R012500,E01281,2026_H1,2026-06-15,4,3,False,Completed
R012501,E03372,2026_H2,2026-12-15,3,5,False,Completed
R012502,E04839,2026_H2,2026-12-15,4,5,True,Completed
R012503,E01065,2026_H2,2026-12-15,5,4,False,Pending
R012504,E00813,2026_H2,2026-12-15,4,2,False,Completed
R012505,E02110,2026_H2,2026-12-15,2,2,False,Pending
R012506,E01073,2026_H2,2026-12-15,1,5,False,Completed
R012507,E01399,2026_H2,2026-12-15,3,3,True,Completed
R012508,E00100,2026_H2,2026-12-15,2,2,False,Completed
R012509,E00561,2026_H2,2026-12-15,5,3,True,Pending
R012510,E03910,2026_H2,2026-12-15,3,3,False,Completed
R012511,E03183,2026_H2,2026-12-15,3,4,False,Completed
R012512,E01349,2026_H2,2026-12-15,3,4,False,Completed
R012513,E02424,2026_H2,2026-12-15,3,3,False,Cancelled
R012514,E00009,2026_H2,2026-12-15,5,3,False,Completed
R012515,E00581,2026_H2,2026-12-15,3,2,False,Completed
R012516,E01794,2026_H2,2026-12-15,3,1,False,Completed
R012517,E03876,2026_H2,2026-12-15,3,3,False,Completed
R012518,E02133,2026_H2,2026-12-15,2,5,False,Cancelled
R012519,E02281,2026_H2,2026-12-15,1,3,False,Completed
R012520,E01460,2026_H2,2026-12-15,2,4,False,Pending
R012521,E00721,2026_H2,2026-12-15,5,3,False,Completed
R012522,E02655,2026_H2,2026-12-15,4,3,False,Completed
R012523,E04334,2026_H2,2026-12-15,5,3,False,Completed
R012524,E04251,2026_H2,2026-12-15,3,4,True,Completed
R012525,E01039,2026_H2,2026-12-15,3,3,False,Completed
R012526,E03546,2026_H2,2026-12-15,3,4,False,Completed
R012527,E04519,2026_H2,2026-12-15,4,4,True,Completed
R012528,E04853,2026_H2,2026-12-15,4,3,False,Completed
R012529,E03608,2026_H2,2026-12-15,3,3,True,Completed
R012530,E02411,2026_H2,2026-12-15,3,3,False,Completed
R012531,E04071,2026_H2,2026-12-15,3,4,False,Completed
R012532,E00053,2026_H2,2026-12-15,3,2,False,Completed
R012533,E00765,2026_H2,2026-12-15,3,4,False,Completed
R012534,E00195,2026_H2,2026-12-15,3,3,False,Completed
R012535,E02984,2026_H2,2026-12-15,4,4,False,Completed
R012536,E00034,2026_H2,2026-12-15,4,3,False,Completed
R012537,E03063,2026_H2,2026-12-15,4,2,False,Completed
R012538,E02803,2026_H2,2026-12-15,2,3,False,Cancelled
R012539,E00422,2026_H2,2026-12-15,3,3,False,Completed
R012540,E03641,2026_H2,2026-12-15,3,4,False,Completed
R012541,E00607,2026_H2,2026-12-15,3,2,False,Completed
R012542,E02421,2026_H2,2026-12-15,3,4,False,Completed
R012543,E03504,2026_H2,2026-12-15,3,3,False,Completed
R012544,E00349,2026_H2,2026-12-15,2,3,False,Completed
R012545,E01733,2026_H2,2026-12-15,5,2,False,Completed
R012546,E04925,2026_H2,2026-12-15,3,2,False,Completed
R012547,E00424,2026_H2,2026-12-15,5,3,True,Completed
R012548,E01480,2026_H2,2026-12-15,3,2,False,Completed
R012549,E03327,2026_H2,2026-12-15,5,5,False,Completed
R012550,E02518,2026_H2,2026-12-15,3,3,False,Pending
R012551,E03846,2026_H2,2026-12-15,2,2,False,Completed
R012552,E01649,2026_H2,2026-12-15,3,3,False,Completed
R012553,E00265,2026_H2,2026-12-15,4,3,False,Completed
R012554,E01252,2026_H2,2026-12-15,4,5,False,Pending
R012555,E02667,2026_H2,2026-12-15,2,3,False,Completed
R012556,E03697,2026_H2,2026-12-15,3,3,False,Completed
R012557,E02059,2026_H2,2026-12-15,4,3,False,Completed
R012558,E04675,2026_H2,2026-12-15,3,3,False,Completed
R012559,E02739,2026_H2,2026-12-15,3,4,False,Completed
R012560,E01915,2026_H2,2026-12-15,4,4,False,Completed
R012561,E01231,2026_H2,2026-12-15,3,4,False,Completed
R012562,E04062,2026_H2,2026-12-15,4,3,False,Completed
R012563,E00764,2026_H2,2026-12-15,3,1,False,Completed
R012564,E04963,2026_H2,2026-12-15,4,3,False,Cancelled
R012565,E01184,2026_H2,2026-12-15,2,3,False,Completed
R012566,E01801,2026_H2,2026-12-15,3,4,False,Completed
R012567,E02226,2026_H2,2026-12-15,2,3,False,Completed
R012568,E04906,2026_H2,2026-12-15,4,3,False,Completed
R012569,E00196,2026_H2,2026-12-15,4,2,True,Completed
R012570,E01334,2026_H2,2026-12-15,3,4,False,Completed
R012571,E00686,2026_H2,2026-12-15,3,3,False,Completed
R012572,E04124,2026_H2,2026-12-15,5,3,False,Completed
R012573,E01665,2026_H2,2026-12-15,2,4,False,Completed
R012574,E02497,2026_H2,2026-12-15,3,4,False,Completed
R012575,E02545,2026_H2,2026-12-15,1,4,False,Completed
R012576,E04091,2026_H2,2026-12-15,4,3,True,Completed
R012577,E04079,2026_H2,2026-12-15,5,5,False,Completed
R012578,E01634,2026_H2,2026-12-15,4,3,False,Completed
R012579,E02244,2026_H2,2026-12-15,3,1,False,Completed
R012580,E01740,2026_H2,2026-12-15,3,3,False,Completed
R012581,E04013,2026_H2,2026-12-15,3,3,False,Completed
R012582,E01712,2026_H2,2026-12-15,3,1,False,Completed
R012583,E04016,2026_H2,2026-12-15,3,2,False,Completed
R012584,E03815,2026_H2,2026-12-15,3,3,False,Completed
R012585,E00267,2026_H2,2026-12-15,3,3,False,Completed
R012586,E03062,2026_H2,2026-12-15,3,4,False,Completed
R012587,E02058,2026_H2,2026-12-15,5,4,False,Completed
R012588,E03994,2026_H2,2026-12-15,5,4,False,Completed
R012589,E03477,2026_H2,2026-12-15,3,3,False,Completed
R012590,E01594,2026_H2,2026-12-15,3,1,False,Completed
R012591,E04204,2026_H2,2026-12-15,3,2,False,Completed
R012592,E03763,2026_H2,2026-12-15,4,4,False,Completed
R012593,E01321,2026_H2,2026-12-15,2,5,False,Pending
R012594,E02242,2026_H2,2026-12-15,4,4,False,Completed
R012595,E00660,2026_H2,2026-12-15,4,3,True,Completed
R012596,E02475,2026_H2,2026-12-15,3,4,False,Completed
R012597,E04190,2026_H2,2026-12-15,2,4,False,Pending
R012598,E01437,2026_H2,2026-12-15,2,2,False,Completed
R012599,E04599,2026_H2,2026-12-15,3,3,False,Completed
R012600,E02081,2026_H2,2026-12-15,4,3,False,Completed
R012601,E04119,2026_H2,2026-12-15,4,5,False,Completed
R012602,E04150,2026_H2,2026-12-15,4,4,True,Completed
R012603,E03439,2026_H2,2026-12-15,3,2,False,Completed
R012604,E01953,2026_H2,2026-12-15,4,3,False,Completed
R012605,E03291,2026_H2,2026-12-15,3,5,False,Completed
R012606,E02106,2026_H2,2026-12-15,3,4,False,Completed
R012607,E02785,2026_H2,2026-12-15,4,2,False,Completed
R012608,E02094,2026_H2,2026-12-15,5,5,False,Completed
R012609,E03962,2026_H2,2026-12-15,4,3,False,Completed
R012610,E03584,2026_H2,2026-12-15,3,1,False,Completed
R012611,E03429,2026_H2,2026-12-15,3,1,False,Completed
R012612,E00845,2026_H2,2026-12-15,4,2,False,Completed
R012613,E02302,2026_H2,2026-12-15,4,2,False,Cancelled
R012614,E02291,2026_H2,2026-12-15,4,3,False,Completed
R012615,E04194,2026_H2,2026-12-15,3,3,False,Cancelled
R012616,E03654,2026_H2,2026-12-15,3,2,False,Completed
R012617,E03889,2026_H2,2026-12-15,3,3,False,Completed
R012618,E00279,2026_H2,2026-12-15,2,3,False,Completed
R012619,E00948,2026_H2,2026-12-15,5,5,False,Completed
R012620,E01745,2026_H2,2026-12-15,4,4,False,Completed
R012621,E04385,2026_H2,2026-12-15,1,3,False,Completed
R012622,E02314,2026_H2,2026-12-15,4,3,False,Completed
R012623,E01313,2026_H2,2026-12-15,4,2,False,Completed
R012624,E01678,2026_H2,2026-12-15,3,4,False,Completed
R012625,E04027,2026_H2,2026-12-15,3,4,False,Completed
R012626,E02898,2026_H2,2026-12-15,3,3,False,Completed
R012627,E00148,2026_H2,2026-12-15,3,3,False,Completed
R012628,E00959,2026_H2,2026-12-15,3,3,False,Completed
R012629,E02548,2026_H2,2026-12-15,5,2,False,Completed
R012630,E04401,2026_H2,2026-12-15,4,3,False,Completed
R012631,E04084,2026_H2,2026-12-15,3,1,False,Completed
R012632,E00171,2026_H2,2026-12-15,3,3,False,Completed
R012633,E03651,2026_H2,2026-12-15,5,5,False,Completed
R012634,E01067,2026_H2,2026-12-15,1,2,False,Cancelled
R012635,E00452,2026_H2,2026-12-15,2,3,False,Completed
R012636,E04182,2026_H2,2026-12-15,2,4,False,Cancelled
R012637,E04661,2026_H2,2026-12-15,3,3,False,Completed
R012638,E01368,2026_H2,2026-12-15,2,4,False,Completed
R012639,E00135,2026_H2,2026-12-15,4,3,True,Completed
R012640,E01316,2026_H2,2026-12-15,4,3,False,Completed
R012641,E00102,2026_H2,2026-12-15,4,3,False,Completed
R012642,E00687,2026_H2,2026-12-15,3,5,False,Pending
R012643,E04803,2026_H2,2026-12-15,4,3,False,Completed
R012644,E04629,2026_H2,2026-12-15,4,3,False,Completed
R012645,E01624,2026_H2,2026-12-15,3,3,False,Completed
R012646,E01688,2026_H2,2026-12-15,3,5,False,Completed
R012647,E04256,2026_H2,2026-12-15,2,4,False,Completed
R012648,E00512,2026_H2,2026-12-15,4,3,False,Completed
R012649,E03173,2026_H2,2026-12-15,2,4,True,Completed
R012650,E02401,2026_H2,2026-12-15,3,5,False,Completed
R012651,E02306,2026_H2,2026-12-15,3,4,False,Completed
R012652,E03476,2026_H2,2026-12-15,5,2,False,Completed
R012653,E02298,2026_H2,2026-12-15,3,3,False,Completed
R012654,E01343,2026_H2,2026-12-15,4,3,False,Completed
R012655,E04237,2026_H2,2026-12-15,4,5,False,Completed
R012656,E04558,2026_H2,2026-12-15,4,3,True,Completed
R012657,E04313,2026_H2,2026-12-15,2,4,False,Completed
R012658,E01355,2026_H2,2026-12-15,4,5,False,Completed
R012659,E01919,2026_H2,2026-12-15,3,3,False,Completed
R012660,E02585,2026_H2,2026-12-15,2,3,False,Completed
R012661,E03875,2026_H2,2026-12-15,2,3,False,Completed
R012662,E04283,2026_H2,2026-12-15,4,4,False,Completed
R012663,E03020,2026_H2,2026-12-15,2,3,False,Completed
R012664,E00501,2026_H2,2026-12-15,3,4,False,Completed
R012665,E00145,2026_H2,2026-12-15,4,3,False,Completed
R012666,E00258,2026_H2,2026-12-15,4,5,True,Completed
R012667,E03541,2026_H2,2026-12-15,3,3,False,Completed
R012668,E03535,2026_H2,2026-12-15,2,3,False,Completed
R012669,E01300,2026_H2,2026-12-15,3,4,False,Completed
R012670,E03957,2026_H2,2026-12-15,3,3,False,Completed
R012671,E02760,2026_H2,2026-12-15,3,3,False,Completed
R012672,E01225,2026_H2,2026-12-15,5,3,False,Completed
R012673,E01030,2026_H2,2026-12-15,4,4,False,Completed
R012674,E02388,2026_H2,2026-12-15,5,4,False,Pending
R012675,E01421,2026_H2,2026-12-15,4,4,True,Completed
R012676,E00309,2026_H2,2026-12-15,5,4,False,Completed
R012677,E04491,2026_H2,2026-12-15,4,5,False,Completed
R012678,E01926,2026_H2,2026-12-15,4,3,True,Completed
R012679,E02982,2026_H2,2026-12-15,3,5,False,Completed
R012680,E02619,2026_H2,2026-12-15,1,3,False,Completed
R012681,E03249,2026_H2,2026-12-15,5,3,False,Completed
R012682,E01298,2026_H2,2026-12-15,1,4,False,Completed
R012683,E04307,2026_H2,2026-12-15,3,3,False,Completed
R012684,E00176,2026_H2,2026-12-15,3,3,False,Completed
R012685,E00911,2026_H2,2026-12-15,4,4,False,Completed
R012686,E01569,2026_H2,2026-12-15,3,3,False,Completed
R012687,E01061,2026_H2,2026-12-15,3,5,False,Pending
R012688,E03491,2026_H2,2026-12-15,3,4,False,Completed
R012689,E04561,2026_H2,2026-12-15,3,2,False,Completed
R012690,E04799,2026_H2,2026-12-15,4,5,False,Completed
R012691,E02237,2026_H2,2026-12-15,3,3,False,Completed
R012692,E03607,2026_H2,2026-12-15,4,3,False,Completed
R012693,E01809,2026_H2,2026-12-15,4,2,False,Completed
R012694,E04575,2026_H2,2026-12-15,4,4,False,Completed
R012695,E02022,2026_H2,2026-12-15,3,5,False,Completed
R012696,E03297,2026_H2,2026-12-15,1,3,False,Completed
R012697,E01331,2026_H2,2026-12-15,3,2,False,Completed
R012698,E01726,2026_H2,2026-12-15,3,3,False,Completed
R012699,E02857,2026_H2,2026-12-15,4,3,False,Pending
R012700,E01875,2026_H2,2026-12-15,3,3,False,Completed
R012701,E03245,2026_H2,2026-12-15,2,3,False,Completed
R012702,E00808,2026_H2,2026-12-15,3,3,False,Pending
R012703,E00621,2026_H2,2026-12-15,4,3,False,Completed
R012704,E00157,2026_H2,2026-12-15,4,4,True,Pending
R012705,E03252,2026_H2,2026-12-15,5,5,False,Completed
R012706,E00115,2026_H2,2026-12-15,2,4,False,Completed
R012707,E01667,2026_H2,2026-12-15,3,3,False,Completed
R012708,E01185,2026_H2,2026-12-15,5,2,False,Completed
R012709,E01413,2026_H2,2026-12-15,4,4,True,Completed
R012710,E02849,2026_H2,2026-12-15,3,2,False,Completed
R012711,E00691,2026_H2,2026-12-15,3,3,False,Completed
R012712,E02824,2026_H2,2026-12-15,4,1,False,Completed
R012713,E00450,2026_H2,2026-12-15,4,2,False,Completed
R012714,E03723,2026_H2,2026-12-15,1,3,False,Completed
R012715,E01802,2026_H2,2026-12-15,3,2,False,Completed
R012716,E04493,2026_H2,2026-12-15,4,2,False,Completed
R012717,E01699,2026_H2,2026-12-15,2,4,False,Completed
R012718,E04835,2026_H2,2026-12-15,5,2,False,Completed
R012719,E01375,2026_H2,2026-12-15,3,3,False,Completed
R012720,E01456,2026_H2,2026-12-15,2,4,False,Completed
R012721,E01275,2026_H2,2026-12-15,4,2,False,Cancelled
R012722,E00169,2026_H2,2026-12-15,4,4,False,Completed
R012723,E01352,2026_H2,2026-12-15,1,4,False,Completed
R012724,E00552,2026_H2,2026-12-15,3,3,False,Completed
R012725,E01526,2026_H2,2026-12-15,3,2,False,Completed
R012726,E02287,2026_H2,2026-12-15,3,2,False,Completed
R012727,E04032,2026_H2,2026-12-15,5,3,True,Completed
R012728,E04668,2026_H2,2026-12-15,1,3,False,Completed
R012729,E02903,2026_H2,2026-12-15,3,2,False,Completed
R012730,E00353,2026_H2,2026-12-15,5,2,False,Completed
R012731,E01536,2026_H2,2026-12-15,3,3,False,Pending
R012732,E00473,2026_H2,2026-12-15,2,2,False,Completed
R012733,E00761,2026_H2,2026-12-15,3,1,False,Completed
R012734,E03028,2026_H2,2026-12-15,4,4,False,Completed
R012735,E02250,2026_H2,2026-12-15,4,4,True,Completed
R012736,E03764,2026_H2,2026-12-15,5,3,False,Pending
R012737,E03166,2026_H2,2026-12-15,5,3,False,Completed
R012738,E04372,2026_H2,2026-12-15,3,4,True,Completed
R012739,E04192,2026_H2,2026-12-15,3,3,False,Completed
R012740,E02156,2026_H2,2026-12-15,4,4,False,Completed
R012741,E03926,2026_H2,2026-12-15,3,5,False,Completed
R012742,E00570,2026_H2,2026-12-15,3,3,False,Completed
R012743,E04171,2026_H2,2026-12-15,4,3,False,Completed
R012744,E01033,2026_H2,2026-12-15,3,5,True,Completed
R012745,E01783,2026_H2,2026-12-15,2,4,False,Completed
R012746,E03160,2026_H2,2026-12-15,3,5,False,Completed
R012747,E01798,2026_H2,2026-12-15,3,3,False,Completed
R012748,E00685,2026_H2,2026-12-15,3,4,False,Completed
R012749,E03828,2026_H2,2026-12-15,4,4,False,Completed
R012750,E00133,2026_H2,2026-12-15,3,3,False,Completed
R012751,E00942,2026_H2,2026-12-15,2,3,False,Pending
R012752,E02266,2026_H2,2026-12-15,3,3,False,Completed
R012753,E00812,2026_H2,2026-12-15,2,5,False,Completed
R012754,E04660,2026_H2,2026-12-15,2,5,False,Completed
R012755,E03235,2026_H2,2026-12-15,3,2,False,Completed
R012756,E01038,2026_H2,2026-12-15,4,3,False,Completed
R012757,E03983,2026_H2,2026-12-15,3,3,False,Completed
R012758,E00882,2026_H2,2026-12-15,1,5,False,Completed
R012759,E03981,2026_H2,2026-12-15,1,2,False,Pending
R012760,E01181,2026_H2,2026-12-15,5,4,True,Completed
R012761,E04436,2026_H2,2026-12-15,5,3,False,Completed
R012762,E02938,2026_H2,2026-12-15,3,5,False,Completed
R012763,E00996,2026_H2,2026-12-15,2,2,False,Pending
R012764,E01053,2026_H2,2026-12-15,3,3,True,Completed
R012765,E00511,2026_H2,2026-12-15,5,4,True,Completed
R012766,E01099,2026_H2,2026-12-15,1,1,False,Completed
R012767,E00746,2026_H2,2026-12-15,4,5,False,Completed
R012768,E01989,2026_H2,2026-12-15,3,3,False,Completed
R012769,E04479,2026_H2,2026-12-15,4,4,False,Pending
R012770,E04866,2026_H2,2026-12-15,4,3,False,Completed
R012771,E03175,2026_H2,2026-12-15,4,3,False,Completed
R012772,E03001,2026_H2,2026-12-15,3,2,False,Completed
R012773,E02689,2026_H2,2026-12-15,2,3,False,Completed
R012774,E04936,2026_H2,2026-12-15,3,4,False,Completed
R012775,E01707,2026_H2,2026-12-15,5,5,False,Completed
R012776,E04301,2026_H2,2026-12-15,3,4,False,Completed
R012777,E02502,2026_H2,2026-12-15,3,3,False,Completed
R012778,E00633,2026_H2,2026-12-15,4,3,False,Completed
R012779,E03897,2026_H2,2026-12-15,3,3,False,Pending
R012780,E00018,2026_H2,2026-12-15,3,2,False,Completed
R012781,E03433,2026_H2,2026-12-15,5,3,False,Completed
R012782,E01406,2026_H2,2026-12-15,3,3,False,Pending
R012783,E02459,2026_H2,2026-12-15,5,5,True,Completed
R012784,E03302,2026_H2,2026-12-15,3,3,False,Completed
R012785,E04727,2026_H2,2026-12-15,3,3,False,Completed
R012786,E04335,2026_H2,2026-12-15,3,2,False,Completed
R012787,E00328,2026_H2,2026-12-15,3,4,True,Completed
R012788,E01203,2026_H2,2026-12-15,3,4,False,Completed
R012789,E02591,2026_H2,2026-12-15,3,4,False,Completed
R012790,E00129,2026_H2,2026-12-15,5,4,False,Completed
R012791,E00861,2026_H2,2026-12-15,4,2,False,Completed
R012792,E02599,2026_H2,2026-12-15,3,4,False,Completed
R012793,E00952,2026_H2,2026-12-15,3,3,False,Completed
R012794,E02576,2026_H2,2026-12-15,2,3,False,Completed
R012795,E01509,2026_H2,2026-12-15,3,2,False,Completed
R012796,E01511,2026_H2,2026-12-15,4,4,False,Completed
R012797,E00459,2026_H2,2026-12-15,3,3,False,Completed
R012798,E00711,2026_H2,2026-12-15,3,2,False,Completed
R012799,E01725,2026_H2,2026-12-15,4,3,False,Completed
R012800,E00646,2026_H2,2026-12-15,5,3,False,Completed
R012801,E04743,2026_H2,2026-12-15,5,3,False,Completed
R012802,E01210,2026_H2,2026-12-15,4,4,False,Completed
R012803,E01545,2026_H2,2026-12-15,2,4,False,Completed
R012804,E00251,2026_H2,2026-12-15,4,3,True,Completed
R012805,E02446,2026_H2,2026-12-15,4,3,False,Completed
R012806,E01666,2026_H2,2026-12-15,4,4,True,Completed
R012807,E02940,2026_H2,2026-12-15,4,5,True,Completed
R012808,E04046,2026_H2,2026-12-15,4,3,False,Pending
R012809,E00988,2026_H2,2026-12-15,3,5,False,Completed
R012810,E00408,2026_H2,2026-12-15,2,5,False,Completed
R012811,E03914,2026_H2,2026-12-15,3,3,False,Completed
R012812,E04105,2026_H2,2026-12-15,2,3,False,Completed
R012813,E00674,2026_H2,2026-12-15,4,3,False,Completed
R012814,E00536,2026_H2,2026-12-15,3,3,False,Completed
R012815,E01458,2026_H2,2026-12-15,4,1,False,Completed
R012816,E01146,2026_H2,2026-12-15,4,4,False,Cancelled
R012817,E01393,2026_H2,2026-12-15,3,3,False,Completed
R012818,E04224,2026_H2,2026-12-15,4,3,False,Completed
R012819,E01949,2026_H2,2026-12-15,3,3,False,Completed
R012820,E03196,2026_H2,2026-12-15,3,5,False,Completed
R012821,E04457,2026_H2,2026-12-15,3,3,False,Completed
R012822,E04821,2026_H2,2026-12-15,4,4,False,Completed
R012823,E04019,2026_H2,2026-12-15,3,1,False,Completed
R012824,E01312,2026_H2,2026-12-15,3,3,False,Completed
R012825,E00714,2026_H2,2026-12-15,3,3,False,Completed
R012826,E00054,2026_H2,2026-12-15,3,2,False,Completed
R012827,E02194,2026_H2,2026-12-15,3,4,True,Completed
R012828,E01481,2026_H2,2026-12-15,3,3,False,Pending
R012829,E03391,2026_H2,2026-12-15,5,3,False,Completed
R012830,E00822,2026_H2,2026-12-15,4,4,False,Cancelled
R012831,E00737,2026_H2,2026-12-15,4,3,True,Pending
R012832,E04619,2026_H2,2026-12-15,2,2,False,Completed
R012833,E01083,2026_H2,2026-12-15,5,3,False,Completed
R012834,E01172,2026_H2,2026-12-15,2,3,False,Pending
R012835,E00704,2026_H2,2026-12-15,3,2,False,Cancelled
R012836,E00656,2026_H2,2026-12-15,3,5,True,Completed
R012837,E00735,2026_H2,2026-12-15,3,5,False,Completed
R012838,E00335,2026_H2,2026-12-15,3,3,False,Completed
R012839,E01728,2026_H2,2026-12-15,2,3,False,Completed
R012840,E03016,2026_H2,2026-12-15,5,3,True,Completed
R012841,E03581,2026_H2,2026-12-15,4,3,False,Completed
R012842,E03314,2026_H2,2026-12-15,4,3,False,Completed
R012843,E04238,2026_H2,2026-12-15,3,2,False,Completed
R012844,E04690,2026_H2,2026-12-15,3,3,False,Completed
R012845,E04428,2026_H2,2026-12-15,1,4,False,Completed
R012846,E02186,2026_H2,2026-12-15,2,3,False,Pending
R012847,E00095,2026_H2,2026-12-15,2,3,False,Completed
R012848,E00183,2026_H2,2026-12-15,4,2,True,Pending
R012849,E01874,2026_H2,2026-12-15,5,1,False,Completed
R012850,E00277,2026_H2,2026-12-15,3,3,False,Completed
R012851,E00350,2026_H2,2026-12-15,4,3,False,Completed
R012852,E04813,2026_H2,2026-12-15,3,3,False,Completed
R012853,E02192,2026_H2,2026-12-15,3,3,False,Completed
R012854,E03013,2026_H2,2026-12-15,3,3,False,Completed
R012855,E04390,2026_H2,2026-12-15,3,4,False,Completed
R012856,E02270,2026_H2,2026-12-15,3,4,False,Completed
R012857,E03793,2026_H2,2026-12-15,3,4,False,Completed
R012858,E04663,2026_H2,2026-12-15,3,3,False,Completed
R012859,E02343,2026_H2,2026-12-15,2,2,False,Completed
R012860,E01453,2026_H2,2026-12-15,2,4,False,Completed
R012861,E04482,2026_H2,2026-12-15,4,3,True,Completed
R012862,E02096,2026_H2,2026-12-15,4,4,False,Completed
R012863,E00170,2026_H2,2026-12-15,2,5,False,Cancelled
R012864,E01848,2026_H2,2026-12-15,2,4,False,Completed
R012865,E00215,2026_H2,2026-12-15,3,4,False,Completed
R012866,E04899,2026_H2,2026-12-15,3,4,False,Pending
R012867,E00220,2026_H2,2026-12-15,3,4,False,Completed
R012868,E03599,2026_H2,2026-12-15,1,3,False,Completed
R012869,E02601,2026_H2,2026-12-15,5,2,False,Completed
R012870,E01674,2026_H2,2026-12-15,4,3,False,Completed
R012871,E01744,2026_H2,2026-12-15,4,4,False,Cancelled
R012872,E00387,2026_H2,2026-12-15,3,3,False,Completed
R012873,E01883,2026_H2,2026-12-15,2,5,False,Completed
R012874,E03052,2026_H2,2026-12-15,2,3,False,Completed
R012875,E02762,2026_H2,2026-12-15,5,3,False,Completed
R012876,E02309,2026_H2,2026-12-15,2,2,False,Completed
R012877,E03999,2026_H2,2026-12-15,3,3,False,Completed
R012878,E00794,2026_H2,2026-12-15,2,5,False,Completed
R012879,E04357,2026_H2,2026-12-15,3,2,True,Completed
R012880,E04149,2026_H2,2026-12-15,4,3,False,Completed
R012881,E02308,2026_H2,2026-12-15,5,3,False,Pending
R012882,E01519,2026_H2,2026-12-15,1,4,False,Completed
R012883,E02895,2026_H2,2026-12-15,3,3,False,Completed
R012884,E02229,2026_H2,2026-12-15,3,1,False,Completed
R012885,E03082,2026_H2,2026-12-15,2,4,False,Completed
R012886,E00760,2026_H2,2026-12-15,5,4,False,Completed
R012887,E01422,2026_H2,2026-12-15,4,4,False,Completed
R012888,E00722,2026_H2,2026-12-15,4,3,False,Completed
R012889,E00690,2026_H2,2026-12-15,4,3,False,Completed
R012890,E01962,2026_H2,2026-12-15,3,4,False,Completed
R012891,E02904,2026_H2,2026-12-15,3,3,False,Completed
R012892,E02262,2026_H2,2026-12-15,2,4,False,Completed
R012893,E03261,2026_H2,2026-12-15,2,4,True,Completed
R012894,E01424,2026_H2,2026-12-15,4,4,False,Completed
R012895,E03480,2026_H2,2026-12-15,3,3,True,Completed
R012896,E01277,2026_H2,2026-12-15,3,2,False,Completed
R012897,E04227,2026_H2,2026-12-15,4,4,True,Completed
R012898,E04934,2026_H2,2026-12-15,1,2,False,Completed
R012899,E00303,2026_H2,2026-12-15,3,5,False,Completed
R012900,E04316,2026_H2,2026-12-15,3,3,False,Completed
R012901,E02889,2026_H2,2026-12-15,2,3,False,Completed
R012902,E01807,2026_H2,2026-12-15,1,3,False,Completed
R012903,E04611,2026_H2,2026-12-15,3,4,False,Completed
R012904,E02531,2026_H2,2026-12-15,4,4,True,Completed
R012905,E04564,2026_H2,2026-12-15,4,3,False,Completed
R012906,E03975,2026_H2,2026-12-15,3,1,False,Completed
R012907,E01374,2026_H2,2026-12-15,3,4,False,Completed
R012908,E01607,2026_H2,2026-12-15,2,4,False,Completed
R012909,E04331,2026_H2,2026-12-15,1,3,False,Completed
R012910,E02301,2026_H2,2026-12-15,3,4,False,Completed
R012911,E04921,2026_H2,2026-12-15,3,4,False,Completed
R012912,E03554,2026_H2,2026-12-15,5,1,False,Completed
R012913,E03778,2026_H2,2026-12-15,5,3,False,Completed
R012914,E03501,2026_H2,2026-12-15,3,4,False,Completed
R012915,E00546,2026_H2,2026-12-15,3,3,False,Completed
R012916,E00243,2026_H2,2026-12-15,3,1,False,Completed
R012917,E02450,2026_H2,2026-12-15,3,3,False,Completed
R012918,E00268,2026_H2,2026-12-15,4,3,False,Completed
R012919,E03575,2026_H2,2026-12-15,4,2,False,Completed
R012920,E01294,2026_H2,2026-12-15,3,3,False,Completed
R012921,E00291,2026_H2,2026-12-15,2,4,False,Completed
R012922,E00012,2026_H2,2026-12-15,1,3,False,Completed
R012923,E02501,2026_H2,2026-12-15,4,3,False,Completed
R012924,E02214,2026_H2,2026-12-15,3,3,False,Completed
R012925,E01153,2026_H2,2026-12-15,3,3,False,Completed
R012926,E04612,2026_H2,2026-12-15,4,4,False,Cancelled
R012927,E00085,2026_H2,2026-12-15,2,3,False,Pending
R012928,E02725,2026_H2,2026-12-15,3,5,False,Completed
R012929,E01296,2026_H2,2026-12-15,3,5,False,Pending
R012930,E03172,2026_H2,2026-12-15,3,5,False,Completed
R012931,E04266,2026_H2,2026-12-15,2,5,False,Completed
R012932,E04506,2026_H2,2026-12-15,3,3,True,Completed
R012933,E01196,2026_H2,2026-12-15,3,1,False,Pending
R012934,E01397,2026_H2,2026-12-15,3,4,False,Completed
R012935,E02419,2026_H2,2026-12-15,2,2,False,Completed
R012936,E03478,2026_H2,2026-12-15,3,3,False,Completed
R012937,E02884,2026_H2,2026-12-15,5,3,False,Cancelled
R012938,E01378,2026_H2,2026-12-15,4,3,True,Completed
R012939,E02684,2026_H2,2026-12-15,3,2,False,Completed
R012940,E04239,2026_H2,2026-12-15,2,5,False,Pending
R012941,E00568,2026_H2,2026-12-15,3,2,False,Completed
R012942,E01690,2026_H2,2026-12-15,5,4,False,Completed
R012943,E00816,2026_H2,2026-12-15,3,2,False,Completed
R012944,E02499,2026_H2,2026-12-15,1,1,False,Pending
R012945,E02729,2026_H2,2026-12-15,4,2,True,Completed
R012946,E00015,2026_H2,2026-12-15,3,3,False,Completed
R012947,E00617,2026_H2,2026-12-15,4,3,False,Completed
R012948,E03393,2026_H2,2026-12-15,4,1,False,Completed
R012949,E00736,2026_H2,2026-12-15,3,3,False,Completed
R012950,E01717,2026_H2,2026-12-15,3,3,False,Completed
R012951,E03579,2026_H2,2026-12-15,2,2,False,Completed
R012952,E03186,2026_H2,2026-12-15,4,5,True,Completed
R012953,E00680,2026_H2,2026-12-15,5,3,False,Completed
R012954,E04135,2026_H2,2026-12-15,4,3,False,Completed
R012955,E01777,2026_H2,2026-12-15,4,4,False,Completed
R012956,E01022,2026_H2,2026-12-15,4,4,False,Completed
R012957,E02533,2026_H2,2026-12-15,3,4,False,Completed
R012958,E02339,2026_H2,2026-12-15,3,3,False,Completed
R012959,E04974,2026_H2,2026-12-15,4,4,False,Completed
R012960,E00957,2026_H2,2026-12-15,2,3,False,Completed
R012961,E00253,2026_H2,2026-12-15,5,5,False,Pending
R012962,E01985,2026_H2,2026-12-15,3,1,False,Completed
R012963,E00807,2026_H2,2026-12-15,4,3,False,Completed
R012964,E03699,2026_H2,2026-12-15,3,3,False,Cancelled
R012965,E04305,2026_H2,2026-12-15,2,4,False,Cancelled
R012966,E02240,2026_H2,2026-12-15,3,4,False,Completed
R012967,E02921,2026_H2,2026-12-15,3,2,False,Completed
R012968,E04371,2026_H2,2026-12-15,3,3,False,Completed
R012969,E00740,2026_H2,2026-12-15,3,3,False,Completed
R012970,E00771,2026_H2,2026-12-15,3,3,False,Completed
R012971,E01501,2026_H2,2026-12-15,4,3,False,Completed
R012972,E00554,2026_H2,2026-12-15,3,5,False,Pending
R012973,E04648,2026_H2,2026-12-15,2,3,False,Completed
R012974,E00394,2026_H2,2026-12-15,3,2,False,Completed
R012975,E04056,2026_H2,2026-12-15,2,3,False,Completed
R012976,E02947,2026_H2,2026-12-15,2,2,False,Pending
R012977,E04634,2026_H2,2026-12-15,3,4,False,Pending
R012978,E03773,2026_H2,2026-12-15,4,3,False,Completed
R012979,E03093,2026_H2,2026-12-15,4,3,False,Completed
R012980,E04735,2026_H2,2026-12-15,3,4,False,Completed
R012981,E01308,2026_H2,2026-12-15,5,3,False,Completed
R012982,E04126,2026_H2,2026-12-15,2,3,False,Completed
R012983,E00673,2026_H2,2026-12-15,3,2,False,Completed
R012984,E01193,2026_H2,2026-12-15,5,2,False,Completed
R012985,E04473,2026_H2,2026-12-15,2,5,False,Completed
R012986,E00030,2026_H2,2026-12-15,4,3,False,Completed
R012987,E01835,2026_H2,2026-12-15,3,3,False,Completed
R012988,E04123,2026_H2,2026-12-15,3,3,False,Pending
R012989,E03427,2026_H2,2026-12-15,3,3,False,Completed
R012990,E01151,2026_H2,2026-12-15,3,4,False,Completed
R012991,E03937,2026_H2,2026-12-15,3,2,False,Completed
R012992,E01590,2026_H2,2026-12-15,4,2,False,Cancelled
R012993,E02107,2026_H2,2026-12-15,4,4,False,Completed
R012994,E01204,2026_H2,2026-12-15,3,4,True,Completed
R012995,E03362,2026_H2,2026-12-15,4,3,False,Completed
R012996,E02872,2026_H2,2026-12-15,4,3,False,Completed
R012997,E00348,2026_H2,2026-12-15,4,3,False,Completed
R012998,E01085,2026_H2,2026-12-15,3,2,False,Completed
R012999,E04954,2026_H2,2026-12-15,4,5,False,Completed
R013000,E03883,2026_H2,2026-12-15,2,3,False,Completed
R013001,E03879,2026_H2,2026-12-15,3,1,False,Completed
R013002,E02926,2026_H2,2026-12-15,3,4,True,Completed
R013003,E04328,2026_H2,2026-12-15,4,4,False,Completed
R013004,E04676,2026_H2,2026-12-15,3,3,False,Completed
R013005,E02825,2026_H2,2026-12-15,4,3,False,Completed
R013006,E00840,2026_H2,2026-12-15,3,5,False,Completed
R013007,E01853,2026_H2,2026-12-15,4,5,False,Completed
R013008,E01342,2026_H2,2026-12-15,2,4,False,Completed
R013009,E03565,2026_H2,2026-12-15,1,3,False,Completed
R013010,E01414,2026_H2,2026-12-15,4,3,False,Completed
R013011,E02020,2026_H2,2026-12-15,2,4,False,Completed
R013012,E01713,2026_H2,2026-12-15,4,3,False,Completed
R013013,E01479,2026_H2,2026-12-15,3,3,False,Cancelled
R013014,E00229,2026_H2,2026-12-15,3,3,False,Completed
R013015,E01851,2026_H2,2026-12-15,4,3,False,Completed
R013016,E00004,2026_H2,2026-12-15,3,1,False,Pending
R013017,E04983,2026_H2,2026-12-15,3,2,False,Completed
R013018,E00325,2026_H2,2026-12-15,3,3,False,Completed
R013019,E01474,2026_H2,2026-12-15,3,3,False,Pending
R013020,E03050,2026_H2,2026-12-15,5,3,False,Cancelled
R013021,E00796,2026_H2,2026-12-15,3,4,False,Completed
R013022,E01241,2026_H2,2026-12-15,3,4,False,Completed
R013023,E04863,2026_H2,2026-12-15,4,4,False,Completed
R013024,E01845,2026_H2,2026-12-15,4,3,False,Completed
R013025,E01465,2026_H2,2026-12-15,3,2,False,Completed
R013026,E04953,2026_H2,2026-12-15,3,3,False,Completed
R013027,E04781,2026_H2,2026-12-15,4,4,True,Pending
R013028,E03583,2026_H2,2026-12-15,2,3,False,Completed
R013029,E02164,2026_H2,2026-12-15,3,4,False,Completed
R013030,E04403,2026_H2,2026-12-15,3,2,False,Cancelled
R013031,E03095,2026_H2,2026-12-15,3,3,False,Completed
R013032,E04132,2026_H2,2026-12-15,3,3,False,Cancelled
R013033,E00824,2026_H2,2026-12-15,2,4,False,Completed
R013034,E01518,2026_H2,2026-12-15,3,3,False,Completed
R013035,E00492,2026_H2,2026-12-15,3,4,False,Completed
R013036,E03487,2026_H2,2026-12-15,3,3,False,Completed
R013037,E01163,2026_H2,2026-12-15,3,4,False,Completed
R013038,E03485,2026_H2,2026-12-15,4,3,False,Completed
R013039,E02942,2026_H2,2026-12-15,3,3,False,Completed
R013040,E00841,2026_H2,2026-12-15,4,3,False,Completed
R013041,E00151,2026_H2,2026-12-15,5,3,False,Completed
R013042,E02183,2026_H2,2026-12-15,3,3,False,Completed
R013043,E03801,2026_H2,2026-12-15,4,3,False,Completed
R013044,E00396,2026_H2,2026-12-15,3,3,False,Completed
R013045,E02973,2026_H2,2026-12-15,2,4,False,Completed
R013046,E04320,2026_H2,2026-12-15,4,2,False,Cancelled
R013047,E02666,2026_H2,2026-12-15,2,2,False,Pending
R013048,E00440,2026_H2,2026-12-15,1,5,False,Completed
R013049,E00889,2026_H2,2026-12-15,3,3,False,Completed
R013050,E01819,2026_H2,2026-12-15,3,4,True,Completed
R013051,E04362,2026_H2,2026-12-15,2,2,False,Completed
R013052,E04500,2026_H2,2026-12-15,4,2,True,Completed
R013053,E04744,2026_H2,2026-12-15,2,2,False,Cancelled
R013054,E02263,2026_H2,2026-12-15,3,1,False,Completed
R013055,E02300,2026_H2,2026-12-15,2,3,False,Completed
R013056,E02915,2026_H2,2026-12-15,4,4,False,Completed
R013057,E04009,2026_H2,2026-12-15,4,3,False,Completed
R013058,E04528,2026_H2,2026-12-15,4,4,False,Completed
R013059,E02981,2026_H2,2026-12-15,4,3,False,Completed
R013060,E02552,2026_H2,2026-12-15,2,4,False,Completed
R013061,E00086,2026_H2,2026-12-15,3,3,True,Completed
R013062,E00978,2026_H2,2026-12-15,5,2,False,Completed
R013063,E02082,2026_H2,2026-12-15,4,1,False,Completed
R013064,E04652,2026_H2,2026-12-15,3,3,False,Pending
R013065,E03901,2026_H2,2026-12-15,3,4,False,Completed
R013066,E00175,2026_H2,2026-12-15,5,4,False,Completed
R013067,E00099,2026_H2,2026-12-15,5,2,True,Completed
R013068,E00240,2026_H2,2026-12-15,5,4,False,Completed
R013069,E04929,2026_H2,2026-12-15,5,5,False,Completed
R013070,E03044,2026_H2,2026-12-15,3,2,False,Completed
R013071,E02594,2026_H2,2026-12-15,1,2,False,Completed
R013072,E03996,2026_H2,2026-12-15,3,3,False,Completed
R013073,E02488,2026_H2,2026-12-15,4,3,False,Completed
R013074,E02870,2026_H2,2026-12-15,4,3,False,Completed
R013075,E00024,2026_H2,2026-12-15,3,3,False,Cancelled
R013076,E00313,2026_H2,2026-12-15,4,1,True,Completed
R013077,E00118,2026_H2,2026-12-15,2,3,False,Completed
R013078,E02159,2026_H2,2026-12-15,3,3,False,Pending
R013079,E01062,2026_H2,2026-12-15,3,5,False,Completed
R013080,E01309,2026_H2,2026-12-15,3,3,False,Cancelled
R013081,E03045,2026_H2,2026-12-15,4,4,False,Completed
R013082,E04225,2026_H2,2026-12-15,3,3,False,Cancelled
R013083,E01317,2026_H2,2026-12-15,2,3,False,Completed
R013084,E01419,2026_H2,2026-12-15,3,4,False,Completed
R013085,E01660,2026_H2,2026-12-15,3,3,False,Completed
R013086,E02295,2026_H2,2026-12-15,3,2,False,Completed
R013087,E01961,2026_H2,2026-12-15,5,3,False,Completed
R013088,E01653,2026_H2,2026-12-15,2,3,False,Completed
R013089,E02641,2026_H2,2026-12-15,3,3,False,Completed
R013090,E02413,2026_H2,2026-12-15,3,2,False,Completed
R013091,E03576,2026_H2,2026-12-15,4,3,False,Completed
R013092,E02553,2026_H2,2026-12-15,3,3,False,Completed
R013093,E04094,2026_H2,2026-12-15,3,4,False,Completed
R013094,E03807,2026_H2,2026-12-15,3,2,False,Completed
R013095,E01028,2026_H2,2026-12-15,2,4,False,Completed
R013096,E01676,2026_H2,2026-12-15,3,3,False,Completed
R013097,E01206,2026_H2,2026-12-15,5,3,False,Completed
R013098,E01602,2026_H2,2026-12-15,2,5,False,Completed
R013099,E00537,2026_H2,2026-12-15,4,2,False,Completed
R013100,E04183,2026_H2,2026-12-15,5,3,True,Cancelled
R013101,E03354,2026_H2,2026-12-15,5,4,False,Completed
R013102,E00093,2026_H2,2026-12-15,2,3,False,Completed
R013103,E02674,2026_H2,2026-12-15,1,4,False,Completed
R013104,E01668,2026_H2,2026-12-15,4,2,False,Pending
R013105,E02125,2026_H2,2026-12-15,1,3,False,Completed
R013106,E04738,2026_H2,2026-12-15,4,3,False,Completed
R013107,E02398,2026_H2,2026-12-15,3,2,False,Cancelled
R013108,E01134,2026_H2,2026-12-15,3,3,False,Completed
R013109,E01004,2026_H2,2026-12-15,3,4,False,Completed
R013110,E03890,2026_H2,2026-12-15,3,2,False,Completed
R013111,E01814,2026_H2,2026-12-15,3,1,False,Cancelled
R013112,E04993,2026_H2,2026-12-15,4,4,False,Completed
R013113,E04562,2026_H2,2026-12-15,3,3,False,Completed
R013114,E04884,2026_H2,2026-12-15,3,4,False,Completed
R013115,E01052,2026_H2,2026-12-15,4,3,False,Completed
R013116,E02536,2026_H2,2026-12-15,5,3,False,Completed
R013117,E00779,2026_H2,2026-12-15,3,3,False,Completed
R013118,E03009,2026_H2,2026-12-15,3,3,False,Completed
R013119,E01434,2026_H2,2026-12-15,3,5,False,Completed
R013120,E01190,2026_H2,2026-12-15,3,3,False,Completed
R013121,E03649,2026_H2,2026-12-15,2,3,False,Pending
R013122,E01268,2026_H2,2026-12-15,2,5,False,Completed
R013123,E00070,2026_H2,2026-12-15,2,3,False,Completed
R013124,E00860,2026_H2,2026-12-15,3,3,False,Completed
R013125,E02678,2026_H2,2026-12-15,4,1,False,Completed
R013126,E01389,2026_H2,2026-12-15,4,3,True,Completed
R013127,E03918,2026_H2,2026-12-15,2,3,False,Completed
R013128,E00436,2026_H2,2026-12-15,3,5,True,Completed
R013129,E03868,2026_H2,2026-12-15,3,3,False,Completed
R013130,E02579,2026_H2,2026-12-15,3,3,True,Completed
R013131,E00563,2026_H2,2026-12-15,4,3,False,Completed
R013132,E03913,2026_H2,2026-12-15,2,3,False,Completed
R013133,E01604,2026_H2,2026-12-15,4,3,False,Completed
R013134,E02647,2026_H2,2026-12-15,3,2,False,Completed
R013135,E00147,2026_H2,2026-12-15,4,2,False,Completed
R013136,E01743,2026_H2,2026-12-15,3,4,False,Completed
R013137,E02086,2026_H2,2026-12-15,3,4,False,Completed
R013138,E02213,2026_H2,2026-12-15,3,2,False,Completed
R013139,E03967,2026_H2,2026-12-15,3,3,False,Completed
R013140,E03185,2026_H2,2026-12-15,3,4,False,Completed
R013141,E03369,2026_H2,2026-12-15,4,3,False,Completed
R013142,E04547,2026_H2,2026-12-15,5,3,False,Completed
R013143,E03243,2026_H2,2026-12-15,3,3,False,Completed
R013144,E03551,2026_H2,2026-12-15,2,4,False,Completed
R013145,E04964,2026_H2,2026-12-15,3,2,False,Completed
R013146,E00906,2026_H2,2026-12-15,2,3,False,Completed
R013147,E01353,2026_H2,2026-12-15,2,3,False,Completed
R013148,E01072,2026_H2,2026-12-15,3,2,False,Completed
R013149,E00310,2026_H2,2026-12-15,4,4,False,Completed
R013150,E03947,2026_H2,2026-12-15,3,3,False,Completed
R013151,E00383,2026_H2,2026-12-15,4,1,False,Completed
R013152,E01077,2026_H2,2026-12-15,3,2,False,Cancelled
R013153,E00890,2026_H2,2026-12-15,3,5,False,Completed
R013154,E03171,2026_H2,2026-12-15,3,4,False,Completed
R013155,E04695,2026_H2,2026-12-15,3,5,False,Cancelled
R013156,E00153,2026_H2,2026-12-15,4,3,True,Completed
R013157,E00762,2026_H2,2026-12-15,3,3,False,Completed
R013158,E03482,2026_H2,2026-12-15,3,2,False,Completed
R013159,E04148,2026_H2,2026-12-15,4,3,False,Completed
R013160,E03843,2026_H2,2026-12-15,3,5,False,Completed
R013161,E04915,2026_H2,2026-12-15,3,3,False,Completed
R013162,E03444,2026_H2,2026-12-15,2,2,False,Completed
R013163,E02468,2026_H2,2026-12-15,4,3,True,Completed
R013164,E01529,2026_H2,2026-12-15,4,5,False,Completed
R013165,E04775,2026_H2,2026-12-15,3,4,False,Completed
R013166,E04689,2026_H2,2026-12-15,2,1,False,Completed
R013167,E02227,2026_H2,2026-12-15,4,3,True,Completed
R013168,E01747,2026_H2,2026-12-15,4,5,False,Completed
R013169,E01150,2026_H2,2026-12-15,3,4,False,Completed
R013170,E01651,2026_H2,2026-12-15,3,4,False,Completed
R013171,E01571,2026_H2,2026-12-15,4,3,False,Pending
R013172,E01046,2026_H2,2026-12-15,3,4,False,Completed
R013173,E01245,2026_H2,2026-12-15,3,2,False,Completed
R013174,E04179,2026_H2,2026-12-15,3,2,False,Completed
R013175,E01137,2026_H2,2026-12-15,2,3,False,Completed
R013176,E02746,2026_H2,2026-12-15,3,2,False,Completed
R013177,E02100,2026_H2,2026-12-15,3,3,False,Completed
R013178,E04439,2026_H2,2026-12-15,5,5,False,Completed
R013179,E01347,2026_H2,2026-12-15,3,3,False,Completed
R013180,E04820,2026_H2,2026-12-15,2,3,False,Completed
R013181,E03922,2026_H2,2026-12-15,2,4,False,Completed
R013182,E02313,2026_H2,2026-12-15,4,3,False,Cancelled
R013183,E04047,2026_H2,2026-12-15,3,3,False,Completed
R013184,E00986,2026_H2,2026-12-15,3,3,False,Completed
R013185,E04099,2026_H2,2026-12-15,4,3,True,Completed
R013186,E01947,2026_H2,2026-12-15,5,4,False,Completed
R013187,E01983,2026_H2,2026-12-15,5,3,False,Completed
R013188,E04211,2026_H2,2026-12-15,3,3,False,Completed
R013189,E04662,2026_H2,2026-12-15,3,5,False,Completed
R013190,E00725,2026_H2,2026-12-15,3,3,False,Cancelled
R013191,E04681,2026_H2,2026-12-15,3,5,False,Completed
R013192,E01392,2026_H2,2026-12-15,3,3,False,Completed
R013193,E04928,2026_H2,2026-12-15,4,3,False,Completed
R013194,E03621,2026_H2,2026-12-15,3,3,False,Completed
R013195,E03326,2026_H2,2026-12-15,3,2,False,Completed
R013196,E04525,2026_H2,2026-12-15,5,3,False,Completed
R013197,E03338,2026_H2,2026-12-15,4,4,False,Completed
R013198,E03700,2026_H2,2026-12-15,4,3,False,Completed
R013199,E03537,2026_H2,2026-12-15,5,4,False,Completed
R013200,E02354,2026_H2,2026-12-15,5,3,True,Pending
R013201,E02753,2026_H2,2026-12-15,4,1,False,Completed
R013202,E00634,2026_H2,2026-12-15,5,4,False,Completed
R013203,E02844,2026_H2,2026-12-15,4,5,True,Completed
R013204,E04472,2026_H2,2026-12-15,5,5,False,Completed
R013205,E03993,2026_H2,2026-12-15,2,4,False,Completed
R013206,E01813,2026_H2,2026-12-15,2,3,False,Completed
R013207,E02201,2026_H2,2026-12-15,3,3,False,Completed
R013208,E00443,2026_H2,2026-12-15,3,1,False,Completed
R013209,E04308,2026_H2,2026-12-15,2,4,False,Cancelled
R013210,E01362,2026_H2,2026-12-15,4,4,False,Completed
R013211,E02079,2026_H2,2026-12-15,4,2,False,Completed
R013212,E01117,2026_H2,2026-12-15,3,2,False,Completed
R013213,E00590,2026_H2,2026-12-15,3,3,True,Completed
R013214,E04273,2026_H2,2026-12-15,3,1,False,Completed
R013215,E03141,2026_H2,2026-12-15,2,3,False,Completed
R013216,E02997,2026_H2,2026-12-15,3,2,False,Completed
R013217,E04026,2026_H2,2026-12-15,3,4,False,Completed
R013218,E03675,2026_H2,2026-12-15,4,4,True,Completed
R013219,E01815,2026_H2,2026-12-15,2,2,False,Completed
R013220,E04538,2026_H2,2026-12-15,3,5,True,Pending
R013221,E04494,2026_H2,2026-12-15,2,4,False,Completed
R013222,E00314,2026_H2,2026-12-15,2,4,False,Completed
R013223,E04495,2026_H2,2026-12-15,4,4,True,Completed
R013224,E03046,2026_H2,2026-12-15,3,4,False,Completed
R013225,E04365,2026_H2,2026-12-15,3,5,False,Cancelled
R013226,E00023,2026_H2,2026-12-15,4,2,False,Completed
R013227,E03702,2026_H2,2026-12-15,4,5,False,Pending
R013228,E00923,2026_H2,2026-12-15,3,4,False,Completed
R013229,E04359,2026_H2,2026-12-15,3,5,False,Completed
R013230,E01000,2026_H2,2026-12-15,1,2,False,Completed
R013231,E00090,2026_H2,2026-12-15,1,2,False,Completed
R013232,E04350,2026_H2,2026-12-15,4,4,False,Completed
R013233,E00650,2026_H2,2026-12-15,4,5,False,Completed
R013234,E00247,2026_H2,2026-12-15,3,5,False,Completed
R013235,E03470,2026_H2,2026-12-15,3,3,False,Completed
R013236,E01376,2026_H2,2026-12-15,3,4,False,Completed
R013237,E01002,2026_H2,2026-12-15,4,2,False,Completed
R013238,E01896,2026_H2,2026-12-15,3,4,False,Completed
R013239,E04632,2026_H2,2026-12-15,2,3,False,Completed
R013240,E02055,2026_H2,2026-12-15,4,3,False,Completed
R013241,E02267,2026_H2,2026-12-15,3,3,False,Completed
R013242,E03647,2026_H2,2026-12-15,5,3,False,Completed
R013243,E01797,2026_H2,2026-12-15,3,4,False,Completed
R013244,E00158,2026_H2,2026-12-15,3,3,False,Completed
R013245,E03855,2026_H2,2026-12-15,2,4,False,Completed
R013246,E01664,2026_H2,2026-12-15,2,3,False,Completed
R013247,E01715,2026_H2,2026-12-15,2,4,False,Completed
R013248,E03998,2026_H2,2026-12-15,3,3,False,Completed
R013249,E00630,2026_H2,2026-12-15,4,3,False,Completed
R013250,E04967,2026_H2,2026-12-15,4,2,False,Completed
R013251,E02832,2026_H2,2026-12-15,3,3,False,Completed
R013252,E01093,2026_H2,2026-12-15,5,3,False,Completed
R013253,E00668,2026_H2,2026-12-15,3,3,False,Completed
R013254,E03220,2026_H2,2026-12-15,4,4,False,Completed
R013255,E02766,2026_H2,2026-12-15,4,4,False,Completed
R013256,E01804,2026_H2,2026-12-15,4,5,False,Completed
R013257,E00909,2026_H2,2026-12-15,3,5,False,Completed
R013258,E04585,2026_H2,2026-12-15,3,2,False,Completed
R013259,E01177,2026_H2,2026-12-15,5,3,False,Completed
R013260,E04255,2026_H2,2026-12-15,3,1,False,Completed
R013261,E03435,2026_H2,2026-12-15,2,4,False,Cancelled
R013262,E02705,2026_H2,2026-12-15,3,1,False,Completed
R013263,E03425,2026_H2,2026-12-15,3,2,False,Completed
R013264,E01957,2026_H2,2026-12-15,3,4,False,Completed
R013265,E03776,2026_H2,2026-12-15,3,4,False,Completed
R013266,E02390,2026_H2,2026-12-15,3,3,False,Completed
R013267,E04422,2026_H2,2026-12-15,4,5,False,Completed
R013268,E03924,2026_H2,2026-12-15,3,1,False,Completed
R013269,E03232,2026_H2,2026-12-15,4,3,False,Completed
R013270,E03992,2026_H2,2026-12-15,5,1,False,Completed
R013271,E02851,2026_H2,2026-12-15,4,3,False,Completed
R013272,E02002,2026_H2,2026-12-15,3,3,False,Pending
R013273,E01774,2026_H2,2026-12-15,3,2,False,Completed
R013274,E04110,2026_H2,2026-12-15,3,2,False,Cancelled
R013275,E02217,2026_H2,2026-12-15,2,3,False,Completed
R013276,E03288,2026_H2,2026-12-15,3,3,False,Completed
R013277,E02714,2026_H2,2026-12-15,1,4,False,Cancelled
R013278,E04606,2026_H2,2026-12-15,3,4,False,Completed
R013279,E01539,2026_H2,2026-12-15,3,4,False,Completed
R013280,E01735,2026_H2,2026-12-15,2,4,False,Cancelled
R013281,E00520,2026_H2,2026-12-15,2,3,False,Completed
R013282,E01223,2026_H2,2026-12-15,4,3,False,Completed
R013283,E02652,2026_H2,2026-12-15,4,3,False,Pending
R013284,E00478,2026_H2,2026-12-15,4,4,True,Completed
R013285,E02264,2026_H2,2026-12-15,5,4,False,Completed
R013286,E03080,2026_H2,2026-12-15,3,3,False,Completed
R013287,E01750,2026_H2,2026-12-15,4,4,False,Pending
R013288,E01079,2026_H2,2026-12-15,3,3,False,Completed
R013289,E04810,2026_H2,2026-12-15,4,4,False,Completed
R013290,E00780,2026_H2,2026-12-15,4,5,True,Completed
R013291,E04809,2026_H2,2026-12-15,4,2,False,Completed
R013292,E02635,2026_H2,2026-12-15,4,3,False,Completed
R013293,E04780,2026_H2,2026-12-15,3,4,False,Completed
R013294,E02251,2026_H2,2026-12-15,1,3,False,Completed
R013295,E04509,2026_H2,2026-12-15,4,1,False,Completed
R013296,E02558,2026_H2,2026-12-15,2,2,False,Completed
R013297,E03236,2026_H2,2026-12-15,3,3,False,Completed
R013298,E04563,2026_H2,2026-12-15,5,3,False,Completed
R013299,E03481,2026_H2,2026-12-15,3,5,False,Completed
R013300,E04127,2026_H2,2026-12-15,3,4,False,Completed
R013301,E00457,2026_H2,2026-12-15,3,4,True,Completed
R013302,E01785,2026_H2,2026-12-15,3,2,False,Completed
R013303,E01786,2026_H2,2026-12-15,3,3,False,Cancelled
R013304,E03800,2026_H2,2026-12-15,3,5,False,Completed
R013305,E01301,2026_H2,2026-12-15,2,5,False,Completed
R013306,E01999,2026_H2,2026-12-15,5,2,False,Completed
R013307,E01336,2026_H2,2026-12-15,3,3,False,Completed
R013308,E02730,2026_H2,2026-12-15,3,2,False,Completed
R013309,E03342,2026_H2,2026-12-15,3,3,False,Completed
R013310,E01140,2026_H2,2026-12-15,3,3,False,Completed
R013311,E03825,2026_H2,2026-12-15,3,4,False,Completed
R013312,E00578,2026_H2,2026-12-15,5,3,False,Completed
R013313,E01075,2026_H2,2026-12-15,3,3,False,Completed
R013314,E04181,2026_H2,2026-12-15,3,4,False,Completed
R013315,E02484,2026_H2,2026-12-15,3,4,False,Completed
R013316,E03978,2026_H2,2026-12-15,3,2,False,Completed
R013317,E00644,2026_H2,2026-12-15,3,3,False,Pending
R013318,E04819,2026_H2,2026-12-15,4,3,False,Completed
R013319,E00451,2026_H2,2026-12-15,5,3,False,Completed
R013320,E00730,2026_H2,2026-12-15,4,2,False,Completed
R013321,E02871,2026_H2,2026-12-15,3,3,False,Completed
R013322,E01773,2026_H2,2026-12-15,5,4,False,Completed
R013323,E02400,2026_H2,2026-12-15,2,3,False,Cancelled
R013324,E04951,2026_H2,2026-12-15,2,4,False,Completed
R013325,E04003,2026_H2,2026-12-15,3,3,False,Completed
R013326,E01087,2026_H2,2026-12-15,4,4,False,Completed
R013327,E03946,2026_H2,2026-12-15,4,3,False,Completed
R013328,E04337,2026_H2,2026-12-15,3,5,False,Completed
R013329,E04834,2026_H2,2026-12-15,3,4,False,Completed
R013330,E04448,2026_H2,2026-12-15,3,2,False,Completed
R013331,E03909,2026_H2,2026-12-15,3,3,False,Completed
R013332,E03642,2026_H2,2026-12-15,4,3,False,Completed
R013333,E02555,2026_H2,2026-12-15,3,5,False,Completed
R013334,E04068,2026_H2,2026-12-15,4,3,False,Completed
R013335,E02477,2026_H2,2026-12-15,4,2,False,Completed
R013336,E00905,2026_H2,2026-12-15,4,4,False,Completed
R013337,E04081,2026_H2,2026-12-15,3,4,True,Pending
R013338,E00831,2026_H2,2026-12-15,2,1,False,Completed
R013339,E00732,2026_H2,2026-12-15,5,3,False,Completed
R013340,E00327,2026_H2,2026-12-15,3,5,True,Completed
R013341,E02348,2026_H2,2026-12-15,3,3,False,Completed
R013342,E04453,2026_H2,2026-12-15,3,3,False,Pending
R013343,E04193,2026_H2,2026-12-15,4,5,False,Completed
R013344,E03061,2026_H2,2026-12-15,4,3,False,Completed
R013345,E04656,2026_H2,2026-12-15,2,4,False,Completed
R013346,E00302,2026_H2,2026-12-15,3,2,False,Completed
R013347,E01432,2026_H2,2026-12-15,3,4,True,Completed
R013348,E01859,2026_H2,2026-12-15,4,3,False,Cancelled
R013349,E00206,2026_H2,2026-12-15,5,3,False,Completed
R013350,E04049,2026_H2,2026-12-15,4,3,True,Completed
R013351,E02319,2026_H2,2026-12-15,4,4,False,Completed
R013352,E01684,2026_H2,2026-12-15,3,5,False,Completed
R013353,E01977,2026_H2,2026-12-15,4,3,True,Pending
R013354,E04808,2026_H2,2026-12-15,3,4,False,Cancelled
R013355,E04761,2026_H2,2026-12-15,4,3,False,Completed
R013356,E00663,2026_H2,2026-12-15,4,4,False,Completed
R013357,E02570,2026_H2,2026-12-15,4,3,False,Completed
R013358,E01464,2026_H2,2026-12-15,3,3,False,Completed
R013359,E04717,2026_H2,2026-12-15,3,5,False,Completed
R013360,E00901,2026_H2,2026-12-15,4,5,False,Completed
R013361,E02704,2026_H2,2026-12-15,2,5,False,Completed
R013362,E04412,2026_H2,2026-12-15,3,1,False,Completed
R013363,E00271,2026_H2,2026-12-15,3,1,False,Completed
R013364,E04643,2026_H2,2026-12-15,2,3,False,Completed
R013365,E04827,2026_H2,2026-12-15,3,4,False,Completed
R013366,E04836,2026_H2,2026-12-15,2,3,False,Completed
R013367,E03872,2026_H2,2026-12-15,3,3,False,Completed
R013368,E02891,2026_H2,2026-12-15,1,5,False,Completed
R013369,E04514,2026_H2,2026-12-15,3,1,False,Completed
R013370,E02366,2026_H2,2026-12-15,1,3,False,Completed
R013371,E03817,2026_H2,2026-12-15,3,3,False,Completed
R013372,E02813,2026_H2,2026-12-15,2,2,False,Completed
R013373,E00643,2026_H2,2026-12-15,3,4,False,Completed
R013374,E03951,2026_H2,2026-12-15,3,3,False,Completed
R013375,E00531,2026_H2,2026-12-15,3,4,False,Completed
R013376,E01680,2026_H2,2026-12-15,3,4,False,Completed
R013377,E03262,2026_H2,2026-12-15,3,3,False,Completed
R013378,E02284,2026_H2,2026-12-15,3,3,False,Completed
R013379,E02288,2026_H2,2026-12-15,3,2,False,Completed
R013380,E03572,2026_H2,2026-12-15,3,2,False,Completed
R013381,E01209,2026_H2,2026-12-15,3,3,False,Completed
R013382,E03056,2026_H2,2026-12-15,1,3,False,Completed
R013383,E02335,2026_H2,2026-12-15,3,4,False,Completed
R013384,E00900,2026_H2,2026-12-15,4,3,False,Completed
R013385,E02355,2026_H2,2026-12-15,5,4,False,Pending
R013386,E04639,2026_H2,2026-12-15,4,4,False,Completed
R013387,E00913,2026_H2,2026-12-15,2,2,False,Cancelled
R013388,E02297,2026_H2,2026-12-15,5,3,False,Completed
R013389,E04530,2026_H2,2026-12-15,3,2,False,Completed
R013390,E03531,2026_H2,2026-12-15,5,3,False,Completed
R013391,E04260,2026_H2,2026-12-15,4,5,False,Completed
R013392,E02299,2026_H2,2026-12-15,3,3,False,Completed
R013393,E04138,2026_H2,2026-12-15,4,3,False,Pending
R013394,E01972,2026_H2,2026-12-15,3,3,False,Completed
R013395,E04891,2026_H2,2026-12-15,3,3,False,Completed
R013396,E01377,2026_H2,2026-12-15,4,5,True,Completed
R013397,E01583,2026_H2,2026-12-15,2,4,False,Completed
R013398,E01254,2026_H2,2026-12-15,1,4,False,Completed
R013399,E02238,2026_H2,2026-12-15,3,3,False,Completed
R013400,E02795,2026_H2,2026-12-15,2,3,False,Completed
R013401,E01857,2026_H2,2026-12-15,3,4,False,Completed
R013402,E00681,2026_H2,2026-12-15,4,2,False,Completed
R013403,E00872,2026_H2,2026-12-15,3,4,False,Completed
R013404,E00161,2026_H2,2026-12-15,5,3,False,Pending
R013405,E01542,2026_H2,2026-12-15,4,2,False,Completed
R013406,E00825,2026_H2,2026-12-15,3,1,False,Completed
R013407,E02162,2026_H2,2026-12-15,3,3,False,Completed
R013408,E00677,2026_H2,2026-12-15,3,2,False,Completed
R013409,E04075,2026_H2,2026-12-15,3,3,False,Completed
R013410,E02587,2026_H2,2026-12-15,3,5,False,Cancelled
R013411,E00749,2026_H2,2026-12-15,3,3,False,Completed
R013412,E03530,2026_H2,2026-12-15,3,5,False,Completed
R013413,E04697,2026_H2,2026-12-15,3,4,False,Completed
R013414,E02843,2026_H2,2026-12-15,2,3,False,Completed
R013415,E03851,2026_H2,2026-12-15,3,3,False,Completed
R013416,E04602,2026_H2,2026-12-15,3,3,False,Completed
R013417,E04351,2026_H2,2026-12-15,2,2,False,Completed
R013418,E03451,2026_H2,2026-12-15,3,3,False,Completed
R013419,E04130,2026_H2,2026-12-15,3,4,False,Completed
R013420,E04702,2026_H2,2026-12-15,3,4,False,Completed
R013421,E03569,2026_H2,2026-12-15,1,5,False,Completed
R013422,E02003,2026_H2,2026-12-15,3,5,False,Completed
R013423,E04979,2026_H2,2026-12-15,3,5,False,Completed
R013424,E00670,2026_H2,2026-12-15,5,2,False,Completed
R013425,E02384,2026_H2,2026-12-15,4,5,False,Pending
R013426,E02093,2026_H2,2026-12-15,3,4,False,Completed
R013427,E02907,2026_H2,2026-12-15,3,4,False,Completed
R013428,E02104,2026_H2,2026-12-15,3,3,False,Completed
R013429,E00541,2026_H2,2026-12-15,2,4,True,Completed
R013430,E00731,2026_H2,2026-12-15,4,2,False,Completed
R013431,E00445,2026_H2,2026-12-15,3,3,False,Completed
R013432,E04669,2026_H2,2026-12-15,5,3,False,Completed
R013433,E00477,2026_H2,2026-12-15,3,2,False,Completed
R013434,E00787,2026_H2,2026-12-15,5,3,False,Completed
R013435,E03122,2026_H2,2026-12-15,4,2,False,Completed
R013436,E00138,2026_H2,2026-12-15,5,2,False,Completed
R013437,E01271,2026_H2,2026-12-15,3,3,False,Completed
R013438,E02492,2026_H2,2026-12-15,3,1,False,Completed
R013439,E01236,2026_H2,2026-12-15,4,5,False,Completed
R013440,E02568,2026_H2,2026-12-15,3,3,False,Pending
R013441,E02685,2026_H2,2026-12-15,3,5,False,Completed
R013442,E02792,2026_H2,2026-12-15,4,3,False,Completed
R013443,E03004,2026_H2,2026-12-15,4,4,True,Completed
R013444,E04573,2026_H2,2026-12-15,2,3,False,Completed
R013445,E02780,2026_H2,2026-12-15,3,5,False,Completed
R013446,E02589,2026_H2,2026-12-15,5,3,False,Completed
R013447,E01274,2026_H2,2026-12-15,3,3,False,Completed
R013448,E03711,2026_H2,2026-12-15,2,1,False,Completed
R013449,E03017,2026_H2,2026-12-15,4,4,True,Completed
R013450,E02632,2026_H2,2026-12-15,4,3,False,Completed
R013451,E00032,2026_H2,2026-12-15,3,3,False,Completed
R013452,E01273,2026_H2,2026-12-15,4,4,False,Completed
R013453,E03804,2026_H2,2026-12-15,4,4,False,Completed
R013454,E04186,2026_H2,2026-12-15,4,4,False,Completed
R013455,E00922,2026_H2,2026-12-15,4,1,False,Completed
R013456,E04449,2026_H2,2026-12-15,3,3,False,Completed
R013457,E04864,2026_H2,2026-12-15,3,4,False,Completed
R013458,E01170,2026_H2,2026-12-15,3,2,False,Completed
R013459,E03528,2026_H2,2026-12-15,4,3,False,Completed
R013460,E02775,2026_H2,2026-12-15,3,2,False,Completed
R013461,E03278,2026_H2,2026-12-15,3,4,False,Completed
R013462,E03798,2026_H2,2026-12-15,3,2,False,Completed
R013463,E03582,2026_H2,2026-12-15,4,4,False,Completed
R013464,E01821,2026_H2,2026-12-15,3,1,False,Completed
R013465,E02855,2026_H2,2026-12-15,2,3,False,Completed
R013466,E03613,2026_H2,2026-12-15,4,4,False,Completed
R013467,E00273,2026_H2,2026-12-15,5,1,False,Pending
R013468,E01478,2026_H2,2026-12-15,3,5,False,Completed
R013469,E03033,2026_H2,2026-12-15,1,3,False,Completed
R013470,E02541,2026_H2,2026-12-15,5,3,False,Completed
R013471,E00926,2026_H2,2026-12-15,4,3,False,Completed
R013472,E03360,2026_H2,2026-12-15,3,2,False,Completed
R013473,E04303,2026_H2,2026-12-15,2,5,True,Completed
R013474,E03756,2026_H2,2026-12-15,3,3,False,Completed
R013475,E02719,2026_H2,2026-12-15,5,3,False,Completed
R013476,E00657,2026_H2,2026-12-15,4,3,False,Completed
R013477,E02528,2026_H2,2026-12-15,3,1,False,Completed
R013478,E01520,2026_H2,2026-12-15,2,2,False,Completed
R013479,E03259,2026_H2,2026-12-15,1,3,False,Completed
R013480,E00871,2026_H2,2026-12-15,4,3,False,Completed
R013481,E03324,2026_H2,2026-12-15,2,4,True,Completed
R013482,E02117,2026_H2,2026-12-15,4,3,False,Completed
R013483,E02556,2026_H2,2026-12-15,4,4,False,Completed
R013484,E00784,2026_H2,2026-12-15,5,1,False,Completed
R013485,E04373,2026_H2,2026-12-15,3,5,False,Completed
R013486,E04742,2026_H2,2026-12-15,4,4,True,Completed
R013487,E00594,2026_H2,2026-12-15,3,3,False,Completed
R013488,E02069,2026_H2,2026-12-15,2,4,False,Completed
R013489,E00094,2026_H2,2026-12-15,4,3,False,Completed
R013490,E04828,2026_H2,2026-12-15,4,5,False,Pending
R013491,E01552,2026_H2,2026-12-15,5,5,True,Completed
R013492,E00401,2026_H2,2026-12-15,4,2,False,Completed
R013493,E04072,2026_H2,2026-12-15,2,5,False,Completed
R013494,E02546,2026_H2,2026-12-15,3,2,False,Completed
R013495,E03395,2026_H2,2026-12-15,4,5,False,Completed
R013496,E04294,2026_H2,2026-12-15,5,5,False,Completed
R013497,E01695,2026_H2,2026-12-15,3,5,False,Completed
R013498,E02675,2026_H2,2026-12-15,3,4,False,Completed
R013499,E01238,2026_H2,2026-12-15,4,3,False,Completed
R013500,E01482,2026_H2,2026-12-15,3,2,False,Completed
R013501,E02962,2026_H2,2026-12-15,5,3,False,Completed
R013502,E04427,2026_H2,2026-12-15,4,2,True,Completed
R013503,E04693,2026_H2,2026-12-15,3,4,False,Completed
R013504,E01502,2026_H2,2026-12-15,3,4,False,Completed
R013505,E02072,2026_H2,2026-12-15,4,3,False,Completed
R013506,E04044,2026_H2,2026-12-15,3,3,False,Completed
R013507,E00944,2026_H2,2026-12-15,5,2,False,Pending
R013508,E01751,2026_H2,2026-12-15,1,3,False,Completed
R013509,E04342,2026_H2,2026-12-15,4,4,True,Cancelled
R013510,E02542,2026_H2,2026-12-15,3,3,False,Completed
R013511,E01507,2026_H2,2026-12-15,3,1,False,Completed
R013512,E00651,2026_H2,2026-12-15,3,5,False,Completed
R013513,E01884,2026_H2,2026-12-15,3,5,True,Completed
R013514,E00083,2026_H2,2026-12-15,3,4,False,Completed
R013515,E00719,2026_H2,2026-12-15,5,1,False,Completed
R013516,E02187,2026_H2,2026-12-15,2,1,False,Completed
R013517,E03081,2026_H2,2026-12-15,1,4,False,Completed
R013518,E03866,2026_H2,2026-12-15,4,3,False,Completed
R013519,E01729,2026_H2,2026-12-15,3,3,False,Completed
R013520,E03199,2026_H2,2026-12-15,3,1,False,Completed
R013521,E02914,2026_H2,2026-12-15,3,2,False,Completed
R013522,E03184,2026_H2,2026-12-15,3,2,False,Completed
R013523,E03736,2026_H2,2026-12-15,3,4,False,Completed
R013524,E00698,2026_H2,2026-12-15,3,3,False,Completed
R013525,E03755,2026_H2,2026-12-15,3,3,False,Cancelled
R013526,E02986,2026_H2,2026-12-15,3,3,False,Completed
R013527,E03969,2026_H2,2026-12-15,3,3,False,Completed
R013528,E03286,2026_H2,2026-12-15,1,3,False,Completed
R013529,E03706,2026_H2,2026-12-15,3,5,False,Pending
R013530,E00489,2026_H2,2026-12-15,2,3,False,Pending
R013531,E04007,2026_H2,2026-12-15,3,4,False,Completed
R013532,E00603,2026_H2,2026-12-15,4,4,False,Completed
R013533,E03040,2026_H2,2026-12-15,4,3,False,Completed
R013534,E01096,2026_H2,2026-12-15,3,3,False,Completed
R013535,E04503,2026_H2,2026-12-15,2,4,False,Completed
R013536,E01687,2026_H2,2026-12-15,3,3,False,Completed
R013537,E01779,2026_H2,2026-12-15,3,3,False,Completed
R013538,E00571,2026_H2,2026-12-15,4,4,True,Completed
R013539,E04456,2026_H2,2026-12-15,4,3,False,Completed
R013540,E03848,2026_H2,2026-12-15,5,5,False,Completed
R013541,E04437,2026_H2,2026-12-15,3,2,False,Completed
R013542,E01572,2026_H2,2026-12-15,3,3,False,Completed
R013543,E00566,2026_H2,2026-12-15,4,5,False,Completed
R013544,E03865,2026_H2,2026-12-15,5,5,False,Completed
R013545,E00329,2026_H2,2026-12-15,2,4,False,Completed
R013546,E04215,2026_H2,2026-12-15,2,1,False,Completed
R013547,E01256,2026_H2,2026-12-15,3,2,False,Completed
R013548,E02294,2026_H2,2026-12-15,3,4,False,Completed
R013549,E02639,2026_H2,2026-12-15,5,2,True,Completed
R013550,E00212,2026_H2,2026-12-15,4,4,True,Completed
R013551,E02427,2026_H2,2026-12-15,5,4,False,Completed
R013552,E03255,2026_H2,2026-12-15,3,4,True,Completed
R013553,E02396,2026_H2,2026-12-15,3,4,False,Completed
R013554,E00379,2026_H2,2026-12-15,3,4,False,Completed
R013555,E03438,2026_H2,2026-12-15,4,2,False,Completed
R013556,E01248,2026_H2,2026-12-15,3,2,False,Completed
R013557,E03367,2026_H2,2026-12-15,3,3,False,Completed
R013558,E03090,2026_H2,2026-12-15,2,3,True,Cancelled
R013559,E04988,2026_H2,2026-12-15,3,2,False,Completed
R013560,E03204,2026_H2,2026-12-15,3,4,False,Completed
R013561,E03450,2026_H2,2026-12-15,5,4,False,Cancelled
R013562,E04244,2026_H2,2026-12-15,3,5,False,Completed
R013563,E03604,2026_H2,2026-12-15,3,3,False,Completed
R013564,E03346,2026_H2,2026-12-15,2,5,False,Completed
R013565,E01810,2026_H2,2026-12-15,5,4,False,Cancelled
R013566,E03475,2026_H2,2026-12-15,3,3,False,Completed
R013567,E04763,2026_H2,2026-12-15,3,4,False,Completed
R013568,E01127,2026_H2,2026-12-15,2,3,False,Completed
R013569,E00524,2026_H2,2026-12-15,5,3,False,Completed
R013570,E02812,2026_H2,2026-12-15,4,4,False,Completed
R013571,E04792,2026_H2,2026-12-15,3,3,False,Completed
R013572,E01095,2026_H2,2026-12-15,2,3,False,Completed
R013573,E00137,2026_H2,2026-12-15,4,2,False,Completed
R013574,E00360,2026_H2,2026-12-15,3,3,False,Completed
R013575,E02375,2026_H2,2026-12-15,2,2,False,Completed
R013576,E04699,2026_H2,2026-12-15,4,1,False,Completed
R013577,E00084,2026_H2,2026-12-15,2,3,False,Cancelled
R013578,E02979,2026_H2,2026-12-15,5,3,False,Completed
R013579,E00472,2026_H2,2026-12-15,2,2,False,Completed
R013580,E01669,2026_H2,2026-12-15,3,3,False,Completed
R013581,E03653,2026_H2,2026-12-15,4,1,True,Completed
R013582,E02721,2026_H2,2026-12-15,2,2,False,Completed
R013583,E01588,2026_H2,2026-12-15,3,4,False,Completed
R013584,E00887,2026_H2,2026-12-15,4,3,False,Completed
R013585,E04826,2026_H2,2026-12-15,3,1,False,Cancelled
R013586,E03412,2026_H2,2026-12-15,3,3,False,Completed
R013587,E01169,2026_H2,2026-12-15,4,2,False,Completed
R013588,E03130,2026_H2,2026-12-15,3,3,False,Completed
R013589,E01911,2026_H2,2026-12-15,4,4,True,Completed
R013590,E01469,2026_H2,2026-12-15,2,3,False,Completed
R013591,E00817,2026_H2,2026-12-15,4,2,False,Completed
R013592,E03229,2026_H2,2026-12-15,1,3,False,Completed
R013593,E02822,2026_H2,2026-12-15,4,3,False,Completed
R013594,E01603,2026_H2,2026-12-15,5,3,False,Completed
R013595,E00384,2026_H2,2026-12-15,3,5,False,Completed
R013596,E00979,2026_H2,2026-12-15,2,4,True,Completed
R013597,E03194,2026_H2,2026-12-15,4,3,False,Completed
R013598,E03446,2026_H2,2026-12-15,4,5,False,Completed
R013599,E04554,2026_H2,2026-12-15,5,3,False,Completed
R013600,E02611,2026_H2,2026-12-15,3,2,False,Completed
R013601,E00971,2026_H2,2026-12-15,4,4,True,Completed
R013602,E01878,2026_H2,2026-12-15,4,3,False,Completed
R013603,E00227,2026_H2,2026-12-15,2,4,False,Completed
R013604,E00344,2026_H2,2026-12-15,5,3,False,Completed
R013605,E02850,2026_H2,2026-12-15,3,3,False,Completed
R013606,E02882,2026_H2,2026-12-15,4,3,False,Completed
R013607,E02442,2026_H2,2026-12-15,4,2,False,Completed
R013608,E02626,2026_H2,2026-12-15,5,3,False,Completed
R013609,E01253,2026_H2,2026-12-15,4,1,False,Completed
R013610,E00494,2026_H2,2026-12-15,2,3,False,Completed
R013611,E00629,2026_H2,2026-12-15,2,3,False,Completed
R013612,E04790,2026_H2,2026-12-15,1,4,False,Completed
R013613,E04628,2026_H2,2026-12-15,3,3,False,Completed
R013614,E03637,2026_H2,2026-12-15,3,3,False,Completed
R013615,E02271,2026_H2,2026-12-15,4,3,False,Completed
R013616,E01409,2026_H2,2026-12-15,1,3,False,Completed
R013617,E00208,2026_H2,2026-12-15,2,3,False,Completed
R013618,E04855,2026_H2,2026-12-15,3,5,False,Completed
R013619,E02254,2026_H2,2026-12-15,3,5,False,Completed
R013620,E03775,2026_H2,2026-12-15,3,2,False,Completed
R013621,E00341,2026_H2,2026-12-15,2,3,False,Completed
R013622,E03304,2026_H2,2026-12-15,2,3,False,Completed
R013623,E01418,2026_H2,2026-12-15,4,1,False,Completed
R013624,E00949,2026_H2,2026-12-15,3,4,False,Completed
R013625,E02896,2026_H2,2026-12-15,3,3,False,Pending
R013626,E00006,2026_H2,2026-12-15,2,1,False,Completed
R013627,E04635,2026_H2,2026-12-15,3,3,True,Completed
R013628,E00074,2026_H2,2026-12-15,3,3,False,Completed
R013629,E01239,2026_H2,2026-12-15,3,1,False,Pending
R013630,E03382,2026_H2,2026-12-15,5,3,False,Cancelled
R013631,E00011,2026_H2,2026-12-15,3,3,False,Completed
R013632,E01708,2026_H2,2026-12-15,3,3,False,Cancelled
R013633,E03912,2026_H2,2026-12-15,4,5,False,Completed
R013634,E00622,2026_H2,2026-12-15,4,3,False,Completed
R013635,E01646,2026_H2,2026-12-15,1,2,False,Completed
R013636,E01197,2026_H2,2026-12-15,4,3,False,Completed
R013637,E02404,2026_H2,2026-12-15,4,4,False,Completed
R013638,E04511,2026_H2,2026-12-15,2,4,False,Completed
R013639,E03116,2026_H2,2026-12-15,5,3,False,Completed
R013640,E02510,2026_H2,2026-12-15,4,4,False,Pending
R013641,E03456,2026_H2,2026-12-15,2,3,False,Completed
R013642,E00296,2026_H2,2026-12-15,3,3,False,Completed
R013643,E03022,2026_H2,2026-12-15,3,2,False,Pending
R013644,E04184,2026_H2,2026-12-15,3,4,False,Cancelled
R013645,E04377,2026_H2,2026-12-15,3,4,False,Completed
R013646,E01843,2026_H2,2026-12-15,3,2,False,Pending
R013647,E01795,2026_H2,2026-12-15,3,4,False,Completed
R013648,E04782,2026_H2,2026-12-15,3,3,False,Completed
R013649,E03118,2026_H2,2026-12-15,1,1,False,Completed
R013650,E03099,2026_H2,2026-12-15,2,4,False,Completed
R013651,E02913,2026_H2,2026-12-15,3,4,False,Completed
R013652,E02928,2026_H2,2026-12-15,3,4,False,Pending
R013653,E04017,2026_H2,2026-12-15,5,1,False,Completed
R013654,E00830,2026_H2,2026-12-15,3,4,False,Completed
R013655,E01103,2026_H2,2026-12-15,4,4,True,Completed
R013656,E02417,2026_H2,2026-12-15,2,3,True,Completed
R013657,E00692,2026_H2,2026-12-15,5,3,False,Completed
R013658,E02669,2026_H2,2026-12-15,3,4,False,Completed
R013659,E04141,2026_H2,2026-12-15,3,5,False,Completed
R013660,E04485,2026_H2,2026-12-15,3,2,False,Completed
R013661,E01596,2026_H2,2026-12-15,4,3,False,Completed
R013662,E01808,2026_H2,2026-12-15,4,3,False,Completed
R013663,E03626,2026_H2,2026-12-15,3,5,False,Completed
R013664,E01557,2026_H2,2026-12-15,3,3,False,Completed
R013665,E03133,2026_H2,2026-12-15,2,3,False,Completed
R013666,E00593,2026_H2,2026-12-15,3,2,False,Completed
R013667,E02893,2026_H2,2026-12-15,3,2,True,Completed
R013668,E03361,2026_H2,2026-12-15,2,3,False,Completed
R013669,E00339,2026_H2,2026-12-15,3,3,False,Completed
R013670,E01731,2026_H2,2026-12-15,4,5,False,Completed
R013671,E03271,2026_H2,2026-12-15,3,4,False,Completed
R013672,E04208,2026_H2,2026-12-15,3,4,False,Completed
R013673,E04411,2026_H2,2026-12-15,3,4,False,Completed
R013674,E03796,2026_H2,2026-12-15,5,2,False,Completed
R013675,E03564,2026_H2,2026-12-15,4,3,False,Completed
R013676,E01200,2026_H2,2026-12-15,4,2,False,Completed
R013677,E02321,2026_H2,2026-12-15,3,3,False,Completed
R013678,E01086,2026_H2,2026-12-15,4,2,True,Completed
R013679,E03522,2026_H2,2026-12-15,3,3,False,Completed
R013680,E03318,2026_H2,2026-12-15,3,3,False,Completed
R013681,E02206,2026_H2,2026-12-15,3,3,False,Completed
R013682,E04830,2026_H2,2026-12-15,4,3,False,Completed
R013683,E02703,2026_H2,2026-12-15,4,4,False,Completed
R013684,E01135,2026_H2,2026-12-15,2,2,False,Completed
R013685,E03347,2026_H2,2026-12-15,2,2,False,Completed
R013686,E00939,2026_H2,2026-12-15,3,4,True,Completed
R013687,E03658,2026_H2,2026-12-15,3,3,False,Completed
R013688,E04721,2026_H2,2026-12-15,3,3,False,Completed
R013689,E03024,2026_H2,2026-12-15,4,4,False,Completed
R013690,E01143,2026_H2,2026-12-15,4,3,False,Completed
R013691,E02696,2026_H2,2026-12-15,3,5,False,Completed
R013692,E02233,2026_H2,2026-12-15,3,5,False,Completed
R013693,E02853,2026_H2,2026-12-15,4,3,False,Completed
R013694,E03560,2026_H2,2026-12-15,1,2,False,Completed
R013695,E03192,2026_H2,2026-12-15,4,4,True,Completed
R013696,E02095,2026_H2,2026-12-15,4,4,False,Completed
R013697,E04889,2026_H2,2026-12-15,4,1,False,Cancelled
R013698,E02356,2026_H2,2026-12-15,2,4,False,Completed
R013699,E03790,2026_H2,2026-12-15,2,4,True,Pending
R013700,E04732,2026_H2,2026-12-15,2,4,False,Completed
R013701,E04926,2026_H2,2026-12-15,3,2,False,Completed
R013702,E04698,2026_H2,2026-12-15,3,3,False,Completed
R013703,E03503,2026_H2,2026-12-15,3,2,False,Completed
R013704,E00708,2026_H2,2026-12-15,3,2,True,Completed
R013705,E04568,2026_H2,2026-12-15,4,4,False,Pending
R013706,E03636,2026_H2,2026-12-15,3,4,False,Completed
R013707,E01781,2026_H2,2026-12-15,4,3,False,Completed
R013708,E00028,2026_H2,2026-12-15,2,3,False,Completed
R013709,E01700,2026_H2,2026-12-15,2,4,False,Completed
R013710,E03881,2026_H2,2026-12-15,2,1,False,Cancelled
R013711,E04578,2026_H2,2026-12-15,3,4,True,Completed
R013712,E02848,2026_H2,2026-12-15,3,3,False,Completed
R013713,E01166,2026_H2,2026-12-15,1,3,False,Completed
R013714,E04985,2026_H2,2026-12-15,3,3,False,Pending
R013715,E02327,2026_H2,2026-12-15,4,2,False,Cancelled
R013716,E03214,2026_H2,2026-12-15,1,3,False,Completed
R013717,E02593,2026_H2,2026-12-15,4,3,False,Completed
R013718,E04210,2026_H2,2026-12-15,5,3,False,Pending
R013719,E03563,2026_H2,2026-12-15,3,4,False,Cancelled
R013720,E02636,2026_H2,2026-12-15,2,4,False,Completed
R013721,E03757,2026_H2,2026-12-15,4,5,False,Completed
R013722,E00849,2026_H2,2026-12-15,5,3,False,Completed
R013723,E00498,2026_H2,2026-12-15,2,3,False,Completed
R013724,E04598,2026_H2,2026-12-15,3,4,False,Completed
R013725,E00304,2026_H2,2026-12-15,1,3,False,Completed
R013726,E02688,2026_H2,2026-12-15,3,3,False,Completed
R013727,E04096,2026_H2,2026-12-15,2,3,False,Completed
R013728,E03713,2026_H2,2026-12-15,4,4,False,Pending
R013729,E00544,2026_H2,2026-12-15,2,4,False,Completed
R013730,E04911,2026_H2,2026-12-15,3,4,False,Completed
R013731,E01208,2026_H2,2026-12-15,4,4,False,Completed
R013732,E01265,2026_H2,2026-12-15,3,2,False,Completed
R013733,E02120,2026_H2,2026-12-15,4,2,False,Completed
R013734,E03279,2026_H2,2026-12-15,2,3,False,Completed
R013735,E01620,2026_H2,2026-12-15,3,3,False,Completed
R013736,E01461,2026_H2,2026-12-15,5,4,False,Completed
R013737,E01287,2026_H2,2026-12-15,3,3,False,Completed
R013738,E00836,2026_H2,2026-12-15,3,3,False,Completed
R013739,E02128,2026_H2,2026-12-15,3,4,False,Completed
R013740,E02637,2026_H2,2026-12-15,3,2,False,Completed
R013741,E04474,2026_H2,2026-12-15,3,3,False,Completed
R013742,E03274,2026_H2,2026-12-15,3,4,False,Completed
R013743,E01306,2026_H2,2026-12-15,5,3,False,Completed
R013744,E01593,2026_H2,2026-12-15,3,2,False,Completed
R013745,E01994,2026_H2,2026-12-15,2,3,False,Completed
R013746,E01416,2026_H2,2026-12-15,3,2,False,Cancelled
R013747,E02691,2026_H2,2026-12-15,3,3,False,Completed
R013748,E00925,2026_H2,2026-12-15,3,4,False,Cancelled
R013749,E03316,2026_H2,2026-12-15,3,3,False,Completed
R013750,E02957,2026_H2,2026-12-15,2,2,False,Completed
R013751,E02508,2026_H2,2026-12-15,3,4,False,Completed
R013752,E00068,2026_H2,2026-12-15,4,5,False,Completed
R013753,E00866,2026_H2,2026-12-15,3,2,False,Completed
R013754,E03075,2026_H2,2026-12-15,4,5,True,Completed
R013755,E02256,2026_H2,2026-12-15,5,5,False,Completed
R013756,E02433,2026_H2,2026-12-15,2,2,False,Completed
R013757,E04339,2026_H2,2026-12-15,4,3,False,Completed
R013758,E01124,2026_H2,2026-12-15,3,2,False,Completed
R013759,E00368,2026_H2,2026-12-15,3,4,False,Completed
R013760,E04608,2026_H2,2026-12-15,3,3,False,Completed
R013761,E00301,2026_H2,2026-12-15,4,3,False,Completed
R013762,E00333,2026_H2,2026-12-15,3,2,False,Completed
R013763,E04723,2026_H2,2026-12-15,3,5,False,Pending
R013764,E03375,2026_H2,2026-12-15,3,3,False,Completed
R013765,E03495,2026_H2,2026-12-15,4,3,False,Completed
R013766,E02695,2026_H2,2026-12-15,3,1,False,Completed
R013767,E03549,2026_H2,2026-12-15,3,2,False,Completed
R013768,E01846,2026_H2,2026-12-15,4,3,False,Completed
R013769,E00390,2026_H2,2026-12-15,1,5,False,Completed
R013770,E03510,2026_H2,2026-12-15,3,4,False,Completed
R013771,E02045,2026_H2,2026-12-15,3,3,False,Completed
R013772,E02171,2026_H2,2026-12-15,3,3,False,Completed
R013773,E04057,2026_H2,2026-12-15,3,2,False,Completed
R013774,E00221,2026_H2,2026-12-15,4,3,True,Completed
R013775,E03942,2026_H2,2026-12-15,2,4,False,Pending
R013776,E04703,2026_H2,2026-12-15,4,4,False,Completed
R013777,E04275,2026_H2,2026-12-15,3,3,False,Completed
R013778,E03861,2026_H2,2026-12-15,4,4,False,Completed
R013779,E01704,2026_H2,2026-12-15,1,3,False,Completed
R013780,E03410,2026_H2,2026-12-15,3,4,True,Completed
R013781,E01230,2026_H2,2026-12-15,3,4,False,Completed
R013782,E00914,2026_H2,2026-12-15,3,4,False,Completed
R013783,E04510,2026_H2,2026-12-15,4,3,False,Completed
R013784,E04429,2026_H2,2026-12-15,3,3,False,Completed
R013785,E00583,2026_H2,2026-12-15,4,3,False,Completed
R013786,E01840,2026_H2,2026-12-15,2,2,False,Completed
R013787,E04029,2026_H2,2026-12-15,1,4,False,Completed
R013788,E03515,2026_H2,2026-12-15,5,3,False,Completed
R013789,E00300,2026_H2,2026-12-15,3,3,False,Completed
R013790,E03037,2026_H2,2026-12-15,1,2,False,Completed
R013791,E04804,2026_H2,2026-12-15,4,4,False,Completed
R013792,E04041,2026_H2,2026-12-15,3,3,False,Completed
R013793,E02660,2026_H2,2026-12-15,4,4,False,Pending
R013794,E01630,2026_H2,2026-12-15,3,3,False,Completed
R013795,E00990,2026_H2,2026-12-15,4,3,False,Completed
R013796,E01122,2026_H2,2026-12-15,3,5,False,Completed
R013797,E03977,2026_H2,2026-12-15,3,4,False,Completed
R013798,E00710,2026_H2,2026-12-15,3,1,False,Completed
R013799,E00937,2026_H2,2026-12-15,4,5,True,Completed
R013800,E01056,2026_H2,2026-12-15,3,2,False,Completed
R013801,E02712,2026_H2,2026-12-15,5,4,False,Cancelled
R013802,E03671,2026_H2,2026-12-15,3,4,False,Completed
R013803,E00790,2026_H2,2026-12-15,5,4,True,Completed
R013804,E03401,2026_H2,2026-12-15,5,4,False,Completed
R013805,E04233,2026_H2,2026-12-15,3,4,False,Pending
R013806,E04549,2026_H2,2026-12-15,3,1,False,Pending
R013807,E01251,2026_H2,2026-12-15,4,4,False,Completed
R013808,E00637,2026_H2,2026-12-15,2,4,False,Completed
R013809,E01839,2026_H2,2026-12-15,3,2,False,Completed
R013810,E03257,2026_H2,2026-12-15,3,2,False,Completed
R013811,E03725,2026_H2,2026-12-15,2,3,False,Completed
R013812,E01063,2026_H2,2026-12-15,2,3,False,Completed
R013813,E03345,2026_H2,2026-12-15,5,3,False,Completed
R013814,E03687,2026_H2,2026-12-15,3,1,False,Completed
R013815,E04315,2026_H2,2026-12-15,3,2,False,Completed
R013816,E00130,2026_H2,2026-12-15,3,2,False,Completed
R013817,E04609,2026_H2,2026-12-15,3,4,False,Completed
R013818,E02595,2026_H2,2026-12-15,4,4,False,Completed
R013819,E02307,2026_H2,2026-12-15,2,3,False,Completed
R013820,E01616,2026_H2,2026-12-15,4,2,False,Completed
R013821,E04368,2026_H2,2026-12-15,3,3,False,Completed
R013822,E04140,2026_H2,2026-12-15,5,1,False,Completed
R013823,E00977,2026_H2,2026-12-15,3,5,False,Completed
R013824,E02152,2026_H2,2026-12-15,3,2,False,Pending
R013825,E02315,2026_H2,2026-12-15,3,3,False,Completed
R013826,E04777,2026_H2,2026-12-15,5,4,False,Completed
R013827,E00194,2026_H2,2026-12-15,4,3,False,Pending
R013828,E00639,2026_H2,2026-12-15,3,5,False,Completed
R013829,E02478,2026_H2,2026-12-15,4,3,True,Completed
R013830,E00141,2026_H2,2026-12-15,4,1,False,Completed
R013831,E04900,2026_H2,2026-12-15,2,4,False,Cancelled
R013832,E02038,2026_H2,2026-12-15,2,3,False,Completed
R013833,E00772,2026_H2,2026-12-15,4,4,False,Completed
R013834,E02088,2026_H2,2026-12-15,3,3,False,Completed
R013835,E02974,2026_H2,2026-12-15,3,5,False,Completed
R013836,E01967,2026_H2,2026-12-15,4,5,False,Completed
R013837,E01864,2026_H2,2026-12-15,4,3,False,Pending
R013838,E00974,2026_H2,2026-12-15,4,3,False,Cancelled
R013839,E03766,2026_H2,2026-12-15,4,3,False,Completed
R013840,E04715,2026_H2,2026-12-15,4,3,False,Completed
R013841,E00502,2026_H2,2026-12-15,4,3,False,Completed
R013842,E04413,2026_H2,2026-12-15,5,4,True,Completed
R013843,E03195,2026_H2,2026-12-15,3,3,False,Completed
R013844,E00446,2026_H2,2026-12-15,4,1,False,Completed
R013845,E04394,2026_H2,2026-12-15,4,3,False,Completed
R013846,E00539,2026_H2,2026-12-15,3,4,False,Completed
R013847,E04793,2026_H2,2026-12-15,1,3,False,Pending
R013848,E01758,2026_H2,2026-12-15,2,2,False,Completed
R013849,E01927,2026_H2,2026-12-15,5,4,False,Completed
R013850,E04595,2026_H2,2026-12-15,1,2,False,Completed
R013851,E03178,2026_H2,2026-12-15,5,3,False,Completed
R013852,E04584,2026_H2,2026-12-15,3,2,False,Completed
R013853,E02670,2026_H2,2026-12-15,3,3,False,Completed
R013854,E03042,2026_H2,2026-12-15,5,3,True,Cancelled
R013855,E03096,2026_H2,2026-12-15,3,3,False,Completed
R013856,E04847,2026_H2,2026-12-15,3,3,False,Completed
R013857,E03991,2026_H2,2026-12-15,3,2,False,Completed
R013858,E02643,2026_H2,2026-12-15,4,3,False,Completed
R013859,E02310,2026_H2,2026-12-15,3,3,False,Completed
R013860,E03498,2026_H2,2026-12-15,4,4,False,Completed
R013861,E02377,2026_H2,2026-12-15,3,5,False,Completed
R013862,E04250,2026_H2,2026-12-15,2,4,False,Cancelled
R013863,E03489,2026_H2,2026-12-15,3,3,False,Completed
R013864,E00046,2026_H2,2026-12-15,2,3,False,Completed
R013865,E02028,2026_H2,2026-12-15,5,3,False,Cancelled
R013866,E02332,2026_H2,2026-12-15,5,5,False,Completed
R013867,E00421,2026_H2,2026-12-15,3,3,False,Completed
R013868,E03590,2026_H2,2026-12-15,3,4,False,Completed
R013869,E02860,2026_H2,2026-12-15,4,2,False,Completed
R013870,E01472,2026_H2,2026-12-15,3,2,False,Completed
R013871,E01971,2026_H2,2026-12-15,3,2,False,Completed
R013872,E01008,2026_H2,2026-12-15,2,3,False,Completed
R013873,E00338,2026_H2,2026-12-15,3,3,False,Completed
R013874,E01365,2026_H2,2026-12-15,2,1,False,Completed
R013875,E01403,2026_H2,2026-12-15,2,2,False,Completed
R013876,E03905,2026_H2,2026-12-15,5,2,False,Completed
R013877,E01581,2026_H2,2026-12-15,3,5,False,Completed
R013878,E01553,2026_H2,2026-12-15,4,3,False,Completed
R013879,E03665,2026_H2,2026-12-15,3,2,False,Completed
R013880,E03623,2026_H2,2026-12-15,3,2,False,Completed
R013881,E00236,2026_H2,2026-12-15,3,5,False,Completed
R013882,E00929,2026_H2,2026-12-15,3,3,False,Completed
R013883,E03070,2026_H2,2026-12-15,4,3,True,Completed
R013884,E00167,2026_H2,2026-12-15,5,1,False,Completed
R013885,E04685,2026_H2,2026-12-15,2,3,False,Completed
R013886,E04816,2026_H2,2026-12-15,3,3,False,Completed
R013887,E02494,2026_H2,2026-12-15,3,3,False,Completed
R013888,E03635,2026_H2,2026-12-15,2,4,False,Completed
R013889,E02781,2026_H2,2026-12-15,4,5,False,Cancelled
R013890,E02665,2026_H2,2026-12-15,4,4,True,Completed
R013891,E02403,2026_H2,2026-12-15,5,3,False,Completed
R013892,E03928,2026_H2,2026-12-15,3,3,False,Completed
R013893,E01613,2026_H2,2026-12-15,2,4,False,Completed
R013894,E04406,2026_H2,2026-12-15,3,4,False,Completed
R013895,E03708,2026_H2,2026-12-15,3,4,False,Completed
R013896,E02736,2026_H2,2026-12-15,3,3,False,Completed
R013897,E02699,2026_H2,2026-12-15,3,2,False,Completed
R013898,E00219,2026_H2,2026-12-15,1,4,False,Completed
R013899,E03601,2026_H2,2026-12-15,3,2,False,Completed
R013900,E03048,2026_H2,2026-12-15,3,3,False,Completed
R013901,E00827,2026_H2,2026-12-15,3,4,False,Completed
R013902,E00655,2026_H2,2026-12-15,3,3,False,Completed
R013903,E00134,2026_H2,2026-12-15,4,1,False,Completed
R013904,E01925,2026_H2,2026-12-15,2,3,False,Completed
R013905,E01791,2026_H2,2026-12-15,3,3,False,Completed
R013906,E00792,2026_H2,2026-12-15,3,3,False,Completed
R013907,E03686,2026_H2,2026-12-15,3,3,False,Cancelled
R013908,E02538,2026_H2,2026-12-15,3,3,False,Completed
R013909,E02881,2026_H2,2026-12-15,2,2,False,Pending
R013910,E02017,2026_H2,2026-12-15,2,2,False,Completed
R013911,E02198,2026_H2,2026-12-15,4,3,False,Completed
R013912,E01960,2026_H2,2026-12-15,3,2,False,Completed
R013913,E02219,2026_H2,2026-12-15,3,3,False,Completed
R013914,E03416,2026_H2,2026-12-15,4,3,False,Completed
R013915,E01986,2026_H2,2026-12-15,4,4,False,Completed
R013916,E01427,2026_H2,2026-12-15,3,4,False,Completed
R013917,E03383,2026_H2,2026-12-15,3,4,True,Completed
R013918,E00460,2026_H2,2026-12-15,3,3,False,Completed
R013919,E04489,2026_H2,2026-12-15,3,4,True,Completed
R013920,E04650,2026_H2,2026-12-15,3,3,False,Completed
R013921,E03750,2026_H2,2026-12-15,3,4,False,Pending
R013922,E02936,2026_H2,2026-12-15,4,3,False,Completed
R013923,E00618,2026_H2,2026-12-15,4,3,False,Completed
R013924,E00965,2026_H2,2026-12-15,3,3,False,Completed
R013925,E00431,2026_H2,2026-12-15,3,4,False,Completed
R013926,E03190,2026_H2,2026-12-15,3,4,False,Completed
R013927,E03287,2026_H2,2026-12-15,5,3,False,Completed
R013928,E00001,2026_H2,2026-12-15,5,3,False,Completed
R013929,E02101,2026_H2,2026-12-15,3,1,False,Completed
R013930,E02581,2026_H2,2026-12-15,3,4,False,Completed
R013931,E04349,2026_H2,2026-12-15,3,3,False,Completed
R013932,E03189,2026_H2,2026-12-15,5,5,False,Completed
R013933,E02509,2026_H2,2026-12-15,1,3,False,Completed
R013934,E03816,2026_H2,2026-12-15,3,4,False,Completed
R013935,E01788,2026_H2,2026-12-15,5,3,False,Cancelled
R013936,E00124,2026_H2,2026-12-15,3,3,False,Pending
R013937,E02253,2026_H2,2026-12-15,3,5,False,Completed
R013938,E01656,2026_H2,2026-12-15,3,3,False,Completed
R013939,E01264,2026_H2,2026-12-15,4,4,True,Completed
R013940,E04376,2026_H2,2026-12-15,3,3,False,Completed
R013941,E02464,2026_H2,2026-12-15,5,3,False,Pending
R013942,E04487,2026_H2,2026-12-15,4,3,False,Completed
R013943,E03069,2026_H2,2026-12-15,2,3,False,Completed
R013944,E00543,2026_H2,2026-12-15,4,5,False,Completed
R013945,E04654,2026_H2,2026-12-15,3,1,False,Completed
R013946,E00437,2026_H2,2026-12-15,4,3,False,Completed
R013947,E00087,2026_H2,2026-12-15,4,3,False,Completed
R013948,E03153,2026_H2,2026-12-15,3,5,False,Completed
R013949,E04364,2026_H2,2026-12-15,3,3,False,Completed
R013950,E01662,2026_H2,2026-12-15,3,3,False,Completed
R013951,E03958,2026_H2,2026-12-15,3,1,False,Completed
R013952,E01544,2026_H2,2026-12-15,4,4,True,Completed
R013953,E03585,2026_H2,2026-12-15,4,5,False,Pending
R013954,E00497,2026_H2,2026-12-15,3,3,False,Completed
R013955,E04446,2026_H2,2026-12-15,5,3,False,Completed
R013956,E04856,2026_H2,2026-12-15,3,2,False,Completed
R013957,E01119,2026_H2,2026-12-15,4,3,True,Completed
R013958,E03803,2026_H2,2026-12-15,4,3,False,Completed
R013959,E02624,2026_H2,2026-12-15,1,5,False,Completed
R013960,E02625,2026_H2,2026-12-15,2,3,False,Completed
R013961,E02074,2026_H2,2026-12-15,3,3,False,Completed
R013962,E01240,2026_H2,2026-12-15,3,5,False,Completed
R013963,E01466,2026_H2,2026-12-15,3,3,False,Completed
R013964,E03552,2026_H2,2026-12-15,4,3,False,Pending
R013965,E04716,2026_H2,2026-12-15,3,2,False,Completed
R013966,E02224,2026_H2,2026-12-15,2,3,False,Completed
R013967,E00463,2026_H2,2026-12-15,2,3,False,Completed
R013968,E00669,2026_H2,2026-12-15,3,3,False,Pending
R013969,E02379,2026_H2,2026-12-15,2,3,False,Completed
R013970,E01538,2026_H2,2026-12-15,3,3,False,Completed
R013971,E02789,2026_H2,2026-12-15,3,4,False,Completed
R013972,E04405,2026_H2,2026-12-15,2,3,False,Completed
R013973,E00266,2026_H2,2026-12-15,3,4,False,Completed
R013974,E01286,2026_H2,2026-12-15,3,2,False,Completed
R013975,E01195,2026_H2,2026-12-15,3,4,False,Completed
R013976,E04160,2026_H2,2026-12-15,3,2,False,Cancelled
R013977,E04873,2026_H2,2026-12-15,3,3,False,Completed
R013978,E00843,2026_H2,2026-12-15,3,3,False,Completed
R013979,E00413,2026_H2,2026-12-15,4,3,False,Completed
R013980,E00454,2026_H2,2026-12-15,5,4,False,Completed
R013981,E04139,2026_H2,2026-12-15,5,2,False,Completed
R013982,E02610,2026_H2,2026-12-15,3,5,True,Completed
R013983,E04461,2026_H2,2026-12-15,4,4,False,Completed
R013984,E00547,2026_H2,2026-12-15,4,3,False,Pending
R013985,E00031,2026_H2,2026-12-15,4,2,True,Completed
R013986,E00741,2026_H2,2026-12-15,5,4,False,Completed
R013987,E00601,2026_H2,2026-12-15,3,4,False,Completed
R013988,E03068,2026_H2,2026-12-15,4,3,False,Completed
R013989,E01492,2026_H2,2026-12-15,4,2,False,Completed
R013990,E02269,2026_H2,2026-12-15,3,3,False,Completed
R013991,E04924,2026_H2,2026-12-15,3,1,False,Completed
R013992,E03692,2026_H2,2026-12-15,4,4,False,Completed
R013993,E04754,2026_H2,2026-12-15,4,3,True,Completed
R013994,E01638,2026_H2,2026-12-15,3,2,False,Pending
R013995,E01532,2026_H2,2026-12-15,4,4,False,Completed
R013996,E03471,2026_H2,2026-12-15,3,3,False,Completed
R013997,E00306,2026_H2,2026-12-15,4,3,False,Completed
R013998,E03791,2026_H2,2026-12-15,5,4,False,Completed
R013999,E00898,2026_H2,2026-12-15,4,3,False,Completed
R014000,E03508,2026_H2,2026-12-15,3,3,False,Completed
R014001,E04407,2026_H2,2026-12-15,4,2,False,Cancelled
R014002,E00659,2026_H2,2026-12-15,5,3,False,Completed
R014003,E01361,2026_H2,2026-12-15,3,2,False,Completed
R014004,E04955,2026_H2,2026-12-15,4,2,False,Completed
R014005,E02523,2026_H2,2026-12-15,3,3,False,Completed
R014006,E02030,2026_H2,2026-12-15,3,2,False,Completed
R014007,E03237,2026_H2,2026-12-15,4,3,False,Completed
R014008,E04195,2026_H2,2026-12-15,3,3,False,Completed
R014009,E00797,2026_H2,2026-12-15,4,3,False,Completed
R014010,E00862,2026_H2,2026-12-15,4,3,False,Completed
R014011,E00111,2026_H2,2026-12-15,3,4,False,Completed
R014012,E02078,2026_H2,2026-12-15,2,3,False,Completed
R014013,E00548,2026_H2,2026-12-15,4,4,False,Completed
R014014,E02126,2026_H2,2026-12-15,5,3,False,Completed
R014015,E01756,2026_H2,2026-12-15,2,5,False,Completed
R014016,E03777,2026_H2,2026-12-15,4,3,False,Completed
R014017,E04051,2026_H2,2026-12-15,4,2,False,Completed
R014018,E01631,2026_H2,2026-12-15,5,2,False,Completed
R014019,E00967,2026_H2,2026-12-15,3,3,False,Completed
R014020,E02383,2026_H2,2026-12-15,3,2,False,Completed
R014021,E03193,2026_H2,2026-12-15,3,3,False,Completed
R014022,E02221,2026_H2,2026-12-15,4,4,False,Completed
R014023,E04420,2026_H2,2026-12-15,4,3,False,Completed
R014024,E00216,2026_H2,2026-12-15,3,4,False,Completed
R014025,E03677,2026_H2,2026-12-15,3,5,False,Completed
R014026,E00193,2026_H2,2026-12-15,2,3,False,Completed
R014027,E04796,2026_H2,2026-12-15,4,3,False,Completed
R014028,E01981,2026_H2,2026-12-15,2,4,False,Completed
R014029,E01001,2026_H2,2026-12-15,5,2,False,Completed
R014030,E02737,2026_H2,2026-12-15,3,3,False,Completed
R014031,E03989,2026_H2,2026-12-15,3,5,False,Completed
R014032,E03359,2026_H2,2026-12-15,4,2,False,Completed
R014033,E03834,2026_H2,2026-12-15,3,4,True,Completed
R014034,E00912,2026_H2,2026-12-15,4,3,True,Pending
R014035,E00334,2026_H2,2026-12-15,4,3,False,Completed
R014036,E01436,2026_H2,2026-12-15,1,5,False,Completed
R014037,E03738,2026_H2,2026-12-15,3,4,False,Completed
R014038,E00233,2026_H2,2026-12-15,3,3,False,Completed
R014039,E00968,2026_H2,2026-12-15,3,2,False,Completed
R014040,E02049,2026_H2,2026-12-15,3,3,False,Completed
R014041,E03724,2026_H2,2026-12-15,3,3,False,Completed
R014042,E04496,2026_H2,2026-12-15,3,3,False,Completed
R014043,E04688,2026_H2,2026-12-15,2,3,False,Completed
R014044,E00152,2026_H2,2026-12-15,4,3,False,Completed
R014045,E00903,2026_H2,2026-12-15,3,5,False,Completed
R014046,E01842,2026_H2,2026-12-15,4,2,False,Cancelled
R014047,E00242,2026_H2,2026-12-15,5,3,False,Completed
R014048,E00525,2026_H2,2026-12-15,4,3,False,Cancelled
R014049,E02802,2026_H2,2026-12-15,3,3,False,Completed
R014050,E02181,2026_H2,2026-12-15,4,4,False,Completed
R014051,E00753,2026_H2,2026-12-15,2,5,False,Completed
R014052,E03538,2026_H2,2026-12-15,2,4,False,Completed
R014053,E04442,2026_H2,2026-12-15,3,4,False,Completed
R014054,E02148,2026_H2,2026-12-15,4,3,False,Completed
R014055,E01856,2026_H2,2026-12-15,3,2,False,Completed
R014056,E00241,2026_H2,2026-12-15,3,4,False,Cancelled
R014057,E00970,2026_H2,2026-12-15,5,4,False,Completed
R014058,E04272,2026_H2,2026-12-15,4,3,False,Completed
R014059,E02067,2026_H2,2026-12-15,3,4,False,Completed
R014060,E01219,2026_H2,2026-12-15,2,5,False,Completed
R014061,E04289,2026_H2,2026-12-15,1,3,False,Completed
R014062,E04542,2026_H2,2026-12-15,4,3,False,Completed
R014063,E02191,2026_H2,2026-12-15,4,3,False,Completed
R014064,E00067,2026_H2,2026-12-15,5,2,False,Completed
R014065,E04633,2026_H2,2026-12-15,2,2,False,Completed
R014066,E02223,2026_H2,2026-12-15,3,1,True,Completed
R014067,E01546,2026_H2,2026-12-15,4,5,False,Cancelled
R014068,E01054,2026_H2,2026-12-15,4,4,False,Completed
R014069,E02631,2026_H2,2026-12-15,5,4,False,Completed
R014070,E00738,2026_H2,2026-12-15,3,3,False,Completed
R014071,E03191,2026_H2,2026-12-15,3,3,False,Completed
R014072,E02561,2026_H2,2026-12-15,5,4,False,Completed
R014073,E00763,2026_H2,2026-12-15,2,2,True,Completed
R014074,E03782,2026_H2,2026-12-15,3,1,False,Completed
R014075,E00354,2026_H2,2026-12-15,5,3,False,Completed
R014076,E04326,2026_H2,2026-12-15,3,4,False,Completed
R014077,E04984,2026_H2,2026-12-15,4,3,False,Completed
R014078,E00442,2026_H2,2026-12-15,3,5,False,Completed
R014079,E04386,2026_H2,2026-12-15,4,4,False,Completed
R014080,E03662,2026_H2,2026-12-15,5,4,False,Completed
R014081,E04545,2026_H2,2026-12-15,3,3,False,Completed
R014082,E01736,2026_H2,2026-12-15,3,4,False,Completed
R014083,E01696,2026_H2,2026-12-15,3,4,False,Completed
R014084,E04246,2026_H2,2026-12-15,4,3,False,Completed
R014085,E02582,2026_H2,2026-12-15,3,1,False,Completed
R014086,E02713,2026_H2,2026-12-15,2,2,False,Completed
R014087,E04965,2026_H2,2026-12-15,3,3,False,Completed
R014088,E01234,2026_H2,2026-12-15,3,5,True,Completed
R014089,E03115,2026_H2,2026-12-15,3,2,True,Completed
R014090,E01855,2026_H2,2026-12-15,3,2,False,Completed
R014091,E01720,2026_H2,2026-12-15,4,2,False,Completed
R014092,E01207,2026_H2,2026-12-15,3,4,True,Completed
R014093,E00127,2026_H2,2026-12-15,5,2,False,Completed
R014094,E02103,2026_H2,2026-12-15,3,4,False,Completed
R014095,E04460,2026_H2,2026-12-15,5,4,True,Completed
R014096,E01980,2026_H2,2026-12-15,2,5,False,Completed
R014097,E01157,2026_H2,2026-12-15,5,2,False,Completed
R014098,E03411,2026_H2,2026-12-15,4,3,False,Completed
R014099,E03573,2026_H2,2026-12-15,4,1,False,Completed
R014100,E01345,2026_H2,2026-12-15,2,5,False,Completed
R014101,E04103,2026_H2,2026-12-15,3,4,False,Completed
R014102,E01900,2026_H2,2026-12-15,3,5,False,Completed
R014103,E00149,2026_H2,2026-12-15,3,5,False,Completed
R014104,E00433,2026_H2,2026-12-15,4,3,False,Completed
R014105,E04692,2026_H2,2026-12-15,3,5,False,Pending
R014106,E02243,2026_H2,2026-12-15,2,2,False,Completed
R014107,E02249,2026_H2,2026-12-15,3,3,False,Pending
R014108,E02000,2026_H2,2026-12-15,4,3,False,Completed
R014109,E04254,2026_H2,2026-12-15,2,1,False,Pending
R014110,E00071,2026_H2,2026-12-15,3,3,False,Completed
R014111,E03405,2026_H2,2026-12-15,3,2,False,Completed
R014112,E02261,2026_H2,2026-12-15,3,5,False,Completed
R014113,E01281,2026_H2,2026-12-15,2,4,False,Completed
R014114,E04686,2026_H2,2026-12-15,1,4,False,Completed
R014115,E02455,2026_H2,2026-12-15,3,3,False,Completed
R014116,E04991,2026_H2,2026-12-15,2,3,False,Completed
R014117,E02750,2026_H2,2026-12-15,3,3,False,Completed
R014118,E03921,2026_H2,2026-12-15,3,4,False,Completed
R014119,E04788,2026_H2,2026-12-15,3,3,False,Completed
R014120,E00063,2026_H2,2026-12-15,4,4,False,Completed
R014121,E02097,2026_H2,2026-12-15,4,2,False,Completed
R014122,E02490,2026_H2,2026-12-15,4,3,False,Completed
R014123,E02588,2026_H2,2026-12-15,3,3,False,Completed
R014124,E02994,2026_H2,2026-12-15,5,3,False,Completed
R014125,E04771,2026_H2,2026-12-15,3,3,False,Completed
R014126,E01097,2026_H2,2026-12-15,3,5,False,Completed
R014127,E01105,2026_H2,2026-12-15,4,3,False,Completed
R014128,E02960,2026_H2,2026-12-15,4,4,False,Completed
R014129,E01824,2026_H2,2026-12-15,4,2,False,Completed
R014130,E04087,2026_H2,2026-12-15,3,3,False,Pending
R014131,E02648,2026_H2,2026-12-15,5,3,False,Completed
R014132,E01902,2026_H2,2026-12-15,3,3,False,Completed
R014133,E00237,2026_H2,2026-12-15,3,4,True,Completed
R014134,E01606,2026_H2,2026-12-15,3,3,False,Completed
R014135,E03683,2026_H2,2026-12-15,5,3,False,Completed
R014136,E03630,2026_H2,2026-12-15,4,3,False,Completed
R014137,E01742,2026_H2,2026-12-15,4,2,False,Completed
R014138,E00542,2026_H2,2026-12-15,2,2,False,Completed
R014139,E01862,2026_H2,2026-12-15,1,3,False,Completed
R014140,E00490,2026_H2,2026-12-15,3,3,False,Completed
R014141,E02544,2026_H2,2026-12-15,3,2,False,Completed
R014142,E00425,2026_H2,2026-12-15,3,4,False,Pending
R014143,E03066,2026_H2,2026-12-15,4,3,False,Completed
R014144,E04178,2026_H2,2026-12-15,2,1,False,Completed
R014145,E02066,2026_H2,2026-12-15,4,3,False,Completed
R014146,E02793,2026_H2,2026-12-15,3,3,False,Completed
R014147,E01148,2026_H2,2026-12-15,4,3,False,Completed
R014148,E04910,2026_H2,2026-12-15,3,4,False,Completed
R014149,E00104,2026_H2,2026-12-15,2,3,False,Completed
R014150,E02122,2026_H2,2026-12-15,2,3,False,Completed
R014151,E03031,2026_H2,2026-12-15,2,2,False,Completed
R014152,E00112,2026_H2,2026-12-15,3,3,False,Pending
R014153,E01575,2026_H2,2026-12-15,2,3,False,Completed
R014154,E02407,2026_H2,2026-12-15,5,3,False,Completed
R014155,E02245,2026_H2,2026-12-15,4,4,True,Completed
R014156,E04917,2026_H2,2026-12-15,3,3,False,Completed
R014157,E00020,2026_H2,2026-12-15,4,3,False,Completed
R014158,E01476,2026_H2,2026-12-15,2,3,False,Pending
R014159,E02959,2026_H2,2026-12-15,5,4,False,Pending
R014160,E04107,2026_H2,2026-12-15,4,3,True,Completed
R014161,E03820,2026_H2,2026-12-15,3,4,False,Completed
R014162,E00945,2026_H2,2026-12-15,4,3,False,Completed
R014163,E00019,2026_H2,2026-12-15,3,3,False,Cancelled
R014164,E03745,2026_H2,2026-12-15,2,4,False,Completed
R014165,E02109,2026_H2,2026-12-15,3,4,True,Completed
R014166,E01198,2026_H2,2026-12-15,4,4,False,Completed
R014167,E04216,2026_H2,2026-12-15,3,3,False,Completed
R014168,E00430,2026_H2,2026-12-15,3,3,False,Completed
R014169,E00801,2026_H2,2026-12-15,3,3,False,Completed
R014170,E04730,2026_H2,2026-12-15,4,5,True,Completed
R014171,E04469,2026_H2,2026-12-15,4,4,False,Completed
R014172,E03956,2026_H2,2026-12-15,3,2,False,Completed
R014173,E04774,2026_H2,2026-12-15,3,3,False,Completed
R014174,E01082,2026_H2,2026-12-15,4,3,True,Completed
R014175,E03751,2026_H2,2026-12-15,4,3,False,Completed
R014176,E04501,2026_H2,2026-12-15,3,5,False,Completed
R014177,E00434,2026_H2,2026-12-15,3,3,False,Completed
R014178,E01449,2026_H2,2026-12-15,5,3,False,Completed
R014179,E01047,2026_H2,2026-12-15,1,4,False,Completed
R014180,E02010,2026_H2,2026-12-15,2,4,False,Completed
R014181,E01246,2026_H2,2026-12-15,3,4,False,Completed
R014182,E00248,2026_H2,2026-12-15,2,5,True,Completed
R014183,E03684,2026_H2,2026-12-15,3,3,False,Completed
R014184,E02776,2026_H2,2026-12-15,3,3,False,Completed
R014185,E02360,2026_H2,2026-12-15,3,1,False,Completed
R014186,E00417,2026_H2,2026-12-15,3,5,False,Completed
R014187,E01116,2026_H2,2026-12-15,3,3,False,Completed
R014188,E02414,2026_H2,2026-12-15,5,3,True,Pending
R014189,E04912,2026_H2,2026-12-15,3,3,False,Completed
R014190,E02340,2026_H2,2026-12-15,3,1,False,Completed
R014191,E03097,2026_H2,2026-12-15,5,1,False,Completed
R014192,E00377,2026_H2,2026-12-15,3,4,False,Completed
R014193,E00598,2026_H2,2026-12-15,4,3,False,Completed
R014194,E03101,2026_H2,2026-12-15,3,5,False,Completed
R014195,E02814,2026_H2,2026-12-15,3,4,False,Completed
R014196,E01499,2026_H2,2026-12-15,5,1,False,Completed
R014197,E00902,2026_H2,2026-12-15,5,3,False,Pending
R014198,E01830,2026_H2,2026-12-15,3,3,False,Completed
R014199,E03944,2026_H2,2026-12-15,3,3,False,Completed
R014200,E04749,2026_H2,2026-12-15,2,3,False,Completed
R014201,E04718,2026_H2,2026-12-15,2,2,False,Completed
R014202,E03226,2026_H2,2026-12-15,3,5,False,Pending
R014203,E02018,2026_H2,2026-12-15,3,3,False,Completed
R014204,E01091,2026_H2,2026-12-15,4,5,False,Completed
R014205,E02420,2026_H2,2026-12-15,3,5,True,Completed
R014206,E04741,2026_H2,2026-12-15,2,1,False,Completed
R014207,E01826,2026_H2,2026-12-15,3,3,False,Completed
R014208,E04976,2026_H2,2026-12-15,2,2,False,Pending
R014209,E00994,2026_H2,2026-12-15,4,3,True,Completed
R014210,E02911,2026_H2,2026-12-15,1,3,False,Cancelled
R014211,E02476,2026_H2,2026-12-15,4,5,False,Completed
R014212,E00230,2026_H2,2026-12-15,4,1,False,Completed
R014213,E02770,2026_H2,2026-12-15,5,2,False,Completed
R014214,E04249,2026_H2,2026-12-15,3,3,False,Completed
R014215,E00321,2026_H2,2026-12-15,1,3,False,Pending
R014216,E02053,2026_H2,2026-12-15,3,2,False,Completed
R014217,E01344,2026_H2,2026-12-15,4,3,False,Completed
R014218,E03246,2026_H2,2026-12-15,3,4,False,Completed
R014219,E03806,2026_H2,2026-12-15,3,3,False,Completed
R014220,E02039,2026_H2,2026-12-15,2,4,False,Completed
R014221,E04994,2026_H2,2026-12-15,5,4,False,Completed
R014222,E01523,2026_H2,2026-12-15,2,2,False,Completed
R014223,E03907,2026_H2,2026-12-15,3,5,False,Completed
R014224,E04098,2026_H2,2026-12-15,3,4,True,Completed
R014225,E00042,2026_H2,2026-12-15,3,5,False,Completed
R014226,E04042,2026_H2,2026-12-15,2,3,False,Completed
R014227,E01401,2026_H2,2026-12-15,3,3,False,Completed
R014228,E00231,2026_H2,2026-12-15,2,3,False,Completed
R014229,E01023,2026_H2,2026-12-15,3,4,False,Cancelled
R014230,E04614,2026_H2,2026-12-15,4,2,False,Cancelled
R014231,E02252,2026_H2,2026-12-15,3,2,False,Completed
R014232,E00910,2026_H2,2026-12-15,2,3,False,Completed
R014233,E03707,2026_H2,2026-12-15,3,3,False,Completed
R014234,E02188,2026_H2,2026-12-15,3,4,False,Completed
R014235,E00886,2026_H2,2026-12-15,3,5,False,Completed
R014236,E02925,2026_H2,2026-12-15,4,4,False,Completed
R014237,E03789,2026_H2,2026-12-15,3,3,False,Completed
R014238,E04522,2026_H2,2026-12-15,2,4,False,Completed
R014239,E00785,2026_H2,2026-12-15,3,3,False,Completed
R014240,E02432,2026_H2,2026-12-15,3,4,False,Completed
R014241,E04539,2026_H2,2026-12-15,5,3,False,Completed
R014242,E02839,2026_H2,2026-12-15,1,3,True,Completed
R014243,E00139,2026_H2,2026-12-15,4,2,False,Completed
R014244,E01467,2026_H2,2026-12-15,1,4,False,Completed
R014245,E04952,2026_H2,2026-12-15,3,4,True,Completed
R014246,E02653,2026_H2,2026-12-15,5,3,False,Completed
R014247,E04034,2026_H2,2026-12-15,3,3,False,Completed
R014248,E04618,2026_H2,2026-12-15,4,4,False,Completed
R014249,E01889,2026_H2,2026-12-15,4,4,False,Pending
R014250,E03388,2026_H2,2026-12-15,3,3,True,Completed
R014251,E03399,2026_H2,2026-12-15,3,5,True,Pending
R014252,E00082,2026_H2,2026-12-15,3,3,False,Completed
R014253,E01112,2026_H2,2026-12-15,1,4,False,Completed
R014254,E00047,2026_H2,2026-12-15,2,4,False,Cancelled
R014255,E02716,2026_H2,2026-12-15,3,4,False,Completed
R014256,E04345,2026_H2,2026-12-15,4,3,False,Completed
R014257,E03158,2026_H2,2026-12-15,3,3,False,Completed
R014258,E01270,2026_H2,2026-12-15,4,3,False,Completed
R014259,E01108,2026_H2,2026-12-15,5,3,False,Completed
R014260,E02830,2026_H2,2026-12-15,3,3,False,Completed
R014261,E04794,2026_H2,2026-12-15,4,3,False,Completed
R014262,E00476,2026_H2,2026-12-15,3,4,True,Completed
R014263,E04593,2026_H2,2026-12-15,1,5,False,Completed
R014264,E01440,2026_H2,2026-12-15,2,3,False,Completed
R014265,E03877,2026_H2,2026-12-15,3,4,False,Completed
R014266,E01364,2026_H2,2026-12-15,3,4,True,Completed
R014267,E01155,2026_H2,2026-12-15,3,3,False,Completed
R014268,E03348,2026_H2,2026-12-15,4,4,False,Completed
R014269,E02718,2026_H2,2026-12-15,3,2,True,Completed
R014270,E02963,2026_H2,2026-12-15,4,3,False,Completed
R014271,E02580,2026_H2,2026-12-15,4,3,False,Completed
R014272,E02892,2026_H2,2026-12-15,2,3,False,Completed
R014273,E04597,2026_H2,2026-12-15,3,4,False,Completed
R014274,E04571,2026_H2,2026-12-15,5,3,True,Completed
R014275,E03580,2026_H2,2026-12-15,4,3,False,Completed
R014276,E02083,2026_H2,2026-12-15,3,3,False,Completed
R014277,E00144,2026_H2,2026-12-15,1,4,False,Completed
R014278,E04857,2026_H2,2026-12-15,3,2,False,Cancelled
R014279,E02182,2026_H2,2026-12-15,4,3,False,Pending
R014280,E04603,2026_H2,2026-12-15,3,5,True,Completed
R014281,E03441,2026_H2,2026-12-15,2,5,True,Completed
R014282,E01357,2026_H2,2026-12-15,4,3,True,Completed
R014283,E01037,2026_H2,2026-12-15,2,2,False,Completed
R014284,E03593,2026_H2,2026-12-15,1,4,False,Cancelled
R014285,E02549,2026_H2,2026-12-15,3,2,False,Completed
R014286,E02609,2026_H2,2026-12-15,2,3,False,Completed
R014287,E02731,2026_H2,2026-12-15,3,3,False,Completed
R014288,E01164,2026_H2,2026-12-15,3,4,True,Completed
R014289,E01369,2026_H2,2026-12-15,3,4,False,Completed
R014290,E02259,2026_H2,2026-12-15,3,3,False,Completed
R014291,E02153,2026_H2,2026-12-15,4,3,False,Pending
R014292,E00569,2026_H2,2026-12-15,1,2,False,Completed
R014293,E04950,2026_H2,2026-12-15,3,4,False,Completed
R014294,E00851,2026_H2,2026-12-15,3,2,False,Completed
R014295,E01833,2026_H2,2026-12-15,4,5,True,Completed
R014296,E00200,2026_H2,2026-12-15,3,1,True,Completed
R014297,E00150,2026_H2,2026-12-15,3,4,False,Completed
R014298,E00616,2026_H2,2026-12-15,4,4,True,Completed
R014299,E02836,2026_H2,2026-12-15,2,2,False,Completed
R014300,E01201,2026_H2,2026-12-15,4,4,True,Completed
R014301,E04657,2026_H2,2026-12-15,4,3,False,Completed
R014302,E04879,2026_H2,2026-12-15,3,1,False,Completed
R014303,E03350,2026_H2,2026-12-15,3,4,False,Completed
R014304,E03269,2026_H2,2026-12-15,3,3,False,Completed
R014305,E01913,2026_H2,2026-12-15,3,3,False,Completed
R014306,E04770,2026_H2,2026-12-15,4,5,False,Completed
R014307,E02837,2026_H2,2026-12-15,1,3,False,Completed
R014308,E01608,2026_H2,2026-12-15,3,4,False,Completed
R014309,E04296,2026_H2,2026-12-15,3,3,False,Completed
R014310,E01218,2026_H2,2026-12-15,5,2,False,Completed
R014311,E00033,2026_H2,2026-12-15,4,3,False,Completed
R014312,E03941,2026_H2,2026-12-15,3,4,False,Completed
R014313,E03371,2026_H2,2026-12-15,3,4,False,Completed
R014314,E04163,2026_H2,2026-12-15,5,1,False,Completed
R014315,E04678,2026_H2,2026-12-15,2,5,False,Completed
R014316,E01041,2026_H2,2026-12-15,4,3,False,Completed
R014317,E03574,2026_H2,2026-12-15,1,4,False,Pending
R014318,E03908,2026_H2,2026-12-15,3,1,False,Completed
R014319,E03448,2026_H2,2026-12-15,4,3,False,Completed
R014320,E02177,2026_H2,2026-12-15,3,3,False,Completed
R014321,E04787,2026_H2,2026-12-15,3,1,False,Completed
R014322,E00608,2026_H2,2026-12-15,4,3,False,Completed
R014323,E02901,2026_H2,2026-12-15,4,3,False,Completed
R014324,E03201,2026_H2,2026-12-15,2,4,False,Pending
R014325,E00461,2026_H2,2026-12-15,3,2,False,Completed
R014326,E04683,2026_H2,2026-12-15,3,2,False,Completed
R014327,E00468,2026_H2,2026-12-15,3,3,False,Completed
R014328,E01027,2026_H2,2026-12-15,3,2,False,Completed
R014329,E02815,2026_H2,2026-12-15,1,2,False,Completed
R014330,E01622,2026_H2,2026-12-15,5,3,False,Completed
R014331,E04831,2026_H2,2026-12-15,3,4,False,Completed
R014332,E04172,2026_H2,2026-12-15,3,2,False,Completed
R014333,E02324,2026_H2,2026-12-15,3,3,False,Completed
R014334,E02633,2026_H2,2026-12-15,4,2,False,Completed
R014335,E03100,2026_H2,2026-12-15,4,3,False,Completed
R014336,E01865,2026_H2,2026-12-15,3,3,False,Completed
R014337,E00122,2026_H2,2026-12-15,1,3,False,Completed
R014338,E04800,2026_H2,2026-12-15,3,5,True,Completed
R014339,E02147,2026_H2,2026-12-15,3,5,False,Completed
R014340,E03693,2026_H2,2026-12-15,3,3,False,Completed
R014341,E03132,2026_H2,2026-12-15,4,5,False,Completed
R014342,E03923,2026_H2,2026-12-15,3,2,False,Completed
R014343,E03970,2026_H2,2026-12-15,4,5,False,Completed
R014344,E01920,2026_H2,2026-12-15,3,1,False,Completed
R014345,E04623,2026_H2,2026-12-15,3,2,False,Completed
R014346,E00412,2026_H2,2026-12-15,3,5,False,Completed
R014347,E04012,2026_H2,2026-12-15,3,3,False,Completed
R014348,E03144,2026_H2,2026-12-15,2,4,False,Pending
R014349,E00293,2026_H2,2026-12-15,2,3,False,Completed
R014350,E00927,2026_H2,2026-12-15,4,4,True,Pending
R014351,E02418,2026_H2,2026-12-15,3,3,False,Completed
R014352,E01215,2026_H2,2026-12-15,3,3,False,Completed
R014353,E03323,2026_H2,2026-12-15,3,4,False,Completed
R014354,E00993,2026_H2,2026-12-15,3,3,False,Completed
R014355,E03268,2026_H2,2026-12-15,5,2,False,Completed
R014356,E02496,2026_H2,2026-12-15,3,3,False,Completed
R014357,E03385,2026_H2,2026-12-15,3,3,False,Completed
R014358,E00010,2026_H2,2026-12-15,4,4,False,Completed
R014359,E01716,2026_H2,2026-12-15,2,3,False,Completed
R014360,E04378,2026_H2,2026-12-15,3,4,False,Completed
R014361,E01020,2026_H2,2026-12-15,3,2,False,Completed
R014362,E04903,2026_H2,2026-12-15,3,3,False,Completed
R014363,E01180,2026_H2,2026-12-15,3,2,False,Completed
R014364,E00178,2026_H2,2026-12-15,3,2,False,Completed
R014365,E01827,2026_H2,2026-12-15,3,2,False,Completed
R014366,E01429,2026_H2,2026-12-15,3,3,False,Completed
R014367,E02727,2026_H2,2026-12-15,2,3,False,Pending
R014368,E03869,2026_H2,2026-12-15,1,4,False,Completed
R014369,E03689,2026_H2,2026-12-15,3,3,False,Completed
R014370,E03886,2026_H2,2026-12-15,5,5,False,Cancelled
R014371,E00647,2026_H2,2026-12-15,4,3,False,Completed
R014372,E03744,2026_H2,2026-12-15,3,4,False,Completed
R014373,E04881,2026_H2,2026-12-15,3,3,False,Completed
R014374,E04159,2026_H2,2026-12-15,4,3,False,Completed
R014375,E02535,2026_H2,2026-12-15,3,4,False,Completed
R014376,E01586,2026_H2,2026-12-15,3,4,False,Completed
R014377,E04045,2026_H2,2026-12-15,2,3,False,Completed
R014378,E04125,2026_H2,2026-12-15,3,3,False,Completed
R014379,E01873,2026_H2,2026-12-15,3,4,False,Completed
R014380,E02098,2026_H2,2026-12-15,3,4,False,Completed
R014381,E00257,2026_H2,2026-12-15,5,3,False,Completed
R014382,E01109,2026_H2,2026-12-15,2,5,False,Completed
R014383,E00399,2026_H2,2026-12-15,3,3,False,Completed
R014384,E01351,2026_H2,2026-12-15,2,2,False,Completed
R014385,E02137,2026_H2,2026-12-15,3,4,False,Completed
R014386,E03836,2026_H2,2026-12-15,3,4,True,Completed
R014387,E02423,2026_H2,2026-12-15,1,4,False,Completed
R014388,E02883,2026_H2,2026-12-15,4,4,False,Completed
R014389,E04529,2026_H2,2026-12-15,4,4,False,Completed
R014390,E01036,2026_H2,2026-12-15,3,5,False,Completed
R014391,E02932,2026_H2,2026-12-15,2,4,False,Completed
R014392,E04374,2026_H2,2026-12-15,2,4,False,Completed
R014393,E04423,2026_H2,2026-12-15,5,3,False,Cancelled
R014394,E01554,2026_H2,2026-12-15,2,2,False,Completed
R014395,E02796,2026_H2,2026-12-15,5,4,False,Completed
R014396,E01979,2026_H2,2026-12-15,2,2,False,Cancelled
R014397,E02575,2026_H2,2026-12-15,4,3,False,Completed
R014398,E03077,2026_H2,2026-12-15,3,3,False,Completed
R014399,E01017,2026_H2,2026-12-15,3,3,False,Completed
R014400,E02645,2026_H2,2026-12-15,3,1,False,Pending
R014401,E02344,2026_H2,2026-12-15,3,4,False,Completed
R014402,E00209,2026_H2,2026-12-15,5,3,False,Completed
R014403,E02149,2026_H2,2026-12-15,5,3,False,Completed
R014404,E01226,2026_H2,2026-12-15,3,4,False,Completed
R014405,E03398,2026_H2,2026-12-15,4,3,True,Completed
R014406,E03234,2026_H2,2026-12-15,3,5,False,Completed
R014407,E04338,2026_H2,2026-12-15,2,3,False,Completed
R014408,E00029,2026_H2,2026-12-15,2,4,False,Completed
R014409,E04559,2026_H2,2026-12-15,3,3,False,Completed
R014410,E04484,2026_H2,2026-12-15,2,4,False,Completed
R014411,E02998,2026_H2,2026-12-15,4,3,False,Completed
R014412,E00262,2026_H2,2026-12-15,3,4,False,Completed
R014413,E03737,2026_H2,2026-12-15,3,2,False,Completed
R014414,E02196,2026_H2,2026-12-15,3,3,False,Pending
R014415,E02246,2026_H2,2026-12-15,4,2,False,Completed
R014416,E03417,2026_H2,2026-12-15,4,5,False,Completed
R014417,E03754,2026_H2,2026-12-15,3,3,False,Completed
R014418,E01515,2026_H2,2026-12-15,3,3,False,Completed
R014419,E02184,2026_H2,2026-12-15,5,3,False,Completed
R014420,E00756,2026_H2,2026-12-15,3,5,False,Pending
R014421,E00504,2026_H2,2026-12-15,4,5,False,Pending
R014422,E02550,2026_H2,2026-12-15,3,2,False,Completed
R014423,E04504,2026_H2,2026-12-15,3,1,False,Cancelled
R014424,E03824,2026_H2,2026-12-15,4,1,False,Completed
R014425,E03891,2026_H2,2026-12-15,3,3,False,Completed
R014426,E04653,2026_H2,2026-12-15,4,1,False,Completed
R014427,E00854,2026_H2,2026-12-15,1,2,False,Completed
R014428,E02323,2026_H2,2026-12-15,5,5,False,Completed
R014429,E00352,2026_H2,2026-12-15,4,3,True,Completed
R014430,E00864,2026_H2,2026-12-15,5,3,False,Completed
R014431,E03799,2026_H2,2026-12-15,2,1,False,Completed
R014432,E01055,2026_H2,2026-12-15,3,3,False,Completed
R014433,E03935,2026_H2,2026-12-15,5,4,False,Completed
R014434,E04082,2026_H2,2026-12-15,4,3,False,Completed
R014435,E02141,2026_H2,2026-12-15,3,3,False,Completed
R014436,E03835,2026_H2,2026-12-15,5,3,False,Completed
R014437,E01683,2026_H2,2026-12-15,4,3,True,Completed
R014438,E02359,2026_H2,2026-12-15,1,5,False,Completed
R014439,E01828,2026_H2,2026-12-15,3,3,False,Completed
R014440,E00823,2026_H2,2026-12-15,2,4,False,Completed
R014441,E04480,2026_H2,2026-12-15,3,4,False,Completed
R014442,E01034,2026_H2,2026-12-15,4,3,False,Completed
R014443,E02037,2026_H2,2026-12-15,3,3,False,Completed
R014444,E02659,2026_H2,2026-12-15,3,3,False,Completed
R014445,E02139,2026_H2,2026-12-15,3,3,False,Completed
R014446,E00572,2026_H2,2026-12-15,3,3,False,Completed
R014447,E04945,2026_H2,2026-12-15,3,4,False,Completed
R014448,E00378,2026_H2,2026-12-15,4,2,True,Completed
R014449,E02769,2026_H2,2026-12-15,4,3,False,Completed
R014450,E02707,2026_H2,2026-12-15,4,3,False,Completed
R014451,E03453,2026_H2,2026-12-15,5,2,False,Cancelled
R014452,E04222,2026_H2,2026-12-15,3,3,False,Completed
R014453,E02203,2026_H2,2026-12-15,4,3,False,Pending
R014454,E00774,2026_H2,2026-12-15,3,3,False,Completed
R014455,E04902,2026_H2,2026-12-15,3,4,False,Completed
R014456,E03566,2026_H2,2026-12-15,3,5,False,Completed
R014457,E01930,2026_H2,2026-12-15,2,1,False,Completed
R014458,E03870,2026_H2,2026-12-15,4,4,True,Completed
R014459,E00931,2026_H2,2026-12-15,4,3,True,Completed
R014460,E00585,2026_H2,2026-12-15,4,5,False,Completed
R014461,E04872,2026_H2,2026-12-15,2,2,False,Pending
R014462,E03767,2026_H2,2026-12-15,3,3,False,Completed
R014463,E01133,2026_H2,2026-12-15,5,5,False,Completed
R014464,E01517,2026_H2,2026-12-15,3,2,False,Completed
R014465,E00182,2026_H2,2026-12-15,3,2,False,Completed
R014466,E03003,2026_H2,2026-12-15,3,3,False,Completed
R014467,E04247,2026_H2,2026-12-15,3,4,False,Completed
R014468,E04711,2026_H2,2026-12-15,4,4,False,Completed
R014469,E01714,2026_H2,2026-12-15,3,3,False,Cancelled
R014470,E00264,2026_H2,2026-12-15,2,4,False,Completed
R014471,E04937,2026_H2,2026-12-15,3,4,False,Completed
R014472,E04583,2026_H2,2026-12-15,3,3,False,Completed
R014473,E02927,2026_H2,2026-12-15,3,3,False,Completed
R014474,E04102,2026_H2,2026-12-15,3,3,False,Completed
R014475,E03787,2026_H2,2026-12-15,3,2,False,Completed
R014476,E02791,2026_H2,2026-12-15,4,3,False,Completed
R014477,E03140,2026_H2,2026-12-15,3,4,False,Completed
R014478,E04092,2026_H2,2026-12-15,3,3,False,Completed
R014479,E04586,2026_H2,2026-12-15,3,2,False,Completed
R014480,E02341,2026_H2,2026-12-15,4,3,False,Completed
R014481,E02121,2026_H2,2026-12-15,5,3,False,Completed
R014482,E00249,2026_H2,2026-12-15,4,5,False,Completed
R014483,E01789,2026_H2,2026-12-15,3,3,False,Completed
R014484,E04282,2026_H2,2026-12-15,3,4,False,Completed
R014485,E01354,2026_H2,2026-12-15,3,4,False,Completed
R014486,E03587,2026_H2,2026-12-15,2,2,False,Completed
R014487,E04035,2026_H2,2026-12-15,3,4,False,Completed
R014488,E01503,2026_H2,2026-12-15,4,3,False,Completed
R014489,E04122,2026_H2,2026-12-15,5,4,True,Completed
R014490,E01115,2026_H2,2026-12-15,3,3,False,Completed
R014491,E00107,2026_H2,2026-12-15,4,4,False,Completed
R014492,E00471,2026_H2,2026-12-15,4,4,False,Completed
R014493,E04707,2026_H2,2026-12-15,4,4,False,Pending
R014494,E00404,2026_H2,2026-12-15,4,3,True,Completed
R014495,E01032,2026_H2,2026-12-15,4,4,False,Completed
R014496,E03526,2026_H2,2026-12-15,5,2,False,Completed
R014497,E03814,2026_H2,2026-12-15,4,2,True,Completed
R014498,E03520,2026_H2,2026-12-15,3,3,False,Completed
R014499,E03533,2026_H2,2026-12-15,1,2,False,Completed
R014500,E02709,2026_H2,2026-12-15,3,3,False,Completed
R014501,E00810,2026_H2,2026-12-15,3,3,False,Completed
R014502,E00429,2026_H2,2026-12-15,4,4,False,Completed
R014503,E03562,2026_H2,2026-12-15,4,4,False,Completed
R014504,E02835,2026_H2,2026-12-15,4,1,False,Completed
R014505,E04174,2026_H2,2026-12-15,3,4,True,Completed
R014506,E00855,2026_H2,2026-12-15,4,5,False,Completed
R014507,E00005,2026_H2,2026-12-15,3,5,False,Pending
R014508,E00113,2026_H2,2026-12-15,4,3,False,Completed
R014509,E01818,2026_H2,2026-12-15,3,3,False,Completed
R014510,E03518,2026_H2,2026-12-15,4,3,False,Pending
R014511,E01885,2026_H2,2026-12-15,4,3,False,Completed
R014512,E01897,2026_H2,2026-12-15,5,1,False,Completed
R014513,E02452,2026_H2,2026-12-15,4,5,False,Completed
R014514,E01332,2026_H2,2026-12-15,3,3,False,Completed
R014515,E04594,2026_H2,2026-12-15,1,5,False,Completed
R014516,E00385,2026_H2,2026-12-15,2,4,False,Completed
R014517,E03091,2026_H2,2026-12-15,3,2,True,Completed
R014518,E04158,2026_H2,2026-12-15,3,4,False,Completed
R014519,E02113,2026_H2,2026-12-15,3,5,False,Completed
R014520,E03380,2026_H2,2026-12-15,4,3,True,Completed
R014521,E04393,2026_H2,2026-12-15,2,3,False,Completed
R014522,E01574,2026_H2,2026-12-15,4,3,False,Completed
R014523,E01384,2026_H2,2026-12-15,3,3,False,Completed
R014524,E04849,2026_H2,2026-12-15,4,3,False,Completed
R014525,E00217,2026_H2,2026-12-15,4,4,False,Completed
R014526,E04874,2026_H2,2026-12-15,3,3,False,Completed
R014527,E04590,2026_H2,2026-12-15,3,3,False,Completed
R014528,E03452,2026_H2,2026-12-15,4,3,False,Completed
R014529,E04366,2026_H2,2026-12-15,3,4,False,Completed
R014530,E01877,2026_H2,2026-12-15,4,5,False,Completed
R014531,E00727,2026_H2,2026-12-15,4,2,False,Completed
R014532,E01395,2026_H2,2026-12-15,3,3,False,Pending
R014533,E00407,2026_H2,2026-12-15,4,4,False,Completed
R014534,E03240,2026_H2,2026-12-15,4,2,False,Completed
R014535,E00540,2026_H2,2026-12-15,5,3,False,Completed
R014536,E02572,2026_H2,2026-12-15,3,4,False,Completed
R014537,E00081,2026_H2,2026-12-15,3,2,False,Completed
R014538,E04468,2026_H2,2026-12-15,2,4,False,Completed
R014539,E02520,2026_H2,2026-12-15,4,4,False,Completed
R014540,E02350,2026_H2,2026-12-15,3,3,False,Completed
R014541,E03513,2026_H2,2026-12-15,3,3,False,Completed
R014542,E01867,2026_H2,2026-12-15,2,1,False,Completed
R014543,E00017,2026_H2,2026-12-15,5,5,False,Completed
R014544,E01635,2026_H2,2026-12-15,4,4,False,Completed
R014545,E04384,2026_H2,2026-12-15,2,4,False,Completed
R014546,E02029,2026_H2,2026-12-15,3,5,False,Pending
R014547,E01111,2026_H2,2026-12-15,4,3,False,Completed
R014548,E04434,2026_H2,2026-12-15,3,4,False,Completed
R014549,E02953,2026_H2,2026-12-15,3,3,False,Completed
R014550,E04020,2026_H2,2026-12-15,5,4,False,Completed
R014551,E01670,2026_H2,2026-12-15,5,3,False,Completed
R014552,E02845,2026_H2,2026-12-15,5,3,True,Completed
R014553,E01998,2026_H2,2026-12-15,5,4,False,Completed
R014554,E01012,2026_H2,2026-12-15,2,2,False,Completed
R014555,E03117,2026_H2,2026-12-15,3,3,False,Completed
R014556,E04977,2026_H2,2026-12-15,5,4,False,Completed
R014557,E01868,2026_H2,2026-12-15,3,4,False,Completed
R014558,E04054,2026_H2,2026-12-15,2,4,False,Completed
R014559,E03887,2026_H2,2026-12-15,3,3,False,Completed
R014560,E02483,2026_H2,2026-12-15,3,3,False,Completed
R014561,E03387,2026_H2,2026-12-15,2,3,False,Completed
R014562,E00653,2026_H2,2026-12-15,3,3,True,Completed
R014563,E02047,2026_H2,2026-12-15,4,5,False,Completed
R014564,E01537,2026_H2,2026-12-15,1,3,False,Completed
R014565,E01147,2026_H2,2026-12-15,3,3,True,Completed
R014566,E03500,2026_H2,2026-12-15,2,3,False,Cancelled
R014567,E03849,2026_H2,2026-12-15,4,3,False,Completed
R014568,E02397,2026_H2,2026-12-15,3,3,False,Completed
R014569,E00770,2026_H2,2026-12-15,4,2,False,Completed
R014570,E01521,2026_H2,2026-12-15,4,4,False,Completed
R014571,E02386,2026_H2,2026-12-15,2,5,False,Completed
R014572,E02934,2026_H2,2026-12-15,3,5,True,Completed
R014573,E00833,2026_H2,2026-12-15,4,3,True,Completed
R014574,E04505,2026_H2,2026-12-15,3,4,False,Completed
R014575,E03181,2026_H2,2026-12-15,4,1,False,Completed
R014576,E02394,2026_H2,2026-12-15,3,3,False,Pending
R014577,E03126,2026_H2,2026-12-15,4,4,False,Completed
R014578,E01123,2026_H2,2026-12-15,2,3,False,Completed
R014579,E01755,2026_H2,2026-12-15,4,4,False,Completed
R014580,E00386,2026_H2,2026-12-15,3,4,False,Completed
R014581,E00683,2026_H2,2026-12-15,3,3,False,Completed
R014582,E04162,2026_H2,2026-12-15,5,3,False,Completed
R014583,E03254,2026_H2,2026-12-15,1,2,False,Completed
R014584,E02865,2026_H2,2026-12-15,3,2,False,Completed
R014585,E01451,2026_H2,2026-12-15,1,3,False,Completed
R014586,E02236,2026_H2,2026-12-15,5,3,False,Completed
R014587,E01496,2026_H2,2026-12-15,1,4,True,Cancelled
R014588,E00189,2026_H2,2026-12-15,3,4,False,Pending
R014589,E02608,2026_H2,2026-12-15,4,3,False,Completed
R014590,E04957,2026_H2,2026-12-15,3,2,False,Completed
R014591,E04970,2026_H2,2026-12-15,3,3,False,Pending
R014592,E00409,2026_H2,2026-12-15,4,3,False,Completed
R014593,E01266,2026_H2,2026-12-15,3,2,False,Completed
R014594,E04400,2026_H2,2026-12-15,5,4,True,Completed
R014595,E04209,2026_H2,2026-12-15,4,4,True,Completed
R014596,E00224,2026_H2,2026-12-15,4,5,False,Cancelled
R014597,E04381,2026_H2,2026-12-15,2,5,False,Completed
R014598,E01522,2026_H2,2026-12-15,2,3,False,Completed
R014599,E04120,2026_H2,2026-12-15,3,2,False,Completed
R014600,E03225,2026_H2,2026-12-15,4,3,False,Completed
R014601,E01530,2026_H2,2026-12-15,3,4,False,Completed
R014602,E03168,2026_H2,2026-12-15,5,3,True,Completed
R014603,E00689,2026_H2,2026-12-15,5,5,False,Pending
R014604,E02723,2026_H2,2026-12-15,3,3,False,Completed
R014605,E02012,2026_H2,2026-12-15,3,3,False,Completed
R014606,E00938,2026_H2,2026-12-15,4,3,False,Completed
R014607,E04512,2026_H2,2026-12-15,3,3,False,Completed
R014608,E01435,2026_H2,2026-12-15,3,2,False,Completed
R014609,E02172,2026_H2,2026-12-15,2,4,False,Completed
R014610,E04157,2026_H2,2026-12-15,4,4,False,Pending
R014611,E03352,2026_H2,2026-12-15,5,3,False,Completed
R014612,E02600,2026_H2,2026-12-15,4,3,False,Pending
R014613,E00963,2026_H2,2026-12-15,2,1,False,Completed
R014614,E04292,2026_H2,2026-12-15,3,3,False,Completed
R014615,E04894,2026_H2,2026-12-15,3,3,False,Cancelled
R014616,E02711,2026_H2,2026-12-15,3,4,False,Completed
R014617,E02890,2026_H2,2026-12-15,3,2,False,Completed
R014618,E00521,2026_H2,2026-12-15,3,4,False,Completed
R014619,E02326,2026_H2,2026-12-15,4,3,False,Completed
R014620,E00838,2026_H2,2026-12-15,3,4,False,Completed
R014621,E01618,2026_H2,2026-12-15,3,4,False,Completed
R014622,E04752,2026_H2,2026-12-15,4,3,False,Completed
R014623,E03950,2026_H2,2026-12-15,3,4,False,Completed
R014624,E00045,2026_H2,2026-12-15,2,1,False,Completed
R014625,E03486,2026_H2,2026-12-15,3,5,False,Completed
R014626,E01327,2026_H2,2026-12-15,3,2,False,Completed
R014627,E02798,2026_H2,2026-12-15,4,3,False,Completed
R014628,E01933,2026_H2,2026-12-15,3,1,False,Completed
R014629,E00419,2026_H2,2026-12-15,4,5,False,Completed
R014630,E00885,2026_H2,2026-12-15,5,3,False,Completed
R014631,E04551,2026_H2,2026-12-15,3,3,False,Completed
R014632,E00507,2026_H2,2026-12-15,3,1,False,Completed
R014633,E01793,2026_H2,2026-12-15,3,5,False,Completed
R014634,E00449,2026_H2,2026-12-15,2,3,False,Completed
R014635,E00435,2026_H2,2026-12-15,3,4,False,Completed
R014636,E04001,2026_H2,2026-12-15,2,2,False,Completed
R014637,E00146,2026_H2,2026-12-15,3,3,False,Completed
R014638,E04008,2026_H2,2026-12-15,4,4,True,Completed
R014639,E01433,2026_H2,2026-12-15,4,3,False,Completed
R014640,E01371,2026_H2,2026-12-15,4,2,True,Completed
R014641,E00210,2026_H2,2026-12-15,3,3,False,Completed
R014642,E04383,2026_H2,2026-12-15,3,5,False,Completed
R014643,E01918,2026_H2,2026-12-15,3,3,False,Completed
R014644,E00726,2026_H2,2026-12-15,4,3,False,Completed
R014645,E04014,2026_H2,2026-12-15,5,4,True,Completed
R014646,E00613,2026_H2,2026-12-15,3,5,True,Completed
R014647,E02797,2026_H2,2026-12-15,5,4,False,Pending
R014648,E00416,2026_H2,2026-12-15,3,3,False,Pending
R014649,E02578,2026_H2,2026-12-15,3,3,False,Completed
R014650,E02717,2026_H2,2026-12-15,3,2,False,Cancelled
R014651,E04890,2026_H2,2026-12-15,4,3,False,Completed
R014652,E01615,2026_H2,2026-12-15,3,5,False,Completed
R014653,E04198,2026_H2,2026-12-15,3,5,True,Completed
R014654,E01541,2026_H2,2026-12-15,4,4,False,Completed
R014655,E04642,2026_H2,2026-12-15,4,3,False,Completed
R014656,E02586,2026_H2,2026-12-15,3,2,False,Completed
R014657,E04679,2026_H2,2026-12-15,4,3,False,Pending
R014658,E04798,2026_H2,2026-12-15,3,4,False,Completed
R014659,E01601,2026_H2,2026-12-15,3,2,False,Completed
R014660,E00884,2026_H2,2026-12-15,3,3,False,Pending
R014661,E02811,2026_H2,2026-12-15,4,3,False,Completed
R014662,E01657,2026_H2,2026-12-15,3,4,False,Completed
R014663,E02980,2026_H2,2026-12-15,2,4,False,Completed
R014664,E04188,2026_H2,2026-12-15,3,3,False,Completed
R014665,E04177,2026_H2,2026-12-15,3,3,False,Completed
R014666,E04293,2026_H2,2026-12-15,4,2,False,Completed
R014667,E01013,2026_H2,2026-12-15,4,2,False,Completed
R014668,E01494,2026_H2,2026-12-15,3,5,False,Completed
R014669,E00418,2026_H2,2026-12-15,4,3,False,Completed
R014670,E04502,2026_H2,2026-12-15,3,5,False,Completed
R014671,E03154,2026_H2,2026-12-15,3,2,False,Completed
R014672,E02525,2026_H2,2026-12-15,4,4,False,Completed
R014673,E04724,2026_H2,2026-12-15,5,3,False,Completed
R014674,E04811,2026_H2,2026-12-15,3,1,False,Pending
R014675,E02804,2026_H2,2026-12-15,3,4,True,Completed
R014676,E02554,2026_H2,2026-12-15,3,3,False,Completed
R014677,E02807,2026_H2,2026-12-15,3,3,False,Completed
R014678,E04002,2026_H2,2026-12-15,4,1,False,Completed
R014679,E04424,2026_H2,2026-12-15,3,4,False,Completed
R014680,E01485,2026_H2,2026-12-15,2,5,False,Completed
R014681,E04066,2026_H2,2026-12-15,3,5,False,Pending
R014682,E03586,2026_H2,2026-12-15,3,2,False,Completed
R014683,E01411,2026_H2,2026-12-15,4,1,False,Completed
R014684,E02514,2026_H2,2026-12-15,3,1,False,Completed
R014685,E04785,2026_H2,2026-12-15,4,3,False,Completed
R014686,E00960,2026_H2,2026-12-15,3,5,False,Completed
R014687,E00586,2026_H2,2026-12-15,3,4,False,Completed
R014688,E04797,2026_H2,2026-12-15,5,3,False,Completed
R014689,E00202,2026_H2,2026-12-15,2,1,False,Completed
R014690,E04269,2026_H2,2026-12-15,5,3,False,Completed
R014691,E03145,2026_H2,2026-12-15,4,3,False,Pending
R014692,E00778,2026_H2,2026-12-15,3,4,False,Completed
R014693,E00398,2026_H2,2026-12-15,4,4,False,Pending
R014694,E00865,2026_H2,2026-12-15,5,3,True,Completed
R014695,E03802,2026_H2,2026-12-15,3,4,False,Completed
R014696,E00163,2026_H2,2026-12-15,3,3,False,Completed
R014697,E02371,2026_H2,2026-12-15,4,3,False,Completed
R014698,E01598,2026_H2,2026-12-15,5,1,False,Pending
R014699,E01325,2026_H2,2026-12-15,4,3,False,Completed
R014700,E03322,2026_H2,2026-12-15,3,2,False,Completed
R014701,E02692,2026_H2,2026-12-15,2,3,False,Completed
R014702,E03555,2026_H2,2026-12-15,3,4,False,Completed
R014703,E00733,2026_H2,2026-12-15,3,1,False,Completed
R014704,E01005,2026_H2,2026-12-15,3,5,False,Completed
R014705,E00346,2026_H2,2026-12-15,4,2,False,Completed
R014706,E00850,2026_H2,2026-12-15,3,1,False,Completed
R014707,E00172,2026_H2,2026-12-15,4,4,False,Completed
R014708,E03559,2026_H2,2026-12-15,3,4,False,Cancelled
R014709,E02382,2026_H2,2026-12-15,4,3,False,Completed
R014710,E03839,2026_H2,2026-12-15,3,4,False,Completed
R014711,E01216,2026_H2,2026-12-15,2,3,False,Completed
R014712,E03156,2026_H2,2026-12-15,2,3,False,Completed
R014713,E03661,2026_H2,2026-12-15,3,4,False,Completed
R014714,E01767,2026_H2,2026-12-15,2,4,False,Completed
R014715,E03209,2026_H2,2026-12-15,2,4,False,Completed
R014716,E02992,2026_H2,2026-12-15,3,4,True,Completed
R014717,E04795,2026_H2,2026-12-15,4,3,False,Completed
R014718,E04733,2026_H2,2026-12-15,3,2,False,Completed
R014719,E02265,2026_H2,2026-12-15,3,4,False,Completed
R014720,E01963,2026_H2,2026-12-15,5,4,False,Cancelled
R014721,E00162,2026_H2,2026-12-15,5,4,False,Completed
R014722,E04851,2026_H2,2026-12-15,5,4,False,Completed
R014723,E04352,2026_H2,2026-12-15,5,3,False,Completed
R014724,E00062,2026_H2,2026-12-15,3,3,False,Completed
R014725,E00976,2026_H2,2026-12-15,3,2,False,Completed
R014726,E04111,2026_H2,2026-12-15,3,3,False,Completed
R014727,E02787,2026_H2,2026-12-15,3,4,False,Completed
R014728,E01100,2026_H2,2026-12-15,3,2,False,Completed
R014729,E02912,2026_H2,2026-12-15,2,2,False,Completed
R014730,E02071,2026_H2,2026-12-15,3,4,True,Completed
R014731,E01968,2026_H2,2026-12-15,3,3,False,Completed
R014732,E02664,2026_H2,2026-12-15,5,3,False,Completed
R014733,E04927,2026_H2,2026-12-15,3,4,False,Completed
R014734,E00061,2026_H2,2026-12-15,3,3,False,Completed
R014735,E04341,2026_H2,2026-12-15,4,3,False,Completed
R014736,E03714,2026_H2,2026-12-15,3,4,False,Completed
R014737,E01445,2026_H2,2026-12-15,4,4,False,Completed
R014738,E02275,2026_H2,2026-12-15,5,3,False,Completed
R014739,E03076,2026_H2,2026-12-15,3,4,False,Completed
R014740,E01939,2026_H2,2026-12-15,3,3,False,Completed
R014741,E03030,2026_H2,2026-12-15,3,4,False,Completed
R014742,E04942,2026_H2,2026-12-15,4,3,False,Completed
R014743,E02304,2026_H2,2026-12-15,4,5,False,Completed
R014744,E00343,2026_H2,2026-12-15,3,3,False,Completed
R014745,E01213,2026_H2,2026-12-15,3,3,False,Completed
R014746,E00915,2026_H2,2026-12-15,5,2,False,Completed
R014747,E03619,2026_H2,2026-12-15,3,2,False,Completed
R014748,E04128,2026_H2,2026-12-15,3,5,False,Completed
R014749,E04311,2026_H2,2026-12-15,4,3,False,Completed
R014750,E01806,2026_H2,2026-12-15,1,3,False,Completed
R014751,E00428,2026_H2,2026-12-15,2,3,False,Completed
R014752,E00924,2026_H2,2026-12-15,3,3,False,Completed
R014753,E01527,2026_H2,2026-12-15,2,4,False,Pending
R014754,E03863,2026_H2,2026-12-15,4,3,True,Completed
R014755,E00916,2026_H2,2026-12-15,4,4,False,Completed
R014756,E02317,2026_H2,2026-12-15,4,3,False,Completed
R014757,E04218,2026_H2,2026-12-15,5,4,False,Completed
R014758,E02140,2026_H2,2026-12-15,3,3,False,Completed
R014759,E00168,2026_H2,2026-12-15,3,2,False,Completed
R014760,E03434,2026_H2,2026-12-15,4,5,False,Completed
R014761,E04201,2026_H2,2026-12-15,5,3,False,Completed
R014762,E01705,2026_H2,2026-12-15,2,3,False,Completed
R014763,E01941,2026_H2,2026-12-15,4,2,False,Cancelled
R014764,E00989,2026_H2,2026-12-15,3,3,False,Completed
R014765,E00140,2026_H2,2026-12-15,3,3,False,Completed
R014766,E01990,2026_H2,2026-12-15,5,3,False,Completed
R014767,E03645,2026_H2,2026-12-15,3,4,True,Pending
R014768,E04801,2026_H2,2026-12-15,3,1,False,Completed
R014769,E01391,2026_H2,2026-12-15,3,4,False,Completed
R014770,E01107,2026_H2,2026-12-15,3,3,False,Completed
R014771,E03728,2026_H2,2026-12-15,3,4,False,Completed
R014772,E00876,2026_H2,2026-12-15,3,4,False,Completed
R014773,E01035,2026_H2,2026-12-15,4,4,False,Completed
R014774,E03149,2026_H2,2026-12-15,3,4,True,Completed
R014775,E04112,2026_H2,2026-12-15,3,3,False,Completed
R014776,E04971,2026_H2,2026-12-15,3,4,False,Completed
R014777,E03102,2026_H2,2026-12-15,4,2,True,Completed
R014778,E02966,2026_H2,2026-12-15,3,3,True,Completed
R014779,E00316,2026_H2,2026-12-15,3,3,False,Completed
R014780,E01446,2026_H2,2026-12-15,3,3,True,Completed
R014781,E04298,2026_H2,2026-12-15,3,2,False,Completed
R014782,E00284,2026_H2,2026-12-15,3,4,False,Completed
R014783,E04415,2026_H2,2026-12-15,3,1,False,Completed
R014784,E01442,2026_H2,2026-12-15,2,3,False,Completed
R014785,E01350,2026_H2,2026-12-15,4,5,False,Completed
R014786,E03000,2026_H2,2026-12-15,4,3,False,Pending
R014787,E00580,2026_H2,2026-12-15,4,1,False,Completed
R014788,E04232,2026_H2,2026-12-15,2,2,False,Completed
R014789,E01258,2026_H2,2026-12-15,5,4,False,Completed
R014790,E02044,2026_H2,2026-12-15,3,4,False,Completed
R014791,E04492,2026_H2,2026-12-15,4,4,False,Completed
R014792,E02273,2026_H2,2026-12-15,4,2,False,Completed
R014793,E02075,2026_H2,2026-12-15,3,3,False,Completed
R014794,E03067,2026_H2,2026-12-15,4,3,False,Completed
R014795,E04981,2026_H2,2026-12-15,4,3,False,Completed
R014796,E04121,2026_H2,2026-12-15,5,3,False,Completed
R014797,E03748,2026_H2,2026-12-15,3,4,True,Completed
R014798,E04764,2026_H2,2026-12-15,4,1,False,Completed
R014799,E03611,2026_H2,2026-12-15,3,5,False,Completed
R014800,E01975,2026_H2,2026-12-15,3,3,False,Completed
R014801,E01686,2026_H2,2026-12-15,4,2,False,Completed
R014802,E04565,2026_H2,2026-12-15,4,2,False,Completed
R014803,E00491,2026_H2,2026-12-15,4,4,True,Completed
R014804,E01102,2026_H2,2026-12-15,3,3,False,Completed
R014805,E00878,2026_H2,2026-12-15,4,3,False,Pending
R014806,E02369,2026_H2,2026-12-15,3,2,False,Completed
R014807,E03273,2026_H2,2026-12-15,4,1,False,Completed
R014808,E00311,2026_H2,2026-12-15,5,5,False,Completed
R014809,E01698,2026_H2,2026-12-15,1,3,False,Completed
R014810,E01805,2026_H2,2026-12-15,5,3,False,Pending
R014811,E01142,2026_H2,2026-12-15,3,2,False,Pending
R014812,E02929,2026_H2,2026-12-15,3,5,False,Completed
R014813,E03832,2026_H2,2026-12-15,2,5,False,Completed
R014814,E03589,2026_H2,2026-12-15,2,4,False,Completed
R014815,E03109,2026_H2,2026-12-15,4,1,False,Completed
R014816,E04097,2026_H2,2026-12-15,3,5,True,Completed
R014817,E04168,2026_H2,2026-12-15,3,3,False,Pending
R014818,E03467,2026_H2,2026-12-15,2,3,False,Completed
R014819,E01978,2026_H2,2026-12-15,4,2,False,Cancelled
R014820,E03818,2026_H2,2026-12-15,3,4,False,Completed
R014821,E02416,2026_H2,2026-12-15,5,4,False,Cancelled
R014822,E04040,2026_H2,2026-12-15,3,5,True,Completed
R014823,E04969,2026_H2,2026-12-15,3,3,False,Completed
R014824,E01632,2026_H2,2026-12-15,2,4,True,Completed
R014825,E02620,2026_H2,2026-12-15,2,1,False,Completed
R014826,E03296,2026_H2,2026-12-15,5,3,False,Completed
R014827,E03049,2026_H2,2026-12-15,2,3,False,Completed
R014828,E04464,2026_H2,2026-12-15,3,2,True,Completed
R014829,E04185,2026_H2,2026-12-15,5,5,False,Completed
R014830,E03948,2026_H2,2026-12-15,3,3,False,Completed
R014831,E00453,2026_H2,2026-12-15,4,4,False,Completed
R014832,E00289,2026_H2,2026-12-15,3,3,False,Completed
R014833,E03384,2026_H2,2026-12-15,3,3,False,Completed
R014834,E01722,2026_H2,2026-12-15,3,4,False,Completed
R014835,E00811,2026_H2,2026-12-15,3,2,False,Completed
R014836,E03827,2026_H2,2026-12-15,4,4,False,Completed
R014837,E01187,2026_H2,2026-12-15,3,3,False,Completed
R014838,E03074,2026_H2,2026-12-15,3,3,False,Cancelled
R014839,E01262,2026_H2,2026-12-15,3,3,False,Completed
R014840,E03073,2026_H2,2026-12-15,3,3,False,Completed
R014841,E03285,2026_H2,2026-12-15,3,3,False,Completed
R014842,E00427,2026_H2,2026-12-15,3,3,False,Completed
R014843,E03919,2026_H2,2026-12-15,4,4,False,Completed
R014844,E03614,2026_H2,2026-12-15,3,3,False,Completed
R014845,E00027,2026_H2,2026-12-15,5,4,False,Pending
R014846,E03051,2026_H2,2026-12-15,3,2,False,Completed
R014847,E04913,2026_H2,2026-12-15,3,3,False,Cancelled
R014848,E03390,2026_H2,2026-12-15,3,5,False,Completed
R014849,E02829,2026_H2,2026-12-15,5,3,False,Completed
R014850,E00611,2026_H2,2026-12-15,4,3,False,Completed
R014851,E01931,2026_H2,2026-12-15,2,3,False,Completed
R014852,E01048,2026_H2,2026-12-15,2,3,False,Completed
R014853,E01540,2026_H2,2026-12-15,1,5,False,Completed
R014854,E01894,2026_H2,2026-12-15,3,3,False,Completed
R014855,E04806,2026_H2,2026-12-15,3,3,False,Pending
R014856,E01428,2026_H2,2026-12-15,3,3,False,Cancelled
R014857,E03170,2026_H2,2026-12-15,1,1,False,Completed
R014858,E04557,2026_H2,2026-12-15,4,5,False,Completed
R014859,E00204,2026_H2,2026-12-15,3,3,False,Completed
R014860,E04523,2026_H2,2026-12-15,4,2,True,Completed
R014861,E00483,2026_H2,2026-12-15,4,2,False,Completed
R014862,E02629,2026_H2,2026-12-15,3,5,False,Completed
R014863,E04589,2026_H2,2026-12-15,4,3,True,Completed
R014864,E04265,2026_H2,2026-12-15,3,5,False,Completed
R014865,E03769,2026_H2,2026-12-15,3,3,False,Pending
R014866,E03730,2026_H2,2026-12-15,3,3,False,Completed
R014867,E03415,2026_H2,2026-12-15,5,4,False,Completed
R014868,E01199,2026_H2,2026-12-15,4,2,True,Pending
R014869,E04822,2026_H2,2026-12-15,3,3,False,Completed
R014870,E01162,2026_H2,2026-12-15,3,3,True,Completed
R014871,E01405,2026_H2,2026-12-15,3,3,False,Completed
R014872,E00555,2026_H2,2026-12-15,3,3,False,Completed
R014873,E01060,2026_H2,2026-12-15,5,3,False,Completed
R014874,E01996,2026_H2,2026-12-15,4,3,False,Completed
R014875,E03418,2026_H2,2026-12-15,3,2,True,Completed
R014876,E00181,2026_H2,2026-12-15,3,2,False,Completed
R014877,E00881,2026_H2,2026-12-15,3,3,False,Completed
R014878,E03468,2026_H2,2026-12-15,5,3,False,Completed
R014879,E00998,2026_H2,2026-12-15,3,4,False,Completed
R014880,E02023,2026_H2,2026-12-15,3,4,False,Completed
R014881,E00283,2026_H2,2026-12-15,3,4,False,Completed
R014882,E01455,2026_H2,2026-12-15,3,3,False,Completed
R014883,E00097,2026_H2,2026-12-15,4,3,False,Completed
R014884,E03568,2026_H2,2026-12-15,3,4,False,Completed
R014885,E04280,2026_H2,2026-12-15,3,4,False,Completed
R014886,E02043,2026_H2,2026-12-15,5,3,False,Pending
R014887,E01088,2026_H2,2026-12-15,4,2,True,Completed
R014888,E02524,2026_H2,2026-12-15,1,3,False,Completed
R014889,E02511,2026_H2,2026-12-15,3,1,False,Completed
R014890,E01068,2026_H2,2026-12-15,2,3,False,Completed
R014891,E01876,2026_H2,2026-12-15,3,3,False,Completed
R014892,E03197,2026_H2,2026-12-15,4,4,True,Completed
R014893,E03507,2026_H2,2026-12-15,2,4,False,Completed
R014894,E01910,2026_H2,2026-12-15,5,5,False,Completed
R014895,E03282,2026_H2,2026-12-15,3,4,True,Completed
R014896,E03112,2026_H2,2026-12-15,4,3,False,Completed
R014897,E01585,2026_H2,2026-12-15,3,3,False,Completed
R014898,E01326,2026_H2,2026-12-15,3,5,False,Completed
R014899,E01556,2026_H2,2026-12-15,4,4,False,Completed
R014900,E03162,2026_H2,2026-12-15,4,4,False,Pending
R014901,E02616,2026_H2,2026-12-15,2,3,False,Completed
R014902,E04627,2026_H2,2026-12-15,3,3,False,Completed
R014903,E03217,2026_H2,2026-12-15,4,4,True,Completed
R014904,E04325,2026_H2,2026-12-15,5,1,False,Completed
R014905,E02089,2026_H2,2026-12-15,4,3,False,Completed
R014906,E00899,2026_H2,2026-12-15,2,2,False,Completed
R014907,E01558,2026_H2,2026-12-15,3,4,False,Completed
R014908,E01974,2026_H2,2026-12-15,3,3,False,Completed
R014909,E03230,2026_H2,2026-12-15,3,3,False,Completed
R014910,E02968,2026_H2,2026-12-15,3,3,False,Completed
R014911,E03742,2026_H2,2026-12-15,3,3,False,Completed
R014912,E02916,2026_H2,2026-12-15,2,3,False,Pending
R014913,E03459,2026_H2,2026-12-15,3,3,False,Completed
R014914,E00820,2026_H2,2026-12-15,3,5,False,Cancelled
R014915,E02063,2026_H2,2026-12-15,3,3,False,Completed
R014916,E01042,2026_H2,2026-12-15,3,3,False,Completed
R014917,E00117,2026_H2,2026-12-15,4,3,False,Completed
R014918,E04644,2026_H2,2026-12-15,4,3,False,Completed
R014919,E03449,2026_H2,2026-12-15,4,2,False,Cancelled
R014920,E01167,2026_H2,2026-12-15,3,4,False,Completed
R014921,E04682,2026_H2,2026-12-15,2,3,False,Completed
R014922,E02345,2026_H2,2026-12-15,3,3,False,Completed
R014923,E03057,2026_H2,2026-12-15,3,2,False,Completed
R014924,E02482,2026_H2,2026-12-15,2,2,False,Completed
R014925,E03251,2026_H2,2026-12-15,5,2,False,Completed
R014926,E02342,2026_H2,2026-12-15,3,3,False,Completed
R014927,E03134,2026_H2,2026-12-15,2,4,False,Completed
R014928,E01186,2026_H2,2026-12-15,2,3,False,Completed
R014929,E03698,2026_H2,2026-12-15,3,2,True,Completed
R014930,E03668,2026_H2,2026-12-15,3,2,False,Completed
R014931,E03670,2026_H2,2026-12-15,5,3,False,Completed
R014932,E01749,2026_H2,2026-12-15,2,3,False,Completed
R014933,E03043,2026_H2,2026-12-15,2,4,False,Completed
R014934,E01370,2026_H2,2026-12-15,3,2,False,Completed
R014935,E03703,2026_H2,2026-12-15,3,1,False,Completed
R014936,E01161,2026_H2,2026-12-15,2,3,False,Completed
R014937,E00892,2026_H2,2026-12-15,5,3,False,Completed
R014938,E00751,2026_H2,2026-12-15,5,3,False,Completed
R014939,E04458,2026_H2,2026-12-15,3,3,True,Completed
R014940,E01811,2026_H2,2026-12-15,4,3,False,Completed
R014941,E00448,2026_H2,2026-12-15,4,4,False,Completed
R014942,E04332,2026_H2,2026-12-15,1,4,False,Completed
R014943,E01734,2026_H2,2026-12-15,4,4,False,Completed
R014944,E04083,2026_H2,2026-12-15,4,4,False,Completed
R014945,E00136,2026_H2,2026-12-15,2,3,False,Completed
R014946,E02905,2026_H2,2026-12-15,2,3,False,Cancelled
R014947,E02861,2026_H2,2026-12-15,4,3,False,Completed
R014948,E01640,2026_H2,2026-12-15,3,3,False,Completed
R014949,E03479,2026_H2,2026-12-15,3,5,False,Completed
R014950,E01987,2026_H2,2026-12-15,4,3,False,Completed
R014951,E04922,2026_H2,2026-12-15,3,4,False,Completed
R014952,E04745,2026_H2,2026-12-15,3,3,False,Completed
R014953,E00806,2026_H2,2026-12-15,3,3,False,Completed
R014954,E01847,2026_H2,2026-12-15,4,2,False,Completed
R014955,E03534,2026_H2,2026-12-15,5,3,False,Completed
R014956,E02988,2026_H2,2026-12-15,3,3,False,Completed
R014957,E00166,2026_H2,2026-12-15,4,3,False,Completed
R014958,E00839,2026_H2,2026-12-15,3,2,False,Completed
R014959,E02493,2026_H2,2026-12-15,5,3,False,Cancelled
R014960,E04933,2026_H2,2026-12-15,2,3,False,Completed
R014961,E03659,2026_H2,2026-12-15,3,3,False,Completed
R014962,E04772,2026_H2,2026-12-15,3,2,False,Completed
R014963,E01280,2026_H2,2026-12-15,5,3,False,Completed
R014964,E02258,2026_H2,2026-12-15,4,2,True,Completed
R014965,E04975,2026_H2,2026-12-15,4,4,False,Completed
R014966,E00523,2026_H2,2026-12-15,4,4,False,Completed
R014967,E00190,2026_H2,2026-12-15,4,3,True,Completed
R014968,E04680,2026_H2,2026-12-15,1,1,False,Completed
R014969,E04914,2026_H2,2026-12-15,5,2,False,Completed
R014970,E00470,2026_H2,2026-12-15,3,2,False,Completed
R014971,E03542,2026_H2,2026-12-15,3,3,False,Completed
R014972,E01769,2026_H2,2026-12-15,2,3,False,Completed
R014973,E01471,2026_H2,2026-12-15,5,3,False,Completed
R014974,E00667,2026_H2,2026-12-15,3,3,False,Completed
R014975,E01373,2026_H2,2026-12-15,3,3,False,Completed
R014976,E00509,2026_H2,2026-12-15,2,4,False,Completed
R014977,E04667,2026_H2,2026-12-15,3,2,False,Completed
R014978,E00294,2026_H2,2026-12-15,3,3,False,Completed
R014979,E00828,2026_H2,2026-12-15,3,3,False,Completed
R014980,E03822,2026_H2,2026-12-15,5,3,False,Completed
R014981,E01548,2026_H2,2026-12-15,4,4,False,Completed
R014982,E00036,2026_H2,2026-12-15,3,5,False,Completed
R014983,E01739,2026_H2,2026-12-15,5,4,False,Completed
R014984,E00369,2026_H2,2026-12-15,5,1,True,Completed
R014985,E00405,2026_H2,2026-12-15,1,3,False,Completed
R014986,E00604,2026_H2,2026-12-15,2,4,False,Completed
R014987,E01506,2026_H2,2026-12-15,4,4,False,Completed
R014988,E00530,2026_H2,2026-12-15,1,3,False,Completed
R014989,E01675,2026_H2,2026-12-15,3,3,False,Completed
R014990,E04610,2026_H2,2026-12-15,5,3,False,Completed
R014991,E03591,2026_H2,2026-12-15,3,2,False,Completed
R014992,E04300,2026_H2,2026-12-15,3,3,False,Completed
R014993,E01171,2026_H2,2026-12-15,3,5,False,Completed
R014994,E03810,2026_H2,2026-12-15,5,3,False,Completed
R014995,E04604,2026_H2,2026-12-15,3,4,False,Completed
R014996,E01114,2026_H2,2026-12-15,3,3,False,Completed
R014997,E01487,2026_H2,2026-12-15,4,1,False,Completed
R014998,E00499,2026_H2,2026-12-15,3,3,False,Completed
R014999,E01803,2026_H2,2026-12-15,2,4,False,Pending
R015000,E02686,2026_H2,2026-12-15,4,4,True,Completed
